{
  "type": "FeatureCollection",
  "generator": "overpass-turbo",
  "copyright": "The data included in this document is from www.openstreetmap.org. The data is made available under ODbL.",
  "timestamp": "2026-09-15T10:39:34Z",
  "features": [
    {
      "type": "Feature",
      "properties": {
        "@id": "relation/5378221",
        "amenity": "place_of_worship",
        "building": "yes",
        "name": "Sri Kala Rama Swamy Temple",
        "religion": "hindu",
        "type": "multipolygon",
        "@geometry": "center"
      },
      "geometry": {
        "type": "Point",
        "coordinates": [
          73.7953476,
          20.0069381
        ]
      },
      "id": "relation/5378221"
    },
    {
      "type": "Feature",
      "properties": {
        "@id": "relation/11758910",
        "amenity": "college",
        "name": "H.P.T. Art's B.Y.K Commerce and R.Y.K Science College",
        "type": "multipolygon",
        "@geometry": "center"
      },
      "geometry": {
        "type": "Point",
        "coordinates": [
          73.7626489,
          20.0052648
        ]
      },
      "id": "relation/11758910"
    },
    {
      "type": "Feature",
      "properties": {
        "@id": "relation/20125966",
        "amenity": "college",
        "name": "Maharashtra Engineering Research Institute",
        "type": "multipolygon",
        "website": "https://www.merinasik.org/",
        "@geometry": "center"
      },
      "geometry": {
        "type": "Point",
        "coordinates": [
          73.8037437,
          20.0293779
        ]
      },
      "id": "relation/20125966"
    },
    {
      "type": "Feature",
      "properties": {
        "@id": "relation/20317740",
        "amenity": "place_of_worship",
        "building": "yes",
        "name": "Gurudwara Shri Guru Nanak Devji",
        "religion": "sikh",
        "type": "multipolygon",
        "@geometry": "center"
      },
      "geometry": {
        "type": "Point",
        "coordinates": [
          73.8276569,
          19.9038593
        ]
      },
      "id": "relation/20317740"
    },
    {
      "type": "Feature",
      "properties": {
        "@id": "way/51738223",
        "amenity": "place_of_worship",
        "building": "yes",
        "name": "Buddha Vihar",
        "religion": "buddhist",
        "@geometry": "center"
      },
      "geometry": {
        "type": "Point",
        "coordinates": [
          73.748236,
          19.9444156
        ]
      },
      "id": "way/51738223"
    },
    {
      "type": "Feature",
      "properties": {
        "@id": "way/112894261",
        "addr:city": "Nashik",
        "addr:country": "IN",
        "addr:full": "P 17 MIDC Ambad",
        "addr:postcode": "422010",
        "addr:street": "Mumbai Agra Road",
        "building": "yes",
        "check_date": "2026-01-21",
        "email": "gateway.nashik@tajhotels.com",
        "fax": "+91 253 660 3366",
        "name": "The Gateway Hotel Ambad Nashik",
        "phone": "+91 253 660 4499",
        "tourism": "hotel",
        "@geometry": "center"
      },
      "geometry": {
        "type": "Point",
        "coordinates": [
          73.7545808,
          19.9573556
        ]
      },
      "id": "way/112894261"
    },
    {
      "type": "Feature",
      "properties": {
        "@id": "way/113081140",
        "building": "yes",
        "name": "FOX India",
        "office": "engineering",
        "website": "https://www.foxindia.net/",
        "@geometry": "center"
      },
      "geometry": {
        "type": "Point",
        "coordinates": [
          73.7392943,
          19.9568009
        ]
      },
      "id": "way/113081140"
    },
    {
      "type": "Feature",
      "properties": {
        "@id": "way/154690306",
        "amenity": "fuel",
        "brand": "Bharat Petroleum",
        "brand:wikidata": "Q854826",
        "name": "Bharat Petroleum",
        "@geometry": "center"
      },
      "geometry": {
        "type": "Point",
        "coordinates": [
          73.7991538,
          19.994591
        ]
      },
      "id": "way/154690306"
    },
    {
      "type": "Feature",
      "properties": {
        "@id": "way/220816409",
        "landuse": "industrial",
        "name": "Siemens Ltd.",
        "office": "engineering",
        "@geometry": "center"
      },
      "geometry": {
        "type": "Point",
        "coordinates": [
          73.7371373,
          19.9557102
        ]
      },
      "id": "way/220816409"
    },
    {
      "type": "Feature",
      "properties": {
        "@id": "way/221968742",
        "amenity": "college",
        "name": "K.K. Wagh Institute of Engineering Education & Research",
        "name:etymology:wikidata": "Q19806064",
        "wikidata": "Q6323479",
        "wikipedia": "en:K. K. Wagh Institute of Engineering Education & Research",
        "@geometry": "center"
      },
      "geometry": {
        "type": "Point",
        "coordinates": [
          73.8215436,
          20.0132661
        ]
      },
      "id": "way/221968742"
    },
    {
      "type": "Feature",
      "properties": {
        "@id": "way/229989219",
        "amenity": "bus_station",
        "bus": "yes",
        "name": "Nimani Bus Station",
        "public_transport": "station",
        "@geometry": "center"
      },
      "geometry": {
        "type": "Point",
        "coordinates": [
          73.7968223,
          20.0116757
        ]
      },
      "id": "way/229989219"
    },
    {
      "type": "Feature",
      "properties": {
        "@id": "way/229989229",
        "amenity": "marketplace",
        "name": "Vegetable Market",
        "@geometry": "center"
      },
      "geometry": {
        "type": "Point",
        "coordinates": [
          73.7951686,
          20.0146959
        ]
      },
      "id": "way/229989229"
    },
    {
      "type": "Feature",
      "properties": {
        "@id": "way/229989310",
        "addr:city": "Nashik",
        "addr:district": "Nashik",
        "addr:full": "Hari Krishna Plaza, Old Adgaon Naka, Opp Panchavati Bus Depot, Nashik",
        "addr:postcode": "422003",
        "addr:state": "Maharastra",
        "addr:street": "Hari krishna Plaza",
        "amenity": "hospital",
        "name": "Sadguru Hospital",
        "source": "Local Knowledge",
        "@geometry": "center"
      },
      "geometry": {
        "type": "Point",
        "coordinates": [
          73.802849,
          20.0093093
        ]
      },
      "id": "way/229989310"
    },
    {
      "type": "Feature",
      "properties": {
        "@id": "way/229989763",
        "amenity": "hospital",
        "@geometry": "center"
      },
      "geometry": {
        "type": "Point",
        "coordinates": [
          73.8037144,
          20.0043299
        ]
      },
      "id": "way/229989763"
    },
    {
      "type": "Feature",
      "properties": {
        "@id": "way/229991258",
        "amenity": "place_of_worship",
        "name": "Shree Ahilyaram Mandir",
        "religion": "hindu",
        "@geometry": "center"
      },
      "geometry": {
        "type": "Point",
        "coordinates": [
          73.7927213,
          20.0076203
        ]
      },
      "id": "way/229991258"
    },
    {
      "type": "Feature",
      "properties": {
        "@id": "way/229991259",
        "amenity": "place_of_worship",
        "ele": "570.42",
        "name": "Rameshwara Temple",
        "name:alt": "Naroshankara temple",
        "religion": "hindu",
        "wpt_description": "28-FEB-10 15:00:00",
        "@geometry": "center"
      },
      "geometry": {
        "type": "Point",
        "coordinates": [
          73.7932881,
          20.0057645
        ]
      },
      "id": "way/229991259"
    },
    {
      "type": "Feature",
      "properties": {
        "@id": "way/229991304",
        "amenity": "place_of_worship",
        "check_date": "2026-01-24",
        "name": "Sri Yashwantrao Maharaj Samadhi Mandir",
        "religion": "hindu",
        "@geometry": "center"
      },
      "geometry": {
        "type": "Point",
        "coordinates": [
          73.7918881,
          20.0072002
        ]
      },
      "id": "way/229991304"
    },
    {
      "type": "Feature",
      "properties": {
        "@id": "way/230005250",
        "amenity": "bus_station",
        "@geometry": "center"
      },
      "geometry": {
        "type": "Point",
        "coordinates": [
          73.8174659,
          20.0087296
        ]
      },
      "id": "way/230005250"
    },
    {
      "type": "Feature",
      "properties": {
        "@id": "way/230005267",
        "amenity": "place_of_worship",
        "building": "yes",
        "religion": "hindu",
        "@geometry": "center"
      },
      "geometry": {
        "type": "Point",
        "coordinates": [
          73.810667,
          20.0132332
        ]
      },
      "id": "way/230005267"
    },
    {
      "type": "Feature",
      "properties": {
        "@id": "way/230072391",
        "amenity": "place_of_worship",
        "name": "Dargah Hazrat Peer Syed Sadiq Shah",
        "religion": "muslim",
        "@geometry": "center"
      },
      "geometry": {
        "type": "Point",
        "coordinates": [
          73.7916268,
          19.9998094
        ]
      },
      "id": "way/230072391"
    },
    {
      "type": "Feature",
      "properties": {
        "@id": "way/230102072",
        "amenity": "bus_station",
        "name": "Private Bus Stand",
        "@geometry": "center"
      },
      "geometry": {
        "type": "Point",
        "coordinates": [
          73.7824764,
          19.9894356
        ]
      },
      "id": "way/230102072"
    },
    {
      "type": "Feature",
      "properties": {
        "@id": "way/230300991",
        "amenity": "school",
        "name": "Ravindranath Tagore English Medium School",
        "name:etymology:wikidata": "Q7241",
        "@geometry": "center"
      },
      "geometry": {
        "type": "Point",
        "coordinates": [
          73.8020412,
          19.992614
        ]
      },
      "id": "way/230300991"
    },
    {
      "type": "Feature",
      "properties": {
        "@id": "way/230310947",
        "amenity": "public_building",
        "building": "yes",
        "name": "Rajiv Gandhi Bhawan, NMC",
        "name:etymology:wikidata": "Q4593",
        "@geometry": "center"
      },
      "geometry": {
        "type": "Point",
        "coordinates": [
          73.7754821,
          20.0002625
        ]
      },
      "id": "way/230310947"
    },
    {
      "type": "Feature",
      "properties": {
        "@id": "way/230525163",
        "amenity": "place_of_worship",
        "religion": "hindu",
        "@geometry": "center"
      },
      "geometry": {
        "type": "Point",
        "coordinates": [
          73.7706719,
          20.0037459
        ]
      },
      "id": "way/230525163"
    },
    {
      "type": "Feature",
      "properties": {
        "@id": "way/230526317",
        "amenity": "college",
        "name": "KTHM College",
        "@geometry": "center"
      },
      "geometry": {
        "type": "Point",
        "coordinates": [
          73.778386,
          20.0073368
        ]
      },
      "id": "way/230526317"
    },
    {
      "type": "Feature",
      "properties": {
        "@id": "way/230533393",
        "amenity": "place_of_worship",
        "building": "yes",
        "religion": "hindu",
        "@geometry": "center"
      },
      "geometry": {
        "type": "Point",
        "coordinates": [
          73.7526261,
          19.9971769
        ]
      },
      "id": "way/230533393"
    },
    {
      "type": "Feature",
      "properties": {
        "@id": "way/257421924",
        "alt_name:hi": "नासिक रोड रेलवे स्टेशन",
        "amenity": "bus_station",
        "bus": "yes",
        "name": "Nashik Road Railway Station",
        "name:hi": "नाशिक रोड रेलवे स्टेशन",
        "public_transport": "station",
        "@geometry": "center"
      },
      "geometry": {
        "type": "Point",
        "coordinates": [
          73.8412895,
          19.9481454
        ]
      },
      "id": "way/257421924"
    },
    {
      "type": "Feature",
      "properties": {
        "@id": "way/257769689",
        "name": "Deolali Plaza",
        "shop": "mall",
        "@geometry": "center"
      },
      "geometry": {
        "type": "Point",
        "coordinates": [
          73.83248,
          19.9049834
        ]
      },
      "id": "way/257769689"
    },
    {
      "type": "Feature",
      "properties": {
        "@id": "way/257769692",
        "amenity": "social_facility",
        "area": "yes",
        "name": "Noor Sanatorium",
        "social_facility": "group_home",
        "social_facility:for": "senior",
        "@geometry": "center"
      },
      "geometry": {
        "type": "Point",
        "coordinates": [
          73.8319249,
          19.90643
        ]
      },
      "id": "way/257769692"
    },
    {
      "type": "Feature",
      "properties": {
        "@id": "way/268267108",
        "amenity": "college",
        "name": "Dr Vasantrao Pawar Medical College",
        "@geometry": "center"
      },
      "geometry": {
        "type": "Point",
        "coordinates": [
          73.8527366,
          20.0357588
        ]
      },
      "id": "way/268267108"
    },
    {
      "type": "Feature",
      "properties": {
        "@id": "way/284593706",
        "amenity": "marketplace",
        "name": "Sharad Chandra Pawar Market Yard",
        "@geometry": "center"
      },
      "geometry": {
        "type": "Point",
        "coordinates": [
          73.7925031,
          20.0294684
        ]
      },
      "id": "way/284593706"
    },
    {
      "type": "Feature",
      "properties": {
        "@id": "way/301681579",
        "amenity": "place_of_worship",
        "building": "yes",
        "religion": "muslim",
        "@geometry": "center"
      },
      "geometry": {
        "type": "Point",
        "coordinates": [
          73.8315934,
          19.906567
        ]
      },
      "id": "way/301681579"
    },
    {
      "type": "Feature",
      "properties": {
        "@id": "way/314826214",
        "amenity": "school",
        "name": "St. Xavier's High School",
        "@geometry": "center"
      },
      "geometry": {
        "type": "Point",
        "coordinates": [
          73.8211932,
          19.9651393
        ]
      },
      "id": "way/314826214"
    },
    {
      "type": "Feature",
      "properties": {
        "@id": "way/321114643",
        "building": "yes",
        "name": "Talk of the Town",
        "tourism": "hotel",
        "@geometry": "center"
      },
      "geometry": {
        "type": "Point",
        "coordinates": [
          73.780659,
          19.9973855
        ]
      },
      "id": "way/321114643"
    },
    {
      "type": "Feature",
      "properties": {
        "@id": "way/325211326",
        "amenity": "school",
        "education": "school",
        "@geometry": "center"
      },
      "geometry": {
        "type": "Point",
        "coordinates": [
          73.7863172,
          20.0037929
        ]
      },
      "id": "way/325211326"
    },
    {
      "type": "Feature",
      "properties": {
        "@id": "way/325219308",
        "addr:city": "Nashik",
        "addr:district": "Nashik",
        "addr:full": "Plot No 13,14/199, Tilak Road, Rajebahadur Lane",
        "addr:postcode": "422001",
        "addr:state": "Maharashtra",
        "addr:street": "Shalimar",
        "amenity": "hospital",
        "building": "hospital",
        "building:levels": "3",
        "name": "Rajebahadur Hospital and Research Centre Pvt. Ltd.",
        "source": "OpenGovernmentData",
        "@geometry": "center"
      },
      "geometry": {
        "type": "Point",
        "coordinates": [
          73.7870237,
          20.0027511
        ]
      },
      "id": "way/325219308"
    },
    {
      "type": "Feature",
      "properties": {
        "@id": "way/325219309",
        "addr:city": "Nashik",
        "addr:postcode": "422001",
        "addr:street": "Shalimar",
        "amenity": "bank",
        "atm": "yes",
        "building": "yes",
        "name": "Samarth Bank",
        "@geometry": "center"
      },
      "geometry": {
        "type": "Point",
        "coordinates": [
          73.7871702,
          20.0033497
        ]
      },
      "id": "way/325219309"
    },
    {
      "type": "Feature",
      "properties": {
        "@id": "way/325219310",
        "addr:city": "Nashik",
        "addr:postcode": "422011",
        "addr:street": "Shalimar",
        "amenity": "theatre",
        "building": "yes",
        "name": "Kalidas Kalamandir",
        "name:etymology:wikidata": "Q7011",
        "operator": "Nashik Municipal Corporation",
        "@geometry": "center"
      },
      "geometry": {
        "type": "Point",
        "coordinates": [
          73.7847323,
          20.0001872
        ]
      },
      "id": "way/325219310"
    },
    {
      "type": "Feature",
      "properties": {
        "@id": "way/327989297",
        "building": "yes",
        "name": "Ashirwad Medical",
        "shop": "medical_supply",
        "@geometry": "center"
      },
      "geometry": {
        "type": "Point",
        "coordinates": [
          73.717533,
          19.9895553
        ]
      },
      "id": "way/327989297"
    },
    {
      "type": "Feature",
      "properties": {
        "@id": "way/330177755",
        "amenity": "fuel",
        "building": "yes",
        "@geometry": "center"
      },
      "geometry": {
        "type": "Point",
        "coordinates": [
          73.7325924,
          19.9911052
        ]
      },
      "id": "way/330177755"
    },
    {
      "type": "Feature",
      "properties": {
        "@id": "way/330542963",
        "amenity": "parking",
        "@geometry": "center"
      },
      "geometry": {
        "type": "Point",
        "coordinates": [
          73.7264908,
          20.0050178
        ]
      },
      "id": "way/330542963"
    },
    {
      "type": "Feature",
      "properties": {
        "@id": "way/331007559",
        "amenity": "place_of_worship",
        "building": "yes",
        "name": "Swami samartha mandir",
        "@geometry": "center"
      },
      "geometry": {
        "type": "Point",
        "coordinates": [
          73.7582432,
          20.0132464
        ]
      },
      "id": "way/331007559"
    },
    {
      "type": "Feature",
      "properties": {
        "@id": "way/331374230",
        "amenity": "place_of_worship",
        "religion": "hindu",
        "@geometry": "center"
      },
      "geometry": {
        "type": "Point",
        "coordinates": [
          73.7622841,
          20.0128359
        ]
      },
      "id": "way/331374230"
    },
    {
      "type": "Feature",
      "properties": {
        "@id": "way/355701585",
        "amenity": "school",
        "name": "Modern School",
        "@geometry": "center"
      },
      "geometry": {
        "type": "Point",
        "coordinates": [
          73.7166886,
          19.9913708
        ]
      },
      "id": "way/355701585"
    },
    {
      "type": "Feature",
      "properties": {
        "@id": "way/357509884",
        "amenity": "bus_station",
        "name": "Thakkar Bazzar Bus Stand",
        "operator": "MSRTC",
        "@geometry": "center"
      },
      "geometry": {
        "type": "Point",
        "coordinates": [
          73.7808471,
          19.9983644
        ]
      },
      "id": "way/357509884"
    },
    {
      "type": "Feature",
      "properties": {
        "@id": "way/359273909",
        "addr:city": "nashik",
        "addr:postcode": "422005",
        "addr:street": "College road",
        "amenity": "school",
        "check_date": "2026-01-24",
        "name": "Don Bosco",
        "@geometry": "center"
      },
      "geometry": {
        "type": "Point",
        "coordinates": [
          73.7591072,
          20.0077635
        ]
      },
      "id": "way/359273909"
    },
    {
      "type": "Feature",
      "properties": {
        "@id": "way/361247825",
        "amenity": "school",
        "name": "JS Rungta High School",
        "@geometry": "center"
      },
      "geometry": {
        "type": "Point",
        "coordinates": [
          73.7859225,
          20.0078135
        ]
      },
      "id": "way/361247825"
    },
    {
      "type": "Feature",
      "properties": {
        "@id": "way/361247845",
        "amenity": "shelter",
        "building": "yes",
        "check_date": "2026-01-24",
        "@geometry": "center"
      },
      "geometry": {
        "type": "Point",
        "coordinates": [
          73.7919306,
          20.0079371
        ]
      },
      "id": "way/361247845"
    },
    {
      "type": "Feature",
      "properties": {
        "@id": "way/361247850",
        "amenity": "courthouse",
        "building": "yes",
        "name": "Nashik Court",
        "@geometry": "center"
      },
      "geometry": {
        "type": "Point",
        "coordinates": [
          73.7822862,
          20.0021733
        ]
      },
      "id": "way/361247850"
    },
    {
      "type": "Feature",
      "properties": {
        "@id": "way/361247890",
        "amenity": "place_of_worship",
        "name": "Kalaram Mandir",
        "religion": "hindu",
        "tourism": "attraction",
        "@geometry": "center"
      },
      "geometry": {
        "type": "Point",
        "coordinates": [
          73.7952193,
          20.0069499
        ]
      },
      "id": "way/361247890"
    },
    {
      "type": "Feature",
      "properties": {
        "@id": "way/390057478",
        "amenity": "place_of_worship",
        "name": "Amar Dham",
        "religion": "hindu",
        "@geometry": "center"
      },
      "geometry": {
        "type": "Point",
        "coordinates": [
          73.795964,
          20.001217
        ]
      },
      "id": "way/390057478"
    },
    {
      "type": "Feature",
      "properties": {
        "@id": "way/390059987",
        "addr:city": "NASHIK",
        "addr:district": "NASHIK",
        "addr:street": "Dindori Road",
        "building": "yes",
        "name": "MERI OFFICE",
        "office": "educational_institution",
        "@geometry": "center"
      },
      "geometry": {
        "type": "Point",
        "coordinates": [
          73.8004504,
          20.0282867
        ]
      },
      "id": "way/390059987"
    },
    {
      "type": "Feature",
      "properties": {
        "@id": "way/390062476",
        "amenity": "place_of_worship",
        "building": "yes",
        "name": "Shri Laxmi Narayan Mandir",
        "@geometry": "center"
      },
      "geometry": {
        "type": "Point",
        "coordinates": [
          73.8111355,
          20.001554
        ]
      },
      "id": "way/390062476"
    },
    {
      "type": "Feature",
      "properties": {
        "@id": "way/406898487",
        "amenity": "school",
        "name": "K.V. School Ground",
        "@geometry": "center"
      },
      "geometry": {
        "type": "Point",
        "coordinates": [
          73.8232008,
          19.9660454
        ]
      },
      "id": "way/406898487"
    },
    {
      "type": "Feature",
      "properties": {
        "@id": "way/406898492",
        "amenity": "parking",
        "name": "Kalidas Kala Mandir Parking",
        "@geometry": "center"
      },
      "geometry": {
        "type": "Point",
        "coordinates": [
          73.7846721,
          19.9993369
        ]
      },
      "id": "way/406898492"
    },
    {
      "type": "Feature",
      "properties": {
        "@id": "way/435276320",
        "building": "yes",
        "layer": "1",
        "name": "Nashik RTO Office",
        "office": "government",
        "@geometry": "center"
      },
      "geometry": {
        "type": "Point",
        "coordinates": [
          73.7960557,
          20.0331542
        ]
      },
      "id": "way/435276320"
    },
    {
      "type": "Feature",
      "properties": {
        "@id": "way/435639059",
        "amenity": "school",
        "name": "Rasbiharibos International School",
        "@geometry": "center"
      },
      "geometry": {
        "type": "Point",
        "coordinates": [
          73.8306371,
          20.0200778
        ]
      },
      "id": "way/435639059"
    },
    {
      "type": "Feature",
      "properties": {
        "@id": "way/435639101",
        "amenity": "place_of_worship",
        "building": "yes",
        "name": "Bali Mandir",
        "religion": "hindu",
        "@geometry": "center"
      },
      "geometry": {
        "type": "Point",
        "coordinates": [
          73.83082,
          20.019391
        ]
      },
      "id": "way/435639101"
    },
    {
      "type": "Feature",
      "properties": {
        "@id": "way/435914198",
        "amenity": "college",
        "name": "Karmaveer Kakasaheb Wagh Education Society",
        "name:etymology:wikidata": "Q19806064",
        "@geometry": "center"
      },
      "geometry": {
        "type": "Point",
        "coordinates": [
          73.8325784,
          20.0259551
        ]
      },
      "id": "way/435914198"
    },
    {
      "type": "Feature",
      "properties": {
        "@id": "way/436197284",
        "amenity": "school",
        "name": "New Maratha High School",
        "@geometry": "center"
      },
      "geometry": {
        "type": "Point",
        "coordinates": [
          73.7653605,
          20.0140425
        ]
      },
      "id": "way/436197284"
    },
    {
      "type": "Feature",
      "properties": {
        "@id": "way/436197285",
        "amenity": "college",
        "name": "Nashik District Maratha Vidya Prasarak Samaja's Karmaveer Adv.Baburao Ganapatrao Thakare College of Engineering",
        "website": "https://kbtcoe.org/",
        "@geometry": "center"
      },
      "geometry": {
        "type": "Point",
        "coordinates": [
          73.7640078,
          20.0146489
        ]
      },
      "id": "way/436197285"
    },
    {
      "type": "Feature",
      "properties": {
        "@id": "way/436343756",
        "amenity": "school",
        "name": "Bhonsala Military School",
        "@geometry": "center"
      },
      "geometry": {
        "type": "Point",
        "coordinates": [
          73.7518295,
          20.0060689
        ]
      },
      "id": "way/436343756"
    },
    {
      "type": "Feature",
      "properties": {
        "@id": "way/436347203",
        "amenity": "college",
        "name": "Bhonsala Military College",
        "@geometry": "center"
      },
      "geometry": {
        "type": "Point",
        "coordinates": [
          73.7527528,
          20.010629
        ]
      },
      "id": "way/436347203"
    },
    {
      "type": "Feature",
      "properties": {
        "@id": "way/436384768",
        "amenity": "place_of_worship",
        "building": "yes",
        "name": "Sai Baba Mandir",
        "religion": "hindu",
        "@geometry": "center"
      },
      "geometry": {
        "type": "Point",
        "coordinates": [
          73.7091716,
          20.0092942
        ]
      },
      "id": "way/436384768"
    },
    {
      "type": "Feature",
      "properties": {
        "@id": "way/436384771",
        "amenity": "library",
        "building": "yes",
        "name": "Shivaji Nagar Library",
        "@geometry": "center"
      },
      "geometry": {
        "type": "Point",
        "coordinates": [
          73.71225,
          20.008487
        ]
      },
      "id": "way/436384771"
    },
    {
      "type": "Feature",
      "properties": {
        "@id": "way/436391725",
        "amenity": "school",
        "name": "Hindi Vidyalaya Shramik Nagar",
        "@geometry": "center"
      },
      "geometry": {
        "type": "Point",
        "coordinates": [
          73.7040389,
          19.995072
        ]
      },
      "id": "way/436391725"
    },
    {
      "type": "Feature",
      "properties": {
        "@id": "way/437924114",
        "amenity": "prison",
        "name": "Nashik Central Jail",
        "@geometry": "center"
      },
      "geometry": {
        "type": "Point",
        "coordinates": [
          73.8442461,
          19.9684307
        ]
      },
      "id": "way/437924114"
    },
    {
      "type": "Feature",
      "properties": {
        "@id": "way/438116669",
        "amenity": "school",
        "name": "Abhinav Adarsh Marathi School",
        "@geometry": "center"
      },
      "geometry": {
        "type": "Point",
        "coordinates": [
          73.8342,
          19.974946
        ]
      },
      "id": "way/438116669"
    },
    {
      "type": "Feature",
      "properties": {
        "@id": "way/561668310",
        "amenity": "college",
        "name": "CMCS College",
        "@geometry": "center"
      },
      "geometry": {
        "type": "Point",
        "coordinates": [
          73.7617479,
          20.0149883
        ]
      },
      "id": "way/561668310"
    },
    {
      "type": "Feature",
      "properties": {
        "@id": "way/566023744",
        "amenity": "place_of_worship",
        "building": "yes",
        "name": "Shani Maharaj",
        "opening_hours": "sunrise-sunset",
        "religion": "hindu",
        "@geometry": "center"
      },
      "geometry": {
        "type": "Point",
        "coordinates": [
          73.8048693,
          20.044179
        ]
      },
      "id": "way/566023744"
    },
    {
      "type": "Feature",
      "properties": {
        "@id": "way/566024259",
        "building": "house",
        "building:levels": "2",
        "name": "Anil Vasantrao Jagtap",
        "shop": "photo_studio",
        "@geometry": "center"
      },
      "geometry": {
        "type": "Point",
        "coordinates": [
          73.8302251,
          20.011521
        ]
      },
      "id": "way/566024259"
    },
    {
      "type": "Feature",
      "properties": {
        "@id": "way/574967028",
        "amenity": "restaurant",
        "building": "yes",
        "diet:vegetarian": "only",
        "name": "Hotel Zakkas Pure Veg",
        "@geometry": "center"
      },
      "geometry": {
        "type": "Point",
        "coordinates": [
          73.8135956,
          20.0317912
        ]
      },
      "id": "way/574967028"
    },
    {
      "type": "Feature",
      "properties": {
        "@id": "way/574967032",
        "amenity": "restaurant",
        "building": "yes",
        "name": "Shree Mahalaxmi Ice cream and Nashta Centre",
        "@geometry": "center"
      },
      "geometry": {
        "type": "Point",
        "coordinates": [
          73.8073106,
          20.0325968
        ]
      },
      "id": "way/574967032"
    },
    {
      "type": "Feature",
      "properties": {
        "@id": "way/574967035",
        "building": "yes",
        "name": "Pavanraj Aquarium",
        "tourism": "aquarium",
        "@geometry": "center"
      },
      "geometry": {
        "type": "Point",
        "coordinates": [
          73.8070369,
          20.0326471
        ]
      },
      "id": "way/574967035"
    },
    {
      "type": "Feature",
      "properties": {
        "@id": "way/574967037",
        "addr:district": "Nashik",
        "addr:full": "Sai Nagar Rto Corner, Dindori Road, Sai Nagar, Panchavati, Near Meri",
        "addr:postcode": "422004",
        "addr:state": "Maharashtra",
        "amenity": "hospital",
        "building": "hospital",
        "name": "Tanmayee Hospital",
        "source": "OpenGovernmentData",
        "@geometry": "center"
      },
      "geometry": {
        "type": "Point",
        "coordinates": [
          73.8055568,
          20.0328155
        ]
      },
      "id": "way/574967037"
    },
    {
      "type": "Feature",
      "properties": {
        "@id": "way/607737677",
        "addr:district": "Nashik",
        "addr:full": "Ashok Stambh,Gangapur Road,Prasad Circle",
        "addr:postcode": "422002",
        "addr:state": "Maharashtra",
        "amenity": "hospital",
        "check_date": "2026-01-24",
        "name": "Kasliwal Superspeciality Hospital",
        "source": "OpenGovernmentData",
        "website": "kasliwalhospital.com",
        "@geometry": "center"
      },
      "geometry": {
        "type": "Point",
        "coordinates": [
          73.7612549,
          20.0106962
        ]
      },
      "id": "way/607737677"
    },
    {
      "type": "Feature",
      "properties": {
        "@id": "way/607743577",
        "amenity": "hospital",
        "healthcare": "hospital",
        "name": "Shree Guruji Hospital",
        "@geometry": "center"
      },
      "geometry": {
        "type": "Point",
        "coordinates": [
          73.7487076,
          20.0116134
        ]
      },
      "id": "way/607743577"
    },
    {
      "type": "Feature",
      "properties": {
        "@id": "node/660313545",
        "amenity": "post_office",
        "ele": "593.74",
        "postal_code": "422001"
      },
      "geometry": {
        "type": "Point",
        "coordinates": [
          73.7847837,
          19.9979128
        ]
      },
      "id": "node/660313545"
    },
    {
      "type": "Feature",
      "properties": {
        "@id": "node/660313546",
        "name": "Ginger",
        "tourism": "hotel"
      },
      "geometry": {
        "type": "Point",
        "coordinates": [
          73.7440608,
          19.9916904
        ]
      },
      "id": "node/660313546"
    },
    {
      "type": "Feature",
      "properties": {
        "@id": "node/660326541",
        "amenity": "toilets"
      },
      "geometry": {
        "type": "Point",
        "coordinates": [
          73.7943339,
          20.0042949
        ]
      },
      "id": "node/660326541"
    },
    {
      "type": "Feature",
      "properties": {
        "@id": "node/661117270",
        "name": "Hotel Gurukrupa",
        "tourism": "hotel"
      },
      "geometry": {
        "type": "Point",
        "coordinates": [
          73.7218827,
          19.9855886
        ]
      },
      "id": "node/661117270"
    },
    {
      "type": "Feature",
      "properties": {
        "@id": "way/666607982",
        "amenity": "school",
        "name": "Vidya Prabodhini Prashala",
        "@geometry": "center"
      },
      "geometry": {
        "type": "Point",
        "coordinates": [
          73.754053,
          20.0082844
        ]
      },
      "id": "way/666607982"
    },
    {
      "type": "Feature",
      "properties": {
        "@id": "node/700948667",
        "name": "Papaya Nursery",
        "shop": "garden_centre"
      },
      "geometry": {
        "type": "Point",
        "coordinates": [
          73.7229885,
          19.9860726
        ]
      },
      "id": "node/700948667"
    },
    {
      "type": "Feature",
      "properties": {
        "@id": "way/819109649",
        "addr:district": "Nashik",
        "addr:full": "Nashik - Pune Road, Near Bytco Hospital, Rajwada Nagar, Deolali Gaon, Nashik",
        "addr:postcode": "422101",
        "addr:state": "Maharastra",
        "amenity": "hospital",
        "building": "hospital",
        "healthcare": "hospital",
        "name": "Matoshree Hospital",
        "source": "Local Knowledge",
        "@geometry": "center"
      },
      "geometry": {
        "type": "Point",
        "coordinates": [
          73.838199,
          19.9504587
        ]
      },
      "id": "way/819109649"
    },
    {
      "type": "Feature",
      "properties": {
        "@id": "way/1051467801",
        "government": "administrative",
        "name": "Nirman Bhavan",
        "office": "government",
        "@geometry": "center"
      },
      "geometry": {
        "type": "Point",
        "coordinates": [
          73.8160933,
          19.9750995
        ]
      },
      "id": "way/1051467801"
    },
    {
      "type": "Feature",
      "properties": {
        "@id": "way/1210103347",
        "addr:city": "NASHIK",
        "addr:district": "Nashik",
        "addr:postcode": "422002",
        "addr:street": "Sharanpur Road",
        "addr:suburb": "Old Pandit Colony",
        "building": "commercial",
        "building:levels": "4",
        "description": "Saree shop since 1984 - Paithani, Kanjeevaram silk, handloom and bridal sarees",
        "name": "Kabra Emporium",
        "opening_hours": "Mo-Su 10:00-21:00",
        "phone": "+91 9890533709",
        "shop": "clothes (or clothes;fabric)",
        "smoking": "no",
        "source": "microsoft/BuildingFootprints",
        "website": "https://kabraemporium.com/",
        "@geometry": "center"
      },
      "geometry": {
        "type": "Point",
        "coordinates": [
          73.7768447,
          20.001687
        ]
      },
      "id": "way/1210103347"
    },
    {
      "type": "Feature",
      "properties": {
        "@id": "way/1226534750",
        "amenity": "toilets",
        "building": "yes",
        "wheelchair": "no",
        "@geometry": "center"
      },
      "geometry": {
        "type": "Point",
        "coordinates": [
          73.7789211,
          19.994718
        ]
      },
      "id": "way/1226534750"
    },
    {
      "type": "Feature",
      "properties": {
        "@id": "node/1236560622",
        "amenity": "fuel",
        "brand": "nayara",
        "cmt": "29-JAN-10 11:39:25",
        "description": "29-JAN-10 11:39:25",
        "ele": "618.73",
        "name": "nayara fule",
        "source": "GPS",
        "sym": "Gas Station"
      },
      "geometry": {
        "type": "Point",
        "coordinates": [
          73.8056708,
          20.0428164
        ]
      },
      "id": "node/1236560622"
    },
    {
      "type": "Feature",
      "properties": {
        "@id": "node/1236560623",
        "amenity": "fuel",
        "cmt": "29-JAN-10 11:39:55",
        "description": "29-JAN-10 11:39:55",
        "ele": "613.92",
        "name": "Aakash Petrol Pump",
        "source": "GPS",
        "sym": "Gas Station"
      },
      "geometry": {
        "type": "Point",
        "coordinates": [
          73.8048501,
          20.0389977
        ]
      },
      "id": "node/1236560623"
    },
    {
      "type": "Feature",
      "properties": {
        "@id": "node/1236560624",
        "amenity": "fuel",
        "cmt": "29-JAN-10 11:40:34",
        "description": "29-JAN-10 11:40:34",
        "ele": "611.04",
        "name": "Fuel",
        "source": "GPS",
        "sym": "Gas Station"
      },
      "geometry": {
        "type": "Point",
        "coordinates": [
          73.8031567,
          20.0345063
        ]
      },
      "id": "node/1236560624"
    },
    {
      "type": "Feature",
      "properties": {
        "@id": "node/1236562845",
        "amenity": "fuel",
        "cmt": "29-JAN-10 11:53:53",
        "description": "29-JAN-10 11:53:53",
        "ele": "583.4",
        "name": "Fuel",
        "source": "GPS",
        "sym": "Gas Station"
      },
      "geometry": {
        "type": "Point",
        "coordinates": [
          73.7959137,
          19.9940832
        ]
      },
      "id": "node/1236562845"
    },
    {
      "type": "Feature",
      "properties": {
        "@id": "node/1236562846",
        "amenity": "fuel",
        "cmt": "29-JAN-10 12:26:52",
        "description": "29-JAN-10 12:26:52",
        "ele": "656.460938",
        "name": "Fuel",
        "source": "GPS",
        "sym": "Gas Station"
      },
      "geometry": {
        "type": "Point",
        "coordinates": [
          73.7129074,
          19.9180986
        ]
      },
      "id": "node/1236562846"
    },
    {
      "type": "Feature",
      "properties": {
        "@id": "way/1237968956",
        "amenity": "restaurant",
        "building": "yes",
        "name": "The Terotale",
        "@geometry": "center"
      },
      "geometry": {
        "type": "Point",
        "coordinates": [
          73.7607048,
          19.9915047
        ]
      },
      "id": "way/1237968956"
    },
    {
      "type": "Feature",
      "properties": {
        "@id": "way/1237972020",
        "name": "SSRF",
        "shop": "mall",
        "@geometry": "center"
      },
      "geometry": {
        "type": "Point",
        "coordinates": [
          73.7597535,
          19.9905158
        ]
      },
      "id": "way/1237972020"
    },
    {
      "type": "Feature",
      "properties": {
        "@id": "way/1283538248",
        "addr:city": "Nashik",
        "addr:district": "Nashik",
        "addr:postcode": "422101",
        "addr:street": "Nashik Pune Highway",
        "building": "yes",
        "name": "Karda Constructions- Mega Commercial & Residential Projects",
        "shop": "mall",
        "@geometry": "center"
      },
      "geometry": {
        "type": "Point",
        "coordinates": [
          73.8324799,
          19.9584842
        ]
      },
      "id": "way/1283538248"
    },
    {
      "type": "Feature",
      "properties": {
        "@id": "way/1283554708",
        "addr:city": "Nashik",
        "addr:district": "Nashik",
        "addr:postcode": "422101",
        "name": "Booking Office",
        "office": "yes",
        "@geometry": "center"
      },
      "geometry": {
        "type": "Point",
        "coordinates": [
          73.8331826,
          19.9588011
        ]
      },
      "id": "way/1283554708"
    },
    {
      "type": "Feature",
      "properties": {
        "@id": "way/1318966668",
        "amenity": "place_of_worship",
        "building": "yes",
        "religion": "hindu",
        "@geometry": "center"
      },
      "geometry": {
        "type": "Point",
        "coordinates": [
          73.7983892,
          20.0013978
        ]
      },
      "id": "way/1318966668"
    },
    {
      "type": "Feature",
      "properties": {
        "@id": "way/1318966672",
        "addr:city": "Nahik",
        "addr:district": "Nashik",
        "addr:postcode": "422003",
        "building": "yes",
        "name": "Chaitanya Bakery",
        "shop": "yes",
        "@geometry": "center"
      },
      "geometry": {
        "type": "Point",
        "coordinates": [
          73.7899932,
          20.0182512
        ]
      },
      "id": "way/1318966672"
    },
    {
      "type": "Feature",
      "properties": {
        "@id": "way/1336403081",
        "amenity": "restaurant",
        "building": "yes",
        "name": "Shanghai Chinese",
        "@geometry": "center"
      },
      "geometry": {
        "type": "Point",
        "coordinates": [
          73.8192978,
          19.9679104
        ]
      },
      "id": "way/1336403081"
    },
    {
      "type": "Feature",
      "properties": {
        "@id": "way/1391331174",
        "amenity": "parking",
        "parking": "surface",
        "@geometry": "center"
      },
      "geometry": {
        "type": "Point",
        "coordinates": [
          73.7516696,
          19.948226
        ]
      },
      "id": "way/1391331174"
    },
    {
      "type": "Feature",
      "properties": {
        "@id": "way/1431633869",
        "amenity": "parking",
        "@geometry": "center"
      },
      "geometry": {
        "type": "Point",
        "coordinates": [
          73.7045686,
          19.993234
        ]
      },
      "id": "way/1431633869"
    },
    {
      "type": "Feature",
      "properties": {
        "@id": "way/1460252552",
        "amenity": "place_of_worship",
        "building": "mosque",
        "religion": "muslim",
        "@geometry": "center"
      },
      "geometry": {
        "type": "Point",
        "coordinates": [
          73.7913633,
          19.9994473
        ]
      },
      "id": "way/1460252552"
    },
    {
      "type": "Feature",
      "properties": {
        "@id": "way/1461787680",
        "amenity": "place_of_worship",
        "building": "yes",
        "name": "Sri Kapaleshwar Mahadev Mandir",
        "religion": "hindu",
        "@geometry": "center"
      },
      "geometry": {
        "type": "Point",
        "coordinates": [
          73.7931595,
          20.0082827
        ]
      },
      "id": "way/1461787680"
    },
    {
      "type": "Feature",
      "properties": {
        "@id": "way/1466071634",
        "access": "customers",
        "alt_name": "Nashik Caves",
        "fee": "yes",
        "historic": "archaeological_site",
        "name": "Pandav Leni Caves",
        "tourism": "attraction",
        "website": "https://nashik.gov.in/en/tourist-place/pandav-caves/",
        "wikidata": "Q7130537",
        "@geometry": "center"
      },
      "geometry": {
        "type": "Point",
        "coordinates": [
          73.7486995,
          19.9405034
        ]
      },
      "id": "way/1466071634"
    },
    {
      "type": "Feature",
      "properties": {
        "@id": "way/1466082839",
        "addr:district": "Nashik",
        "addr:full": "Suyojit City Center, Opp Mahamarg Bus Stand, Mumbai Naka, Nashik",
        "addr:postcode": "422005",
        "addr:state": "Maharastra",
        "amenity": "hospital",
        "name": "Shatabdi Super Speciality Hospital",
        "source": "Local Knowledge",
        "@geometry": "center"
      },
      "geometry": {
        "type": "Point",
        "coordinates": [
          73.7840523,
          19.9882049
        ]
      },
      "id": "way/1466082839"
    },
    {
      "type": "Feature",
      "properties": {
        "@id": "way/1466087819",
        "amenity": "school",
        "name": "Madhyamik Vidyalaya, Untawadi",
        "@geometry": "center"
      },
      "geometry": {
        "type": "Point",
        "coordinates": [
          73.7576044,
          19.9846168
        ]
      },
      "id": "way/1466087819"
    },
    {
      "type": "Feature",
      "properties": {
        "@id": "way/1466087820",
        "addr:district": "Nashik",
        "addr:full": "2nd Floor, Purab-Paschim Plaza, Trimurti Chowk Divya Adlabs, Cidco, New Nashik",
        "addr:postcode": "422008",
        "addr:state": "Maharashtra",
        "amenity": "hospital",
        "name": "Divya Cinemas",
        "source": "OpenGovernmentData",
        "@geometry": "center"
      },
      "geometry": {
        "type": "Point",
        "coordinates": [
          73.7561023,
          19.9814494
        ]
      },
      "id": "way/1466087820"
    },
    {
      "type": "Feature",
      "properties": {
        "@id": "way/1466131662",
        "amenity": "marketplace",
        "name": "Thakkar Bazzar",
        "@geometry": "center"
      },
      "geometry": {
        "type": "Point",
        "coordinates": [
          73.7802597,
          19.9981044
        ]
      },
      "id": "way/1466131662"
    },
    {
      "type": "Feature",
      "properties": {
        "@id": "way/1466131667",
        "amenity": "bus_station",
        "name": "Mela Bus Stand",
        "@geometry": "center"
      },
      "geometry": {
        "type": "Point",
        "coordinates": [
          73.780784,
          19.9998827
        ]
      },
      "id": "way/1466131667"
    },
    {
      "type": "Feature",
      "properties": {
        "@id": "way/1466134492",
        "landuse": "retail",
        "name": "Nashik City Center Mall",
        "shop": "mall",
        "@geometry": "center"
      },
      "geometry": {
        "type": "Point",
        "coordinates": [
          73.7616223,
          19.9904797
        ]
      },
      "id": "way/1466134492"
    },
    {
      "type": "Feature",
      "properties": {
        "@id": "way/1466135595",
        "addr:district": "Nashik",
        "addr:full": "City Plaza, Opp. Kalika Mandir, Old Agra Road, Mumbai Naka, Nashik",
        "addr:postcode": "422002",
        "addr:state": "Maharastra",
        "amenity": "hospital",
        "name": "Sudarshan Hospital",
        "source": "Local Knowledge",
        "@geometry": "center"
      },
      "geometry": {
        "type": "Point",
        "coordinates": [
          73.7822914,
          19.9920753
        ]
      },
      "id": "way/1466135595"
    },
    {
      "type": "Feature",
      "properties": {
        "@id": "way/1466135601",
        "amenity": "college",
        "name": "H.P.T. Arts and R.Y.K. Science College",
        "@geometry": "center"
      },
      "geometry": {
        "type": "Point",
        "coordinates": [
          73.7606889,
          20.0046751
        ]
      },
      "id": "way/1466135601"
    },
    {
      "type": "Feature",
      "properties": {
        "@id": "way/1466135604",
        "addr:district": "Nashik",
        "addr:full": "ESI Hospital Satpur Nashik, NEAR DMO OFFICE, Satpur",
        "addr:postcode": "422007",
        "addr:state": "Maharashtra",
        "amenity": "hospital",
        "name": "ESI Hospital Satpur Nashik",
        "source": "OpenGovernmentData",
        "@geometry": "center"
      },
      "geometry": {
        "type": "Point",
        "coordinates": [
          73.7340086,
          19.992252
        ]
      },
      "id": "way/1466135604"
    },
    {
      "type": "Feature",
      "properties": {
        "@id": "way/1466135605",
        "amenity": "marketplace",
        "@geometry": "center"
      },
      "geometry": {
        "type": "Point",
        "coordinates": [
          73.7331587,
          19.989716
        ]
      },
      "id": "way/1466135605"
    },
    {
      "type": "Feature",
      "properties": {
        "@id": "way/1466135608",
        "amenity": "bus_station",
        "name": "Satpur Bus Stand",
        "operator": "MHRTC",
        "@geometry": "center"
      },
      "geometry": {
        "type": "Point",
        "coordinates": [
          73.7315392,
          19.9910557
        ]
      },
      "id": "way/1466135608"
    },
    {
      "type": "Feature",
      "properties": {
        "@id": "way/1466136048",
        "amenity": "place_of_worship",
        "building": "temple",
        "name": "Sri Bhadrakali Devi Mandir",
        "religion": "hindu",
        "@geometry": "center"
      },
      "geometry": {
        "type": "Point",
        "coordinates": [
          73.7916844,
          20.0018532
        ]
      },
      "id": "way/1466136048"
    },
    {
      "type": "Feature",
      "properties": {
        "@id": "way/1466136050",
        "amenity": "townhall",
        "check_date": "2026-01-25",
        "landuse": "commercial",
        "name": "Nashik Municipal Corporation",
        "office": "government",
        "short_name": "NMC",
        "website": "https://nmc.gov.in/",
        "@geometry": "center"
      },
      "geometry": {
        "type": "Point",
        "coordinates": [
          73.7894677,
          20.0113881
        ]
      },
      "id": "way/1466136050"
    },
    {
      "type": "Feature",
      "properties": {
        "@id": "way/1466145700",
        "amenity": "college",
        "name": "Indian Railways Institute of Electrical Engineering",
        "@geometry": "center"
      },
      "geometry": {
        "type": "Point",
        "coordinates": [
          73.8619423,
          19.9575723
        ]
      },
      "id": "way/1466145700"
    },
    {
      "type": "Feature",
      "properties": {
        "@id": "way/1466145716",
        "addr:district": "Nashik",
        "addr:full": "Shastri Path, Near NMC Divisional Office, Nashik",
        "addr:postcode": "422214",
        "addr:state": "Maharashtra",
        "amenity": "hospital",
        "healthcare": "hospital",
        "name": "NSKMC JDC Bytco Hospital-(D)",
        "source": "OpenGovernmentData",
        "@geometry": "center"
      },
      "geometry": {
        "type": "Point",
        "coordinates": [
          73.8380063,
          19.9485767
        ]
      },
      "id": "way/1466145716"
    },
    {
      "type": "Feature",
      "properties": {
        "@id": "way/1466145724",
        "amenity": "marketplace",
        "building": "yes",
        "@geometry": "center"
      },
      "geometry": {
        "type": "Point",
        "coordinates": [
          73.7897897,
          19.9982922
        ]
      },
      "id": "way/1466145724"
    },
    {
      "type": "Feature",
      "properties": {
        "@id": "way/1466146693",
        "amenity": "place_of_worship",
        "building": "temple",
        "name": "Jain Mandir",
        "religion": "jain",
        "@geometry": "center"
      },
      "geometry": {
        "type": "Point",
        "coordinates": [
          73.7880213,
          19.9942659
        ]
      },
      "id": "way/1466146693"
    },
    {
      "type": "Feature",
      "properties": {
        "@id": "way/1466151420",
        "amenity": "parking",
        "@geometry": "center"
      },
      "geometry": {
        "type": "Point",
        "coordinates": [
          73.7937793,
          20.0049221
        ]
      },
      "id": "way/1466151420"
    },
    {
      "type": "Feature",
      "properties": {
        "@id": "way/1466151423",
        "amenity": "parking",
        "@geometry": "center"
      },
      "geometry": {
        "type": "Point",
        "coordinates": [
          73.7927275,
          20.0050302
        ]
      },
      "id": "way/1466151423"
    },
    {
      "type": "Feature",
      "properties": {
        "@id": "way/1466151424",
        "amenity": "parking",
        "area": "yes",
        "@geometry": "center"
      },
      "geometry": {
        "type": "Point",
        "coordinates": [
          73.7923524,
          20.0060563
        ]
      },
      "id": "way/1466151424"
    },
    {
      "type": "Feature",
      "properties": {
        "@id": "way/1466151425",
        "amenity": "parking",
        "@geometry": "center"
      },
      "geometry": {
        "type": "Point",
        "coordinates": [
          73.7919299,
          20.0067418
        ]
      },
      "id": "way/1466151425"
    },
    {
      "type": "Feature",
      "properties": {
        "@id": "way/1466151426",
        "amenity": "parking",
        "@geometry": "center"
      },
      "geometry": {
        "type": "Point",
        "coordinates": [
          73.791997,
          20.0068805
        ]
      },
      "id": "way/1466151426"
    },
    {
      "type": "Feature",
      "properties": {
        "@id": "way/1466151430",
        "amenity": "parking",
        "@geometry": "center"
      },
      "geometry": {
        "type": "Point",
        "coordinates": [
          73.7933984,
          20.0049789
        ]
      },
      "id": "way/1466151430"
    },
    {
      "type": "Feature",
      "properties": {
        "@id": "way/1466151433",
        "addr:district": "Nashik",
        "addr:full": "Mumbai-Agra national Highway, Opp. SBI, Kathda, Nashik",
        "addr:postcode": "422001",
        "addr:state": "Maharashtra",
        "amenity": "hospital",
        "name": "Dr Zakir Hussain Hospital",
        "source": "OpenGovernmentData",
        "@geometry": "center"
      },
      "geometry": {
        "type": "Point",
        "coordinates": [
          73.7992962,
          19.9959771
        ]
      },
      "id": "way/1466151433"
    },
    {
      "type": "Feature",
      "properties": {
        "@id": "way/1466161767",
        "amenity": "place_of_worship",
        "building": "temple",
        "religion": "jain",
        "@geometry": "center"
      },
      "geometry": {
        "type": "Point",
        "coordinates": [
          73.7188729,
          19.9311436
        ]
      },
      "id": "way/1466161767"
    },
    {
      "type": "Feature",
      "properties": {
        "@id": "way/1466161772",
        "landuse": "religious",
        "name": "Buddha Smarak",
        "religion": "buddhist",
        "tourism": "attraction",
        "@geometry": "center"
      },
      "geometry": {
        "type": "Point",
        "coordinates": [
          73.7481469,
          19.9439341
        ]
      },
      "id": "way/1466161772"
    },
    {
      "type": "Feature",
      "properties": {
        "@id": "way/1466161773",
        "leisure": "park",
        "name": "Phalke Smarak",
        "tourism": "attraction",
        "@geometry": "center"
      },
      "geometry": {
        "type": "Point",
        "coordinates": [
          73.7500431,
          19.943347
        ]
      },
      "id": "way/1466161773"
    },
    {
      "type": "Feature",
      "properties": {
        "@id": "way/1466176698",
        "addr:district": "Nashik",
        "addr:full": "Happy Home Colony,Near General Vaitya Nagar,Pune Road",
        "addr:postcode": "422011",
        "addr:state": "Maharashtra",
        "amenity": "hospital",
        "name": "Tulasi Eye Hospital",
        "source": "OpenGovernmentData",
        "@geometry": "center"
      },
      "geometry": {
        "type": "Point",
        "coordinates": [
          73.7984718,
          19.9863069
        ]
      },
      "id": "way/1466176698"
    },
    {
      "type": "Feature",
      "properties": {
        "@id": "way/1466291998",
        "amenity": "parking",
        "@geometry": "center"
      },
      "geometry": {
        "type": "Point",
        "coordinates": [
          73.7354003,
          19.9594356
        ]
      },
      "id": "way/1466291998"
    },
    {
      "type": "Feature",
      "properties": {
        "@id": "way/1466291999",
        "amenity": "parking",
        "@geometry": "center"
      },
      "geometry": {
        "type": "Point",
        "coordinates": [
          73.7355307,
          19.9594705
        ]
      },
      "id": "way/1466291999"
    },
    {
      "type": "Feature",
      "properties": {
        "@id": "way/1466292000",
        "amenity": "parking",
        "@geometry": "center"
      },
      "geometry": {
        "type": "Point",
        "coordinates": [
          73.7358288,
          19.9601865
        ]
      },
      "id": "way/1466292000"
    },
    {
      "type": "Feature",
      "properties": {
        "@id": "way/1466292001",
        "amenity": "parking",
        "@geometry": "center"
      },
      "geometry": {
        "type": "Point",
        "coordinates": [
          73.735741,
          19.9603209
        ]
      },
      "id": "way/1466292001"
    },
    {
      "type": "Feature",
      "properties": {
        "@id": "way/1466462255",
        "amenity": "police",
        "name": "Police Training Academy",
        "police": "academy",
        "@geometry": "center"
      },
      "geometry": {
        "type": "Point",
        "coordinates": [
          73.7588861,
          19.9983092
        ]
      },
      "id": "way/1466462255"
    },
    {
      "type": "Feature",
      "properties": {
        "@id": "way/1466462263",
        "amenity": "school",
        "name": "Fravashi Academy",
        "@geometry": "center"
      },
      "geometry": {
        "type": "Point",
        "coordinates": [
          73.7611476,
          19.9936531
        ]
      },
      "id": "way/1466462263"
    },
    {
      "type": "Feature",
      "properties": {
        "@id": "way/1466462298",
        "amenity": "school",
        "@geometry": "center"
      },
      "geometry": {
        "type": "Point",
        "coordinates": [
          73.7644158,
          20.0000653
        ]
      },
      "id": "way/1466462298"
    },
    {
      "type": "Feature",
      "properties": {
        "@id": "way/1466462299",
        "amenity": "parking",
        "@geometry": "center"
      },
      "geometry": {
        "type": "Point",
        "coordinates": [
          73.7646821,
          20.0012488
        ]
      },
      "id": "way/1466462299"
    },
    {
      "type": "Feature",
      "properties": {
        "@id": "way/1466462304",
        "amenity": "college",
        "@geometry": "center"
      },
      "geometry": {
        "type": "Point",
        "coordinates": [
          73.7700042,
          19.9973634
        ]
      },
      "id": "way/1466462304"
    },
    {
      "type": "Feature",
      "properties": {
        "@id": "way/1466462306",
        "amenity": "marketplace",
        "@geometry": "center"
      },
      "geometry": {
        "type": "Point",
        "coordinates": [
          73.7684794,
          19.9985102
        ]
      },
      "id": "way/1466462306"
    },
    {
      "type": "Feature",
      "properties": {
        "@id": "way/1466462307",
        "amenity": "marketplace",
        "name": "Tibetan Market",
        "@geometry": "center"
      },
      "geometry": {
        "type": "Point",
        "coordinates": [
          73.7673931,
          19.9985391
        ]
      },
      "id": "way/1466462307"
    },
    {
      "type": "Feature",
      "properties": {
        "@id": "way/1466462310",
        "name": "Yashwantrao Chavan Planetarium",
        "tourism": "museum",
        "@geometry": "center"
      },
      "geometry": {
        "type": "Point",
        "coordinates": [
          73.7750481,
          19.995967
        ]
      },
      "id": "way/1466462310"
    },
    {
      "type": "Feature",
      "properties": {
        "@id": "way/1466510468",
        "addr:district": "Nashik",
        "addr:full": "Peth Road, Opp. RTO Office, Nashik",
        "addr:postcode": "422013",
        "addr:state": "Maharastra",
        "amenity": "hospital",
        "name": "Namco Hospital",
        "source": "Local Knowledge",
        "@geometry": "center"
      },
      "geometry": {
        "type": "Point",
        "coordinates": [
          73.7936291,
          20.0336366
        ]
      },
      "id": "way/1466510468"
    },
    {
      "type": "Feature",
      "properties": {
        "@id": "way/1466555423",
        "addr:city": "Nashik",
        "addr:district": "Nashik",
        "addr:full": "Police Staff Colony, Nashik",
        "addr:postcode": "422002",
        "addr:state": "Maharashtra",
        "addr:street": "thakkar bazar,opposite golg club maidan",
        "amenity": "hospital",
        "description": "Civil Hospital",
        "emergency": "yes",
        "healthcare:speciality": "general",
        "name": "Civil Hospital, Nashik",
        "operator": "NMC",
        "operator:type": "government",
        "source": "OpenGovernmentData",
        "@geometry": "center"
      },
      "geometry": {
        "type": "Point",
        "coordinates": [
          73.7780886,
          19.997323
        ]
      },
      "id": "way/1466555423"
    },
    {
      "type": "Feature",
      "properties": {
        "@id": "way/1466555424",
        "amenity": "prison",
        "@geometry": "center"
      },
      "geometry": {
        "type": "Point",
        "coordinates": [
          73.7797354,
          19.999046
        ]
      },
      "id": "way/1466555424"
    },
    {
      "type": "Feature",
      "properties": {
        "@id": "way/1466557392",
        "amenity": "school",
        "@geometry": "center"
      },
      "geometry": {
        "type": "Point",
        "coordinates": [
          73.7597099,
          20.0104114
        ]
      },
      "id": "way/1466557392"
    },
    {
      "type": "Feature",
      "properties": {
        "@id": "way/1466557393",
        "amenity": "school",
        "check_date": "2026-01-24",
        "name": "Kilbil St. Joseph's Public School",
        "@geometry": "center"
      },
      "geometry": {
        "type": "Point",
        "coordinates": [
          73.759338,
          20.0087947
        ]
      },
      "id": "way/1466557393"
    },
    {
      "type": "Feature",
      "properties": {
        "@id": "way/1466557395",
        "amenity": "college",
        "@geometry": "center"
      },
      "geometry": {
        "type": "Point",
        "coordinates": [
          73.7719595,
          20.0047206
        ]
      },
      "id": "way/1466557395"
    },
    {
      "type": "Feature",
      "properties": {
        "@id": "way/1466557399",
        "addr:district": "Nashik",
        "addr:full": "Suyojit Sankul,3Road Floor, Near Rajiv Gandhi Bhavan, Sharapur Road",
        "addr:postcode": "422002",
        "addr:state": "Maharashtra",
        "amenity": "hospital",
        "name": "Soham Hospital and Medical Foundation Pvt. Ltd.",
        "source": "OpenGovernmentData",
        "@geometry": "center"
      },
      "geometry": {
        "type": "Point",
        "coordinates": [
          73.7763919,
          20.000611
        ]
      },
      "id": "way/1466557399"
    },
    {
      "type": "Feature",
      "properties": {
        "@id": "way/1466557400",
        "amenity": "townhall",
        "landuse": "commercial",
        "name": "Rajiv Gandhi Bhawan",
        "name:etymology:wikidata": "Q4593",
        "@geometry": "center"
      },
      "geometry": {
        "type": "Point",
        "coordinates": [
          73.7755095,
          20.0004548
        ]
      },
      "id": "way/1466557400"
    },
    {
      "type": "Feature",
      "properties": {
        "@id": "way/1466563982",
        "amenity": "school",
        "@geometry": "center"
      },
      "geometry": {
        "type": "Point",
        "coordinates": [
          73.7620118,
          20.0162085
        ]
      },
      "id": "way/1466563982"
    },
    {
      "type": "Feature",
      "properties": {
        "@id": "way/1466563983",
        "amenity": "school",
        "@geometry": "center"
      },
      "geometry": {
        "type": "Point",
        "coordinates": [
          73.7645995,
          20.0160265
        ]
      },
      "id": "way/1466563983"
    },
    {
      "type": "Feature",
      "properties": {
        "@id": "way/1466563984",
        "amenity": "school",
        "@geometry": "center"
      },
      "geometry": {
        "type": "Point",
        "coordinates": [
          73.7655673,
          20.0158118
        ]
      },
      "id": "way/1466563984"
    },
    {
      "type": "Feature",
      "properties": {
        "@id": "way/1466563985",
        "amenity": "college",
        "@geometry": "center"
      },
      "geometry": {
        "type": "Point",
        "coordinates": [
          73.7623043,
          20.0147635
        ]
      },
      "id": "way/1466563985"
    },
    {
      "type": "Feature",
      "properties": {
        "@id": "way/1466563987",
        "amenity": "school",
        "name": "K.T.H.M. College",
        "@geometry": "center"
      },
      "geometry": {
        "type": "Point",
        "coordinates": [
          73.7789119,
          20.0074627
        ]
      },
      "id": "way/1466563987"
    },
    {
      "type": "Feature",
      "properties": {
        "@id": "way/1466572181",
        "addr:district": "Nashik",
        "addr:full": "Wadala Naka Mumbai Agra Road",
        "addr:postcode": "422001",
        "addr:state": "Maharashtra",
        "amenity": "hospital",
        "name": "Wockhardt Hospitals",
        "source": "OpenGovernmentData",
        "@geometry": "center"
      },
      "geometry": {
        "type": "Point",
        "coordinates": [
          73.7904426,
          19.9915573
        ]
      },
      "id": "way/1466572181"
    },
    {
      "type": "Feature",
      "properties": {
        "@id": "way/1466572188",
        "addr:district": "Nashik",
        "addr:full": "Dwarka Sarda Circle Link Road, Wadala Naka, Renuka Nagar, Nashik",
        "addr:postcode": "422007",
        "addr:state": "Maharastra",
        "amenity": "hospital",
        "name": "Suryodaya Hospital",
        "source": "Local Knowledge",
        "@geometry": "center"
      },
      "geometry": {
        "type": "Point",
        "coordinates": [
          73.7936211,
          19.9937136
        ]
      },
      "id": "way/1466572188"
    },
    {
      "type": "Feature",
      "properties": {
        "@id": "way/1466572195",
        "addr:district": "Nashik",
        "addr:full": "Wadala Road, Basement Raza Classic, Nashik",
        "addr:postcode": "422011",
        "addr:state": "Maharastra",
        "amenity": "hospital",
        "name": "Metro Hospital",
        "source": "Local Knowledge",
        "@geometry": "center"
      },
      "geometry": {
        "type": "Point",
        "coordinates": [
          73.7937874,
          19.9910507
        ]
      },
      "id": "way/1466572195"
    },
    {
      "type": "Feature",
      "properties": {
        "@id": "way/1466572197",
        "amenity": "theatre",
        "landuse": "commercial",
        "name": "Karmaveer Dadasaheb Gaikwad Sabhagruha",
        "source": "microsoft/BuildingFootprints",
        "@geometry": "center"
      },
      "geometry": {
        "type": "Point",
        "coordinates": [
          73.7908637,
          19.9862924
        ]
      },
      "id": "way/1466572197"
    },
    {
      "type": "Feature",
      "properties": {
        "@id": "way/1466572199",
        "addr:district": "Nashik",
        "addr:full": "Mumbai Agra Road, Near Dwarka Circle, Wadala Road",
        "addr:postcode": "422001",
        "addr:state": "Maharashtra",
        "amenity": "hospital",
        "name": "Sahyadri Speciality Hospital",
        "source": "OpenGovernmentData",
        "@geometry": "center"
      },
      "geometry": {
        "type": "Point",
        "coordinates": [
          73.7934816,
          19.9892736
        ]
      },
      "id": "way/1466572199"
    },
    {
      "type": "Feature",
      "properties": {
        "@id": "way/1469179161",
        "amenity": "place_of_worship",
        "building": "yes",
        "name": "Sri Karthik Swamy Mandir",
        "religion": "hindu",
        "@geometry": "center"
      },
      "geometry": {
        "type": "Point",
        "coordinates": [
          73.7946503,
          20.0073885
        ]
      },
      "id": "way/1469179161"
    },
    {
      "type": "Feature",
      "properties": {
        "@id": "way/1469179163",
        "amenity": "marketplace",
        "name": "Panchavati Bazaar",
        "@geometry": "center"
      },
      "geometry": {
        "type": "Point",
        "coordinates": [
          73.7941789,
          20.0078903
        ]
      },
      "id": "way/1469179163"
    },
    {
      "type": "Feature",
      "properties": {
        "@id": "way/1469179167",
        "amenity": "place_of_worship",
        "building": "yes",
        "religion": "hindu",
        "@geometry": "center"
      },
      "geometry": {
        "type": "Point",
        "coordinates": [
          73.7947049,
          20.0087377
        ]
      },
      "id": "way/1469179167"
    },
    {
      "type": "Feature",
      "properties": {
        "@id": "way/1469179173",
        "amenity": "place_of_worship",
        "building": "yes",
        "name": "Sri Karthik Swamy Mandir's Shiv Mandir",
        "religion": "hindu",
        "@geometry": "center"
      },
      "geometry": {
        "type": "Point",
        "coordinates": [
          73.7950157,
          20.0074308
        ]
      },
      "id": "way/1469179173"
    },
    {
      "type": "Feature",
      "properties": {
        "@id": "way/1469202246",
        "amenity": "place_of_worship",
        "building": "yes",
        "religion": "hindu",
        "@geometry": "center"
      },
      "geometry": {
        "type": "Point",
        "coordinates": [
          73.7935942,
          20.006766
        ]
      },
      "id": "way/1469202246"
    },
    {
      "type": "Feature",
      "properties": {
        "@id": "way/1469202250",
        "amenity": "events_venue",
        "building": "yes",
        "name": "Hanuman Mandir Sabha Mantap",
        "@geometry": "center"
      },
      "geometry": {
        "type": "Point",
        "coordinates": [
          73.7955088,
          20.0069424
        ]
      },
      "id": "way/1469202250"
    },
    {
      "type": "Feature",
      "properties": {
        "@id": "way/1469202263",
        "amenity": "parking",
        "building": "yes",
        "parking": "multi-storey",
        "@geometry": "center"
      },
      "geometry": {
        "type": "Point",
        "coordinates": [
          73.7924844,
          20.0050193
        ]
      },
      "id": "way/1469202263"
    },
    {
      "type": "Feature",
      "properties": {
        "@id": "way/1469202268",
        "amenity": "place_of_worship",
        "building": "yes",
        "name": "Sandvyavarchi Devi",
        "religion": "hindu",
        "@geometry": "center"
      },
      "geometry": {
        "type": "Point",
        "coordinates": [
          73.7932957,
          20.0059777
        ]
      },
      "id": "way/1469202268"
    },
    {
      "type": "Feature",
      "properties": {
        "@id": "way/1469207336",
        "amenity": "place_of_worship",
        "building": "yes",
        "check_date": "2026-01-24",
        "religion": "hindu",
        "@geometry": "center"
      },
      "geometry": {
        "type": "Point",
        "coordinates": [
          73.79214,
          20.0073902
        ]
      },
      "id": "way/1469207336"
    },
    {
      "type": "Feature",
      "properties": {
        "@id": "way/1469207338",
        "amenity": "place_of_worship",
        "building": "yes",
        "religion": "hindu",
        "@geometry": "center"
      },
      "geometry": {
        "type": "Point",
        "coordinates": [
          73.792135,
          20.0064802
        ]
      },
      "id": "way/1469207338"
    },
    {
      "type": "Feature",
      "properties": {
        "@id": "way/1469207342",
        "amenity": "place_of_worship",
        "name": "Sundar Narayan Mandir",
        "religion": "hindu",
        "@geometry": "center"
      },
      "geometry": {
        "type": "Point",
        "coordinates": [
          73.7917441,
          20.0068879
        ]
      },
      "id": "way/1469207342"
    },
    {
      "type": "Feature",
      "properties": {
        "@id": "way/1469207345",
        "amenity": "place_of_worship",
        "building": "yes",
        "name": "Prachin Goraram Mandir",
        "religion": "hindu",
        "@geometry": "center"
      },
      "geometry": {
        "type": "Point",
        "coordinates": [
          73.7920106,
          20.0063264
        ]
      },
      "id": "way/1469207345"
    },
    {
      "type": "Feature",
      "properties": {
        "@id": "way/1469207349",
        "amenity": "place_of_worship",
        "building": "yes",
        "name": "Shree Goreram Mandir",
        "religion": "hindu",
        "@geometry": "center"
      },
      "geometry": {
        "type": "Point",
        "coordinates": [
          73.7933503,
          20.0078468
        ]
      },
      "id": "way/1469207349"
    },
    {
      "type": "Feature",
      "properties": {
        "@id": "way/1469207350",
        "amenity": "place_of_worship",
        "building": "yes",
        "name": "Sri Samarth Sadguru Daghe Maharaj Samadhi Mandir",
        "religion": "hindu",
        "@geometry": "center"
      },
      "geometry": {
        "type": "Point",
        "coordinates": [
          73.791908,
          20.0066282
        ]
      },
      "id": "way/1469207350"
    },
    {
      "type": "Feature",
      "properties": {
        "@id": "way/1469207351",
        "amenity": "place_of_worship",
        "building": "yes",
        "name": "Shiv Mandir",
        "religion": "hindu",
        "@geometry": "center"
      },
      "geometry": {
        "type": "Point",
        "coordinates": [
          73.793023,
          20.0075985
        ]
      },
      "id": "way/1469207351"
    },
    {
      "type": "Feature",
      "properties": {
        "@id": "way/1469344960",
        "government": "administrative",
        "landuse": "commercial",
        "name": "Nashik Collector's Office",
        "office": "government",
        "@geometry": "center"
      },
      "geometry": {
        "type": "Point",
        "coordinates": [
          73.782828,
          20.0036747
        ]
      },
      "id": "way/1469344960"
    },
    {
      "type": "Feature",
      "properties": {
        "@id": "way/1469344961",
        "building": "yes",
        "name": "Pinnacle Mall",
        "shop": "mall",
        "@geometry": "center"
      },
      "geometry": {
        "type": "Point",
        "coordinates": [
          73.7810114,
          19.9966031
        ]
      },
      "id": "way/1469344961"
    },
    {
      "type": "Feature",
      "properties": {
        "@id": "way/1469372433",
        "amenity": "bus_station",
        "name": "Mumbai Naka Mahamarg Bus Stand",
        "@geometry": "center"
      },
      "geometry": {
        "type": "Point",
        "coordinates": [
          73.7829371,
          19.9880423
        ]
      },
      "id": "way/1469372433"
    },
    {
      "type": "Feature",
      "properties": {
        "@id": "way/1469375505",
        "addr:district": "Nashik",
        "addr:full": "Opp Bytco College, Nasik Road",
        "addr:postcode": "422101",
        "addr:state": "Maharashtra",
        "amenity": "hospital",
        "name": "Sujata Birla Hospital and Medical Research Centre",
        "source": "OpenGovernmentData",
        "@geometry": "center"
      },
      "geometry": {
        "type": "Point",
        "coordinates": [
          73.8310379,
          19.9597027
        ]
      },
      "id": "way/1469375505"
    },
    {
      "type": "Feature",
      "properties": {
        "@id": "way/1469375507",
        "amenity": "hospital",
        "name": "Indian Security Press Hospital",
        "@geometry": "center"
      },
      "geometry": {
        "type": "Point",
        "coordinates": [
          73.825416,
          19.9642834
        ]
      },
      "id": "way/1469375507"
    },
    {
      "type": "Feature",
      "properties": {
        "@id": "way/1469375509",
        "amenity": "school",
        "name": "Birla Open Mind School",
        "@geometry": "center"
      },
      "geometry": {
        "type": "Point",
        "coordinates": [
          73.8302359,
          19.9617221
        ]
      },
      "id": "way/1469375509"
    },
    {
      "type": "Feature",
      "properties": {
        "@id": "way/1469444205",
        "amenity": "school",
        "@geometry": "center"
      },
      "geometry": {
        "type": "Point",
        "coordinates": [
          73.7561211,
          19.9696254
        ]
      },
      "id": "way/1469444205"
    },
    {
      "type": "Feature",
      "properties": {
        "@id": "way/1469526189",
        "amenity": "marketplace",
        "@geometry": "center"
      },
      "geometry": {
        "type": "Point",
        "coordinates": [
          73.7869941,
          20.0059764
        ]
      },
      "id": "way/1469526189"
    },
    {
      "type": "Feature",
      "properties": {
        "@id": "way/1469526190",
        "amenity": "marketplace",
        "name": "RK Circle Market",
        "@geometry": "center"
      },
      "geometry": {
        "type": "Point",
        "coordinates": [
          73.7890879,
          20.0064704
        ]
      },
      "id": "way/1469526190"
    },
    {
      "type": "Feature",
      "properties": {
        "@id": "way/1469541493",
        "amenity": "place_of_worship",
        "building": "yes",
        "name": "Sri Harihareshwar Mahadev Mandir",
        "religion": "hindu",
        "@geometry": "center"
      },
      "geometry": {
        "type": "Point",
        "coordinates": [
          73.7960339,
          20.0073283
        ]
      },
      "id": "way/1469541493"
    },
    {
      "type": "Feature",
      "properties": {
        "@id": "way/1469541495",
        "amenity": "place_of_worship",
        "building": "yes",
        "name": "Hanuman Mandir",
        "religion": "hindu",
        "@geometry": "center"
      },
      "geometry": {
        "type": "Point",
        "coordinates": [
          73.7955884,
          20.0069461
        ]
      },
      "id": "way/1469541495"
    },
    {
      "type": "Feature",
      "properties": {
        "@id": "way/1469959277",
        "amenity": "fire_station",
        "@geometry": "center"
      },
      "geometry": {
        "type": "Point",
        "coordinates": [
          73.7686265,
          19.9684156
        ]
      },
      "id": "way/1469959277"
    },
    {
      "type": "Feature",
      "properties": {
        "@id": "way/1469962231",
        "brand": "Courtyard",
        "name": "Courtyard",
        "official_name": "Courtyard by Marriott",
        "tourism": "hotel",
        "@geometry": "center"
      },
      "geometry": {
        "type": "Point",
        "coordinates": [
          73.7894194,
          19.9905896
        ]
      },
      "id": "way/1469962231"
    },
    {
      "type": "Feature",
      "properties": {
        "@id": "way/1469962235",
        "name": "Hotel Tapovan",
        "tourism": "hotel",
        "@geometry": "center"
      },
      "geometry": {
        "type": "Point",
        "coordinates": [
          73.7426986,
          19.9436581
        ]
      },
      "id": "way/1469962235"
    },
    {
      "type": "Feature",
      "properties": {
        "@id": "way/1470080269",
        "air_conditioning": "yes",
        "name": "Nimbus Vatsalyam",
        "name:hi": "निम्बस वात्सल्यम्",
        "tourism": "hostel",
        "@geometry": "center"
      },
      "geometry": {
        "type": "Point",
        "coordinates": [
          73.8418405,
          19.9475929
        ]
      },
      "id": "way/1470080269"
    },
    {
      "type": "Feature",
      "properties": {
        "@id": "way/1470226138",
        "amenity": "shelter",
        "building": "roof",
        "layer": "1",
        "roof:colour": "blue",
        "roof:material": "metal",
        "roof:shape": "butterfly",
        "shelter_type": "public_transport",
        "@geometry": "center"
      },
      "geometry": {
        "type": "Point",
        "coordinates": [
          73.8421924,
          19.948083
        ]
      },
      "id": "way/1470226138"
    },
    {
      "type": "Feature",
      "properties": {
        "@id": "way/1470226140",
        "amenity": "shelter",
        "building": "roof",
        "roof:colour": "blue",
        "roof:material": "metal",
        "roof:shape": "butterfly",
        "shelter_type": "public_transport",
        "@geometry": "center"
      },
      "geometry": {
        "type": "Point",
        "coordinates": [
          73.8425323,
          19.9476364
        ]
      },
      "id": "way/1470226140"
    },
    {
      "type": "Feature",
      "properties": {
        "@id": "way/1470226147",
        "amenity": "shelter",
        "building": "roof",
        "roof:colour": "blue",
        "roof:material": "metal",
        "roof:shape": "butterfly",
        "shelter_type": "public_transport",
        "@geometry": "center"
      },
      "geometry": {
        "type": "Point",
        "coordinates": [
          73.8427712,
          19.9486764
        ]
      },
      "id": "way/1470226147"
    },
    {
      "type": "Feature",
      "properties": {
        "@id": "way/1470226148",
        "amenity": "shelter",
        "building": "roof",
        "roof:colour": "blue",
        "roof:material": "metal",
        "roof:shape": "butterfly",
        "shelter_type": "public_transport",
        "@geometry": "center"
      },
      "geometry": {
        "type": "Point",
        "coordinates": [
          73.8425326,
          19.948723
        ]
      },
      "id": "way/1470226148"
    },
    {
      "type": "Feature",
      "properties": {
        "@id": "way/1470226151",
        "amenity": "shelter",
        "building": "roof",
        "roof:colour": "blue",
        "roof:material": "metal",
        "roof:shape": "butterfly",
        "shelter_type": "public_transport",
        "@geometry": "center"
      },
      "geometry": {
        "type": "Point",
        "coordinates": [
          73.8420561,
          19.946598
        ]
      },
      "id": "way/1470226151"
    },
    {
      "type": "Feature",
      "properties": {
        "@id": "way/1470226154",
        "amenity": "shelter",
        "building": "roof",
        "roof:colour": "blue",
        "roof:material": "metal",
        "roof:shape": "butterfly",
        "shelter_type": "public_transport",
        "@geometry": "center"
      },
      "geometry": {
        "type": "Point",
        "coordinates": [
          73.8421989,
          19.9460852
        ]
      },
      "id": "way/1470226154"
    },
    {
      "type": "Feature",
      "properties": {
        "@id": "way/1470231892",
        "amenity": "fuel",
        "@geometry": "center"
      },
      "geometry": {
        "type": "Point",
        "coordinates": [
          73.8471279,
          19.9473102
        ]
      },
      "id": "way/1470231892"
    },
    {
      "type": "Feature",
      "properties": {
        "@id": "way/1470231894",
        "amenity": "hospital",
        "healthcare": "hospital",
        "@geometry": "center"
      },
      "geometry": {
        "type": "Point",
        "coordinates": [
          73.8474309,
          19.947329
        ]
      },
      "id": "way/1470231894"
    },
    {
      "type": "Feature",
      "properties": {
        "@id": "way/1470252657",
        "amenity": "place_of_worship",
        "building": "yes",
        "religion": "hindu",
        "@geometry": "center"
      },
      "geometry": {
        "type": "Point",
        "coordinates": [
          73.7920714,
          20.0079994
        ]
      },
      "id": "way/1470252657"
    },
    {
      "type": "Feature",
      "properties": {
        "@id": "way/1470252659",
        "amenity": "place_of_worship",
        "building": "yes",
        "name": "Godavari Mandir",
        "religion": "hindu",
        "@geometry": "center"
      },
      "geometry": {
        "type": "Point",
        "coordinates": [
          73.7922068,
          20.0083857
        ]
      },
      "id": "way/1470252659"
    },
    {
      "type": "Feature",
      "properties": {
        "@id": "way/1470252660",
        "amenity": "place_of_worship",
        "building": "yes",
        "religion": "hindu",
        "@geometry": "center"
      },
      "geometry": {
        "type": "Point",
        "coordinates": [
          73.7922613,
          20.0082271
        ]
      },
      "id": "way/1470252660"
    },
    {
      "type": "Feature",
      "properties": {
        "@id": "way/1470252663",
        "amenity": "place_of_worship",
        "building": "yes",
        "name": "Swayambu Baneshwar Mahadev Mandir",
        "religion": "hindu",
        "@geometry": "center"
      },
      "geometry": {
        "type": "Point",
        "coordinates": [
          73.792207,
          20.0083048
        ]
      },
      "id": "way/1470252663"
    },
    {
      "type": "Feature",
      "properties": {
        "@id": "way/1470352103",
        "amenity": "place_of_worship",
        "building": "yes",
        "historic": "yes",
        "name": "Sri Omkeshwar Mahadev Mandir",
        "religion": "hindu",
        "@geometry": "center"
      },
      "geometry": {
        "type": "Point",
        "coordinates": [
          73.7895123,
          20.0086791
        ]
      },
      "id": "way/1470352103"
    },
    {
      "type": "Feature",
      "properties": {
        "@id": "way/1470352107",
        "amenity": "parking",
        "@geometry": "center"
      },
      "geometry": {
        "type": "Point",
        "coordinates": [
          73.7897954,
          20.00864
        ]
      },
      "id": "way/1470352107"
    },
    {
      "type": "Feature",
      "properties": {
        "@id": "way/1470352109",
        "amenity": "place_of_worship",
        "building": "yes",
        "historic": "yes",
        "name": "Prati Tryambakeshwar",
        "religion": "hindu",
        "@geometry": "center"
      },
      "geometry": {
        "type": "Point",
        "coordinates": [
          73.7903643,
          20.0077375
        ]
      },
      "id": "way/1470352109"
    },
    {
      "type": "Feature",
      "properties": {
        "@id": "way/1470366104",
        "amenity": "place_of_worship",
        "building": "yes",
        "name": "Navthya Maruti Devasthan",
        "religion": "hindu",
        "@geometry": "center"
      },
      "geometry": {
        "type": "Point",
        "coordinates": [
          73.7896181,
          20.0089297
        ]
      },
      "id": "way/1470366104"
    },
    {
      "type": "Feature",
      "properties": {
        "@id": "way/1470375427",
        "amenity": "place_of_worship",
        "building": "yes",
        "name": "Sti Pataleshwar Mandir",
        "religion": "hindu",
        "@geometry": "center"
      },
      "geometry": {
        "type": "Point",
        "coordinates": [
          73.793188,
          20.0086169
        ]
      },
      "id": "way/1470375427"
    },
    {
      "type": "Feature",
      "properties": {
        "@id": "way/1470375430",
        "amenity": "place_of_worship",
        "building": "yes",
        "name": "Sti Ramkrishna Mandir",
        "religion": "hindu",
        "@geometry": "center"
      },
      "geometry": {
        "type": "Point",
        "coordinates": [
          73.7927664,
          20.0085958
        ]
      },
      "id": "way/1470375430"
    },
    {
      "type": "Feature",
      "properties": {
        "@id": "way/1470375433",
        "amenity": "place_of_worship",
        "building": "yes",
        "name": "Shiv Mandir",
        "religion": "hindu",
        "@geometry": "center"
      },
      "geometry": {
        "type": "Point",
        "coordinates": [
          73.7928315,
          20.0083718
        ]
      },
      "id": "way/1470375433"
    },
    {
      "type": "Feature",
      "properties": {
        "@id": "way/1470375435",
        "amenity": "place_of_worship",
        "building": "yes",
        "name": "Sti Karpureshwar Mahadev Mandir",
        "religion": "hindu",
        "@geometry": "center"
      },
      "geometry": {
        "type": "Point",
        "coordinates": [
          73.7921295,
          20.0083774
        ]
      },
      "id": "way/1470375435"
    },
    {
      "type": "Feature",
      "properties": {
        "@id": "way/1470375436",
        "amenity": "place_of_worship",
        "building": "yes",
        "name": "Saibaba Mandir",
        "religion": "hindu",
        "@geometry": "center"
      },
      "geometry": {
        "type": "Point",
        "coordinates": [
          73.7921751,
          20.008452
        ]
      },
      "id": "way/1470375436"
    },
    {
      "type": "Feature",
      "properties": {
        "@id": "way/1470375438",
        "amenity": "place_of_worship",
        "building": "yes",
        "name": "Ganapathi Mandir",
        "religion": "hindu",
        "@geometry": "center"
      },
      "geometry": {
        "type": "Point",
        "coordinates": [
          73.7928124,
          20.0082763
        ]
      },
      "id": "way/1470375438"
    },
    {
      "type": "Feature",
      "properties": {
        "@id": "way/1470375440",
        "amenity": "place_of_worship",
        "building": "yes",
        "name": "Sri Siddh Hanuman Mandir",
        "religion": "hindu",
        "@geometry": "center"
      },
      "geometry": {
        "type": "Point",
        "coordinates": [
          73.7923119,
          20.0084303
        ]
      },
      "id": "way/1470375440"
    },
    {
      "type": "Feature",
      "properties": {
        "@id": "way/1470386189",
        "amenity": "police",
        "building": "yes",
        "operator": "Indian Railways",
        "operator:wikidata": "Q3523040",
        "@geometry": "center"
      },
      "geometry": {
        "type": "Point",
        "coordinates": [
          73.8425888,
          19.9464561
        ]
      },
      "id": "way/1470386189"
    },
    {
      "type": "Feature",
      "properties": {
        "@id": "way/1470386190",
        "amenity": "shelter",
        "bench": "yes",
        "bin": "yes",
        "building": "transportation",
        "lit": "yes",
        "shelter_type": "public_transport",
        "@geometry": "center"
      },
      "geometry": {
        "type": "Point",
        "coordinates": [
          73.8415741,
          19.9480916
        ]
      },
      "id": "way/1470386190"
    },
    {
      "type": "Feature",
      "properties": {
        "@id": "way/1470386192",
        "amenity": "parking",
        "@geometry": "center"
      },
      "geometry": {
        "type": "Point",
        "coordinates": [
          73.8412045,
          19.9479217
        ]
      },
      "id": "way/1470386192"
    },
    {
      "type": "Feature",
      "properties": {
        "@id": "way/1470387638",
        "amenity": "toilets",
        "building": "yes",
        "fee": "no",
        "@geometry": "center"
      },
      "geometry": {
        "type": "Point",
        "coordinates": [
          73.8419313,
          19.9448498
        ]
      },
      "id": "way/1470387638"
    },
    {
      "type": "Feature",
      "properties": {
        "@id": "way/1470387639",
        "amenity": "parking",
        "@geometry": "center"
      },
      "geometry": {
        "type": "Point",
        "coordinates": [
          73.8413289,
          19.9464576
        ]
      },
      "id": "way/1470387639"
    },
    {
      "type": "Feature",
      "properties": {
        "@id": "way/1471433400",
        "amenity": "parking",
        "@geometry": "center"
      },
      "geometry": {
        "type": "Point",
        "coordinates": [
          73.7914598,
          20.0085206
        ]
      },
      "id": "way/1471433400"
    },
    {
      "type": "Feature",
      "properties": {
        "@id": "way/1471433401",
        "amenity": "toilets",
        "building": "yes",
        "@geometry": "center"
      },
      "geometry": {
        "type": "Point",
        "coordinates": [
          73.7920862,
          20.0089015
        ]
      },
      "id": "way/1471433401"
    },
    {
      "type": "Feature",
      "properties": {
        "@id": "way/1471433402",
        "amenity": "place_of_worship",
        "building": "yes",
        "name": "Shree Vyankatesh Balaji Mandir",
        "religion": "hindu",
        "@geometry": "center"
      },
      "geometry": {
        "type": "Point",
        "coordinates": [
          73.7922497,
          20.0086777
        ]
      },
      "id": "way/1471433402"
    },
    {
      "type": "Feature",
      "properties": {
        "@id": "way/1471433404",
        "amenity": "place_of_worship",
        "building": "yes",
        "name": "Bhagwan Shree Chakradhar Swami Mahanubhav Mandir",
        "religion": "hindu",
        "@geometry": "center"
      },
      "geometry": {
        "type": "Point",
        "coordinates": [
          73.7910855,
          20.0085334
        ]
      },
      "id": "way/1471433404"
    },
    {
      "type": "Feature",
      "properties": {
        "@id": "way/1471433405",
        "amenity": "place_of_worship",
        "building": "yes",
        "name": "Ganga Godavari Mandir",
        "religion": "hindu",
        "@geometry": "center"
      },
      "geometry": {
        "type": "Point",
        "coordinates": [
          73.792366,
          20.0082005
        ]
      },
      "id": "way/1471433405"
    },
    {
      "type": "Feature",
      "properties": {
        "@id": "way/1471585106",
        "amenity": "school",
        "@geometry": "center"
      },
      "geometry": {
        "type": "Point",
        "coordinates": [
          73.7959352,
          20.0097209
        ]
      },
      "id": "way/1471585106"
    },
    {
      "type": "Feature",
      "properties": {
        "@id": "way/1471585114",
        "addr:district": "Nashik",
        "addr:full": "Panchavati Karanja Road, Near RO Care India, Panchavati, Nashik",
        "addr:postcode": "422003",
        "addr:state": "Maharashtra",
        "amenity": "hospital",
        "name": "NSKMC Indira Gandhi Hospital",
        "name:etymology:wikidata": "Q1149",
        "source": "OpenGovernmentData",
        "@geometry": "center"
      },
      "geometry": {
        "type": "Point",
        "coordinates": [
          73.7954871,
          20.0098866
        ]
      },
      "id": "way/1471585114"
    },
    {
      "type": "Feature",
      "properties": {
        "@id": "way/1471883313",
        "addr:district": "Nashik",
        "addr:full": "Swaminarayan Nagar, Panchavati, Near Lunge Mangal Karyalaya, Nashik",
        "addr:postcode": "422003",
        "addr:state": "Maharastra",
        "amenity": "hospital",
        "name": "Apollo Hospitals",
        "source": "Local Knowledge",
        "@geometry": "center"
      },
      "geometry": {
        "type": "Point",
        "coordinates": [
          73.8160926,
          20.0120622
        ]
      },
      "id": "way/1471883313"
    },
    {
      "type": "Feature",
      "properties": {
        "@id": "way/1473410583",
        "amenity": "police",
        "building": "yes",
        "operator": "Indian Railways",
        "operator:wikidata": "Q3523040",
        "@geometry": "center"
      },
      "geometry": {
        "type": "Point",
        "coordinates": [
          73.8418542,
          19.9470085
        ]
      },
      "id": "way/1473410583"
    },
    {
      "type": "Feature",
      "properties": {
        "@id": "way/1473410586",
        "amenity": "pharmacy;clinic",
        "building": "yes",
        "healthcare": "clinic",
        "name": "Ananya Medical & General Stores",
        "name:en": "Ananya Medical & General Stores",
        "@geometry": "center"
      },
      "geometry": {
        "type": "Point",
        "coordinates": [
          73.8417616,
          19.9485475
        ]
      },
      "id": "way/1473410586"
    },
    {
      "type": "Feature",
      "properties": {
        "@id": "way/1473410589",
        "amenity": "toilets",
        "building": "yes",
        "female": "yes",
        "male": "yes",
        "@geometry": "center"
      },
      "geometry": {
        "type": "Point",
        "coordinates": [
          73.8426306,
          19.9491571
        ]
      },
      "id": "way/1473410589"
    },
    {
      "type": "Feature",
      "properties": {
        "@id": "way/1475594706",
        "amenity": "fuel",
        "brand": "Hindustan Petroleum",
        "brand:wikidata": "Q1619375",
        "building": "roof",
        "name": "HP",
        "official_name": "Hindustan Petroleum",
        "@geometry": "center"
      },
      "geometry": {
        "type": "Point",
        "coordinates": [
          73.8405749,
          19.9485237
        ]
      },
      "id": "way/1475594706"
    },
    {
      "type": "Feature",
      "properties": {
        "@id": "way/1476182057",
        "brand": "DMart",
        "brand:wikidata": "Q5203271",
        "building": "yes",
        "name": "DMart",
        "shop": "supermarket",
        "@geometry": "center"
      },
      "geometry": {
        "type": "Point",
        "coordinates": [
          73.7359614,
          19.935923
        ]
      },
      "id": "way/1476182057"
    },
    {
      "type": "Feature",
      "properties": {
        "@id": "way/1476182058",
        "building": "yes",
        "name": "The Furniture Shop",
        "name:en": "The Furniture Shop",
        "shop": "furniture",
        "@geometry": "center"
      },
      "geometry": {
        "type": "Point",
        "coordinates": [
          73.732509,
          19.9345018
        ]
      },
      "id": "way/1476182058"
    },
    {
      "type": "Feature",
      "properties": {
        "@id": "way/1476182060",
        "amenity": "fuel",
        "brand": "Bharat Petroleum",
        "brand:wikidata": "Q854826",
        "name": "Bharat Petroleum",
        "@geometry": "center"
      },
      "geometry": {
        "type": "Point",
        "coordinates": [
          73.7309662,
          19.9339252
        ]
      },
      "id": "way/1476182060"
    },
    {
      "type": "Feature",
      "properties": {
        "@id": "way/1476227792",
        "amenity": "marketplace",
        "name": "Sanjeev Nagar Vegetable Market",
        "name:en": "Sanjeev Nagar Vegetable Market",
        "name:mr": "संजीव नगर भाजी मार्केट",
        "@geometry": "center"
      },
      "geometry": {
        "type": "Point",
        "coordinates": [
          73.7296975,
          19.9696064
        ]
      },
      "id": "way/1476227792"
    },
    {
      "type": "Feature",
      "properties": {
        "@id": "way/1476227794",
        "amenity": "marketplace",
        "@geometry": "center"
      },
      "geometry": {
        "type": "Point",
        "coordinates": [
          73.7286337,
          19.9698402
        ]
      },
      "id": "way/1476227794"
    },
    {
      "type": "Feature",
      "properties": {
        "@id": "way/1476227812",
        "amenity": "pharmacy",
        "building": "yes",
        "healthcare": "pharmacy",
        "mobile": "+91 62652 99350",
        "name": "Faisal Medical and General Stores",
        "name:en": "Faisal Medical and General Stores",
        "name:mr": "फैसल मेडिकल ॲण्ड जनरल स्टोअर्स",
        "@geometry": "center"
      },
      "geometry": {
        "type": "Point",
        "coordinates": [
          73.728514,
          19.9696521
        ]
      },
      "id": "way/1476227812"
    },
    {
      "type": "Feature",
      "properties": {
        "@id": "way/1476227824",
        "amenity": "place_of_worship",
        "building": "yes",
        "name": "Om Siddh Chandra Mouleshwar Mahadev",
        "name:en": "Om Siddh Chandra Mouleshwar Mahadev",
        "name:mr": "ॐ सिद्ध चंद्र मौलेश्वर महादेव",
        "religion": "hindu",
        "@geometry": "center"
      },
      "geometry": {
        "type": "Point",
        "coordinates": [
          73.72652,
          19.9713154
        ]
      },
      "id": "way/1476227824"
    },
    {
      "type": "Feature",
      "properties": {
        "@id": "way/1476227825",
        "amenity": "place_of_worship",
        "building": "yes",
        "name": "Shri Tuljabhavani Mata Mandir",
        "name:en": "Shri Tuljabhavani Mata Mandir",
        "name:mr": "श्री तुळजाभवानी माता मंदिर",
        "religion": "hindu",
        "@geometry": "center"
      },
      "geometry": {
        "type": "Point",
        "coordinates": [
          73.7265213,
          19.9712779
        ]
      },
      "id": "way/1476227825"
    },
    {
      "type": "Feature",
      "properties": {
        "@id": "way/1476227826",
        "amenity": "fuel",
        "brand": "Indian Oil",
        "brand:wikidata": "Q1289348",
        "name": "Indian Oil",
        "@geometry": "center"
      },
      "geometry": {
        "type": "Point",
        "coordinates": [
          73.7282179,
          19.9728858
        ]
      },
      "id": "way/1476227826"
    },
    {
      "type": "Feature",
      "properties": {
        "@id": "way/1476227828",
        "access": "yes",
        "amenity": "charging_station",
        "operator": "Nashik Municipal Corporation",
        "@geometry": "center"
      },
      "geometry": {
        "type": "Point",
        "coordinates": [
          73.72786,
          19.9730341
        ]
      },
      "id": "way/1476227828"
    },
    {
      "type": "Feature",
      "properties": {
        "@id": "way/1477372563",
        "amenity": "marketplace",
        "@geometry": "center"
      },
      "geometry": {
        "type": "Point",
        "coordinates": [
          73.7453913,
          19.9614888
        ]
      },
      "id": "way/1477372563"
    },
    {
      "type": "Feature",
      "properties": {
        "@id": "way/1477373859",
        "building": "yes",
        "name": "Booking Office",
        "name:en": "Booking Office",
        "opening_hours": "Mo-Su 07:00-18:00",
        "shop": "ticket",
        "@geometry": "center"
      },
      "geometry": {
        "type": "Point",
        "coordinates": [
          73.7487555,
          19.9412166
        ]
      },
      "id": "way/1477373859"
    },
    {
      "type": "Feature",
      "properties": {
        "@id": "way/1479530744",
        "amenity": "marketplace",
        "name": "Lewitt Market",
        "@geometry": "center"
      },
      "geometry": {
        "type": "Point",
        "coordinates": [
          73.8276151,
          19.9016478
        ]
      },
      "id": "way/1479530744"
    },
    {
      "type": "Feature",
      "properties": {
        "@id": "way/1479530753",
        "amenity": "library",
        "building": "yes",
        "name": "Cantonment Board Library",
        "@geometry": "center"
      },
      "geometry": {
        "type": "Point",
        "coordinates": [
          73.8271379,
          19.9023847
        ]
      },
      "id": "way/1479530753"
    },
    {
      "type": "Feature",
      "properties": {
        "@id": "way/1479530755",
        "building": "yes",
        "name": "Devlali Cantonment Board",
        "office": "government",
        "@geometry": "center"
      },
      "geometry": {
        "type": "Point",
        "coordinates": [
          73.8289666,
          19.8999474
        ]
      },
      "id": "way/1479530755"
    },
    {
      "type": "Feature",
      "properties": {
        "@id": "way/1482111277",
        "amenity": "fuel",
        "brand": "Indian Oil",
        "brand:wikidata": "Q1289348",
        "name": "Indian Oil",
        "@geometry": "center"
      },
      "geometry": {
        "type": "Point",
        "coordinates": [
          73.831651,
          19.9038515
        ]
      },
      "id": "way/1482111277"
    },
    {
      "type": "Feature",
      "properties": {
        "@id": "way/1482208093",
        "amenity": "fuel",
        "brand": "Indian Oil",
        "brand:wikidata": "Q1289348",
        "name": "Indian Oil",
        "@geometry": "center"
      },
      "geometry": {
        "type": "Point",
        "coordinates": [
          73.8035328,
          19.9419809
        ]
      },
      "id": "way/1482208093"
    },
    {
      "type": "Feature",
      "properties": {
        "@id": "way/1482208096",
        "amenity": "fuel",
        "brand": "Hindustan Petroleum",
        "brand:wikidata": "Q1619375",
        "name": "HP Tulja Bhavani Petrol Pump",
        "name:en": "HP Tulja Bhavani Petrol Pump",
        "name:mr": "HP तुळजा भवानी पेट्रोल पंप",
        "official_name": "Hindustan Petroleum",
        "@geometry": "center"
      },
      "geometry": {
        "type": "Point",
        "coordinates": [
          73.7977343,
          19.9428073
        ]
      },
      "id": "way/1482208096"
    },
    {
      "type": "Feature",
      "properties": {
        "@id": "way/1482208100",
        "amenity": "fuel",
        "brand": "Hindustan Petroleum",
        "brand:wikidata": "Q1619375",
        "name": "HP",
        "official_name": "Hindustan Petroleum",
        "@geometry": "center"
      },
      "geometry": {
        "type": "Point",
        "coordinates": [
          73.7916029,
          19.9431293
        ]
      },
      "id": "way/1482208100"
    },
    {
      "type": "Feature",
      "properties": {
        "@id": "way/1482208118",
        "amenity": "fuel",
        "brand": "Hindustan Petroleum",
        "brand:wikidata": "Q1619375",
        "name": "HP Laxmi Petroleum",
        "name:en": "HP Laxmi Petroleum",
        "official_name": "Hindustan Petroleum",
        "@geometry": "center"
      },
      "geometry": {
        "type": "Point",
        "coordinates": [
          73.7753584,
          19.9430757
        ]
      },
      "id": "way/1482208118"
    },
    {
      "type": "Feature",
      "properties": {
        "@id": "way/1482208128",
        "amenity": "fuel",
        "brand": "Hindustan Petroleum",
        "brand:wikidata": "Q1619375",
        "name": "HP",
        "official_name": "Hindustan Petroleum",
        "@geometry": "center"
      },
      "geometry": {
        "type": "Point",
        "coordinates": [
          73.7735397,
          19.9451957
        ]
      },
      "id": "way/1482208128"
    },
    {
      "type": "Feature",
      "properties": {
        "@id": "way/1482229098",
        "amenity": "fuel",
        "brand": "Shell",
        "brand:wikidata": "Q110716465",
        "name": "Shell",
        "@geometry": "center"
      },
      "geometry": {
        "type": "Point",
        "coordinates": [
          73.7707407,
          19.948923
        ]
      },
      "id": "way/1482229098"
    },
    {
      "type": "Feature",
      "properties": {
        "@id": "way/1482229102",
        "amenity": "fuel",
        "brand": "Indian Oil",
        "brand:wikidata": "Q1289348",
        "name": "Indian Oil",
        "@geometry": "center"
      },
      "geometry": {
        "type": "Point",
        "coordinates": [
          73.7683545,
          19.9525267
        ]
      },
      "id": "way/1482229102"
    },
    {
      "type": "Feature",
      "properties": {
        "@id": "way/1482837318",
        "addr:district": "Nashik",
        "addr:full": "Devlali",
        "addr:postcode": "422002",
        "addr:state": "Maharashtra",
        "amenity": "hospital",
        "healthcare": "hospital",
        "name": "Cantoment General Hospital",
        "source": "OpenGovernmentData",
        "@geometry": "center"
      },
      "geometry": {
        "type": "Point",
        "coordinates": [
          73.8260001,
          19.90293
        ]
      },
      "id": "way/1482837318"
    },
    {
      "type": "Feature",
      "properties": {
        "@id": "way/1482837329",
        "amenity": "parking",
        "parking": "street_side",
        "@geometry": "center"
      },
      "geometry": {
        "type": "Point",
        "coordinates": [
          73.8295763,
          19.9021573
        ]
      },
      "id": "way/1482837329"
    },
    {
      "type": "Feature",
      "properties": {
        "@id": "way/1482837330",
        "amenity": "parking",
        "parking": "street_side",
        "@geometry": "center"
      },
      "geometry": {
        "type": "Point",
        "coordinates": [
          73.8296404,
          19.9022078
        ]
      },
      "id": "way/1482837330"
    },
    {
      "type": "Feature",
      "properties": {
        "@id": "way/1487124384",
        "amenity": "place_of_worship",
        "building": "yes",
        "religion": "hindu",
        "@geometry": "center"
      },
      "geometry": {
        "type": "Point",
        "coordinates": [
          73.8299971,
          19.9016477
        ]
      },
      "id": "way/1487124384"
    },
    {
      "type": "Feature",
      "properties": {
        "@id": "way/1487537473",
        "amenity": "place_of_worship",
        "building": "yes",
        "religion": "hindu",
        "@geometry": "center"
      },
      "geometry": {
        "type": "Point",
        "coordinates": [
          73.8308075,
          19.900884
        ]
      },
      "id": "way/1487537473"
    },
    {
      "type": "Feature",
      "properties": {
        "@id": "way/1487537475",
        "amenity": "shelter",
        "building": "yes",
        "@geometry": "center"
      },
      "geometry": {
        "type": "Point",
        "coordinates": [
          73.8311906,
          19.9008919
        ]
      },
      "id": "way/1487537475"
    },
    {
      "type": "Feature",
      "properties": {
        "@id": "way/1489328262",
        "amenity": "place_of_worship",
        "building": "yes",
        "denomination": "sunni",
        "name": "Sunni Jama Masjid",
        "religion": "muslim",
        "@geometry": "center"
      },
      "geometry": {
        "type": "Point",
        "coordinates": [
          73.8289956,
          19.9026622
        ]
      },
      "id": "way/1489328262"
    },
    {
      "type": "Feature",
      "properties": {
        "@id": "way/1490074053",
        "amenity": "place_of_worship",
        "building": "yes",
        "denomination": "theravada",
        "name": "Gyan Mandir",
        "religion": "buddhist",
        "@geometry": "center"
      },
      "geometry": {
        "type": "Point",
        "coordinates": [
          73.8282751,
          19.903243
        ]
      },
      "id": "way/1490074053"
    },
    {
      "type": "Feature",
      "properties": {
        "@id": "way/1544841439",
        "addr:city": "Nashik",
        "addr:district": "Nashik",
        "addr:postcode": "422008",
        "amenity": "school",
        "building": "yes",
        "education": "school",
        "layer": "1",
        "name": "Loknete Vyankatrav Hiray VIdyalaya",
        "@geometry": "center"
      },
      "geometry": {
        "type": "Point",
        "coordinates": [
          73.7588438,
          19.9776441
        ]
      },
      "id": "way/1544841439"
    },
    {
      "type": "Feature",
      "properties": {
        "@id": "node/1671908925",
        "amenity": "restaurant",
        "name": "Vaibhav Gardens"
      },
      "geometry": {
        "type": "Point",
        "coordinates": [
          73.8055117,
          20.0096386
        ]
      },
      "id": "node/1671908925"
    },
    {
      "type": "Feature",
      "properties": {
        "@id": "node/1671916233",
        "name": "Hotel Sri Jai Palace",
        "tourism": "hotel"
      },
      "geometry": {
        "type": "Point",
        "coordinates": [
          73.8028584,
          20.0045975
        ]
      },
      "id": "node/1671916233"
    },
    {
      "type": "Feature",
      "properties": {
        "@id": "node/1671916246",
        "amenity": "hospital",
        "name": "MGV's KBH Dental College &  Hospital"
      },
      "geometry": {
        "type": "Point",
        "coordinates": [
          73.8037255,
          20.0043475
        ]
      },
      "id": "node/1671916246"
    },
    {
      "type": "Feature",
      "properties": {
        "@id": "node/1671917243",
        "name": "Maruti Service Centre",
        "shop": "car_repair"
      },
      "geometry": {
        "type": "Point",
        "coordinates": [
          73.800868,
          19.996837
        ]
      },
      "id": "node/1671917243"
    },
    {
      "type": "Feature",
      "properties": {
        "@id": "node/1671920721",
        "name": "Hotel Dwarka",
        "tourism": "hotel"
      },
      "geometry": {
        "type": "Point",
        "coordinates": [
          73.7978393,
          19.9939341
        ]
      },
      "id": "node/1671920721"
    },
    {
      "type": "Feature",
      "properties": {
        "@id": "node/1671934805",
        "amenity": "restaurant",
        "name": "Mainland China"
      },
      "geometry": {
        "type": "Point",
        "coordinates": [
          73.7852048,
          19.9880328
        ]
      },
      "id": "node/1671934805"
    },
    {
      "type": "Feature",
      "properties": {
        "@id": "node/1671934808",
        "amenity": "restaurant",
        "name": "Tandoor Junction"
      },
      "geometry": {
        "type": "Point",
        "coordinates": [
          73.7838415,
          19.9877237
        ]
      },
      "id": "node/1671934808"
    },
    {
      "type": "Feature",
      "properties": {
        "@id": "node/1671934811",
        "name": "Wasan Automobiles",
        "shop": "car"
      },
      "geometry": {
        "type": "Point",
        "coordinates": [
          73.784954,
          19.9879351
        ]
      },
      "id": "node/1671934811"
    },
    {
      "type": "Feature",
      "properties": {
        "@id": "node/1671939797",
        "name": "Mahindra First Choice",
        "shop": "car"
      },
      "geometry": {
        "type": "Point",
        "coordinates": [
          73.7820494,
          19.9830524
        ]
      },
      "id": "node/1671939797"
    },
    {
      "type": "Feature",
      "properties": {
        "@id": "node/1671939809",
        "amenity": "fuel",
        "brand": "Petrol Pump"
      },
      "geometry": {
        "type": "Point",
        "coordinates": [
          73.782206,
          19.983513
        ]
      },
      "id": "node/1671939809"
    },
    {
      "type": "Feature",
      "properties": {
        "@id": "node/1671948404",
        "amenity": "bank",
        "atm": "yes",
        "brand": "HDFC",
        "brand:wikidata": "Q631047",
        "brand:wikipedia": "en:HDFC Bank",
        "name": "HDFC Bank",
        "short_name": "HDFC",
        "website": "https://www.hdfcbank.com"
      },
      "geometry": {
        "type": "Point",
        "coordinates": [
          73.7775951,
          19.9776108
        ]
      },
      "id": "node/1671948404"
    },
    {
      "type": "Feature",
      "properties": {
        "@id": "node/1671948405",
        "name": "Surya",
        "tourism": "hotel"
      },
      "geometry": {
        "type": "Point",
        "coordinates": [
          73.778681,
          19.9775555
        ]
      },
      "id": "node/1671948405"
    },
    {
      "type": "Feature",
      "properties": {
        "@id": "node/1671948430",
        "amenity": "fuel",
        "brand": "Petrol Pump"
      },
      "geometry": {
        "type": "Point",
        "coordinates": [
          73.776868,
          19.976903
        ]
      },
      "id": "node/1671948430"
    },
    {
      "type": "Feature",
      "properties": {
        "@id": "node/1672906890",
        "amenity": "restaurant",
        "name": "Mehfil"
      },
      "geometry": {
        "type": "Point",
        "coordinates": [
          73.7814745,
          19.9824965
        ]
      },
      "id": "node/1672906890"
    },
    {
      "type": "Feature",
      "properties": {
        "@id": "node/1672906891",
        "amenity": "bank",
        "atm": "yes",
        "name": "Union Bank ATM"
      },
      "geometry": {
        "type": "Point",
        "coordinates": [
          73.7813848,
          19.9827056
        ]
      },
      "id": "node/1672906891"
    },
    {
      "type": "Feature",
      "properties": {
        "@id": "node/1672907167",
        "amenity": "fuel",
        "brand": "Indian Oil Petrol Pump",
        "compressed_air": "yes"
      },
      "geometry": {
        "type": "Point",
        "coordinates": [
          73.7734969,
          19.9716555
        ]
      },
      "id": "node/1672907167"
    },
    {
      "type": "Feature",
      "properties": {
        "@id": "node/1672908656",
        "amenity": "bank",
        "atm": "yes",
        "name": "Axis Bank ATM",
        "opening_hours": "PH,Mo-Su 00:00-12:00+"
      },
      "geometry": {
        "type": "Point",
        "coordinates": [
          73.7644976,
          19.9628479
        ]
      },
      "id": "node/1672908656"
    },
    {
      "type": "Feature",
      "properties": {
        "@id": "node/1672909420",
        "check_date": "2026-01-21",
        "name": "Shivsagar Hotel",
        "tourism": "hotel"
      },
      "geometry": {
        "type": "Point",
        "coordinates": [
          73.7591024,
          19.9579121
        ]
      },
      "id": "node/1672909420"
    },
    {
      "type": "Feature",
      "properties": {
        "@id": "node/1672909422",
        "name": "Wasan Toyota  Showroom",
        "shop": "car"
      },
      "geometry": {
        "type": "Point",
        "coordinates": [
          73.7607718,
          19.9578649
        ]
      },
      "id": "node/1672909422"
    },
    {
      "type": "Feature",
      "properties": {
        "@id": "node/1672910615",
        "name": "Hotel Express Inn",
        "tourism": "hotel"
      },
      "geometry": {
        "type": "Point",
        "coordinates": [
          73.7550346,
          19.9526629
        ]
      },
      "id": "node/1672910615"
    },
    {
      "type": "Feature",
      "properties": {
        "@id": "node/1672910617",
        "addr:floor": "G",
        "check_date": "2026-01-21",
        "level": "0",
        "name": "Jitendra Motors Mahindra Showroom",
        "shop": "car"
      },
      "geometry": {
        "type": "Point",
        "coordinates": [
          73.7559064,
          19.9552578
        ]
      },
      "id": "node/1672910617"
    },
    {
      "type": "Feature",
      "properties": {
        "@id": "node/1672930833",
        "amenity": "fuel",
        "brand": "Petrol Pump"
      },
      "geometry": {
        "type": "Point",
        "coordinates": [
          73.8909338,
          20.0617036
        ]
      },
      "id": "node/1672930833"
    },
    {
      "type": "Feature",
      "properties": {
        "@id": "node/1672931636",
        "amenity": "fuel",
        "brand": "HP Petrol"
      },
      "geometry": {
        "type": "Point",
        "coordinates": [
          73.9098636,
          20.0756619
        ]
      },
      "id": "node/1672931636"
    },
    {
      "type": "Feature",
      "properties": {
        "@id": "node/2231614174",
        "amenity": "police",
        "name": "Sarkarwada Police Station, Gangapur Road"
      },
      "geometry": {
        "type": "Point",
        "coordinates": [
          73.779722,
          20.0056431
        ]
      },
      "id": "node/2231614174"
    },
    {
      "type": "Feature",
      "properties": {
        "@id": "node/2296697533",
        "addr:city": "Nashik",
        "addr:housename": "Mahatma Nagar",
        "amenity": "place_of_worship",
        "name": "Ganapati Mandir",
        "religion": "hindu"
      },
      "geometry": {
        "type": "Point",
        "coordinates": [
          73.7526385,
          19.9971584
        ]
      },
      "id": "node/2296697533"
    },
    {
      "type": "Feature",
      "properties": {
        "@id": "node/2296700135",
        "amenity": "place_of_worship",
        "name": "Dakshin Mukhi Maruti Mandir",
        "name:mr": "दक्षिण मुखी मारुती मंदिर",
        "religion": "hindu"
      },
      "geometry": {
        "type": "Point",
        "coordinates": [
          73.7693124,
          19.9937424
        ]
      },
      "id": "node/2296700135"
    },
    {
      "type": "Feature",
      "properties": {
        "@id": "node/2298723584",
        "amenity": "fast_food",
        "brand": "Domino's",
        "brand:ks": "ڈومینوز",
        "brand:pa": "ਡੋਮੀਨੋਜ਼",
        "brand:ur": "ڈومینوز",
        "brand:wikidata": "Q839466",
        "brand:wikipedia": "en:Domino's Pizza",
        "cuisine": "pizza",
        "name": "Domino's",
        "name:ks": "ڈومینوز",
        "name:pa": "ਡੋਮੀਨੋਜ਼",
        "name:ur": "ڈومینوز",
        "takeaway": "yes"
      },
      "geometry": {
        "type": "Point",
        "coordinates": [
          73.7577718,
          20.0080393
        ]
      },
      "id": "node/2298723584"
    },
    {
      "type": "Feature",
      "properties": {
        "@id": "node/2309462098",
        "name": "Boys Hostel",
        "operator": "K K Wagh Institute",
        "tourism": "hostel"
      },
      "geometry": {
        "type": "Point",
        "coordinates": [
          73.8198485,
          20.0121118
        ]
      },
      "id": "node/2309462098"
    },
    {
      "type": "Feature",
      "properties": {
        "@id": "node/2385273113",
        "artwork_type": "sculpture",
        "name": "Raviwar Karanja",
        "tourism": "artwork"
      },
      "geometry": {
        "type": "Point",
        "coordinates": [
          73.7893368,
          20.0066964
        ]
      },
      "id": "node/2385273113"
    },
    {
      "type": "Feature",
      "properties": {
        "@id": "node/2388107936",
        "amenity": "parking"
      },
      "geometry": {
        "type": "Point",
        "coordinates": [
          73.8006509,
          19.9971437
        ]
      },
      "id": "node/2388107936"
    },
    {
      "type": "Feature",
      "properties": {
        "@id": "node/2388108042",
        "amenity": "parking"
      },
      "geometry": {
        "type": "Point",
        "coordinates": [
          73.8015843,
          19.996927
        ]
      },
      "id": "node/2388108042"
    },
    {
      "type": "Feature",
      "properties": {
        "@id": "node/2528526766",
        "amenity": "fast_food",
        "brand": "McDonald's",
        "brand:pa": "ਮੈਕਡੋਨਲਡ’ਜ਼",
        "brand:ur": "مکڈونلڈز",
        "brand:wikidata": "Q38076",
        "brand:wikipedia": "en:McDonald's",
        "brand:wikipedia:pa": "ਮੈਕਡੋਨਲਡ’ਜ਼",
        "brand:wikipedia:ur": "مکڈونلڈز",
        "cuisine": "burger",
        "name": "McDonald's",
        "name:pa": "ਮੈਕਡੋਨਲਡ’ਜ਼",
        "name:ur": "مکڈونلڈز",
        "takeaway": "yes"
      },
      "geometry": {
        "type": "Point",
        "coordinates": [
          73.7663804,
          20.0056644
        ]
      },
      "id": "node/2528526766"
    },
    {
      "type": "Feature",
      "properties": {
        "@id": "node/2629584786",
        "name": "Panchavati",
        "place": "suburb",
        "tourism": "attraction",
        "website": "https://nashik.gov.in/en/tourist-place/panchvati/"
      },
      "geometry": {
        "type": "Point",
        "coordinates": [
          73.7935717,
          20.0066847
        ]
      },
      "id": "node/2629584786"
    },
    {
      "type": "Feature",
      "properties": {
        "@id": "node/2839142996",
        "addr:city": "Nashik",
        "addr:housenumber": "Plot No. B- 24 & 25,",
        "addr:postcode": "422007",
        "addr:street": "NICE Industrial Area",
        "ele": "-1",
        "name": "ESDS Software Solution Pvt Ltd",
        "office": "it",
        "opening_hours": "24/7",
        "website": "https://www.esds.co.in/"
      },
      "geometry": {
        "type": "Point",
        "coordinates": [
          73.7473064,
          19.9960502
        ]
      },
      "id": "node/2839142996"
    },
    {
      "type": "Feature",
      "properties": {
        "@id": "node/3051908582",
        "amenity": "marketplace",
        "name": "Kapad Bazaar"
      },
      "geometry": {
        "type": "Point",
        "coordinates": [
          73.7914729,
          20.0055509
        ]
      },
      "id": "node/3051908582"
    },
    {
      "type": "Feature",
      "properties": {
        "@id": "node/3051908583",
        "amenity": "marketplace",
        "name": "Bohar Patti"
      },
      "geometry": {
        "type": "Point",
        "coordinates": [
          73.7901668,
          20.0057557
        ]
      },
      "id": "node/3051908583"
    },
    {
      "type": "Feature",
      "properties": {
        "@id": "node/3051938112",
        "name": "Regal Saloon",
        "shop": "beauty"
      },
      "geometry": {
        "type": "Point",
        "coordinates": [
          73.788017,
          20.007044
        ]
      },
      "id": "node/3051938112"
    },
    {
      "type": "Feature",
      "properties": {
        "@id": "node/3051943565",
        "amenity": "marketplace",
        "name": "Raviwaar Peth"
      },
      "geometry": {
        "type": "Point",
        "coordinates": [
          73.7876316,
          20.0070409
        ]
      },
      "id": "node/3051943565"
    },
    {
      "type": "Feature",
      "properties": {
        "@id": "node/3052028467",
        "addr:city": "Nashik",
        "addr:housenumber": "P17",
        "addr:postcode": "422010",
        "addr:street": "MIDC Ambad, Mumbai Agra Road",
        "check_date": "2026-01-21",
        "name": "The Gateway Hotel",
        "operator": "Taj Group",
        "phone": "+912536604499",
        "tourism": "hotel",
        "wifi": "yes"
      },
      "geometry": {
        "type": "Point",
        "coordinates": [
          73.7543387,
          19.9572685
        ]
      },
      "id": "node/3052028467"
    },
    {
      "type": "Feature",
      "properties": {
        "@id": "node/3053872459",
        "amenity": "restaurant",
        "cuisine": "indian",
        "name": "Chool",
        "wifi": "no"
      },
      "geometry": {
        "type": "Point",
        "coordinates": [
          73.7851125,
          19.9867908
        ]
      },
      "id": "node/3053872459"
    },
    {
      "type": "Feature",
      "properties": {
        "@id": "node/3053925694",
        "amenity": "hospital",
        "name": "Dr Aware Hospital"
      },
      "geometry": {
        "type": "Point",
        "coordinates": [
          73.7774614,
          19.9826086
        ]
      },
      "id": "node/3053925694"
    },
    {
      "type": "Feature",
      "properties": {
        "@id": "node/3053925695",
        "amenity": "hospital",
        "name": "Nahush Eye Hospital"
      },
      "geometry": {
        "type": "Point",
        "coordinates": [
          73.7776885,
          19.9827112
        ]
      },
      "id": "node/3053925695"
    },
    {
      "type": "Feature",
      "properties": {
        "@id": "node/3053930416",
        "name": "Sagar Sweets",
        "shop": "confectionery"
      },
      "geometry": {
        "type": "Point",
        "coordinates": [
          73.7767377,
          19.9819289
        ]
      },
      "id": "node/3053930416"
    },
    {
      "type": "Feature",
      "properties": {
        "@id": "node/3054678735",
        "amenity": "school",
        "name": "Maratha Vidya Prasarak"
      },
      "geometry": {
        "type": "Point",
        "coordinates": [
          73.7797156,
          20.0073868
        ]
      },
      "id": "node/3054678735"
    },
    {
      "type": "Feature",
      "properties": {
        "@id": "node/3318699534",
        "addr:city": "Nashik",
        "addr:postcode": "422001",
        "addr:street": "MG Road",
        "amenity": "restaurant",
        "capacity": "25",
        "cuisine": "regional",
        "name": "Kulkarni's Pav Bhaji",
        "opening_hours": "0900:2200",
        "phone": "+919404203161",
        "smoking": "no"
      },
      "geometry": {
        "type": "Point",
        "coordinates": [
          73.7861653,
          20.0044517
        ]
      },
      "id": "node/3318699534"
    },
    {
      "type": "Feature",
      "properties": {
        "@id": "node/3318873509",
        "addr:city": "Nashik",
        "addr:street": "MG Road",
        "name": "Raj Medical",
        "shop": "medical_supply"
      },
      "geometry": {
        "type": "Point",
        "coordinates": [
          73.7869881,
          20.0045172
        ]
      },
      "id": "node/3318873509"
    },
    {
      "type": "Feature",
      "properties": {
        "@id": "node/3318873510",
        "addr:city": "Nashik",
        "addr:postcode": "422001",
        "addr:street": "Shalimar",
        "amenity": "bank",
        "atm": "yes",
        "name": "Namco Bank, Merchant Bank"
      },
      "geometry": {
        "type": "Point",
        "coordinates": [
          73.7872925,
          20.0020788
        ]
      },
      "id": "node/3318873510"
    },
    {
      "type": "Feature",
      "properties": {
        "@id": "node/3348077229",
        "amenity": "post_office",
        "name": "Post Office Ashoknagar"
      },
      "geometry": {
        "type": "Point",
        "coordinates": [
          73.7169872,
          19.99014
        ]
      },
      "id": "node/3348077229"
    },
    {
      "type": "Feature",
      "properties": {
        "@id": "node/3348298397",
        "amenity": "police",
        "name": "Ashoknagar Police Station"
      },
      "geometry": {
        "type": "Point",
        "coordinates": [
          73.7138061,
          19.9893763
        ]
      },
      "id": "node/3348298397"
    },
    {
      "type": "Feature",
      "properties": {
        "@id": "node/3349235667",
        "amenity": "place_of_worship",
        "name": "Sai Baba Mandir"
      },
      "geometry": {
        "type": "Point",
        "coordinates": [
          73.7206575,
          19.991484
        ]
      },
      "id": "node/3349235667"
    },
    {
      "type": "Feature",
      "properties": {
        "@id": "node/3349241167",
        "addr:street": "Savarkarnagar",
        "amenity": "library",
        "name": "Subhash Munjwadkar"
      },
      "geometry": {
        "type": "Point",
        "coordinates": [
          73.7200835,
          19.9906875
        ]
      },
      "id": "node/3349241167"
    },
    {
      "type": "Feature",
      "properties": {
        "@id": "node/3371306741",
        "amenity": "atm",
        "name": "HDFC bank"
      },
      "geometry": {
        "type": "Point",
        "coordinates": [
          73.7226166,
          19.9878461
        ]
      },
      "id": "node/3371306741"
    },
    {
      "type": "Feature",
      "properties": {
        "@id": "node/3375086708",
        "amenity": "parking"
      },
      "geometry": {
        "type": "Point",
        "coordinates": [
          73.7259975,
          20.0041056
        ]
      },
      "id": "node/3375086708"
    },
    {
      "type": "Feature",
      "properties": {
        "@id": "node/3571603193",
        "addr:city": "nashik",
        "addr:housenumber": "big bazaar",
        "addr:street": "College road",
        "name": "Big Bazzar",
        "shop": "mall"
      },
      "geometry": {
        "type": "Point",
        "coordinates": [
          73.7662921,
          20.0053325
        ]
      },
      "id": "node/3571603193"
    },
    {
      "type": "Feature",
      "properties": {
        "@id": "node/3571657793",
        "amenity": "school",
        "name": "Bhosala Military School"
      },
      "geometry": {
        "type": "Point",
        "coordinates": [
          73.7526651,
          20.009566
        ]
      },
      "id": "node/3571657793"
    },
    {
      "type": "Feature",
      "properties": {
        "@id": "node/3640271035",
        "addr:city": "Nashik",
        "addr:postcode": "422005",
        "addr:street": "Thatte Nagar",
        "amenity": "bank",
        "atm": "yes",
        "brand": "HDFC Bank",
        "brand:wikidata": "Q631047",
        "brand:wikipedia": "en:HDFC Bank",
        "name": "HDFC Bank",
        "short_name": "HDFC",
        "website": "https://www.hdfcbank.com"
      },
      "geometry": {
        "type": "Point",
        "coordinates": [
          73.7640174,
          20.0091732
        ]
      },
      "id": "node/3640271035"
    },
    {
      "type": "Feature",
      "properties": {
        "@id": "node/3640271036",
        "amenity": "bank",
        "atm": "yes",
        "brand": "Kotak Mahindra Bank",
        "brand:wikidata": "Q2040404",
        "brand:wikipedia": "en:Kotak Mahindra Bank",
        "name": "Kotak Mahindra Bank",
        "name:en": "Kotak Mahindra Bank",
        "website": "https://www.kotak.com/"
      },
      "geometry": {
        "type": "Point",
        "coordinates": [
          73.7637081,
          20.0074524
        ]
      },
      "id": "node/3640271036"
    },
    {
      "type": "Feature",
      "properties": {
        "@id": "node/3640271037",
        "addr:city": "Nashik",
        "addr:postcode": "422005",
        "addr:street": "Thatte Nagar Road, College Road",
        "amenity": "restaurant",
        "brand": "Pizza Hut",
        "brand:wikidata": "Q191615",
        "cuisine": "pizza",
        "delivery": "yes",
        "drive_through": "no",
        "name": "Pizza Hut",
        "takeaway": "yes"
      },
      "geometry": {
        "type": "Point",
        "coordinates": [
          73.7634629,
          20.0071764
        ]
      },
      "id": "node/3640271037"
    },
    {
      "type": "Feature",
      "properties": {
        "@id": "node/3640271038",
        "addr:city": "Nashik",
        "addr:postcode": "422005",
        "addr:street": "Thatte Nagar",
        "alt_name": "Kentucky Fried Chicken",
        "alt_name:en": "Kentucky Fried Chicken",
        "alt_name:hi": "केंटुकी फ्राइड चिकन",
        "alt_name:pa": "ਕੈਂਟੁਕੀ ਫ੍ਰਾਈਡ ਚਿਕਨ",
        "alt_name:pnb": "کینٹکی فرائیڈ چکن",
        "alt_name:ur": "کینٹکی فرائیڈ چکن",
        "amenity": "fast_food",
        "brand": "KFC",
        "brand:en": "KFC",
        "brand:hi": "केएफसी",
        "brand:pa": "ਕੇਐਫਸੀ",
        "brand:pnb": "کے ایف سی",
        "brand:ur": "کے ایف سی",
        "brand:wikidata": "Q524757",
        "brand:wikipedia": "en:KFC",
        "brand:wikipedia:pa": "ਕੇਐਫਸੀ",
        "brand:wikipedia:ur": "کینٹکی فرائیڈ چکن",
        "cuisine": "chicken",
        "drive_through": "no",
        "name": "KFC",
        "name:en": "KFC",
        "name:hi": "केएफसी",
        "name:pa": "ਕੇਐਫਸੀ",
        "name:pnb": "کے ایف سی",
        "name:ur": "کے ایف سی",
        "takeaway": "yes"
      },
      "geometry": {
        "type": "Point",
        "coordinates": [
          73.7636529,
          20.0070871
        ]
      },
      "id": "node/3640271038"
    },
    {
      "type": "Feature",
      "properties": {
        "@id": "node/3640271039",
        "amenity": "restaurant",
        "cuisine": "regional,_Pizza",
        "name": "Viju's Dabeli & Pizza"
      },
      "geometry": {
        "type": "Point",
        "coordinates": [
          73.7635071,
          20.0063834
        ]
      },
      "id": "node/3640271039"
    },
    {
      "type": "Feature",
      "properties": {
        "@id": "node/3640271040",
        "amenity": "fast_food",
        "cuisine": "regional",
        "name": "Tuljai Misal"
      },
      "geometry": {
        "type": "Point",
        "coordinates": [
          73.7634599,
          20.0061588
        ]
      },
      "id": "node/3640271040"
    },
    {
      "type": "Feature",
      "properties": {
        "@id": "node/3640271041",
        "addr:city": "Nashik",
        "addr:postcode": "422005",
        "addr:street": "College road",
        "amenity": "cafe",
        "cuisine": "coffee_shop",
        "internet_access": "no",
        "name": "Cafe Xpress"
      },
      "geometry": {
        "type": "Point",
        "coordinates": [
          73.7625201,
          20.0061802
        ]
      },
      "id": "node/3640271041"
    },
    {
      "type": "Feature",
      "properties": {
        "@id": "node/3640271042",
        "addr:city": "Nashik",
        "addr:postcode": "422005",
        "addr:street": "College road",
        "amenity": "cafe",
        "cuisine": "regional,_coffe,_cakes,_patties",
        "internet_access": "no",
        "name": "Campus Choice Bakers"
      },
      "geometry": {
        "type": "Point",
        "coordinates": [
          73.7625621,
          20.0061739
        ]
      },
      "id": "node/3640271042"
    },
    {
      "type": "Feature",
      "properties": {
        "@id": "node/3640271043",
        "addr:city": "Nashik",
        "addr:postcode": "422005",
        "addr:street": "College Road",
        "amenity": "bank",
        "atm": "yes",
        "brand": "ICICI Bank",
        "brand:wikidata": "Q1653258",
        "name": "ICICI Bank",
        "name:en": "ICICI Bank",
        "short_name": "ICICI",
        "website": "https://www.icicibank.com"
      },
      "geometry": {
        "type": "Point",
        "coordinates": [
          73.7618861,
          20.0060888
        ]
      },
      "id": "node/3640271043"
    },
    {
      "type": "Feature",
      "properties": {
        "@id": "node/3640271044",
        "amenity": "post_office",
        "name": "College Road Post Office"
      },
      "geometry": {
        "type": "Point",
        "coordinates": [
          73.7617801,
          20.006122
        ]
      },
      "id": "node/3640271044"
    },
    {
      "type": "Feature",
      "properties": {
        "@id": "node/3640271045",
        "addr:city": "Nashik",
        "addr:postcode": "422005",
        "addr:street": "College Road",
        "amenity": "bank",
        "atm": "yes",
        "brand": "Bank of Maharashtra",
        "brand:wikidata": "Q2004304",
        "brand:wikipedia": "en:Bank of Maharashtra",
        "name": "Bank of Maharashtra",
        "name:en": "Bank of Maharashtra",
        "website": "https://www.bankofmaharashtra.in/"
      },
      "geometry": {
        "type": "Point",
        "coordinates": [
          73.7616985,
          20.0061504
        ]
      },
      "id": "node/3640271045"
    },
    {
      "type": "Feature",
      "properties": {
        "@id": "node/3640271046",
        "amenity": "place_of_worship",
        "check_date": "2026-01-24",
        "denomination": "catholic",
        "name": "Don Bosco Church",
        "religion": "christian"
      },
      "geometry": {
        "type": "Point",
        "coordinates": [
          73.7595958,
          20.0079233
        ]
      },
      "id": "node/3640271046"
    },
    {
      "type": "Feature",
      "properties": {
        "@id": "node/3640271049",
        "amenity": "place_of_worship",
        "denomination": "catholic",
        "name": "Kapuchin Ashram",
        "religion": "christian"
      },
      "geometry": {
        "type": "Point",
        "coordinates": [
          73.761648,
          20.0082652
        ]
      },
      "id": "node/3640271049"
    },
    {
      "type": "Feature",
      "properties": {
        "@id": "node/3640271050",
        "amenity": "place_of_worship",
        "denomination": "vaishnavism",
        "name": "Namdeo Vitthal Temple",
        "religion": "hindu"
      },
      "geometry": {
        "type": "Point",
        "coordinates": [
          73.7659303,
          20.0054529
        ]
      },
      "id": "node/3640271050"
    },
    {
      "type": "Feature",
      "properties": {
        "@id": "node/3640271051",
        "addr:city": "Nashik",
        "addr:postcode": "422005",
        "addr:street": "College Road",
        "amenity": "place_of_worship",
        "name": "Saibaba Temple",
        "religion": "hindu"
      },
      "geometry": {
        "type": "Point",
        "coordinates": [
          73.7590418,
          20.0070098
        ]
      },
      "id": "node/3640271051"
    },
    {
      "type": "Feature",
      "properties": {
        "@id": "node/3640271052",
        "amenity": "place_of_worship",
        "name": "Laxmi Temple",
        "religion": "hindu"
      },
      "geometry": {
        "type": "Point",
        "coordinates": [
          73.7554815,
          20.0056579
        ]
      },
      "id": "node/3640271052"
    },
    {
      "type": "Feature",
      "properties": {
        "@id": "node/3640271053",
        "amenity": "place_of_worship",
        "name": "Yashvant Nagar Shiva Temple",
        "religion": "hindu"
      },
      "geometry": {
        "type": "Point",
        "coordinates": [
          73.7568542,
          20.0066092
        ]
      },
      "id": "node/3640271053"
    },
    {
      "type": "Feature",
      "properties": {
        "@id": "node/3640271054",
        "addr:city": "Nashik",
        "addr:postcode": "422013",
        "addr:street": "Rambhoomi",
        "amenity": "school",
        "name": "Vidya Prabodhini Prashala",
        "name:mr": "विद्या प्रबोधिनी प्रशाला"
      },
      "geometry": {
        "type": "Point",
        "coordinates": [
          73.7543842,
          20.0085717
        ]
      },
      "id": "node/3640271054"
    },
    {
      "type": "Feature",
      "properties": {
        "@id": "node/3657491857",
        "amenity": "parking"
      },
      "geometry": {
        "type": "Point",
        "coordinates": [
          73.7827239,
          20.0022219
        ]
      },
      "id": "node/3657491857"
    },
    {
      "type": "Feature",
      "properties": {
        "@id": "node/3996711391",
        "name": "Royal Heritage",
        "tourism": "hotel"
      },
      "geometry": {
        "type": "Point",
        "coordinates": [
          73.7859971,
          19.9978982
        ]
      },
      "id": "node/3996711391"
    },
    {
      "type": "Feature",
      "properties": {
        "@id": "node/3996732528",
        "addr:district": "Nashik",
        "addr:full": "Behind N D C C Bank, Old Agra Road, Old Agra Road",
        "addr:postcode": "422001",
        "addr:state": "Maharashtra",
        "amenity": "hospital",
        "name": "Dr Bapaye Hospital",
        "source": "OpenGovernmentData"
      },
      "geometry": {
        "type": "Point",
        "coordinates": [
          73.7826899,
          19.9990223
        ]
      },
      "id": "node/3996732528"
    },
    {
      "type": "Feature",
      "properties": {
        "@id": "node/4071843004",
        "name": "Panchvati Hotel",
        "tourism": "hotel"
      },
      "geometry": {
        "type": "Point",
        "coordinates": [
          73.7857905,
          20.005612
        ]
      },
      "id": "node/4071843004"
    },
    {
      "type": "Feature",
      "properties": {
        "@id": "node/4089425184",
        "amenity": "place_of_worship",
        "name": "Birla Mandir",
        "religion": "hindu"
      },
      "geometry": {
        "type": "Point",
        "coordinates": [
          73.8298589,
          19.9605092
        ]
      },
      "id": "node/4089425184"
    },
    {
      "type": "Feature",
      "properties": {
        "@id": "node/4115262090",
        "description": "Considered the spot at which Lord Rama bathed",
        "name": "Ramkund",
        "name:te": "రామ్కుండ్",
        "opening_hours": "24/7",
        "place": "locality",
        "tourism": "attraction",
        "website": "https://nashik.gov.in/en/tourist-place/ramkund-nashik/"
      },
      "geometry": {
        "type": "Point",
        "coordinates": [
          73.7924901,
          20.0072639
        ]
      },
      "id": "node/4115262090"
    },
    {
      "type": "Feature",
      "properties": {
        "@id": "node/4115267791",
        "amenity": "place_of_worship",
        "name": "Sita Gufa",
        "name:te": "సీతాగుహ",
        "religion": "hindu",
        "tourism": "attraction"
      },
      "geometry": {
        "type": "Point",
        "coordinates": [
          73.7961612,
          20.0077229
        ]
      },
      "id": "node/4115267791"
    },
    {
      "type": "Feature",
      "properties": {
        "@id": "node/4338284070",
        "amenity": "place_of_worship",
        "name": "Sankat Mochan Veer Hanuman Mandir",
        "religion": "hindu"
      },
      "geometry": {
        "type": "Point",
        "coordinates": [
          73.8311445,
          20.0158235
        ]
      },
      "id": "node/4338284070"
    },
    {
      "type": "Feature",
      "properties": {
        "@id": "node/4343900613",
        "amenity": "place_of_worship",
        "name": "Shree Pavan Putra Hanuman Mandir",
        "religion": "hindu"
      },
      "geometry": {
        "type": "Point",
        "coordinates": [
          73.7071665,
          19.9886782
        ]
      },
      "id": "node/4343900613"
    },
    {
      "type": "Feature",
      "properties": {
        "@id": "node/4344316461",
        "amenity": "school",
        "name": "Pethe High School, Nashik"
      },
      "geometry": {
        "type": "Point",
        "coordinates": [
          73.7576515,
          19.9845944
        ]
      },
      "id": "node/4344316461"
    },
    {
      "type": "Feature",
      "properties": {
        "@id": "node/4345599735",
        "amenity": "place_of_worship",
        "name": "Hanuman Temple",
        "religion": "hindu"
      },
      "geometry": {
        "type": "Point",
        "coordinates": [
          73.7441099,
          19.9682537
        ]
      },
      "id": "node/4345599735"
    },
    {
      "type": "Feature",
      "properties": {
        "@id": "node/4347092092",
        "amenity": "place_of_worship",
        "name": "Saptashrungi Temple"
      },
      "geometry": {
        "type": "Point",
        "coordinates": [
          73.7573995,
          19.9809168
        ]
      },
      "id": "node/4347092092"
    },
    {
      "type": "Feature",
      "properties": {
        "@id": "node/4352219552",
        "amenity": "school",
        "name": "Nashik Cambridge School"
      },
      "geometry": {
        "type": "Point",
        "coordinates": [
          73.7817983,
          19.9664723
        ]
      },
      "id": "node/4352219552"
    },
    {
      "type": "Feature",
      "properties": {
        "@id": "node/4352237384",
        "amenity": "school",
        "name": "Guru  Gobind Singh Public School"
      },
      "geometry": {
        "type": "Point",
        "coordinates": [
          73.7776974,
          19.9587256
        ]
      },
      "id": "node/4352237384"
    },
    {
      "type": "Feature",
      "properties": {
        "@id": "node/4357164471",
        "amenity": "place_of_worship",
        "name": "Shree Bhalchandray Ganesh Mandir",
        "religion": "hindu"
      },
      "geometry": {
        "type": "Point",
        "coordinates": [
          73.8414934,
          19.9717256
        ]
      },
      "id": "node/4357164471"
    },
    {
      "type": "Feature",
      "properties": {
        "@id": "node/4357414746",
        "amenity": "place_of_worship",
        "name": "Sant Dnyaneshwar Mauli Mandir",
        "religion": "hindu"
      },
      "geometry": {
        "type": "Point",
        "coordinates": [
          73.8443978,
          19.9802104
        ]
      },
      "id": "node/4357414746"
    },
    {
      "type": "Feature",
      "properties": {
        "@id": "node/4358920496",
        "amenity": "police",
        "name": "Upnagar Police Station"
      },
      "geometry": {
        "type": "Point",
        "coordinates": [
          73.822852,
          19.9674127
        ]
      },
      "id": "node/4358920496"
    },
    {
      "type": "Feature",
      "properties": {
        "@id": "node/4358922473",
        "amenity": "police",
        "name": "Nehru Nagar Police Station"
      },
      "geometry": {
        "type": "Point",
        "coordinates": [
          73.8253308,
          19.9685224
        ]
      },
      "id": "node/4358922473"
    },
    {
      "type": "Feature",
      "properties": {
        "@id": "node/4361162326",
        "amenity": "school",
        "name": "K. J. Mehta Higschool"
      },
      "geometry": {
        "type": "Point",
        "coordinates": [
          73.8271368,
          19.9587329
        ]
      },
      "id": "node/4361162326"
    },
    {
      "type": "Feature",
      "properties": {
        "@id": "node/4361162327",
        "amenity": "school",
        "name": "SM Joshi Adhyapak Vidyalaya"
      },
      "geometry": {
        "type": "Point",
        "coordinates": [
          73.8262516,
          19.9586876
        ]
      },
      "id": "node/4361162327"
    },
    {
      "type": "Feature",
      "properties": {
        "@id": "node/4361162330",
        "name": "Nashik Passport Office",
        "office": "government"
      },
      "geometry": {
        "type": "Point",
        "coordinates": [
          73.8283321,
          19.9605506
        ]
      },
      "id": "node/4361162330"
    },
    {
      "type": "Feature",
      "properties": {
        "@id": "node/4426098695",
        "addr:postcode": "422101",
        "addr:street": "R17",
        "name:en": "Nitin Pachpande",
        "shop": "electronics"
      },
      "geometry": {
        "type": "Point",
        "coordinates": [
          73.8341088,
          19.9598484
        ]
      },
      "id": "node/4426098695"
    },
    {
      "type": "Feature",
      "properties": {
        "@id": "node/4475525403",
        "amenity": "post_office",
        "name:en": "More kaka house"
      },
      "geometry": {
        "type": "Point",
        "coordinates": [
          73.7453953,
          19.9719549
        ]
      },
      "id": "node/4475525403"
    },
    {
      "type": "Feature",
      "properties": {
        "@id": "node/4491604893",
        "shop": "car_repair"
      },
      "geometry": {
        "type": "Point",
        "coordinates": [
          73.7863919,
          20.0004993
        ]
      },
      "id": "node/4491604893"
    },
    {
      "type": "Feature",
      "properties": {
        "@id": "node/4491649691",
        "tourism": "hotel"
      },
      "geometry": {
        "type": "Point",
        "coordinates": [
          73.7918692,
          19.9971832
        ]
      },
      "id": "node/4491649691"
    },
    {
      "type": "Feature",
      "properties": {
        "@id": "node/4491650392",
        "amenity": "atm"
      },
      "geometry": {
        "type": "Point",
        "coordinates": [
          73.7912286,
          19.9971157
        ]
      },
      "id": "node/4491650392"
    },
    {
      "type": "Feature",
      "properties": {
        "@id": "node/4578690190",
        "name:en": "Deejay Capacitors Private limited",
        "shop": "electronics"
      },
      "geometry": {
        "type": "Point",
        "coordinates": [
          73.7528707,
          19.9592747
        ]
      },
      "id": "node/4578690190"
    },
    {
      "type": "Feature",
      "properties": {
        "@id": "node/4675688891",
        "amenity": "cafe",
        "cuisine": "tea;sandwich;cake;coffee_shop",
        "internet_access": "wlan",
        "name:en": "Love Sugar Dough"
      },
      "geometry": {
        "type": "Point",
        "coordinates": [
          73.755073,
          20.0078206
        ]
      },
      "id": "node/4675688891"
    },
    {
      "type": "Feature",
      "properties": {
        "@id": "node/4676996792",
        "amenity": "restaurant",
        "cuisine": "chinese;indian",
        "internet_access": "wlan",
        "name:en": "Carnival",
        "opening_hours": "Mo-Su 11:30-23:15"
      },
      "geometry": {
        "type": "Point",
        "coordinates": [
          73.7553942,
          20.0091806
        ]
      },
      "id": "node/4676996792"
    },
    {
      "type": "Feature",
      "properties": {
        "@id": "node/4720540693",
        "addr:housenumber": "F1 Yashodeep",
        "addr:postcode": "422003",
        "addr:street": "Kaushalya Nagar Ramwadi Panchavati",
        "name:en": "Kamlesh Sethiya",
        "opening_hours": "Mo-Fr 09:00-18:00",
        "phone": "9665511008",
        "tourism": "information"
      },
      "geometry": {
        "type": "Point",
        "coordinates": [
          73.7832461,
          20.0116983
        ]
      },
      "id": "node/4720540693"
    },
    {
      "type": "Feature",
      "properties": {
        "@id": "node/4757644922",
        "amenity": "hospital",
        "name:en": "Karandikar Hospital"
      },
      "geometry": {
        "type": "Point",
        "coordinates": [
          73.776653,
          19.984407
        ]
      },
      "id": "node/4757644922"
    },
    {
      "type": "Feature",
      "properties": {
        "@id": "node/4845183821",
        "addr:street": "kausalya nagar",
        "amenity": "place_of_worship",
        "name:en": "Siddheshwar Mandir",
        "religion": "hindu"
      },
      "geometry": {
        "type": "Point",
        "coordinates": [
          73.7853837,
          20.0094008
        ]
      },
      "id": "node/4845183821"
    },
    {
      "type": "Feature",
      "properties": {
        "@id": "node/4845186221",
        "amenity": "place_of_worship",
        "name:en": "Akashnath Maharaj Mandir",
        "religion": "hindu"
      },
      "geometry": {
        "type": "Point",
        "coordinates": [
          73.7856855,
          20.0091251
        ]
      },
      "id": "node/4845186221"
    },
    {
      "type": "Feature",
      "properties": {
        "@id": "node/4846713523",
        "name:en": "Busy & traffic shop area",
        "shop": "clothes"
      },
      "geometry": {
        "type": "Point",
        "coordinates": [
          73.7897084,
          20.0039763
        ]
      },
      "id": "node/4846713523"
    },
    {
      "type": "Feature",
      "properties": {
        "@id": "node/4846713524",
        "shop": "jewelry"
      },
      "geometry": {
        "type": "Point",
        "coordinates": [
          73.7910724,
          20.0055237
        ]
      },
      "id": "node/4846713524"
    },
    {
      "type": "Feature",
      "properties": {
        "@id": "node/4846713525",
        "amenity": "fast_food"
      },
      "geometry": {
        "type": "Point",
        "coordinates": [
          73.7920578,
          20.0056134
        ]
      },
      "id": "node/4846713525"
    },
    {
      "type": "Feature",
      "properties": {
        "@id": "node/4846713526",
        "shop": "bakery"
      },
      "geometry": {
        "type": "Point",
        "coordinates": [
          73.7925848,
          20.005617
        ]
      },
      "id": "node/4846713526"
    },
    {
      "type": "Feature",
      "properties": {
        "@id": "node/4846713527",
        "amenity": "place_of_worship",
        "name:en": "Man statue"
      },
      "geometry": {
        "type": "Point",
        "coordinates": [
          73.7932115,
          20.0069979
        ]
      },
      "id": "node/4846713527"
    },
    {
      "type": "Feature",
      "properties": {
        "@id": "node/4846713528",
        "shop": "florist"
      },
      "geometry": {
        "type": "Point",
        "coordinates": [
          73.7904246,
          20.0051701
        ]
      },
      "id": "node/4846713528"
    },
    {
      "type": "Feature",
      "properties": {
        "@id": "node/4846713529",
        "amenity": "fast_food",
        "name:en": "Kulkarni"
      },
      "geometry": {
        "type": "Point",
        "coordinates": [
          73.7867966,
          20.0043359
        ]
      },
      "id": "node/4846713529"
    },
    {
      "type": "Feature",
      "properties": {
        "@id": "node/4846713530",
        "amenity": "school",
        "name:en": "Sadguru math academy"
      },
      "geometry": {
        "type": "Point",
        "coordinates": [
          73.7871224,
          20.0043221
        ]
      },
      "id": "node/4846713530"
    },
    {
      "type": "Feature",
      "properties": {
        "@id": "node/4846713531",
        "amenity": "restaurant",
        "name:en": "Tadka"
      },
      "geometry": {
        "type": "Point",
        "coordinates": [
          73.7839378,
          20.0049477
        ]
      },
      "id": "node/4846713531"
    },
    {
      "type": "Feature",
      "properties": {
        "@id": "node/4846713532",
        "amenity": "restaurant",
        "name:en": "Meher"
      },
      "geometry": {
        "type": "Point",
        "coordinates": [
          73.7838688,
          20.0048184
        ]
      },
      "id": "node/4846713532"
    },
    {
      "type": "Feature",
      "properties": {
        "@id": "node/4846713533",
        "name:en": "Mazda",
        "shop": "bakery"
      },
      "geometry": {
        "type": "Point",
        "coordinates": [
          73.7844556,
          20.0055578
        ]
      },
      "id": "node/4846713533"
    },
    {
      "type": "Feature",
      "properties": {
        "@id": "node/4846713534",
        "name:en": "Cakeshop",
        "shop": "bakery"
      },
      "geometry": {
        "type": "Point",
        "coordinates": [
          73.7845626,
          20.0058046
        ]
      },
      "id": "node/4846713534"
    },
    {
      "type": "Feature",
      "properties": {
        "@id": "node/4846713535",
        "amenity": "fast_food"
      },
      "geometry": {
        "type": "Point",
        "coordinates": [
          73.7845743,
          20.0063024
        ]
      },
      "id": "node/4846713535"
    },
    {
      "type": "Feature",
      "properties": {
        "@id": "node/4846718921",
        "amenity": "restaurant"
      },
      "geometry": {
        "type": "Point",
        "coordinates": [
          73.7935968,
          20.005755
        ]
      },
      "id": "node/4846718921"
    },
    {
      "type": "Feature",
      "properties": {
        "@id": "node/4846718922",
        "amenity": "atm"
      },
      "geometry": {
        "type": "Point",
        "coordinates": [
          73.788157,
          20.0057141
        ]
      },
      "id": "node/4846718922"
    },
    {
      "type": "Feature",
      "properties": {
        "@id": "node/4846718923",
        "name:en": "Roses",
        "shop": "florist"
      },
      "geometry": {
        "type": "Point",
        "coordinates": [
          73.7904032,
          20.0046976
        ]
      },
      "id": "node/4846718923"
    },
    {
      "type": "Feature",
      "properties": {
        "@id": "node/4846718924",
        "name:en": "Jio",
        "office": "telecommunication"
      },
      "geometry": {
        "type": "Point",
        "coordinates": [
          73.7858246,
          20.004621
        ]
      },
      "id": "node/4846718924"
    },
    {
      "type": "Feature",
      "properties": {
        "@id": "node/4846718925",
        "addr:street": "Shivaji Road",
        "name:en": "Dairy don",
        "shop": "confectionery"
      },
      "geometry": {
        "type": "Point",
        "coordinates": [
          73.7852869,
          20.0047535
        ]
      },
      "id": "node/4846718925"
    },
    {
      "type": "Feature",
      "properties": {
        "@id": "node/4846718926",
        "amenity": "restaurant",
        "name": "Annapurna",
        "name:en": "Anapoorna",
        "start_date": "1978"
      },
      "geometry": {
        "type": "Point",
        "coordinates": [
          73.7852136,
          20.0047207
        ]
      },
      "id": "node/4846718926"
    },
    {
      "type": "Feature",
      "properties": {
        "@id": "node/4846718927",
        "amenity": "fast_food"
      },
      "geometry": {
        "type": "Point",
        "coordinates": [
          73.7889136,
          20.0040962
        ]
      },
      "id": "node/4846718927"
    },
    {
      "type": "Feature",
      "properties": {
        "@id": "node/4846718928",
        "shop": "mobile_phone"
      },
      "geometry": {
        "type": "Point",
        "coordinates": [
          73.7859642,
          20.0051488
        ]
      },
      "id": "node/4846718928"
    },
    {
      "type": "Feature",
      "properties": {
        "@id": "node/4846719021",
        "amenity": "bank",
        "name:en": "Cosmos"
      },
      "geometry": {
        "type": "Point",
        "coordinates": [
          73.7886688,
          20.0061904
        ]
      },
      "id": "node/4846719021"
    },
    {
      "type": "Feature",
      "properties": {
        "@id": "node/4846719022",
        "name:en": "Airtel",
        "office": "telecommunication"
      },
      "geometry": {
        "type": "Point",
        "coordinates": [
          73.7879965,
          20.0057889
        ]
      },
      "id": "node/4846719022"
    },
    {
      "type": "Feature",
      "properties": {
        "@id": "node/4846719023",
        "name:en": "Oppo",
        "office": "telecommunication"
      },
      "geometry": {
        "type": "Point",
        "coordinates": [
          73.786157,
          20.0042916
        ]
      },
      "id": "node/4846719023"
    },
    {
      "type": "Feature",
      "properties": {
        "@id": "node/4846719024",
        "name:en": "Cakes",
        "shop": "bakery"
      },
      "geometry": {
        "type": "Point",
        "coordinates": [
          73.7840163,
          20.0053846
        ]
      },
      "id": "node/4846719024"
    },
    {
      "type": "Feature",
      "properties": {
        "@id": "node/4846719025",
        "amenity": "pharmacy",
        "brand": "Wellness Forever",
        "brand:wikidata": "Q123114721",
        "healthcare": "pharmacy",
        "name": "Wellness Forever",
        "name:en": "Wellness forever"
      },
      "geometry": {
        "type": "Point",
        "coordinates": [
          73.7848781,
          20.0066624
        ]
      },
      "id": "node/4846719025"
    },
    {
      "type": "Feature",
      "properties": {
        "@id": "node/4846719026",
        "amenity": "restaurant",
        "name:en": "Marina bay"
      },
      "geometry": {
        "type": "Point",
        "coordinates": [
          73.7859824,
          20.0053012
        ]
      },
      "id": "node/4846719026"
    },
    {
      "type": "Feature",
      "properties": {
        "@id": "node/4846719221",
        "name:en": "India dairy ice cream",
        "shop": "confectionery"
      },
      "geometry": {
        "type": "Point",
        "coordinates": [
          73.7845887,
          20.0047283
        ]
      },
      "id": "node/4846719221"
    },
    {
      "type": "Feature",
      "properties": {
        "@id": "node/4849868122",
        "shop": "mobile_phone"
      },
      "geometry": {
        "type": "Point",
        "coordinates": [
          73.7861302,
          20.0051064
        ]
      },
      "id": "node/4849868122"
    },
    {
      "type": "Feature",
      "properties": {
        "@id": "node/4849868123",
        "amenity": "fast_food"
      },
      "geometry": {
        "type": "Point",
        "coordinates": [
          73.7861284,
          20.0060702
        ]
      },
      "id": "node/4849868123"
    },
    {
      "type": "Feature",
      "properties": {
        "@id": "node/4849868124",
        "amenity": "cafe",
        "brand": "Cafe Coffee Day",
        "brand:wikidata": "Q5017235",
        "cuisine": "coffee_shop",
        "name": "Cafe Coffee Day",
        "name:en": "Cafe coffee day",
        "takeaway": "yes"
      },
      "geometry": {
        "type": "Point",
        "coordinates": [
          73.7901665,
          19.9975997
        ]
      },
      "id": "node/4849868124"
    },
    {
      "type": "Feature",
      "properties": {
        "@id": "node/4849889221",
        "amenity": "fast_food",
        "name:en": "Pulav & shakes",
        "phone": "9890890900"
      },
      "geometry": {
        "type": "Point",
        "coordinates": [
          73.7850786,
          20.0066882
        ]
      },
      "id": "node/4849889221"
    },
    {
      "type": "Feature",
      "properties": {
        "@id": "node/4849889222",
        "shop": "mobile_phone"
      },
      "geometry": {
        "type": "Point",
        "coordinates": [
          73.786121,
          20.0048517
        ]
      },
      "id": "node/4849889222"
    },
    {
      "type": "Feature",
      "properties": {
        "@id": "node/4849889223",
        "amenity": "restaurant",
        "name:en": "Pure veg thali"
      },
      "geometry": {
        "type": "Point",
        "coordinates": [
          73.7859773,
          20.0056334
        ]
      },
      "id": "node/4849889223"
    },
    {
      "type": "Feature",
      "properties": {
        "@id": "node/4849889224",
        "amenity": "restaurant",
        "name:en": "Non-veg"
      },
      "geometry": {
        "type": "Point",
        "coordinates": [
          73.7859489,
          20.0053841
        ]
      },
      "id": "node/4849889224"
    },
    {
      "type": "Feature",
      "properties": {
        "@id": "node/4849889225",
        "amenity": "restaurant",
        "name:en": "Haji darbar"
      },
      "geometry": {
        "type": "Point",
        "coordinates": [
          73.7904885,
          19.9968745
        ]
      },
      "id": "node/4849889225"
    },
    {
      "type": "Feature",
      "properties": {
        "@id": "node/4849889226",
        "amenity": "drinking_water",
        "name:en": "Free"
      },
      "geometry": {
        "type": "Point",
        "coordinates": [
          73.7924427,
          20.0083076
        ]
      },
      "id": "node/4849889226"
    },
    {
      "type": "Feature",
      "properties": {
        "@id": "node/4849889228",
        "amenity": "atm",
        "brand": "Axis Bank",
        "brand:wikidata": "Q2003549",
        "operator": "Axis Bank",
        "operator:wikidata": "Q2003549"
      },
      "geometry": {
        "type": "Point",
        "coordinates": [
          73.7799458,
          19.9972066
        ]
      },
      "id": "node/4849889228"
    },
    {
      "type": "Feature",
      "properties": {
        "@id": "node/4849889321",
        "name:en": "10rs shakes",
        "shop": "beverages"
      },
      "geometry": {
        "type": "Point",
        "coordinates": [
          73.7853731,
          20.0065991
        ]
      },
      "id": "node/4849889321"
    },
    {
      "type": "Feature",
      "properties": {
        "@id": "node/4849889621",
        "shop": "mobile_phone"
      },
      "geometry": {
        "type": "Point",
        "coordinates": [
          73.7859765,
          20.0048893
        ]
      },
      "id": "node/4849889621"
    },
    {
      "type": "Feature",
      "properties": {
        "@id": "node/4849889622",
        "amenity": "atm",
        "brand": "Western Union",
        "brand:wikidata": "Q861042",
        "operator": "Western Union",
        "operator:wikidata": "Q861042"
      },
      "geometry": {
        "type": "Point",
        "coordinates": [
          73.7859474,
          20.0049985
        ]
      },
      "id": "node/4849889622"
    },
    {
      "type": "Feature",
      "properties": {
        "@id": "node/4849889623",
        "amenity": "hospital",
        "name:en": "Dhadiwal Hospital"
      },
      "geometry": {
        "type": "Point",
        "coordinates": [
          73.7791902,
          19.9962269
        ]
      },
      "id": "node/4849889623"
    },
    {
      "type": "Feature",
      "properties": {
        "@id": "node/4849889624",
        "brand": "Honda",
        "brand:wikidata": "Q9584",
        "name": "Honda",
        "name:en": "Honda",
        "shop": "car"
      },
      "geometry": {
        "type": "Point",
        "coordinates": [
          73.7806729,
          19.9967643
        ]
      },
      "id": "node/4849889624"
    },
    {
      "type": "Feature",
      "properties": {
        "@id": "node/5082012070",
        "amenity": "restaurant",
        "name": "Kopa Kabana's"
      },
      "geometry": {
        "type": "Point",
        "coordinates": [
          73.7759074,
          20.0046656
        ]
      },
      "id": "node/5082012070"
    },
    {
      "type": "Feature",
      "properties": {
        "@id": "node/5419812402",
        "addr:city": "Nashik",
        "addr:housenumber": "#404, Shree Ganesh Kuber",
        "addr:postcode": "422005",
        "addr:street": "Gangapur Road",
        "email": "sales@umstechlabs.com",
        "name": "UMS Tech Labs",
        "office": "it",
        "opening_hours": "Mo-Sa 08:00-18:00",
        "phone": "022 30770139",
        "website": "https://umstechlabs.com/"
      },
      "geometry": {
        "type": "Point",
        "coordinates": [
          73.7642047,
          20.0099934
        ]
      },
      "id": "node/5419812402"
    },
    {
      "type": "Feature",
      "properties": {
        "@id": "node/5447118540",
        "addr:city": "Nashik",
        "addr:housenumber": "38 Durganagar Trimurti Chowk CIDCO-4",
        "addr:postcode": "422008",
        "addr:street": "Trimurti-Kamatwade Road",
        "amenity": "hospital",
        "description": "Piles Fistula Hernia Specialist",
        "emergency": "no",
        "healthcare": "hospital",
        "healthcare:speciality": "surgery;general",
        "name": "Dr.Paner Surgical Hospital",
        "operator": "Dr.Paner Paras Chetan",
        "phone": "+91 9823095425"
      },
      "geometry": {
        "type": "Point",
        "coordinates": [
          73.755308,
          19.9827257
        ]
      },
      "id": "node/5447118540"
    },
    {
      "type": "Feature",
      "properties": {
        "@id": "node/5490993721",
        "addr:housenumber": "103",
        "addr:street": "Ring Road",
        "amenity": "dentist",
        "email": "dramolsarode@yahoo.co.in",
        "name:en": "Dr Amol Sarode",
        "opening_hours": "Mo-Su 13:00-21:00",
        "phone": "9860165773",
        "website": "http://www.dramolsarode.com"
      },
      "geometry": {
        "type": "Point",
        "coordinates": [
          73.774454,
          19.9846608
        ]
      },
      "id": "node/5490993721"
    },
    {
      "type": "Feature",
      "properties": {
        "@id": "node/5518011244",
        "amenity": "place_of_worship",
        "denomination": "hindu",
        "name": "Dakshin Mukhi Maruti Mandir",
        "religion": "hindu"
      },
      "geometry": {
        "type": "Point",
        "coordinates": [
          73.810623,
          20.032495
        ]
      },
      "id": "node/5518011244"
    },
    {
      "type": "Feature",
      "properties": {
        "@id": "node/5518011266",
        "name": "Alwin Row House",
        "tourism": "hotel"
      },
      "geometry": {
        "type": "Point",
        "coordinates": [
          73.8068545,
          20.0333978
        ]
      },
      "id": "node/5518011266"
    },
    {
      "type": "Feature",
      "properties": {
        "@id": "node/5518011267",
        "name": "Saundarya Bangle And General Store",
        "shop": "yes"
      },
      "geometry": {
        "type": "Point",
        "coordinates": [
          73.8052501,
          20.032848
        ]
      },
      "id": "node/5518011267"
    },
    {
      "type": "Feature",
      "properties": {
        "@id": "node/5518011269",
        "name": "Ayush Traders",
        "shop": "yes"
      },
      "geometry": {
        "type": "Point",
        "coordinates": [
          73.804105,
          20.0329574
        ]
      },
      "id": "node/5518011269"
    },
    {
      "type": "Feature",
      "properties": {
        "@id": "node/5518011270",
        "amenity": "ice_cream",
        "name": "Bharkadevi IceCream"
      },
      "geometry": {
        "type": "Point",
        "coordinates": [
          73.803888,
          20.033977
        ]
      },
      "id": "node/5518011270"
    },
    {
      "type": "Feature",
      "properties": {
        "@id": "node/5518011272",
        "amenity": "marketplace",
        "name": "Shanivar Bajar"
      },
      "geometry": {
        "type": "Point",
        "coordinates": [
          73.803586,
          20.0344056
        ]
      },
      "id": "node/5518011272"
    },
    {
      "type": "Feature",
      "properties": {
        "@id": "node/5518011273",
        "amenity": "bank",
        "brand": "State Bank of India",
        "brand:wikidata": "Q1340361",
        "name": "State Bank of India",
        "short_name": "SBI"
      },
      "geometry": {
        "type": "Point",
        "coordinates": [
          73.8032903,
          20.0344735
        ]
      },
      "id": "node/5518011273"
    },
    {
      "type": "Feature",
      "properties": {
        "@id": "node/5518011274",
        "name": "Shakunta Bangles",
        "shop": "yes"
      },
      "geometry": {
        "type": "Point",
        "coordinates": [
          73.8031865,
          20.0342607
        ]
      },
      "id": "node/5518011274"
    },
    {
      "type": "Feature",
      "properties": {
        "@id": "node/5518011275",
        "name": "Amit Wines",
        "shop": "wine"
      },
      "geometry": {
        "type": "Point",
        "coordinates": [
          73.8031613,
          20.0340923
        ]
      },
      "id": "node/5518011275"
    },
    {
      "type": "Feature",
      "properties": {
        "@id": "node/5518011276",
        "name": "Raj Sweets",
        "shop": "yes"
      },
      "geometry": {
        "type": "Point",
        "coordinates": [
          73.8029285,
          20.0330195
        ]
      },
      "id": "node/5518011276"
    },
    {
      "type": "Feature",
      "properties": {
        "@id": "node/5626688421",
        "addr:housenumber": "307/308/038",
        "addr:postcode": "422003",
        "addr:street": "Jail Road",
        "name:en": "Sharda Bungalow",
        "tourism": "apartment"
      },
      "geometry": {
        "type": "Point",
        "coordinates": [
          73.8444133,
          19.9944953
        ]
      },
      "id": "node/5626688421"
    },
    {
      "type": "Feature",
      "properties": {
        "@id": "node/5695770541",
        "amenity": "bank",
        "brand": "Axis Bank",
        "brand:wikidata": "Q2003549",
        "name": "Axis Bank"
      },
      "geometry": {
        "type": "Point",
        "coordinates": [
          73.7542801,
          19.9961267
        ]
      },
      "id": "node/5695770541"
    },
    {
      "type": "Feature",
      "properties": {
        "@id": "node/5758951077",
        "amenity": "atm",
        "brand": "Bank of Maharashtra",
        "brand:wikidata": "Q2004304",
        "currency:Rs": "yes",
        "operator": "Bank of Maharashtra",
        "operator:wikidata": "Q2004304"
      },
      "geometry": {
        "type": "Point",
        "coordinates": [
          73.7587752,
          20.0120658
        ]
      },
      "id": "node/5758951077"
    },
    {
      "type": "Feature",
      "properties": {
        "@id": "node/5758951078",
        "amenity": "bank",
        "name": "The kalyan Janata Sahakari Bank"
      },
      "geometry": {
        "type": "Point",
        "coordinates": [
          73.7582254,
          20.0121238
        ]
      },
      "id": "node/5758951078"
    },
    {
      "type": "Feature",
      "properties": {
        "@id": "node/5758951087",
        "amenity": "cafe",
        "name": "Cafe Cremé"
      },
      "geometry": {
        "type": "Point",
        "coordinates": [
          73.7571766,
          20.0121137
        ]
      },
      "id": "node/5758951087"
    },
    {
      "type": "Feature",
      "properties": {
        "@id": "node/5758975181",
        "amenity": "place_of_worship",
        "name": "Shri Mahalakshmi Temple",
        "religion": "hindu"
      },
      "geometry": {
        "type": "Point",
        "coordinates": [
          73.7474348,
          20.0118566
        ]
      },
      "id": "node/5758975181"
    },
    {
      "type": "Feature",
      "properties": {
        "@id": "node/5758975182",
        "amenity": "restaurant",
        "cuisine": "indian",
        "name": "Veg Aroma"
      },
      "geometry": {
        "type": "Point",
        "coordinates": [
          73.7461903,
          20.0120431
        ]
      },
      "id": "node/5758975182"
    },
    {
      "type": "Feature",
      "properties": {
        "@id": "node/5758975190",
        "name": "Krishna Textile Market",
        "shop": "fabric"
      },
      "geometry": {
        "type": "Point",
        "coordinates": [
          73.7378835,
          20.0144222
        ]
      },
      "id": "node/5758975190"
    },
    {
      "type": "Feature",
      "properties": {
        "@id": "node/5758975199",
        "amenity": "restaurant",
        "cuisine": "indian",
        "name": "Hotel Blue Leaf"
      },
      "geometry": {
        "type": "Point",
        "coordinates": [
          73.7372505,
          20.0150044
        ]
      },
      "id": "node/5758975199"
    },
    {
      "type": "Feature",
      "properties": {
        "@id": "node/5924228371",
        "amenity": "restaurant",
        "name": "Curry Leaves"
      },
      "geometry": {
        "type": "Point",
        "coordinates": [
          73.755778,
          20.0126278
        ]
      },
      "id": "node/5924228371"
    },
    {
      "type": "Feature",
      "properties": {
        "@id": "node/5924228372",
        "amenity": "fast_food",
        "name": "Roadside Wraps"
      },
      "geometry": {
        "type": "Point",
        "coordinates": [
          73.7559027,
          20.0131054
        ]
      },
      "id": "node/5924228372"
    },
    {
      "type": "Feature",
      "properties": {
        "@id": "node/5924228373",
        "amenity": "restaurant",
        "name": "Tadka Tiffin Mess"
      },
      "geometry": {
        "type": "Point",
        "coordinates": [
          73.7552094,
          20.0128597
        ]
      },
      "id": "node/5924228373"
    },
    {
      "type": "Feature",
      "properties": {
        "@id": "node/5924236053",
        "amenity": "bank",
        "name": "Thane Junta Sahakari Bank"
      },
      "geometry": {
        "type": "Point",
        "coordinates": [
          73.7542793,
          20.0154335
        ]
      },
      "id": "node/5924236053"
    },
    {
      "type": "Feature",
      "properties": {
        "@id": "node/5924236058",
        "amenity": "bank",
        "name": "Vasai Vikas Sahakari Bank"
      },
      "geometry": {
        "type": "Point",
        "coordinates": [
          73.7538824,
          20.0152167
        ]
      },
      "id": "node/5924236058"
    },
    {
      "type": "Feature",
      "properties": {
        "@id": "node/5924236065",
        "name": "Lokmanya Multipurpose Cooperative Society",
        "office": "yes"
      },
      "geometry": {
        "type": "Point",
        "coordinates": [
          73.7538099,
          20.0148362
        ]
      },
      "id": "node/5924236065"
    },
    {
      "type": "Feature",
      "properties": {
        "@id": "node/5924236090",
        "amenity": "bank",
        "name": "Jankalyan Cooperative Bank"
      },
      "geometry": {
        "type": "Point",
        "coordinates": [
          73.7558706,
          20.0138653
        ]
      },
      "id": "node/5924236090"
    },
    {
      "type": "Feature",
      "properties": {
        "@id": "node/5924238786",
        "amenity": "bank",
        "brand": "State Bank of India",
        "brand:wikidata": "Q1340361",
        "name": "State Bank of India",
        "short_name": "SBI"
      },
      "geometry": {
        "type": "Point",
        "coordinates": [
          73.7557941,
          20.0134205
        ]
      },
      "id": "node/5924238786"
    },
    {
      "type": "Feature",
      "properties": {
        "@id": "node/6006381485",
        "name:en": "Silverwood",
        "tourism": "apartment"
      },
      "geometry": {
        "type": "Point",
        "coordinates": [
          73.7365468,
          20.0121652
        ]
      },
      "id": "node/6006381485"
    },
    {
      "type": "Feature",
      "properties": {
        "@id": "node/6207287418",
        "addr:city": "Nashik",
        "amenity": "language_school",
        "name": "Anand Niketan",
        "name:mr": "आनंद निकेतन"
      },
      "geometry": {
        "type": "Point",
        "coordinates": [
          73.7427566,
          20.003051
        ]
      },
      "id": "node/6207287418"
    },
    {
      "type": "Feature",
      "properties": {
        "@id": "node/6216347986",
        "addr:postcode": "422005",
        "addr:street": "Gangapur Road",
        "email": "kishorkale844@gmail.com",
        "internet_access": "wlan",
        "name:en": "Shivshakti cycles and fitness",
        "opening_hours": "24/7",
        "operator": "Kishor kale",
        "phone": "9422753375",
        "shop": "bicycle"
      },
      "geometry": {
        "type": "Point",
        "coordinates": [
          73.7697305,
          20.0080924
        ]
      },
      "id": "node/6216347986"
    },
    {
      "type": "Feature",
      "properties": {
        "@id": "node/6216347987",
        "amenity": "bicycle_rental",
        "opening_hours": "24/7",
        "operator": "Kishor kale"
      },
      "geometry": {
        "type": "Point",
        "coordinates": [
          73.769759,
          20.0080804
        ]
      },
      "id": "node/6216347987"
    },
    {
      "type": "Feature",
      "properties": {
        "@id": "node/6221175586",
        "name:en": "Hotel Rahi",
        "tourism": "hotel"
      },
      "geometry": {
        "type": "Point",
        "coordinates": [
          73.7934757,
          20.0129437
        ]
      },
      "id": "node/6221175586"
    },
    {
      "type": "Feature",
      "properties": {
        "@id": "node/6241236169",
        "amenity": "library",
        "name": "Sant Dnyaneshvar Library",
        "name:mr": "संत ज्ञानेश्वर वाचनालय"
      },
      "geometry": {
        "type": "Point",
        "coordinates": [
          73.7583275,
          20.0054409
        ]
      },
      "id": "node/6241236169"
    },
    {
      "type": "Feature",
      "properties": {
        "@id": "node/6241240450",
        "amenity": "place_of_worship",
        "name": "Datta Mandir",
        "name:mr": "दत्त मंदिर",
        "religion": "hindu"
      },
      "geometry": {
        "type": "Point",
        "coordinates": [
          73.7582417,
          20.0056652
        ]
      },
      "id": "node/6241240450"
    },
    {
      "type": "Feature",
      "properties": {
        "@id": "node/6312668051",
        "addr:city": "Nashik",
        "addr:housenumber": "Shivpooja Apartment, 9,",
        "addr:postcode": "422009",
        "addr:street": "Chetna Nagar",
        "description": "Texture Painting on Canvas by Needle, Hyper realistic paintings. ",
        "fee": "yes",
        "name": "WeGo Art Gallery and Art Exhibition",
        "opening_hours": "Mo-Su 09:00-21:00",
        "operator": "Nilesh Pawaskar",
        "tourism": "gallery"
      },
      "geometry": {
        "type": "Point",
        "coordinates": [
          73.7734037,
          19.9653882
        ]
      },
      "id": "node/6312668051"
    },
    {
      "type": "Feature",
      "properties": {
        "@id": "node/6561944797",
        "addr:city": "Nashik",
        "addr:housenumber": "Plot No.A-23",
        "addr:postcode": "422008",
        "addr:street": "Shravan Sector, New Cidco,",
        "name": "SIOM Nashik",
        "office": "educational_institution"
      },
      "geometry": {
        "type": "Point",
        "coordinates": [
          73.7552907,
          19.9601385
        ]
      },
      "id": "node/6561944797"
    },
    {
      "type": "Feature",
      "properties": {
        "@id": "node/6822142594",
        "amenity": "place_of_worship",
        "name": "Ganpati Mandir",
        "opening_hours": "Mo-Su 06:00-22:00; PH open",
        "religion": "hindu",
        "wheelchair": "limited"
      },
      "geometry": {
        "type": "Point",
        "coordinates": [
          73.777939,
          19.982857
        ]
      },
      "id": "node/6822142594"
    },
    {
      "type": "Feature",
      "properties": {
        "@id": "node/6822145129",
        "amenity": "fountain",
        "name": "Mumbai Naka Water Fountain"
      },
      "geometry": {
        "type": "Point",
        "coordinates": [
          73.7841145,
          19.9870096
        ]
      },
      "id": "node/6822145129"
    },
    {
      "type": "Feature",
      "properties": {
        "@id": "node/6884803474",
        "addr:city": "Nashik",
        "addr:district": "NASHIK",
        "addr:full": "3, Shree Nagar, Old Gangapur Naka, Gangapur Road, Nashik",
        "addr:postcode": "422013",
        "addr:state": "Maharashtra",
        "amenity": "blood_bank",
        "contact:mobile": "9823114809",
        "contact:phone": "02532573493; 02532575249",
        "email": "rssjan_nsk@rediffmail.com",
        "fax": "0253 2313722",
        "name": "Jankalyan Blood Bank",
        "opening_hours": "24/7",
        "operator:type": "ngo",
        "source": "OpenGovernmentData"
      },
      "geometry": {
        "type": "Point",
        "coordinates": [
          73.770145,
          20.0087644
        ]
      },
      "id": "node/6884803474"
    },
    {
      "type": "Feature",
      "properties": {
        "@id": "node/6884803491",
        "addr:city": "Nashik",
        "addr:district": "NASHIK",
        "addr:full": "Vadner Road, Devlali, Nashik",
        "addr:postcode": "422401",
        "addr:state": "Maharashtra",
        "amenity": "blood_bank",
        "contact:mobile": "09850536784; 09404803045; 09420746965",
        "contact:phone": "02532493365; 025324913377; 02532462068",
        "name": "Roachabai Sugnomal Manwani - Cantonment General Hospital Blood Bank",
        "operator:type": "government",
        "source": "OpenGovernmentData"
      },
      "geometry": {
        "type": "Point",
        "coordinates": [
          73.8255984,
          19.9034003
        ]
      },
      "id": "node/6884803491"
    },
    {
      "type": "Feature",
      "properties": {
        "@id": "node/6884803524",
        "addr:city": "Nashik",
        "addr:district": "NASHIK",
        "addr:full": "1st Floor, Bytco Hospital, Nashik Road, Behind Durga Garden, Shahu Path, Nashik",
        "addr:postcode": "422101",
        "addr:state": "Maharashtra",
        "amenity": "blood_bank",
        "contact:phone": "02532460251; 025324605352",
        "name": "J.D.C. Bytco Hospital Blood Bank",
        "operator:type": "government",
        "source": "OpenGovernmentData"
      },
      "geometry": {
        "type": "Point",
        "coordinates": [
          73.8387358,
          19.9491087
        ]
      },
      "id": "node/6884803524"
    },
    {
      "type": "Feature",
      "properties": {
        "@id": "node/6884803551",
        "addr:city": "Nashik",
        "addr:district": "NASHIK",
        "addr:full": "Nashik, Krushna-Chaya Bangla, Plot No. 10/11, Kurdukar Nagar, Behind Fame Theatre, Nashik Pune Road, Nashik",
        "addr:postcode": "422006",
        "addr:state": "Maharashtra",
        "amenity": "blood_bank",
        "contact:mobile": "09730733888; 09370355501",
        "contact:phone": "2532411888",
        "name": "Sanjeevani Blood Bank",
        "opening_hours": "24/7",
        "operator:type": "ngo",
        "source": "OpenGovernmentData"
      },
      "geometry": {
        "type": "Point",
        "coordinates": [
          73.8039798,
          19.9755924
        ]
      },
      "id": "node/6884803551"
    },
    {
      "type": "Feature",
      "properties": {
        "@id": "node/6884803557",
        "addr:city": "Nashik",
        "addr:district": "NASHIK",
        "addr:full": "F-1, 1st Floor Suyojit Comercial Complex, Mumbai Agra Highway, Below Data Mastics, Mumbai Naka, Nashik",
        "addr:postcode": "422001",
        "addr:state": "Maharashtra",
        "amenity": "blood_bank",
        "contact:mobile": "9975997867",
        "contact:phone": "02532472499; 02532472599; 02532472699; 09975997867; 09975997863; 09975997864",
        "email": "samtabloodbank@gmail.com",
        "fax": "0253 2504399",
        "name": "Samta Blood Bank",
        "opening_hours": "24/7",
        "operator:type": "ngo",
        "source": "OpenGovernmentData"
      },
      "geometry": {
        "type": "Point",
        "coordinates": [
          73.7827353,
          19.9848234
        ]
      },
      "id": "node/6884803557"
    },
    {
      "type": "Feature",
      "properties": {
        "@id": "node/6884803566",
        "addr:city": "Nashik",
        "addr:district": "NASHIK",
        "addr:full": "Suyojit City Center, G-11, 12, 13, S. No. 567/1/1 & 567/1/3 (CTS No. 7249 & FP No. 60) Mumbai Naka, Near Mahamarg Bus Stand, Nashik",
        "addr:state": "Maharashtra",
        "amenity": "blood_bank",
        "contact:phone": "7387348888",
        "name": "The Santajee Educational and Medical foundation Trust's Jeevan Blood Bank",
        "opening_hours": "24/7",
        "operator:type": "ngo",
        "source": "OpenGovernmentData"
      },
      "geometry": {
        "type": "Point",
        "coordinates": [
          73.7842441,
          19.9880486
        ]
      },
      "id": "node/6884803566"
    },
    {
      "type": "Feature",
      "properties": {
        "@id": "node/6884803567",
        "addr:city": "Nashik",
        "addr:district": "NASHIK",
        "addr:full": "Ishwar Krupa Ganesh Nagar, Tidke Colony, Nashik",
        "addr:state": "Maharashtra",
        "amenity": "blood_bank",
        "contact:mobile": "9890609318",
        "contact:phone": "2532232996",
        "name": "Jijau Mahila Sevabhavi Sansthan Nashik Blood Bank and Transfusion Research institute Blood Bank",
        "operator:type": "ngo",
        "source": "OpenGovernmentData"
      },
      "geometry": {
        "type": "Point",
        "coordinates": [
          73.7753418,
          19.9906285
        ]
      },
      "id": "node/6884803567"
    },
    {
      "type": "Feature",
      "properties": {
        "@id": "node/6884803572",
        "addr:city": "Nashik",
        "addr:district": "NASHIK",
        "addr:full": "District - Civil Hospital Blood Bank, Near Thakkar Bazaar, Trimbak Naka, Nashik",
        "addr:postcode": "422001",
        "addr:state": "Maharashtra",
        "amenity": "blood_bank",
        "contact:mobile": "9850536784",
        "contact:phone": "02532318020; 02532577949",
        "email": "civilbloodbanknsk@gmail.com",
        "name": "Metro Blood Bank - District Hospital, Nashik",
        "opening_hours": "24/7",
        "operator:type": "government",
        "source": "OpenGovernmentData"
      },
      "geometry": {
        "type": "Point",
        "coordinates": [
          73.7782466,
          19.9969676
        ]
      },
      "id": "node/6884803572"
    },
    {
      "type": "Feature",
      "properties": {
        "@id": "node/6884803573",
        "addr:city": "Nashik",
        "addr:district": "NASHIK",
        "addr:full": "1st Floor, Office No.102/103, Dr. Athawale Chambers, Opposite to Gavkari Press Tilak Path, Nashik",
        "addr:postcode": "422001",
        "addr:state": "Maharashtra",
        "amenity": "blood_bank",
        "contact:mobile": "09822324340; 09422770765",
        "contact:phone": "02532311358; 02532576058",
        "fax": "0253 2313662",
        "name": "Arpan Blood Bank and Blood Component Laboratory and Research Centre",
        "opening_hours": "24/7",
        "operator:type": "ngo",
        "source": "OpenGovernmentData"
      },
      "geometry": {
        "type": "Point",
        "coordinates": [
          73.7871127,
          20.004941
        ]
      },
      "id": "node/6884803573"
    },
    {
      "type": "Feature",
      "properties": {
        "@id": "node/6884803588",
        "addr:city": "Nashik",
        "addr:district": "NASHIK",
        "addr:full": "At Post Adgaon Dist Nashik",
        "addr:state": "Maharashtra",
        "amenity": "blood_bank",
        "contact:mobile": "9422237694",
        "contact:phone": "02532220522; 02532303930",
        "name": "NDMVPS Medical College and Hospital Blood Bank",
        "opening_hours": "24/7",
        "operator:type": "ngo",
        "source": "OpenGovernmentData"
      },
      "geometry": {
        "type": "Point",
        "coordinates": [
          73.8523722,
          20.0364942
        ]
      },
      "id": "node/6884803588"
    },
    {
      "type": "Feature",
      "properties": {
        "@id": "node/6906240189",
        "addr:city": "Nashik",
        "addr:district": "NASHIK",
        "addr:full": "Medical Superintendent, Regional Referal Hospital (Superspeciality Hospital) Blood Bank, Nashik",
        "addr:state": "Maharashtra",
        "amenity": "blood_bank",
        "name": "Regional Referal Hospital Blood Bank",
        "operator:type": "government",
        "source": "OpenGovernmentData"
      },
      "geometry": {
        "type": "Point",
        "coordinates": [
          73.7873407,
          20.00049
        ]
      },
      "id": "node/6906240189"
    },
    {
      "type": "Feature",
      "properties": {
        "@id": "node/6918797129",
        "amenity": "college",
        "name": "Guru Gobind Singh College"
      },
      "geometry": {
        "type": "Point",
        "coordinates": [
          73.7787335,
          19.9581224
        ]
      },
      "id": "node/6918797129"
    },
    {
      "type": "Feature",
      "properties": {
        "@id": "node/7041055349",
        "addr:district": "Nashik",
        "addr:full": "Near Hotel Sandeep, Mumbai Naka,Kute Marg",
        "addr:postcode": "422002",
        "addr:state": "Maharashtra",
        "amenity": "hospital",
        "name": "Dr. Suryawanshi Eye Hospital",
        "source": "OpenGovernmentData"
      },
      "geometry": {
        "type": "Point",
        "coordinates": [
          73.779341,
          19.9908377
        ]
      },
      "id": "node/7041055349"
    },
    {
      "type": "Feature",
      "properties": {
        "@id": "node/7041066632",
        "addr:district": "Nashik",
        "addr:full": "3Road & 4Rt Floor, Susya Arcade, Opposite Nilmani Bus Stand, Panchvati",
        "addr:postcode": "422003",
        "addr:state": "Maharashtra",
        "amenity": "hospital",
        "name": "Sarthak Hospital, Nashik",
        "source": "OpenGovernmentData"
      },
      "geometry": {
        "type": "Point",
        "coordinates": [
          73.7221402,
          19.9886951
        ]
      },
      "id": "node/7041066632"
    },
    {
      "type": "Feature",
      "properties": {
        "@id": "node/7041093725",
        "addr:district": "Nashik",
        "addr:full": "Vasant Vyakhyanmala Maidan, Behind Durga Mata Mandir, Trimurti Chowk",
        "addr:postcode": "422008",
        "addr:state": "Maharashtra",
        "amenity": "hospital",
        "name": "Aashirwad Hospital, Nashik",
        "source": "OpenGovernmentData"
      },
      "geometry": {
        "type": "Point",
        "coordinates": [
          73.7453198,
          19.9820078
        ]
      },
      "id": "node/7041093725"
    },
    {
      "type": "Feature",
      "properties": {
        "@id": "node/7041649785",
        "addr:housenumber": "29",
        "addr:postcode": "422101",
        "addr:street": "Jail Road",
        "name:en": "Sukalpadeep Bungalow Deepak Jadhav",
        "operator": "Deepak Jadhav",
        "phone": "8446522228",
        "tourism": "apartment"
      },
      "geometry": {
        "type": "Point",
        "coordinates": [
          73.8440319,
          19.9875387
        ]
      },
      "id": "node/7041649785"
    },
    {
      "type": "Feature",
      "properties": {
        "@id": "node/7042991453",
        "addr:district": "Nashik",
        "addr:full": "Behind Wasan Showroom, Mumbai Naka",
        "addr:postcode": "422001",
        "addr:state": "Maharashtra",
        "amenity": "hospital",
        "name": "Arihant Hospital, Nashik",
        "source": "OpenGovernmentData"
      },
      "geometry": {
        "type": "Point",
        "coordinates": [
          73.7846356,
          19.9885866
        ]
      },
      "id": "node/7042991453"
    },
    {
      "type": "Feature",
      "properties": {
        "@id": "node/7043011303",
        "addr:district": "Nashik",
        "addr:full": "1st Floor, Rhaghukul Sankul,Behind Hotel Bandhuraj,Pathardi Phatta",
        "addr:postcode": "422010",
        "addr:state": "Maharashtra",
        "amenity": "hospital",
        "name": "Vakratunda Multispeciality Hospital - Nasik",
        "source": "OpenGovernmentData"
      },
      "geometry": {
        "type": "Point",
        "coordinates": [
          73.7575868,
          19.9551579
        ]
      },
      "id": "node/7043011303"
    },
    {
      "type": "Feature",
      "properties": {
        "@id": "node/7043015177",
        "addr:district": "Nashik",
        "addr:full": "Gangapur Road Gangapur Road",
        "addr:postcode": "422013",
        "addr:state": "Maharashtra",
        "amenity": "hospital",
        "name": "Nerlikar Hospital and Research Centre",
        "source": "OpenGovernmentData"
      },
      "geometry": {
        "type": "Point",
        "coordinates": [
          73.7562639,
          20.0125455
        ]
      },
      "id": "node/7043015177"
    },
    {
      "type": "Feature",
      "properties": {
        "@id": "node/7043017175",
        "addr:district": "Nashik",
        "addr:full": "Plot No -3/5, Patil Lane 1, Canada Corner, Near Karmaveer Bhausaheb Hire Vidyalaya, Vasant Market, Gangapur Road",
        "addr:postcode": "422005",
        "addr:state": "Maharashtra",
        "amenity": "hospital",
        "name": "Chopda Medicare & Research Centre Pvt. Ltd’s - Magnum Heart Institute",
        "source": "OpenGovernmentData"
      },
      "geometry": {
        "type": "Point",
        "coordinates": [
          73.7689488,
          20.006418
        ]
      },
      "id": "node/7043017175"
    },
    {
      "type": "Feature",
      "properties": {
        "@id": "node/7043136185",
        "addr:district": "Nashik",
        "addr:full": "Behind Mahamarg Bus Stand Naka",
        "addr:postcode": "422001",
        "addr:state": "Maharashtra",
        "amenity": "doctors",
        "name": "Dr.Bharat R.Kelkar",
        "source": "OpenGovernmentData"
      },
      "geometry": {
        "type": "Point",
        "coordinates": [
          73.7821657,
          19.9863139
        ]
      },
      "id": "node/7043136185"
    },
    {
      "type": "Feature",
      "properties": {
        "@id": "node/7043617930",
        "addr:city": "Nashik",
        "addr:district": "Nashik",
        "addr:full": "Kulkarni Colony, Sharanpur Road, Near Kulkarni Garden. Opposite Nelson Hospital",
        "addr:postcode": "422002",
        "addr:state": "Maharashtra",
        "addr:street": "KULKARNI COLONY,SHARANPUR ROAD",
        "amenity": "hospital",
        "emergency": "yes",
        "name": "Lele Hospital and Research Center Pvt Ltd",
        "operator": "DR.PUSHKAR LELE",
        "operator:type": "private",
        "source": "OpenGovernmentData"
      },
      "geometry": {
        "type": "Point",
        "coordinates": [
          73.7724497,
          20.0009172
        ]
      },
      "id": "node/7043617930"
    },
    {
      "type": "Feature",
      "properties": {
        "@id": "node/7044356003",
        "addr:district": "Nashik",
        "addr:full": "3rd Floor, Rajvee Enclave, New Pandit Colony, Beside Old Nashik Municipal Corporation",
        "addr:postcode": "422002",
        "addr:state": "Maharashtra",
        "amenity": "hospital",
        "name": "Prasanna Balrugnalay and Research Centre",
        "source": "OpenGovernmentData"
      },
      "geometry": {
        "type": "Point",
        "coordinates": [
          73.7755135,
          20.0038107
        ]
      },
      "id": "node/7044356003"
    },
    {
      "type": "Feature",
      "properties": {
        "@id": "node/7044490657",
        "addr:district": "Nashik",
        "addr:full": "Bhabha Nagar, Corner Mubai Naka, Nashik, Maharastra Nashik",
        "addr:postcode": "422001",
        "addr:state": "Maharashtra",
        "amenity": "hospital",
        "name": "Vasan Eye Care Hospital, Nasik",
        "source": "OpenGovernmentData"
      },
      "geometry": {
        "type": "Point",
        "coordinates": [
          73.7852164,
          19.9869925
        ]
      },
      "id": "node/7044490657"
    },
    {
      "type": "Feature",
      "properties": {
        "@id": "node/7045252536",
        "addr:district": "Nashik",
        "addr:full": "Charuhas, Near Gaikwad Classes, Kanherewad",
        "addr:postcode": "422001",
        "addr:state": "Maharashtra",
        "amenity": "hospital",
        "name": "Dr A.K.Pawar Institute of Obstetrics, Gynecology and Reproductive Medicine",
        "source": "OpenGovernmentData"
      },
      "geometry": {
        "type": "Point",
        "coordinates": [
          73.7833911,
          19.9996923
        ]
      },
      "id": "node/7045252536"
    },
    {
      "type": "Feature",
      "properties": {
        "@id": "node/7045750041",
        "addr:district": "Nashik",
        "addr:full": "Gayakwad Nagar, Mumbai Naka, Near Mahamarg Bus Stand",
        "addr:postcode": "422002",
        "addr:state": "Maharashtra",
        "amenity": "hospital",
        "name": "Shreeya Hospital",
        "source": "OpenGovernmentData"
      },
      "geometry": {
        "type": "Point",
        "coordinates": [
          73.7822418,
          19.987973
        ]
      },
      "id": "node/7045750041"
    },
    {
      "type": "Feature",
      "properties": {
        "@id": "node/7045823769",
        "addr:district": "Nashik",
        "addr:full": "Gautam', New Pandit Colony, Sharanpur Road",
        "addr:postcode": "422002",
        "addr:state": "Maharashtra",
        "amenity": "hospital",
        "name": "Sushrut Hospital, Nashik",
        "source": "OpenGovernmentData"
      },
      "geometry": {
        "type": "Point",
        "coordinates": [
          73.7752707,
          20.0027823
        ]
      },
      "id": "node/7045823769"
    },
    {
      "type": "Feature",
      "properties": {
        "@id": "node/7045917537",
        "addr:district": "Jalgaon",
        "addr:full": "Shivaji Nagar, Jammer.Tal.Jamner",
        "addr:postcode": "424206",
        "addr:state": "Maharashtra",
        "amenity": "hospital",
        "name": "Muktai Hospital, Jalgaon",
        "source": "OpenGovernmentData"
      },
      "geometry": {
        "type": "Point",
        "coordinates": [
          73.8106236,
          19.9778567
        ]
      },
      "id": "node/7045917537"
    },
    {
      "type": "Feature",
      "properties": {
        "@id": "node/7045980535",
        "addr:district": "Nashik",
        "addr:full": "Satpur,Nashik-Trimbak Road",
        "addr:postcode": "422007",
        "addr:state": "Maharashtra",
        "amenity": "hospital",
        "name": "Dr. Karad Hospital",
        "source": "OpenGovernmentData"
      },
      "geometry": {
        "type": "Point",
        "coordinates": [
          73.7356223,
          19.9903392
        ]
      },
      "id": "node/7045980535"
    },
    {
      "type": "Feature",
      "properties": {
        "@id": "node/7047817984",
        "addr:district": "Nashik",
        "addr:full": "858 / 85, Ganesh Bada Nagar, Behind Hotel Siddharth, Poona Road",
        "addr:postcode": "422001",
        "addr:state": "Maharashtra",
        "amenity": "hospital",
        "name": "Suvichar Hospital Pvt. Ltd",
        "source": "OpenGovernmentData"
      },
      "geometry": {
        "type": "Point",
        "coordinates": [
          73.8026011,
          19.9826909
        ]
      },
      "id": "node/7047817984"
    },
    {
      "type": "Feature",
      "properties": {
        "@id": "node/7047924965",
        "addr:city": "NASHIK",
        "addr:district": "Nashik",
        "addr:full": "3Road Floor, Above Kalakruti Sadi Centre, Suyojit Modern Point, Opposite Police Parage Gorund, Sharanpura Road",
        "addr:housenumber": "3RD FLOOR",
        "addr:postcode": "422002",
        "addr:state": "Maharashtra",
        "addr:street": "SUYOJITMODER POINT,SHARANPUR ROAD",
        "amenity": "hospital",
        "emergency": "yes",
        "healthcare:speciality": "general",
        "name": "Sunrise Hospital, Nashik",
        "operator": "DR.KUNAL JADAHV",
        "operator:type": "private",
        "source": "OpenGovernmentData"
      },
      "geometry": {
        "type": "Point",
        "coordinates": [
          73.7776136,
          20.0004043
        ]
      },
      "id": "node/7047924965"
    },
    {
      "type": "Feature",
      "properties": {
        "@id": "node/7048040165",
        "addr:district": "Nashik",
        "addr:full": "Behind Mahamarg Bus Stand, Old Mumbai- Naka, Gaikwad Nagar",
        "addr:postcode": "422001",
        "addr:state": "Maharashtra",
        "amenity": "hospital",
        "name": "Indorewala ENT Hospital",
        "source": "OpenGovernmentData"
      },
      "geometry": {
        "type": "Point",
        "coordinates": [
          73.7818252,
          19.9858163
        ]
      },
      "id": "node/7048040165"
    },
    {
      "type": "Feature",
      "properties": {
        "@id": "node/7048172476",
        "addr:district": "Nashik",
        "addr:full": "City Plaza, Opp Kalika Mandir, Old Agra Road",
        "addr:postcode": "422002",
        "addr:state": "Maharashtra",
        "amenity": "hospital",
        "name": "Sudarshan Hospital",
        "source": "OpenGovernmentData"
      },
      "geometry": {
        "type": "Point",
        "coordinates": [
          73.7835663,
          19.9921727
        ]
      },
      "id": "node/7048172476"
    },
    {
      "type": "Feature",
      "properties": {
        "@id": "node/7048425352",
        "addr:district": "Nashik",
        "addr:full": "N-35/S-4/8/1 Swami Vivekand Nagar State Bank Chowk Mumbai-Agra Highway Cidco",
        "addr:postcode": "422008",
        "addr:state": "Maharashtra",
        "amenity": "hospital",
        "name": "Shrinivas Multispeciality Hospital",
        "source": "OpenGovernmentData"
      },
      "geometry": {
        "type": "Point",
        "coordinates": [
          73.7684003,
          19.9675714
        ]
      },
      "id": "node/7048425352"
    },
    {
      "type": "Feature",
      "properties": {
        "@id": "node/7048425359",
        "addr:district": "Nashik",
        "addr:full": "Gangapur Rd Behind Mai Lele High School And Rathi Amrai, Gurudatta Nagar,Dehmandir Cooperative Housing Society",
        "addr:postcode": "422002",
        "addr:state": "Maharashtra",
        "amenity": "hospital",
        "name": "Sukhamte Maternity Home",
        "source": "OpenGovernmentData"
      },
      "geometry": {
        "type": "Point",
        "coordinates": [
          73.7711117,
          20.0130312
        ]
      },
      "id": "node/7048425359"
    },
    {
      "type": "Feature",
      "properties": {
        "@id": "node/7048498760",
        "addr:district": "Nashik",
        "addr:full": "Behind Mahamarg Bus Stand Mumbai Naka",
        "addr:postcode": "422001",
        "addr:state": "Maharashtra",
        "amenity": "hospital",
        "name": "Dr Ganorkar Hospital",
        "source": "OpenGovernmentData"
      },
      "geometry": {
        "type": "Point",
        "coordinates": [
          73.7818341,
          19.9880209
        ]
      },
      "id": "node/7048498760"
    },
    {
      "type": "Feature",
      "properties": {
        "@id": "node/7048504195",
        "addr:district": "Nashik",
        "addr:full": "Crown Complex, Opposite Rajiv Gandhi Bhavan,3Road Floor,Sharanpur Road",
        "addr:postcode": "422005",
        "addr:state": "Maharashtra",
        "amenity": "hospital",
        "name": "Sai Hospital ( Saphalya Pvt. Ltd.,)",
        "source": "OpenGovernmentData"
      },
      "geometry": {
        "type": "Point",
        "coordinates": [
          73.7758031,
          20.0016885
        ]
      },
      "id": "node/7048504195"
    },
    {
      "type": "Feature",
      "properties": {
        "@id": "node/7048874945",
        "addr:district": "Nashik",
        "addr:full": "Dr Bhabha Nagar,Kaut Ghat Road,New Mumbai -Agra Road",
        "addr:postcode": "422011",
        "addr:state": "Maharashtra",
        "amenity": "hospital",
        "name": "Nasik Health Care and Research Centre Pvt.Ltd",
        "source": "OpenGovernmentData"
      },
      "geometry": {
        "type": "Point",
        "coordinates": [
          73.7899759,
          19.9884752
        ]
      },
      "id": "node/7048874945"
    },
    {
      "type": "Feature",
      "properties": {
        "@id": "node/7048928936",
        "addr:district": "Nashik",
        "addr:full": "Near Kalidar Kala Mandir,Shalimar",
        "addr:postcode": "422002",
        "addr:state": "Maharashtra",
        "amenity": "hospital",
        "name": "Shree Saibaba Heart Insititue and Research Center Pvt. Ltd.",
        "source": "OpenGovernmentData"
      },
      "geometry": {
        "type": "Point",
        "coordinates": [
          73.7841488,
          19.9999141
        ]
      },
      "id": "node/7048928936"
    },
    {
      "type": "Feature",
      "properties": {
        "@id": "node/7049050295",
        "addr:district": "Nashik",
        "addr:full": "Kanhere Wadi, Near Gaikwad Classes, Behind Shivaji Garden, In Front Of Old Cbs",
        "addr:postcode": "422001",
        "addr:state": "Maharashtra",
        "amenity": "hospital",
        "name": "Supe Heart & Diabetics Hospital and Research C",
        "source": "OpenGovernmentData"
      },
      "geometry": {
        "type": "Point",
        "coordinates": [
          73.7866621,
          20.0082351
        ]
      },
      "id": "node/7049050295"
    },
    {
      "type": "Feature",
      "properties": {
        "@id": "node/7049054304",
        "addr:district": "Nashik",
        "addr:full": "B-180, Opposite Zilla Parishad, Trimbak Road",
        "addr:postcode": "422002",
        "addr:state": "Maharashtra",
        "amenity": "hospital",
        "email": "info@birlaeyehospital.com",
        "name": "Birla Super Speciality Eye Hospital and Lasik Centre",
        "phone": "02532505666",
        "source": "OpenGovernmentData",
        "website": "https://birlaeyehospital.com/"
      },
      "geometry": {
        "type": "Point",
        "coordinates": [
          73.7832248,
          19.9978876
        ]
      },
      "id": "node/7049054304"
    },
    {
      "type": "Feature",
      "properties": {
        "@id": "node/7049154744",
        "addr:district": "Nashik",
        "addr:full": "Vedashree Lane No-1, Suchita , Behind Hotel Inayat Cafe,Mumbai Agra Road",
        "addr:postcode": "422009",
        "addr:state": "Maharashtra",
        "amenity": "hospital",
        "name": "Barde Maternity Hospital",
        "source": "OpenGovernmentData"
      },
      "geometry": {
        "type": "Point",
        "coordinates": [
          73.7820715,
          19.9802987
        ]
      },
      "id": "node/7049154744"
    },
    {
      "type": "Feature",
      "properties": {
        "@id": "node/7049188650",
        "addr:district": "Nashik",
        "addr:full": "Near Runghta High School, Opposite Adhar Ashram",
        "addr:postcode": "422001",
        "addr:state": "Maharashtra",
        "amenity": "hospital",
        "name": "Chaitanya Nursing Home",
        "source": "OpenGovernmentData"
      },
      "geometry": {
        "type": "Point",
        "coordinates": [
          73.7857367,
          20.0089175
        ]
      },
      "id": "node/7049188650"
    },
    {
      "type": "Feature",
      "properties": {
        "@id": "node/7049770679",
        "addr:district": "Nashik",
        "addr:full": "ITI-Ambad Link Road, Near CITU Bhavan, Khutwad Nagar",
        "addr:postcode": "422008",
        "addr:state": "Maharashtra",
        "amenity": "hospital",
        "email": "sukhakartahospitalnashik1@gmail.com",
        "name": "Sukhakarta Hospital",
        "source": "OpenGovernmentData",
        "website": "https://sukhakartahospital.in/"
      },
      "geometry": {
        "type": "Point",
        "coordinates": [
          73.749032,
          19.9850043
        ]
      },
      "id": "node/7049770679"
    },
    {
      "type": "Feature",
      "properties": {
        "@id": "node/7049880700",
        "addr:district": "Nashik",
        "addr:full": "Mukund Appartment, Indrakund, Panchawati",
        "addr:postcode": "422003",
        "addr:state": "Maharashtra",
        "amenity": "hospital",
        "name": "Shraddha Eye Hospital",
        "source": "OpenGovernmentData"
      },
      "geometry": {
        "type": "Point",
        "coordinates": [
          73.7932442,
          20.0102174
        ]
      },
      "id": "node/7049880700"
    },
    {
      "type": "Feature",
      "properties": {
        "@id": "node/7050280708",
        "addr:city": "NASHIK",
        "addr:district": "Nashik",
        "addr:full": "Narayan Sankul, Near Mahalxmi Talkies Dinori Road, Panchavati",
        "addr:postcode": "422003",
        "addr:state": "Maharashtra",
        "addr:street": "NARAYAN SANKUL,NEAR MAHALAXMI TALKIES",
        "amenity": "hospital",
        "emergency": "yes",
        "healthcare:speciality": "general",
        "name": "Sanjeevani Criticare and Research Centre Pvt Ltd",
        "source": "OpenGovernmentData"
      },
      "geometry": {
        "type": "Point",
        "coordinates": [
          73.7966748,
          20.014716
        ]
      },
      "id": "node/7050280708"
    },
    {
      "type": "Feature",
      "properties": {
        "@id": "node/7050321638",
        "addr:city": "NASHIK",
        "addr:district": "Nashik",
        "addr:full": "Ganeshree Bunglow, Lane No. 1, Gangapur Rd, Pandit Colony",
        "addr:postcode": "422002",
        "addr:state": "Maharashtra",
        "amenity": "hospital",
        "healthcare:speciality": "general",
        "name": "Sparsh Hospital",
        "source": "OpenGovernmentData"
      },
      "geometry": {
        "type": "Point",
        "coordinates": [
          73.7772522,
          20.0055292
        ]
      },
      "id": "node/7050321638"
    },
    {
      "type": "Feature",
      "properties": {
        "@id": "node/7050624423",
        "addr:city": "Nashik",
        "addr:district": "Nashik",
        "addr:full": "67, Shivam Nagar, Hirawadi Road, Old Adgaon Naka, Panchavati",
        "addr:housenumber": "67",
        "addr:postcode": "422003",
        "addr:state": "Maharashtra",
        "addr:street": "Hirawadi Road",
        "amenity": "hospital",
        "emergency": "yes",
        "healthcare:speciality": "gynaecology",
        "name": "Dr. Upasani Maternity and Nursing Home",
        "operator": "Dr.Upasani",
        "operator:type": "private",
        "source": "OpenGovernmentData"
      },
      "geometry": {
        "type": "Point",
        "coordinates": [
          73.8055301,
          20.0123987
        ]
      },
      "id": "node/7050624423"
    },
    {
      "type": "Feature",
      "properties": {
        "@id": "node/7051137474",
        "addr:district": "Nashik",
        "addr:full": "Plot, No 14, Sunderban Colony, Lekhanagar, Cidco",
        "addr:postcode": "422009",
        "addr:state": "Maharashtra",
        "amenity": "hospital",
        "name": "Usha Hospital, Nashik",
        "source": "OpenGovernmentData"
      },
      "geometry": {
        "type": "Point",
        "coordinates": [
          73.7773159,
          19.9781346
        ]
      },
      "id": "node/7051137474"
    },
    {
      "type": "Feature",
      "properties": {
        "@id": "node/7051167330",
        "addr:district": "Nashik",
        "addr:full": "Opposite Rachana Vidyalalya,Kilkarni Colony,Sharanpur Road",
        "addr:postcode": "422002",
        "addr:state": "Maharashtra",
        "amenity": "hospital",
        "name": "Shinge Superspeciality Hospital",
        "source": "OpenGovernmentData"
      },
      "geometry": {
        "type": "Point",
        "coordinates": [
          73.7711187,
          19.9984105
        ]
      },
      "id": "node/7051167330"
    },
    {
      "type": "Feature",
      "properties": {
        "@id": "node/7051342871",
        "addr:district": "Nashik",
        "addr:full": "S.N. Kute Marg,Tidke Colony",
        "addr:postcode": "422002",
        "addr:state": "Maharashtra",
        "amenity": "hospital",
        "name": "Kute Eye Hospital",
        "source": "OpenGovernmentData"
      },
      "geometry": {
        "type": "Point",
        "coordinates": [
          73.7790366,
          19.9917136
        ]
      },
      "id": "node/7051342871"
    },
    {
      "type": "Feature",
      "properties": {
        "@id": "node/7051818380",
        "addr:district": "Nashik",
        "addr:full": "No. 54, Lahuti Nagar, Behind Moule Hall, Trimbak Road . Satpur",
        "addr:postcode": "422007",
        "addr:state": "Maharashtra",
        "amenity": "hospital",
        "name": "Maher Hospital",
        "source": "OpenGovernmentData"
      },
      "geometry": {
        "type": "Point",
        "coordinates": [
          73.7210767,
          19.986719
        ]
      },
      "id": "node/7051818380"
    },
    {
      "type": "Feature",
      "properties": {
        "@id": "node/7052219779",
        "addr:district": "Nashik",
        "addr:full": "Near Nasardi Bridge, Nasik-Poona Road, Dwarka",
        "addr:postcode": "422001",
        "addr:state": "Maharashtra",
        "amenity": "hospital",
        "name": "City Care Hospital and Research Centre Pvt. Ltd",
        "source": "OpenGovernmentData"
      },
      "geometry": {
        "type": "Point",
        "coordinates": [
          73.8016657,
          19.9875917
        ]
      },
      "id": "node/7052219779"
    },
    {
      "type": "Feature",
      "properties": {
        "@id": "node/7052491864",
        "addr:district": "Nashik",
        "addr:full": "Samadhan Sankul-1st Floor, Beside St Philip Church, Nashik Road",
        "addr:postcode": "422101",
        "addr:state": "Maharashtra",
        "amenity": "hospital",
        "name": "Chirayu Childrens Hospital",
        "source": "OpenGovernmentData"
      },
      "geometry": {
        "type": "Point",
        "coordinates": [
          73.835717,
          19.9528704
        ]
      },
      "id": "node/7052491864"
    },
    {
      "type": "Feature",
      "properties": {
        "@id": "node/7052774033",
        "addr:district": "Nashik",
        "addr:full": "Govind Nagar, Chowk No.5,Behind Hotel Prakesh,Mumbai Naka",
        "addr:postcode": "422002",
        "addr:state": "Maharashtra",
        "amenity": "hospital",
        "name": "Dr.Pimprikar Hspital",
        "source": "OpenGovernmentData"
      },
      "geometry": {
        "type": "Point",
        "coordinates": [
          73.7766977,
          19.9845008
        ]
      },
      "id": "node/7052774033"
    },
    {
      "type": "Feature",
      "properties": {
        "@id": "node/7052827600",
        "addr:district": "Nashik",
        "addr:full": "Gaikwad Mala, Behind Regimental Plaza, Nashik Road",
        "addr:postcode": "422101",
        "addr:state": "Maharashtra",
        "amenity": "clinic",
        "name": "Dr Paprikar Maternity and Nursing Home",
        "source": "OpenGovernmentData"
      },
      "geometry": {
        "type": "Point",
        "coordinates": [
          73.8364097,
          19.9531162
        ]
      },
      "id": "node/7052827600"
    },
    {
      "type": "Feature",
      "properties": {
        "@id": "node/7053152428",
        "addr:district": "Nashik",
        "addr:full": "Tilak Nagar , Opp Panchwd Ganesh Mandir Ojhar Mig",
        "addr:postcode": "422207",
        "addr:state": "Maharashtra",
        "amenity": "hospital",
        "name": "Sneha Hospital",
        "source": "OpenGovernmentData"
      },
      "geometry": {
        "type": "Point",
        "coordinates": [
          73.9128466,
          20.0807305
        ]
      },
      "id": "node/7053152428"
    },
    {
      "type": "Feature",
      "properties": {
        "@id": "node/7053177461",
        "addr:district": "Nashik",
        "addr:full": "Crown Complex Opp Rajiv Gandhi Bhavan Shaharan Pur Road",
        "addr:postcode": "422001",
        "addr:state": "Maharashtra",
        "amenity": "hospital",
        "name": "Deepjyoti Hospital",
        "source": "OpenGovernmentData"
      },
      "geometry": {
        "type": "Point",
        "coordinates": [
          73.7758709,
          20.0018302
        ]
      },
      "id": "node/7053177461"
    },
    {
      "type": "Feature",
      "properties": {
        "@id": "node/7053343857",
        "addr:district": "Nashik",
        "addr:full": "No. 594 / 3, Ahilyabai Holkar Marg, Near Mahamarg Bus Stand, Mumbai Naka, Tidke Colony",
        "addr:postcode": "422003",
        "addr:state": "Maharashtra",
        "amenity": "hospital",
        "name": "Suyash Hospital",
        "source": "OpenGovernmentData"
      },
      "geometry": {
        "type": "Point",
        "coordinates": [
          73.7797084,
          19.9890052
        ]
      },
      "id": "node/7053343857"
    },
    {
      "type": "Feature",
      "properties": {
        "@id": "node/7053517503",
        "addr:district": "Nashik",
        "addr:full": "Guru Ashish Complex, Oppo. Bsnl,Canada Corner,Sharanpur Road",
        "addr:postcode": "422002",
        "addr:state": "Maharashtra",
        "amenity": "hospital",
        "name": "Rudra Hospital and Critical Care Centre",
        "source": "OpenGovernmentData"
      },
      "geometry": {
        "type": "Point",
        "coordinates": [
          73.7711522,
          20.0026242
        ]
      },
      "id": "node/7053517503"
    },
    {
      "type": "Feature",
      "properties": {
        "@id": "node/7053694059",
        "addr:district": "Nashik",
        "addr:full": "Surana Hospital 1st Floor, Ishwar Sankul-C, Behind Regimental Theatre, Nasik Road",
        "addr:postcode": "422008",
        "addr:state": "Maharashtra",
        "amenity": "hospital",
        "healthcare": "hospital",
        "name": "Surana Hospital - Nasik Road",
        "source": "OpenGovernmentData"
      },
      "geometry": {
        "type": "Point",
        "coordinates": [
          73.8346964,
          19.9476728
        ]
      },
      "id": "node/7053694059"
    },
    {
      "type": "Feature",
      "properties": {
        "@id": "node/7054258883",
        "addr:city": "NASHIK",
        "addr:district": "Nashik",
        "addr:full": "Rohit Appartment Shyamlal Gupta Marg",
        "addr:postcode": "422002",
        "addr:state": "Maharashtra",
        "amenity": "hospital",
        "emergency": "yes",
        "healthcare:speciality": "general",
        "name": "Jai Hospital Pvt Ltd",
        "source": "OpenGovernmentData"
      },
      "geometry": {
        "type": "Point",
        "coordinates": [
          73.7740885,
          19.9973243
        ]
      },
      "id": "node/7054258883"
    },
    {
      "type": "Feature",
      "properties": {
        "@id": "node/7054427560",
        "addr:district": "Nashik",
        "addr:full": "Gharpure Ghat Lane,Ashok Stambh",
        "addr:postcode": "422002",
        "addr:state": "Maharashtra",
        "amenity": "hospital",
        "name": "Seeta Maternity and Surgical Nursing Home",
        "source": "OpenGovernmentData"
      },
      "geometry": {
        "type": "Point",
        "coordinates": [
          73.7853042,
          20.0081381
        ]
      },
      "id": "node/7054427560"
    },
    {
      "type": "Feature",
      "properties": {
        "@id": "node/7054453176",
        "addr:district": "Nashik",
        "addr:full": "Netaji Subhash Colony, Ramdas Swami Nagar, Behind Gandhinagar",
        "addr:postcode": "422006",
        "addr:state": "Maharashtra",
        "amenity": "hospital",
        "name": "Asha Kendra Hospital",
        "source": "OpenGovernmentData"
      },
      "geometry": {
        "type": "Point",
        "coordinates": [
          73.8193629,
          19.9765314
        ]
      },
      "id": "node/7054453176"
    },
    {
      "type": "Feature",
      "properties": {
        "@id": "node/7054529046",
        "addr:district": "Nashik",
        "addr:full": "Lekha Nagar, Saptashringi Complex, Mumbai- Agra Road",
        "addr:postcode": "422001",
        "addr:state": "Maharashtra",
        "amenity": "hospital",
        "name": "Life Care Hospital, Nashik",
        "source": "OpenGovernmentData"
      },
      "geometry": {
        "type": "Point",
        "coordinates": [
          73.7730458,
          19.9724375
        ]
      },
      "id": "node/7054529046"
    },
    {
      "type": "Feature",
      "properties": {
        "@id": "node/7054657060",
        "addr:district": "Nashik",
        "addr:full": "Near Nehete Hospital & Sandeep Hotel, Tidke Colony",
        "addr:postcode": "422002",
        "addr:state": "Maharashtra",
        "amenity": "hospital",
        "name": "Trupti Hospital, Nashik",
        "source": "OpenGovernmentData"
      },
      "geometry": {
        "type": "Point",
        "coordinates": [
          73.7791546,
          19.9905617
        ]
      },
      "id": "node/7054657060"
    },
    {
      "type": "Feature",
      "properties": {
        "@id": "node/7054918904",
        "addr:city": "Nashik",
        "addr:district": "Nashik",
        "addr:full": "Panchavati Karanja",
        "addr:postcode": "422003",
        "addr:state": "Maharashtra",
        "addr:street": "PANCHAVATI KARANJA",
        "amenity": "hospital",
        "healthcare:speciality": "gynaecology;cardiology;surgery",
        "name": "Ramalayam Hospital",
        "source": "OpenGovernmentData"
      },
      "geometry": {
        "type": "Point",
        "coordinates": [
          73.7948723,
          20.010797
        ]
      },
      "id": "node/7054918904"
    },
    {
      "type": "Feature",
      "properties": {
        "@id": "node/7054997465",
        "addr:district": "Nashik",
        "addr:full": "25, Krishi Naga, College Road",
        "addr:postcode": "422001",
        "addr:state": "Maharashtra",
        "amenity": "hospital",
        "email": "susheeleyeinstitute@gmail.com",
        "name": "Susheel Eye Hospital and Brahma Laser Centre",
        "source": "OpenGovernmentData",
        "website": "https://susheeleyeinstitute.com/"
      },
      "geometry": {
        "type": "Point",
        "coordinates": [
          73.7586652,
          20.0071703
        ]
      },
      "id": "node/7054997465"
    },
    {
      "type": "Feature",
      "properties": {
        "@id": "node/7055027734",
        "addr:district": "Nashik",
        "addr:full": "Opp Jantra Hospital, Mumbai-Agra Road , Adgaon",
        "addr:postcode": "422003",
        "addr:state": "Maharashtra",
        "amenity": "hospital",
        "name": "Suparanas Home Division Of Uddhav Memorial Hospital",
        "source": "OpenGovernmentData"
      },
      "geometry": {
        "type": "Point",
        "coordinates": [
          73.8397256,
          20.0279233
        ]
      },
      "id": "node/7055027734"
    },
    {
      "type": "Feature",
      "properties": {
        "@id": "node/7055243562",
        "addr:district": "Nashik",
        "addr:full": "Old Gangapur Naka, Behind Luthra Showroom",
        "addr:postcode": "422013",
        "addr:state": "Maharashtra",
        "amenity": "clinic",
        "name": "Vijay Nursing Home,Nashik",
        "source": "OpenGovernmentData"
      },
      "geometry": {
        "type": "Point",
        "coordinates": [
          73.7688978,
          20.0089408
        ]
      },
      "id": "node/7055243562"
    },
    {
      "type": "Feature",
      "properties": {
        "@id": "node/7059172359",
        "addr:district": "Nashik",
        "addr:full": "Shop No-1, Ram Plaza, Nav- Shakti Chowk, New Mumbai-Naka Near Dadasaheb Gaikwad Hall",
        "addr:postcode": "422011",
        "addr:state": "Maharashtra",
        "amenity": "hospital",
        "name": "Sanskriti Multi Speciality Hospital",
        "source": "OpenGovernmentData"
      },
      "geometry": {
        "type": "Point",
        "coordinates": [
          73.7899652,
          19.9878041
        ]
      },
      "id": "node/7059172359"
    },
    {
      "type": "Feature",
      "properties": {
        "@id": "node/7059172368",
        "addr:district": "Nashik",
        "addr:full": "Shivnery, First Floor, Ner. Rane Nagar Signal, Mumbai, Agra Road",
        "addr:postcode": "422009",
        "addr:state": "Maharashtra",
        "amenity": "hospital",
        "name": "Suman Hospital, Nashik",
        "source": "OpenGovernmentData"
      },
      "geometry": {
        "type": "Point",
        "coordinates": [
          73.7674903,
          19.9665045
        ]
      },
      "id": "node/7059172368"
    },
    {
      "type": "Feature",
      "properties": {
        "@id": "node/7063077072",
        "addr:district": "Nashik",
        "addr:full": "Space Cosmos Near Canara Bank Old Agra Road Ashokstambh",
        "addr:postcode": "422002",
        "addr:state": "Maharashtra",
        "amenity": "hospital",
        "name": "Ayush Hospital",
        "source": "OpenGovernmentData"
      },
      "geometry": {
        "type": "Point",
        "coordinates": [
          73.7846504,
          20.0057917
        ]
      },
      "id": "node/7063077072"
    },
    {
      "type": "Feature",
      "properties": {
        "@id": "node/7063805493",
        "addr:city": "Nashik",
        "addr:district": "Nashik",
        "addr:full": "Surya Arcade, 2nd Floor,Opp Nimani Bus Stand",
        "addr:housenumber": "2",
        "addr:postcode": "422003",
        "addr:state": "Maharashtra",
        "addr:street": "Nimani Bus Stand Road",
        "amenity": "hospital",
        "healthcare": "hospital",
        "healthcare:speciality": "general",
        "name": "Surya Multispeciality Hospitals Pvt. Ltd.",
        "source": "OpenGovernmentData"
      },
      "geometry": {
        "type": "Point",
        "coordinates": [
          73.7962657,
          20.0109886
        ]
      },
      "id": "node/7063805493"
    },
    {
      "type": "Feature",
      "properties": {
        "@id": "node/7063808914",
        "addr:district": "Nashik",
        "addr:full": "Bhavik Nagar, Gangapur Road",
        "addr:postcode": "422005",
        "addr:state": "Maharashtra",
        "amenity": "hospital",
        "name": "Vidya Vikas Hospital",
        "source": "OpenGovernmentData"
      },
      "geometry": {
        "type": "Point",
        "coordinates": [
          73.7672261,
          20.0111297
        ]
      },
      "id": "node/7063808914"
    },
    {
      "type": "Feature",
      "properties": {
        "@id": "node/7063909897",
        "addr:district": "Nashik",
        "addr:full": "Behind Prakash Petrol Pump, Govind Nagar, Mumbai - Agra Road",
        "addr:postcode": "422009",
        "addr:state": "Maharashtra",
        "amenity": "hospital",
        "email": "service@karandikarhospital.com",
        "name": "Karandikar Hospital and Research Centre",
        "phone": "0253 247 2076",
        "source": "OpenGovernmentData",
        "website": "http://www.karandikarhospital.com/"
      },
      "geometry": {
        "type": "Point",
        "coordinates": [
          73.7770866,
          19.984284
        ]
      },
      "id": "node/7063909897"
    },
    {
      "type": "Feature",
      "properties": {
        "@id": "node/7063909914",
        "addr:city": "NASHIK",
        "addr:district": "Nashik",
        "addr:full": "'AURUS', 1st Floor, Near Pramod Mahajan Garden, Opposite Dongre Ground, Gangapur Road",
        "addr:postcode": "422002",
        "addr:state": "Maharashtra",
        "amenity": "hospital",
        "email": "kalyanshivam1@gmail.com",
        "healthcare:speciality": "ophthalmology",
        "name": "Shivam Eye Care Center",
        "source": "OpenGovernmentData",
        "website": "http://www.shivameyecarecenter.com/"
      },
      "geometry": {
        "type": "Point",
        "coordinates": [
          73.7738478,
          20.0071079
        ]
      },
      "id": "node/7063909914"
    },
    {
      "type": "Feature",
      "properties": {
        "@id": "node/7064556053",
        "addr:district": "Nashik",
        "addr:full": "Model Colony,Shiva Ji Nagar,Nashik Road",
        "addr:postcode": "422001",
        "addr:state": "Maharashtra",
        "amenity": "clinic",
        "name": "Nirgude Nursing Home",
        "source": "OpenGovernmentData"
      },
      "geometry": {
        "type": "Point",
        "coordinates": [
          73.8417774,
          19.9754329
        ]
      },
      "id": "node/7064556053"
    },
    {
      "type": "Feature",
      "properties": {
        "@id": "node/7065561514",
        "addr:district": "Nashik",
        "addr:full": "Gaikwad Mala,Behind Regimental Cinema",
        "addr:postcode": "422101",
        "addr:state": "Maharashtra",
        "amenity": "clinic",
        "name": "Surya Nursing Home, Nashik",
        "source": "OpenGovernmentData"
      },
      "geometry": {
        "type": "Point",
        "coordinates": [
          73.8358659,
          19.9536198
        ]
      },
      "id": "node/7065561514"
    },
    {
      "type": "Feature",
      "properties": {
        "@id": "node/7066505732",
        "addr:city": "Nashik",
        "addr:district": "Nashik",
        "addr:full": "Castle Rock.Near canada Crnter Signal,Opp Vishwas Bank",
        "addr:postcode": "422005",
        "addr:state": "Maharashtra",
        "addr:street": "MATOSHRI NAGAR.CHURCH ROAD",
        "amenity": "hospital",
        "emergency": "yes",
        "healthcare:speciality": "general",
        "name": "Shreeji Hospital, Nashik",
        "source": "OpenGovernmentData"
      },
      "geometry": {
        "type": "Point",
        "coordinates": [
          73.7799472,
          19.9964383
        ]
      },
      "id": "node/7066505732"
    },
    {
      "type": "Feature",
      "properties": {
        "@id": "node/7066505757",
        "addr:district": "Nashik",
        "addr:full": "Ashirwad Complex Opp Zilha Parishad Near Trimbak Naka",
        "addr:postcode": "422001",
        "addr:state": "Maharashtra",
        "amenity": "hospital",
        "name": "Chiranjeev Hospital, Nashik",
        "source": "OpenGovernmentData"
      },
      "geometry": {
        "type": "Point",
        "coordinates": [
          73.7800531,
          19.9888741
        ]
      },
      "id": "node/7066505757"
    },
    {
      "type": "Feature",
      "properties": {
        "@id": "node/7067133433",
        "addr:district": "Nashik",
        "addr:full": "Krishnai Sankul, Vakil Wadi",
        "addr:postcode": "422001",
        "addr:state": "Maharashtra",
        "amenity": "hospital",
        "name": "Bhaskar Ent Hospital",
        "source": "OpenGovernmentData"
      },
      "geometry": {
        "type": "Point",
        "coordinates": [
          73.780041,
          19.9890228
        ]
      },
      "id": "node/7067133433"
    },
    {
      "type": "Feature",
      "properties": {
        "@id": "node/7067540925",
        "addr:district": "Nashik",
        "addr:full": "S.No-594/2, Plot No -2, Holkar Road, Near Tupsakhre Lawns, Tidke Colony",
        "addr:postcode": "422002",
        "addr:state": "Maharashtra",
        "amenity": "hospital",
        "name": "Dr Lads Navjeevan Hospital Pvt Ltd",
        "source": "OpenGovernmentData"
      },
      "geometry": {
        "type": "Point",
        "coordinates": [
          73.7794456,
          19.9888577
        ]
      },
      "id": "node/7067540925"
    },
    {
      "type": "Feature",
      "properties": {
        "@id": "node/7070136219",
        "addr:district": "Nashik",
        "addr:full": "Ahilyadevi Holkar Marg, Near Mahanagar Bus Stand,Opposite Suyash Hospital, Mumabi Naka",
        "addr:postcode": "422002",
        "addr:state": "Maharashtra",
        "amenity": "hospital",
        "name": "Torne Ent Hospital",
        "source": "OpenGovernmentData"
      },
      "geometry": {
        "type": "Point",
        "coordinates": [
          73.7797118,
          19.9895837
        ]
      },
      "id": "node/7070136219"
    },
    {
      "type": "Feature",
      "properties": {
        "@id": "node/7070157969",
        "addr:district": "Nashik",
        "addr:full": "28, Saptashrungi Colony, Old Gangapur Naka, Behind Khatibs Dairy",
        "addr:postcode": "422013",
        "addr:state": "Maharashtra",
        "amenity": "clinic",
        "name": "Sushil Surgical Nursing Home and Video Endoscopy Centre",
        "source": "OpenGovernmentData"
      },
      "geometry": {
        "type": "Point",
        "coordinates": [
          73.7694624,
          20.0103686
        ]
      },
      "id": "node/7070157969"
    },
    {
      "type": "Feature",
      "properties": {
        "@id": "node/7070361992",
        "addr:district": "Nashik",
        "addr:full": "Runanuvandha,Murkute Colony (New Pandit Colony)",
        "addr:postcode": "422002",
        "addr:state": "Maharashtra",
        "amenity": "clinic",
        "name": "Vidula Nursing Home & Fertility Clinic",
        "source": "OpenGovernmentData"
      },
      "geometry": {
        "type": "Point",
        "coordinates": [
          73.7751614,
          20.0056858
        ]
      },
      "id": "node/7070361992"
    },
    {
      "type": "Feature",
      "properties": {
        "@id": "node/7070517391",
        "addr:district": "Nashik",
        "addr:full": "Parab Nasgar, Opposite Datta Mandir, Indira Nagar",
        "addr:postcode": "422009",
        "addr:state": "Maharashtra",
        "amenity": "hospital",
        "name": "Anand Hospital and Nursing Home",
        "source": "OpenGovernmentData"
      },
      "geometry": {
        "type": "Point",
        "coordinates": [
          73.7866808,
          19.972578
        ]
      },
      "id": "node/7070517391"
    },
    {
      "type": "Feature",
      "properties": {
        "@id": "node/7070668451",
        "addr:city": "Nashik",
        "addr:district": "Nashik",
        "addr:full": "Bhagchand Complex , Dindori Naka Panchvati",
        "addr:housenumber": "3",
        "addr:postcode": "422003",
        "addr:state": "Maharashtra",
        "addr:street": "ITI ambaad road",
        "amenity": "hospital",
        "healthcare:speciality": "general",
        "name": "Sukhakarta Rugnalaya",
        "source": "OpenGovernmentData"
      },
      "geometry": {
        "type": "Point",
        "coordinates": [
          73.7946745,
          20.0118007
        ]
      },
      "id": "node/7070668451"
    },
    {
      "type": "Feature",
      "properties": {
        "@id": "node/7070710004",
        "addr:district": "Nashik",
        "addr:full": "Shirin Patel Colony, Shivaji Road",
        "addr:postcode": "422008",
        "addr:state": "Maharashtra",
        "amenity": "hospital",
        "name": "Ahura Maternity Hospital",
        "source": "OpenGovernmentData"
      },
      "geometry": {
        "type": "Point",
        "coordinates": [
          73.7841891,
          19.9961371
        ]
      },
      "id": "node/7070710004"
    },
    {
      "type": "Feature",
      "properties": {
        "@id": "node/7073687637",
        "addr:district": "Nashik",
        "addr:full": "Citycentre, Opp Sindhi Colony, Jail Road",
        "addr:postcode": "422101",
        "addr:state": "Maharashtra",
        "amenity": "hospital",
        "name": "Criticare Hospital For Children",
        "source": "OpenGovernmentData"
      },
      "geometry": {
        "type": "Point",
        "coordinates": [
          73.8391764,
          19.959247
        ]
      },
      "id": "node/7073687637"
    },
    {
      "type": "Feature",
      "properties": {
        "@id": "node/7073765601",
        "addr:district": "Nashik",
        "addr:full": "Chowk No 5,Govind Nagar Gihind Parkash Petrol Pump Mumbai Naka",
        "addr:postcode": "422009",
        "addr:state": "Maharashtra",
        "amenity": "hospital",
        "name": "Ashwini Accident Multi Speciality Hospital",
        "source": "OpenGovernmentData"
      },
      "geometry": {
        "type": "Point",
        "coordinates": [
          73.7774782,
          19.9870542
        ]
      },
      "id": "node/7073765601"
    },
    {
      "type": "Feature",
      "properties": {
        "@id": "node/7073799784",
        "addr:district": "Nashik",
        "addr:full": "1st Floor Hotel Shangrilla Opposite Somani Garden",
        "addr:postcode": "422101",
        "addr:state": "Maharashtra",
        "amenity": "hospital",
        "healthcare": "hospital",
        "name": "Nashikroad Multispeciality Hospital",
        "source": "OpenGovernmentData"
      },
      "geometry": {
        "type": "Point",
        "coordinates": [
          73.8375691,
          19.9503819
        ]
      },
      "id": "node/7073799784"
    },
    {
      "type": "Feature",
      "properties": {
        "@id": "node/7073893583",
        "addr:district": "Nashik",
        "addr:full": "Takliphata Dwarka",
        "addr:postcode": "422011",
        "addr:state": "Maharashtra",
        "amenity": "clinic",
        "name": "Dr.Sandip A.Kotwal",
        "source": "OpenGovernmentData"
      },
      "geometry": {
        "type": "Point",
        "coordinates": [
          73.8025247,
          19.9952083
        ]
      },
      "id": "node/7073893583"
    },
    {
      "type": "Feature",
      "properties": {
        "@id": "node/7073909325",
        "addr:district": "Nashik",
        "addr:full": "College Road",
        "addr:postcode": "422005",
        "addr:state": "Maharashtra",
        "amenity": "hospital",
        "name": "Vijan Cardiac and Criticare Centre",
        "source": "OpenGovernmentData"
      },
      "geometry": {
        "type": "Point",
        "coordinates": [
          73.7666662,
          20.0052277
        ]
      },
      "id": "node/7073909325"
    },
    {
      "type": "Feature",
      "properties": {
        "@id": "node/7073944672",
        "addr:district": "Nashik",
        "addr:full": "No. 2, Vijay Towers,Canada Corner,Opposite Telephone Exchange,Sharanpuri Road",
        "addr:postcode": "422206",
        "addr:state": "Maharashtra",
        "amenity": "hospital",
        "name": "Panchavati Hospital and Research Centre",
        "source": "OpenGovernmentData"
      },
      "geometry": {
        "type": "Point",
        "coordinates": [
          73.7713855,
          20.0022694
        ]
      },
      "id": "node/7073944672"
    },
    {
      "type": "Feature",
      "properties": {
        "@id": "node/7073949820",
        "addr:district": "Nashik",
        "addr:full": "Kazi Nagar, Opposite Aaiesha Masjid, Wadala Road",
        "addr:postcode": "422007",
        "addr:state": "Maharashtra",
        "amenity": "hospital",
        "name": "New National Hospital",
        "source": "OpenGovernmentData"
      },
      "geometry": {
        "type": "Point",
        "coordinates": [
          73.7942138,
          19.9906108
        ]
      },
      "id": "node/7073949820"
    },
    {
      "type": "Feature",
      "properties": {
        "@id": "node/7075571881",
        "addr:district": "Nashik",
        "addr:full": "Opposite Hotel Sandeep, Mumbai Naka, Mahamarg Bus Stand",
        "addr:postcode": "422002",
        "addr:state": "Maharashtra",
        "amenity": "hospital",
        "email": "unit2@manavatacancercentre.com",
        "name": "Curie Manavata Cancer Centre",
        "source": "OpenGovernmentData",
        "website": "https://www.hcgmanavatacancer.org/"
      },
      "geometry": {
        "type": "Point",
        "coordinates": [
          73.7831658,
          19.9897261
        ]
      },
      "id": "node/7075571881"
    },
    {
      "type": "Feature",
      "properties": {
        "@id": "node/7079665719",
        "addr:district": "Nashik",
        "addr:full": "Shop No1, Radharaman Society,Off Sharanpur Road, Opp Telephone Exchange Canada Corner",
        "addr:postcode": "422002",
        "addr:state": "Maharashtra",
        "amenity": "clinic",
        "name": "Navkar Eye Clinic",
        "source": "OpenGovernmentData"
      },
      "geometry": {
        "type": "Point",
        "coordinates": [
          73.773483,
          20.0022417
        ]
      },
      "id": "node/7079665719"
    },
    {
      "type": "Feature",
      "properties": {
        "@id": "node/7079665751",
        "addr:district": "Nashik",
        "addr:full": "Near Sagar Sweets, Rajmata Jijau Marg, Govind Naga",
        "addr:postcode": "422001",
        "addr:state": "Maharashtra",
        "amenity": "hospital",
        "name": "Janak Hospital, Nashik",
        "source": "OpenGovernmentData"
      },
      "geometry": {
        "type": "Point",
        "coordinates": [
          73.7769464,
          19.9817588
        ]
      },
      "id": "node/7079665751"
    },
    {
      "type": "Feature",
      "properties": {
        "@id": "node/7079665758",
        "addr:city": "Nashik",
        "addr:district": "Nashik",
        "addr:full": "Doctor House",
        "addr:postcode": "422001",
        "addr:state": "Maharashtra",
        "addr:street": "Docotor house, oppoiste civil hospital",
        "amenity": "hospital",
        "emergency": "yes",
        "healthcare:speciality": "gynaecology",
        "name": "Vimal Maternity and General Hosp",
        "source": "OpenGovernmentData"
      },
      "geometry": {
        "type": "Point",
        "coordinates": [
          73.7803482,
          19.9967232
        ]
      },
      "id": "node/7079665758"
    },
    {
      "type": "Feature",
      "properties": {
        "@id": "node/7080205236",
        "addr:district": "Nashik",
        "addr:full": "9, Telephone Exchange Rd, Ashwin Nagar",
        "addr:postcode": "422009",
        "addr:state": "Maharashtra",
        "amenity": "hospital",
        "name": "Sahajeevan General Hospital",
        "source": "OpenGovernmentData"
      },
      "geometry": {
        "type": "Point",
        "coordinates": [
          73.7649067,
          19.9642255
        ]
      },
      "id": "node/7080205236"
    },
    {
      "type": "Feature",
      "properties": {
        "@id": "node/7080205252",
        "addr:district": "Nashik",
        "addr:full": "OppositeKthm College, Gangapur Road",
        "addr:postcode": "422002",
        "addr:state": "Maharashtra",
        "amenity": "hospital",
        "name": "Siddhi Vinayak Hospital, Nashik",
        "source": "OpenGovernmentData"
      },
      "geometry": {
        "type": "Point",
        "coordinates": [
          73.7780187,
          20.0055926
        ]
      },
      "id": "node/7080205252"
    },
    {
      "type": "Feature",
      "properties": {
        "@id": "node/7080205271",
        "addr:district": "Nashik",
        "addr:full": "Nashik",
        "addr:postcode": "422002",
        "addr:state": "Maharashtra",
        "amenity": "hospital",
        "name": "Thakar Hospital",
        "source": "OpenGovernmentData"
      },
      "geometry": {
        "type": "Point",
        "coordinates": [
          73.7818944,
          19.9858682
        ]
      },
      "id": "node/7080205271"
    },
    {
      "type": "Feature",
      "properties": {
        "@id": "node/7081227381",
        "addr:district": "Nashik",
        "addr:full": "Behind Regimental Plaza, Gaikwad Mala Road,Nasik Road",
        "addr:postcode": "422101",
        "addr:state": "Maharashtra",
        "amenity": "hospital",
        "name": "Om Hospital",
        "source": "OpenGovernmentData"
      },
      "geometry": {
        "type": "Point",
        "coordinates": [
          73.8360912,
          19.952762
        ]
      },
      "id": "node/7081227381"
    },
    {
      "type": "Feature",
      "properties": {
        "@id": "node/7081965723",
        "addr:district": "Nashik",
        "addr:full": "Shivajinagar, Satpur, Near Carbon Graphite Company, Near Bus Stand",
        "addr:postcode": "422007",
        "addr:state": "Maharashtra",
        "amenity": "hospital",
        "name": "Dr Gajare Hospital",
        "source": "OpenGovernmentData"
      },
      "geometry": {
        "type": "Point",
        "coordinates": [
          73.7115562,
          20.0066108
        ]
      },
      "id": "node/7081965723"
    },
    {
      "type": "Feature",
      "properties": {
        "@id": "node/7081965751",
        "addr:district": "Nashik",
        "addr:full": "Datta Mandir Stop Near Matwani Factor Nasik Road",
        "addr:postcode": "422006",
        "addr:state": "Maharashtra",
        "amenity": "hospital",
        "name": "Gujarathi Hospital",
        "source": "OpenGovernmentData"
      },
      "geometry": {
        "type": "Point",
        "coordinates": [
          73.8352811,
          19.958432
        ]
      },
      "id": "node/7081965751"
    },
    {
      "type": "Feature",
      "properties": {
        "@id": "node/7082579548",
        "addr:district": "Nashik",
        "addr:full": "Radha Vasudev Batavia Nagar, Govind Nagar",
        "addr:postcode": "422009",
        "addr:state": "Maharashtra",
        "amenity": "doctors",
        "name": "Dr. Satish Patil",
        "source": "OpenGovernmentData"
      },
      "geometry": {
        "type": "Point",
        "coordinates": [
          73.7793678,
          19.9848776
        ]
      },
      "id": "node/7082579548"
    },
    {
      "type": "Feature",
      "properties": {
        "@id": "node/7082579558",
        "addr:district": "NAshik",
        "addr:full": "Jay Plaza, Pelican Park Rd, Swami Vivekanand Nagar, Shri Ram Colony",
        "addr:postcode": "422010",
        "addr:state": "Maharashtra",
        "amenity": "hospital",
        "name": "Vatshalya Maternity Hospital and Infertility Clinic",
        "source": "OpenGovernmentData"
      },
      "geometry": {
        "type": "Point",
        "coordinates": [
          73.7659286,
          19.9646578
        ]
      },
      "id": "node/7082579558"
    },
    {
      "type": "Feature",
      "properties": {
        "@id": "node/7082623473",
        "addr:district": "Nashik",
        "addr:full": "Behind Suyash Hospital, Mumbai Naka, Tidke Colony",
        "addr:postcode": "422001",
        "addr:state": "Maharashtra",
        "amenity": "hospital",
        "name": "Vishwesh Childrens Hospital",
        "source": "OpenGovernmentData"
      },
      "geometry": {
        "type": "Point",
        "coordinates": [
          73.7790459,
          19.9881343
        ]
      },
      "id": "node/7082623473"
    },
    {
      "type": "Feature",
      "properties": {
        "@id": "node/7082650565",
        "addr:district": "Nashik",
        "addr:full": "Upnagar",
        "addr:postcode": "422002",
        "addr:state": "Maharashtra",
        "amenity": "hospital",
        "name": "Shushrusha Hospital, Nashik",
        "source": "OpenGovernmentData"
      },
      "geometry": {
        "type": "Point",
        "coordinates": [
          73.8213068,
          19.9698189
        ]
      },
      "id": "node/7082650565"
    },
    {
      "type": "Feature",
      "properties": {
        "@id": "node/7083324284",
        "addr:city": "Nashik",
        "addr:district": "Nashik",
        "addr:full": "Tilak Wadi, Near Mayor's Bungalow",
        "addr:postcode": "422002",
        "addr:state": "Maharashtra",
        "addr:street": "opposite city pride histel, tilakwadi",
        "amenity": "hospital",
        "emergency": "yes",
        "name": "Dhanvantari Hospital",
        "source": "OpenGovernmentData"
      },
      "geometry": {
        "type": "Point",
        "coordinates": [
          73.7767024,
          19.9984566
        ]
      },
      "id": "node/7083324284"
    },
    {
      "type": "Feature",
      "properties": {
        "@id": "node/7085383682",
        "addr:city": "NASHIK",
        "addr:district": "Nashik",
        "addr:full": "Laxmibai Deore Bhuvan,Near Hrishikesh Hospital, Murkute Colony, Gangapur Road",
        "addr:postcode": "422002",
        "addr:state": "Maharashtra",
        "amenity": "hospital",
        "healthcare:speciality": "paediatrics",
        "name": "Micky Mouse Child Clinic and Hospital",
        "source": "OpenGovernmentData"
      },
      "geometry": {
        "type": "Point",
        "coordinates": [
          73.775268,
          20.0059593
        ]
      },
      "id": "node/7085383682"
    },
    {
      "type": "Feature",
      "properties": {
        "@id": "node/7085685380",
        "addr:district": "Nashik",
        "addr:full": "Opp Muktidham, Hospital Road, Near Hotel Vasco",
        "addr:postcode": "422101",
        "addr:state": "Maharashtra",
        "amenity": "hospital",
        "healthcare": "hospital",
        "name": "Jairam Hospitals and Research Centre Pvt Ltd",
        "source": "OpenGovernmentData"
      },
      "geometry": {
        "type": "Point",
        "coordinates": [
          73.8386245,
          19.95105
        ]
      },
      "id": "node/7085685380"
    },
    {
      "type": "Feature",
      "properties": {
        "@id": "node/7086149989",
        "addr:district": "Nashik",
        "addr:full": "Ashok Stambha, Jayaramkrushan Sankul",
        "addr:postcode": "422006",
        "addr:state": "Maharashtra",
        "amenity": "clinic",
        "name": "Dr. Bhawsar Nursing Home",
        "source": "OpenGovernmentData"
      },
      "geometry": {
        "type": "Point",
        "coordinates": [
          73.7845056,
          20.0081242
        ]
      },
      "id": "node/7086149989"
    },
    {
      "type": "Feature",
      "properties": {
        "@id": "node/7086906890",
        "addr:district": "Nashik",
        "addr:full": "Shree Hari Plaza , Above Hotel Vaibhav, 2nd Floor New Adgaon Naka, Panchvati",
        "addr:postcode": "422003",
        "addr:state": "Maharashtra",
        "amenity": "hospital",
        "name": "Swami Hospital Nasik",
        "source": "OpenGovernmentData"
      },
      "geometry": {
        "type": "Point",
        "coordinates": [
          73.7589361,
          19.9685231
        ]
      },
      "id": "node/7086906890"
    },
    {
      "type": "Feature",
      "properties": {
        "@id": "node/7196513320",
        "addr:city": "Nashik",
        "addr:housenumber": "5, Yadukul Apartment, Opp: Bhosala Military College Anandvalli Shivar",
        "addr:postcode": "422013",
        "addr:street": "Gangapur Rd",
        "name": "SEWAH EDUCATION HUB PVT LTD",
        "office": "educational_institution",
        "opening_hours": "Mo-Fr 09:00-17:00",
        "source": "local knowledge"
      },
      "geometry": {
        "type": "Point",
        "coordinates": [
          73.7534974,
          20.0123251
        ]
      },
      "id": "node/7196513320"
    },
    {
      "type": "Feature",
      "properties": {
        "@id": "node/7229411004",
        "addr:district": "Nashik",
        "addr:full": "Sambhaji Stadium Road, Near Overhead Water Tank, Nashik",
        "addr:postcode": "422010",
        "addr:state": "Maharashtra",
        "amenity": "hospital",
        "name": "NMCH, Cidco",
        "source": "OpenGovernmentData"
      },
      "geometry": {
        "type": "Point",
        "coordinates": [
          73.7622144,
          19.9654705
        ]
      },
      "id": "node/7229411004"
    },
    {
      "type": "Feature",
      "properties": {
        "@id": "node/7229411034",
        "addr:district": "Nashik",
        "addr:full": "Jail Road, Near Panchak School, Nashik",
        "addr:postcode": "422214",
        "addr:state": "Maharashtra",
        "amenity": "hospital",
        "name": "NSKMC Panchak Hospital",
        "source": "OpenGovernmentData"
      },
      "geometry": {
        "type": "Point",
        "coordinates": [
          73.8492727,
          19.9864534
        ]
      },
      "id": "node/7229411034"
    },
    {
      "type": "Feature",
      "properties": {
        "@id": "node/7229411046",
        "addr:district": "Nashik",
        "addr:full": "Mumbai Agra Road, Near Ambad Police Station, Cidco, Nashik",
        "addr:postcode": "422009",
        "addr:state": "Maharashtra",
        "amenity": "hospital",
        "name": "Samarth General Hospital",
        "source": "OpenGovernmentData"
      },
      "geometry": {
        "type": "Point",
        "coordinates": [
          73.7681624,
          19.9673414
        ]
      },
      "id": "node/7229411046"
    },
    {
      "type": "Feature",
      "properties": {
        "@id": "node/7293955238",
        "name": "Sagar Sweets",
        "shop": "confectionery"
      },
      "geometry": {
        "type": "Point",
        "coordinates": [
          73.7694355,
          20.0041745
        ]
      },
      "id": "node/7293955238"
    },
    {
      "type": "Feature",
      "properties": {
        "@id": "node/7293955265",
        "amenity": "bank",
        "name": "Jankalyan Cooperative Bank"
      },
      "geometry": {
        "type": "Point",
        "coordinates": [
          73.7688715,
          20.004499
        ]
      },
      "id": "node/7293955265"
    },
    {
      "type": "Feature",
      "properties": {
        "@id": "node/7293955273",
        "name": "Javed Habib Hair and Beauty Salon",
        "shop": "beauty"
      },
      "geometry": {
        "type": "Point",
        "coordinates": [
          73.7680796,
          20.0039477
        ]
      },
      "id": "node/7293955273"
    },
    {
      "type": "Feature",
      "properties": {
        "@id": "node/7293962000",
        "name": "Gokhale Educational Institution",
        "office": "educational_institution"
      },
      "geometry": {
        "type": "Point",
        "coordinates": [
          73.7621244,
          20.0037971
        ]
      },
      "id": "node/7293962000"
    },
    {
      "type": "Feature",
      "properties": {
        "@id": "node/7561774548",
        "amenity": "place_of_worship",
        "name": "Ram Mandir",
        "religion": "hindu"
      },
      "geometry": {
        "type": "Point",
        "coordinates": [
          73.7519645,
          20.0089855
        ]
      },
      "id": "node/7561774548"
    },
    {
      "type": "Feature",
      "properties": {
        "@id": "node/7649608304",
        "addr:district": "Nashik",
        "addr:full": "Dindori Road, Kalananagar, Mhasrul Gaon, Nashik",
        "addr:postcode": "422004",
        "addr:state": "Maharastra",
        "amenity": "hospital",
        "name": "J & J Accident Nursing Home",
        "source": "Local Knowledge"
      },
      "geometry": {
        "type": "Point",
        "coordinates": [
          73.805987,
          20.041458
        ]
      },
      "id": "node/7649608304"
    },
    {
      "type": "Feature",
      "properties": {
        "@id": "node/7649608306",
        "addr:district": "Nashik",
        "addr:full": "Konark Nagar, Nashik",
        "addr:postcode": "422006",
        "addr:state": "Maharastra",
        "amenity": "clinic",
        "name": "Shatayu Homeopathic Clinic",
        "source": "Local Knowledge"
      },
      "geometry": {
        "type": "Point",
        "coordinates": [
          73.8440066,
          20.0195129
        ]
      },
      "id": "node/7649608306"
    },
    {
      "type": "Feature",
      "properties": {
        "@id": "node/7649608307",
        "addr:district": "Nashik",
        "addr:full": "Shivaji Nagar, Satpur Colony, Nashik",
        "addr:postcode": "422007",
        "addr:state": "Maharastra",
        "amenity": "hospital",
        "name": "Sanjivani Hospital",
        "source": "Local Knowledge"
      },
      "geometry": {
        "type": "Point",
        "coordinates": [
          73.7088611,
          20.0085141
        ]
      },
      "id": "node/7649608307"
    },
    {
      "type": "Feature",
      "properties": {
        "@id": "node/7649608308",
        "addr:district": "Nashik",
        "addr:full": "Shiv Samarth Nagar, Durga Nagar, Sneha Nagar, Nashik",
        "addr:postcode": "422004",
        "addr:state": "Maharastra",
        "amenity": "hospital",
        "name": "Sharda Hospital",
        "source": "Local Knowledge"
      },
      "geometry": {
        "type": "Point",
        "coordinates": [
          73.7953286,
          20.0345512
        ]
      },
      "id": "node/7649608308"
    },
    {
      "type": "Feature",
      "properties": {
        "@id": "node/7649608309",
        "addr:district": "Nashik",
        "addr:full": "Kranti Chowk, Near Jijamata Garden, Gangapur Village, Nashik",
        "addr:postcode": "422003",
        "addr:state": "Maharastra",
        "amenity": "hospital",
        "name": "Sai Hospital",
        "source": "Local Knowledge"
      },
      "geometry": {
        "type": "Point",
        "coordinates": [
          73.7174141,
          20.0323588
        ]
      },
      "id": "node/7649608309"
    },
    {
      "type": "Feature",
      "properties": {
        "@id": "node/7649608311",
        "addr:district": "Nashik",
        "addr:full": "Nashik Road, Nashik",
        "addr:postcode": "422101",
        "addr:state": "Maharastra",
        "amenity": "clinic",
        "name": "Kaivalya Clinic",
        "source": "Local Knowledge"
      },
      "geometry": {
        "type": "Point",
        "coordinates": [
          73.840217,
          19.977303
        ]
      },
      "id": "node/7649608311"
    },
    {
      "type": "Feature",
      "properties": {
        "@id": "node/7649608312",
        "addr:district": "Nashik",
        "addr:full": "Swami Nagar, Makhmalabad Road, Opp. Shanti Nagar, Nashik",
        "addr:postcode": "422003",
        "addr:state": "Maharastra",
        "amenity": "hospital",
        "name": "Nyuninad Metkar Maternity & Nursing Home",
        "source": "Local Knowledge"
      },
      "geometry": {
        "type": "Point",
        "coordinates": [
          73.7788271,
          20.0425526
        ]
      },
      "id": "node/7649608312"
    },
    {
      "type": "Feature",
      "properties": {
        "@id": "node/7649608314",
        "addr:district": "Nashik",
        "addr:full": "Dindori Road, Kalananagar, Vaiduwadi, Sneha Nagar, Nashik",
        "addr:postcode": "422004",
        "addr:state": "Maharastra",
        "amenity": "hospital",
        "name": "Rana Hospital",
        "source": "Local Knowledge"
      },
      "geometry": {
        "type": "Point",
        "coordinates": [
          73.8050454,
          20.0423414
        ]
      },
      "id": "node/7649608314"
    },
    {
      "type": "Feature",
      "properties": {
        "@id": "node/7649608316",
        "addr:district": "Nashik",
        "addr:full": "Vani - Dindori Road, Shivaji Nagar, Mhasrul Gaon, Nashik",
        "addr:postcode": "422003",
        "addr:state": "Maharastra",
        "amenity": "hospital",
        "name": "Sahwas Hospital Private Limited",
        "source": "Local Knowledge"
      },
      "geometry": {
        "type": "Point",
        "coordinates": [
          73.805414,
          20.044371
        ]
      },
      "id": "node/7649608316"
    },
    {
      "type": "Feature",
      "properties": {
        "@id": "node/7649608317",
        "addr:district": "Nashik",
        "addr:full": "Kalananagar, Pokar Colony, Vaiduwadi, Nashik",
        "addr:postcode": "422004",
        "addr:state": "Maharastra",
        "amenity": "hospital",
        "name": "Sakhale Hospital",
        "source": "Local Knowledge"
      },
      "geometry": {
        "type": "Point",
        "coordinates": [
          73.8051461,
          20.0336219
        ]
      },
      "id": "node/7649608317"
    },
    {
      "type": "Feature",
      "properties": {
        "@id": "node/7649608318",
        "addr:district": "Nashik",
        "addr:full": "Hari Bhakti, Artillery Centre Road, Near Jain Mandir, Nashik",
        "addr:postcode": "422101",
        "addr:state": "Maharastra",
        "amenity": "hospital",
        "healthcare": "hospital",
        "name": "Shree Sankalp Hospital",
        "source": "Local Knowledge"
      },
      "geometry": {
        "type": "Point",
        "coordinates": [
          73.834358,
          19.9480032
        ]
      },
      "id": "node/7649608318"
    },
    {
      "type": "Feature",
      "properties": {
        "@id": "node/7649608319",
        "addr:district": "Nashik",
        "addr:full": "Anand Nagar, Behind Muktidham, Nashik Road, Nashik",
        "addr:postcode": "422101",
        "addr:state": "Maharastra",
        "amenity": "hospital",
        "healthcare": "hospital",
        "name": "Jadhav Hospital",
        "source": "Local Knowledge"
      },
      "geometry": {
        "type": "Point",
        "coordinates": [
          73.8306582,
          19.9505453
        ]
      },
      "id": "node/7649608319"
    },
    {
      "type": "Feature",
      "properties": {
        "@id": "node/7649608320",
        "addr:district": "Nashik",
        "addr:full": "Gandharva Nagari, Rosa Colony, Sane Guruji Nagar, Nashik",
        "addr:postcode": "422214",
        "addr:state": "Maharastra",
        "amenity": "hospital",
        "name": "Akshay Hospital",
        "source": "Local Knowledge"
      },
      "geometry": {
        "type": "Point",
        "coordinates": [
          73.833422,
          19.961164
        ]
      },
      "id": "node/7649608320"
    },
    {
      "type": "Feature",
      "properties": {
        "@id": "node/7649608321",
        "addr:district": "Nashik",
        "addr:full": "Ambad Satpur Link Road, XLO Point, Ambedkar Nagar, Sanjeev Nagar, Nashik",
        "addr:postcode": "422007",
        "addr:state": "Maharastra",
        "amenity": "hospital",
        "name": "Venus super Speciality Hospital Limited",
        "source": "Local Knowledge"
      },
      "geometry": {
        "type": "Point",
        "coordinates": [
          73.734193,
          19.963289
        ]
      },
      "id": "node/7649608321"
    },
    {
      "type": "Feature",
      "properties": {
        "@id": "node/7649608322",
        "addr:district": "Nashik",
        "addr:full": "Anandi Heights, Sri Ram Nagar, Behind Jatra Hotel, Nashik",
        "addr:postcode": "422003",
        "addr:state": "Maharastra",
        "amenity": "clinic",
        "name": "Shivtara Clinic",
        "source": "Local Knowledge"
      },
      "geometry": {
        "type": "Point",
        "coordinates": [
          73.8432947,
          20.0193706
        ]
      },
      "id": "node/7649608322"
    },
    {
      "type": "Feature",
      "properties": {
        "@id": "node/7649608323",
        "addr:district": "Nashik",
        "addr:full": "Satguru's, Opp Water Tank, Mahatma Nagar, Nashik",
        "addr:postcode": "422007",
        "addr:state": "Maharastra",
        "amenity": "hospital",
        "name": "Six Sigma Multispeciality & Accidental Hospital",
        "source": "Local Knowledge"
      },
      "geometry": {
        "type": "Point",
        "coordinates": [
          73.7546228,
          20.0003159
        ]
      },
      "id": "node/7649608323"
    },
    {
      "type": "Feature",
      "properties": {
        "@id": "node/7649608324",
        "addr:district": "Nashik",
        "addr:full": "Near Marathi School, Dhurav Nagar, Gangapur, Nashik",
        "addr:postcode": "422007",
        "addr:state": "Maharastra",
        "amenity": "hospital",
        "name": "Dr. Pawar Children's Hospital",
        "source": "Local Knowledge"
      },
      "geometry": {
        "type": "Point",
        "coordinates": [
          73.7180576,
          20.0121678
        ]
      },
      "id": "node/7649608324"
    },
    {
      "type": "Feature",
      "properties": {
        "@id": "node/7649608325",
        "addr:district": "Nashik",
        "addr:full": "Arc Heaven Lam Road, Sansari, Naka, Deolali Camp, Nashik",
        "addr:postcode": "422401",
        "addr:state": "Maharastra",
        "amenity": "hospital",
        "name": "Pragati Health Care Hospital",
        "source": "Local Knowledge"
      },
      "geometry": {
        "type": "Point",
        "coordinates": [
          73.8327094,
          19.9073141
        ]
      },
      "id": "node/7649608325"
    },
    {
      "type": "Feature",
      "properties": {
        "@id": "node/7649608326",
        "addr:district": "Nashik",
        "addr:full": "1st Floor, Kailashdeep, Jail Road, Nashik",
        "addr:postcode": "422101",
        "addr:state": "Maharastra",
        "amenity": "hospital",
        "name": "Mogal Hospital",
        "source": "Local Knowledge"
      },
      "geometry": {
        "type": "Point",
        "coordinates": [
          73.838324,
          19.958211
        ]
      },
      "id": "node/7649608326"
    },
    {
      "type": "Feature",
      "properties": {
        "@id": "node/7649608327",
        "addr:district": "Nashik",
        "addr:full": "Sneha Nagar, Nashik",
        "addr:postcode": "422004",
        "addr:state": "Maharastra",
        "amenity": "hospital",
        "name": "Dr. Varsha Lahade Hospital",
        "source": "Local Knowledge"
      },
      "geometry": {
        "type": "Point",
        "coordinates": [
          73.805017,
          20.041798
        ]
      },
      "id": "node/7649608327"
    },
    {
      "type": "Feature",
      "properties": {
        "@id": "node/7649608329",
        "addr:district": "Nashik",
        "addr:full": "Carbon Naka, Shivaji Nagar, Shramik Nagar, Nashik",
        "addr:postcode": "422007",
        "addr:state": "Maharastra",
        "amenity": "hospital",
        "name": "Sankalp Hospital",
        "source": "Local Knowledge"
      },
      "geometry": {
        "type": "Point",
        "coordinates": [
          73.7111518,
          20.0023416
        ]
      },
      "id": "node/7649608329"
    },
    {
      "type": "Feature",
      "properties": {
        "@id": "node/7649608330",
        "addr:district": "Nashik",
        "addr:full": "Hospital Road, Sneh Bandhan Colony, Gayakhe Colony, Nashik Road, Nashi",
        "addr:postcode": "422214",
        "addr:state": "Maharastra",
        "amenity": "hospital",
        "name": "Omkar Hospital",
        "source": "Local Knowledge"
      },
      "geometry": {
        "type": "Point",
        "coordinates": [
          73.836082,
          19.953202
        ]
      },
      "id": "node/7649608330"
    },
    {
      "type": "Feature",
      "properties": {
        "@id": "node/7649608333",
        "addr:district": "Nashik",
        "addr:full": "Deodarshan Apartment, Near G. D. Somani Garden, Deolali Gaon, Nashik",
        "addr:postcode": "422101",
        "addr:state": "Maharastra",
        "amenity": "hospital",
        "healthcare": "hospital",
        "name": "Sanjeevani Dental and Accident Hospital",
        "source": "Local Knowledge"
      },
      "geometry": {
        "type": "Point",
        "coordinates": [
          73.836886,
          19.950332
        ]
      },
      "id": "node/7649608333"
    },
    {
      "type": "Feature",
      "properties": {
        "@id": "node/7649608334",
        "addr:district": "Nashik",
        "addr:full": "NTPS Colony, Eklahare",
        "addr:postcode": "422105",
        "addr:state": "Maharastra",
        "amenity": "hospital",
        "name": "Dr. Tamboli Hospital",
        "source": "Local Knowledge"
      },
      "geometry": {
        "type": "Point",
        "coordinates": [
          73.8775552,
          19.9741286
        ]
      },
      "id": "node/7649608334"
    },
    {
      "type": "Feature",
      "properties": {
        "@id": "node/7649608335",
        "addr:district": "Nashik",
        "addr:full": "Hari Niwas, First Floor, Opp NMC Ground, Nashik Road, Nashik",
        "addr:postcode": "422101",
        "addr:state": "Maharastra",
        "amenity": "hospital",
        "healthcare": "hospital",
        "name": "Muthal Hospital",
        "source": "Local Knowledge"
      },
      "geometry": {
        "type": "Point",
        "coordinates": [
          73.8325961,
          19.951081
        ]
      },
      "id": "node/7649608335"
    },
    {
      "type": "Feature",
      "properties": {
        "@id": "node/7649608336",
        "addr:district": "Nashik",
        "addr:full": "Shiv Shakti Chowk, Shivaji Nagar, Satpur Colony, Nashik",
        "addr:postcode": "422007",
        "addr:state": "Maharastra",
        "amenity": "hospital",
        "name": "Aai Nursing & Maternity Home",
        "source": "Local Knowledge"
      },
      "geometry": {
        "type": "Point",
        "coordinates": [
          73.7111851,
          20.0089338
        ]
      },
      "id": "node/7649608336"
    },
    {
      "type": "Feature",
      "properties": {
        "@id": "node/7649608337",
        "addr:district": "Nashik",
        "addr:full": "Opp Akash Petrol Pump, Dindori Road, Nashik",
        "addr:postcode": "422004",
        "addr:state": "Maharastra",
        "amenity": "hospital",
        "name": "Samarth Hospital",
        "source": "Local Knowledge"
      },
      "geometry": {
        "type": "Point",
        "coordinates": [
          73.8041443,
          20.0393386
        ]
      },
      "id": "node/7649608337"
    },
    {
      "type": "Feature",
      "properties": {
        "@id": "node/7649608338",
        "addr:district": "Nashik",
        "addr:full": "Ground Floor, Gaikwad Mala Road, Behind Om Hospital, Bytco Point, Nashik",
        "addr:postcode": "422101",
        "addr:state": "Maharastra",
        "amenity": "clinic",
        "name": "Vedant ENT Clinic",
        "source": "Local Knowledge"
      },
      "geometry": {
        "type": "Point",
        "coordinates": [
          73.835473,
          19.952831
        ]
      },
      "id": "node/7649608338"
    },
    {
      "type": "Feature",
      "properties": {
        "@id": "node/7649608340",
        "addr:district": "Nashik",
        "addr:full": "Jail Road, Nashik",
        "addr:postcode": "422006",
        "addr:state": "Maharastra",
        "amenity": "hospital",
        "name": "New Life Hospital",
        "source": "Local Knowledge"
      },
      "geometry": {
        "type": "Point",
        "coordinates": [
          73.8417881,
          19.9762811
        ]
      },
      "id": "node/7649608340"
    },
    {
      "type": "Feature",
      "properties": {
        "@id": "node/7649608342",
        "addr:district": "Nashik",
        "addr:full": "Trimbak Complex, Shahu Maharaj Path, Opp Bytco Hospital, Nashik",
        "addr:postcode": "422002",
        "addr:state": "Maharastra",
        "amenity": "hospital",
        "healthcare": "hospital",
        "name": "Sai Seva Children Hospital",
        "source": "Local Knowledge"
      },
      "geometry": {
        "type": "Point",
        "coordinates": [
          73.8385475,
          19.9502598
        ]
      },
      "id": "node/7649608342"
    },
    {
      "type": "Feature",
      "properties": {
        "@id": "node/7649608344",
        "addr:district": "Nashik",
        "addr:full": "Adgaon, Nashik",
        "addr:postcode": "422203",
        "addr:state": "Maharastra",
        "amenity": "clinic",
        "name": "Venu Clinic",
        "source": "Local Knowledge"
      },
      "geometry": {
        "type": "Point",
        "coordinates": [
          73.8655072,
          20.0337811
        ]
      },
      "id": "node/7649608344"
    },
    {
      "type": "Feature",
      "properties": {
        "@id": "node/7649608345",
        "addr:district": "Nashik",
        "addr:full": "Canal Road, Gosavi Nagar, Upnagar, Nashik",
        "addr:postcode": "422006",
        "addr:state": "Maharastra",
        "amenity": "hospital",
        "name": "Jeevan Jyoti Hospital",
        "source": "Local Knowledge"
      },
      "geometry": {
        "type": "Point",
        "coordinates": [
          73.8337,
          19.970342
        ]
      },
      "id": "node/7649608345"
    },
    {
      "type": "Feature",
      "properties": {
        "@id": "node/7649608347",
        "addr:district": "Nashik",
        "addr:full": "Dindori Road, Near Patni Park, Vaiduwadi, Mhasrul Gaon, Nashik",
        "addr:postcode": "422004",
        "addr:state": "Maharastra",
        "amenity": "hospital",
        "name": "Dr. Sonawane's Seva Hospital",
        "source": "Local Knowledge"
      },
      "geometry": {
        "type": "Point",
        "coordinates": [
          73.8053156,
          20.0460542
        ]
      },
      "id": "node/7649608347"
    },
    {
      "type": "Feature",
      "properties": {
        "@id": "node/7649608348",
        "addr:district": "Nashik",
        "addr:full": "Tip Top Plaza, 2nd floor, XLO Point, Ambedkar Nagar, MIDC Ambad, Nashik",
        "addr:postcode": "422007",
        "addr:state": "Maharastra",
        "amenity": "hospital",
        "name": "Jupiter Multi-Speciality Hospital",
        "source": "Local Knowledge"
      },
      "geometry": {
        "type": "Point",
        "coordinates": [
          73.734859,
          19.962274
        ]
      },
      "id": "node/7649608348"
    },
    {
      "type": "Feature",
      "properties": {
        "@id": "node/7649608349",
        "addr:district": "Nashik",
        "addr:full": "Trambakeshwar Road, Near Papaya Nursery, Ashoknagar, Satpur Colony, Nashik",
        "addr:postcode": "422012",
        "addr:state": "Maharastra",
        "amenity": "hospital",
        "name": "Joshi Nursing Home & Ayurved Chikitsa Kendra",
        "source": "Local Knowledge"
      },
      "geometry": {
        "type": "Point",
        "coordinates": [
          73.7224982,
          19.9865319
        ]
      },
      "id": "node/7649608349"
    },
    {
      "type": "Feature",
      "properties": {
        "@id": "node/7649608350",
        "addr:district": "Nashik",
        "addr:full": "Makhmalabad Road, Vidya Nagar, Panchavati, Nashik",
        "addr:postcode": "422003",
        "addr:state": "Maharastra",
        "amenity": "hospital",
        "name": "Leelavati Hospital",
        "source": "Local Knowledge"
      },
      "geometry": {
        "type": "Point",
        "coordinates": [
          73.7818026,
          20.037304
        ]
      },
      "id": "node/7649608350"
    },
    {
      "type": "Feature",
      "properties": {
        "@id": "node/7649608351",
        "addr:district": "Nashik",
        "addr:full": "Bus Stop, Wagulde Plaza, Dindori Road, Geeta Nagar, Nashik",
        "addr:postcode": "422004",
        "addr:state": "Maharastra",
        "amenity": "hospital",
        "name": "Synergy Hospital & Research Centre",
        "source": "Local Knowledge"
      },
      "geometry": {
        "type": "Point",
        "coordinates": [
          73.804976,
          20.041653
        ]
      },
      "id": "node/7649608351"
    },
    {
      "type": "Feature",
      "properties": {
        "@id": "node/7649608354",
        "addr:district": "Nashik",
        "addr:full": "Dindori Road, Near Reliance Petrol Pump, Swadya Nagar, Mhasrul Gaon, Nashik",
        "addr:postcode": "422004",
        "addr:state": "Maharastra",
        "amenity": "hospital",
        "name": "Lilavati Hospital",
        "source": "Local Knowledge"
      },
      "geometry": {
        "type": "Point",
        "coordinates": [
          73.8032606,
          20.0365177
        ]
      },
      "id": "node/7649608354"
    },
    {
      "type": "Feature",
      "properties": {
        "@id": "node/7649608355",
        "addr:district": "Nashik",
        "addr:full": "Jai Bhavani Road, Gandhi Nagar Airport Area, Nashik Road, Nashik",
        "addr:postcode": "422101",
        "addr:state": "Maharastra",
        "amenity": "hospital",
        "name": "Suman Hospital",
        "source": "Local Knowledge"
      },
      "geometry": {
        "type": "Point",
        "coordinates": [
          73.8237349,
          19.9579069
        ]
      },
      "id": "node/7649608355"
    },
    {
      "type": "Feature",
      "properties": {
        "@id": "node/7649608356",
        "addr:district": "Nashik",
        "addr:full": "Konark Nagar, Nashik",
        "addr:postcode": "422006",
        "addr:state": "Maharastra",
        "amenity": "hospital",
        "name": "Dr. Ahire's Anand Hospital",
        "source": "Local Knowledge"
      },
      "geometry": {
        "type": "Point",
        "coordinates": [
          73.847253,
          20.018936
        ]
      },
      "id": "node/7649608356"
    },
    {
      "type": "Feature",
      "properties": {
        "@id": "node/7649608357",
        "addr:district": "Nashik",
        "addr:full": "Bus Stop, Anandvalli, Nashik",
        "addr:postcode": "422013",
        "addr:state": "Maharastra",
        "amenity": "hospital",
        "name": "Bhosale Multi - Speciality Hospital",
        "source": "Local Knowledge"
      },
      "geometry": {
        "type": "Point",
        "coordinates": [
          73.7480373,
          20.0124785
        ]
      },
      "id": "node/7649608357"
    },
    {
      "type": "Feature",
      "properties": {
        "@id": "node/7649608358",
        "addr:district": "Nashik",
        "addr:full": "Near Mahadev Mandir, Shramik Nagar, Nashik",
        "addr:postcode": "422007",
        "addr:state": "Maharastra",
        "amenity": "hospital",
        "name": "Shree Sai Hospital",
        "source": "Local Knowledge"
      },
      "geometry": {
        "type": "Point",
        "coordinates": [
          73.7064476,
          19.996016
        ]
      },
      "id": "node/7649608358"
    },
    {
      "type": "Feature",
      "properties": {
        "@id": "node/7649608359",
        "addr:district": "Nashik",
        "addr:full": "Amrutdham Road, Near Shani Mandir, Bidi Kamgar Colony, Nashik",
        "addr:postcode": "422003",
        "addr:state": "Maharastra",
        "amenity": "hospital",
        "name": "Vaishali Hospital",
        "source": "Local Knowledge"
      },
      "geometry": {
        "type": "Point",
        "coordinates": [
          73.8261197,
          20.0110022
        ]
      },
      "id": "node/7649608359"
    },
    {
      "type": "Feature",
      "properties": {
        "@id": "node/7649608360",
        "addr:district": "Nashik",
        "addr:full": "Amrutdham Road, Hanuman Nagar, Nashik",
        "addr:postcode": "422003",
        "addr:state": "Maharastra",
        "amenity": "hospital",
        "name": "Anurag Children Hospital",
        "source": "Local Knowledge"
      },
      "geometry": {
        "type": "Point",
        "coordinates": [
          73.826325,
          20.009716
        ]
      },
      "id": "node/7649608360"
    },
    {
      "type": "Feature",
      "properties": {
        "@id": "node/7649608361",
        "addr:district": "Nashik",
        "addr:full": "Balawant Nagar, Anandwalli Shiwar North of Wisdom High School, Gangapur Road, Nashik",
        "addr:postcode": "422013",
        "addr:state": "Maharastra",
        "amenity": "hospital",
        "name": "Aaditya Women's Hospital",
        "source": "Local Knowledge"
      },
      "geometry": {
        "type": "Point",
        "coordinates": [
          73.7395671,
          20.0121645
        ]
      },
      "id": "node/7649608361"
    },
    {
      "type": "Feature",
      "properties": {
        "@id": "node/7649608362",
        "addr:district": "Nashik",
        "addr:full": "Dasak Stop, Jail Road, Nashik Road, Nashik",
        "addr:postcode": "422101",
        "addr:state": "Maharastra",
        "amenity": "hospital",
        "name": "Shree Swami Samarth Hospital",
        "source": "Local Knowledge"
      },
      "geometry": {
        "type": "Point",
        "coordinates": [
          73.8418277,
          19.9756586
        ]
      },
      "id": "node/7649608362"
    },
    {
      "type": "Feature",
      "properties": {
        "@id": "node/7649608363",
        "addr:district": "Nashik",
        "addr:full": "Gulmohar Colony, Anand Nagar, Nashik Road, Nashik",
        "addr:postcode": "422214",
        "addr:state": "Maharastra",
        "amenity": "hospital",
        "healthcare": "hospital",
        "name": "Dr. Rakesh Tiwari Hospital",
        "source": "Local Knowledge"
      },
      "geometry": {
        "type": "Point",
        "coordinates": [
          73.8316399,
          19.9503755
        ]
      },
      "id": "node/7649608363"
    },
    {
      "type": "Feature",
      "properties": {
        "@id": "node/7649608365",
        "addr:district": "Nashik",
        "addr:full": "Anand Nagar, Nashik Road, Nashik",
        "addr:postcode": "422214",
        "addr:state": "Maharastra",
        "amenity": "hospital",
        "healthcare": "hospital",
        "name": "Divya Jyot Hospital",
        "source": "Local Knowledge"
      },
      "geometry": {
        "type": "Point",
        "coordinates": [
          73.8344262,
          19.9477355
        ]
      },
      "id": "node/7649608365"
    },
    {
      "type": "Feature",
      "properties": {
        "@id": "node/7649608366",
        "addr:district": "Nashik",
        "addr:full": "Gaikwad Complex, Above Jalgaon Peoples Bank, Gaikwad Mala Road, Nashik - Pune Road",
        "addr:postcode": "422101",
        "addr:state": "Maharastra",
        "amenity": "hospital",
        "name": "Medicare Multispeciality Hospital",
        "source": "Local Knowledge"
      },
      "geometry": {
        "type": "Point",
        "coordinates": [
          73.835853,
          19.952837
        ]
      },
      "id": "node/7649608366"
    },
    {
      "type": "Feature",
      "properties": {
        "@id": "node/7649608367",
        "addr:district": "Nashik",
        "addr:full": "Artillery Centre Road, Anand Nagar, Nashik",
        "addr:postcode": "422101",
        "addr:state": "Maharastra",
        "amenity": "hospital",
        "healthcare": "hospital",
        "name": "Janki Maternity Home",
        "source": "Local Knowledge"
      },
      "geometry": {
        "type": "Point",
        "coordinates": [
          73.8356664,
          19.9476983
        ]
      },
      "id": "node/7649608367"
    },
    {
      "type": "Feature",
      "properties": {
        "@id": "node/7649608369",
        "addr:district": "Nashik",
        "addr:full": "Bhagwant Complex, Near Nashik Road, Court, Nashik Road, Opposite to Anuradha Thearter",
        "addr:postcode": "422101",
        "addr:state": "Maharastra",
        "amenity": "hospital",
        "healthcare": "hospital",
        "name": "Shree Siddhivinayak Hospital",
        "source": "Local Knowledge"
      },
      "geometry": {
        "type": "Point",
        "coordinates": [
          73.8375857,
          19.9472146
        ]
      },
      "id": "node/7649608369"
    },
    {
      "type": "Feature",
      "properties": {
        "@id": "node/7649608370",
        "addr:district": "Nashik",
        "addr:full": "Anandvalli, Nashik",
        "addr:postcode": "422013",
        "addr:state": "Maharastra",
        "amenity": "hospital",
        "name": "Niramay Hospital",
        "source": "Local Knowledge"
      },
      "geometry": {
        "type": "Point",
        "coordinates": [
          73.748066,
          20.0126765
        ]
      },
      "id": "node/7649608370"
    },
    {
      "type": "Feature",
      "properties": {
        "@id": "node/7649608372",
        "addr:district": "Nashik",
        "addr:full": "Laxmi Varsha Apartment, Jail Road, Opp. Vyapari Bank, Nashik",
        "addr:postcode": "422101",
        "addr:state": "Maharastra",
        "amenity": "hospital",
        "name": "Nandurkar Hospital",
        "source": "Local Knowledge"
      },
      "geometry": {
        "type": "Point",
        "coordinates": [
          73.8408513,
          19.9724377
        ]
      },
      "id": "node/7649608372"
    },
    {
      "type": "Feature",
      "properties": {
        "@id": "node/7649608373",
        "addr:district": "Nashik",
        "addr:full": "Ashok Nagar Road, Balwant Nagar, Ashoknagar, Satpur Colony, Nashik",
        "addr:postcode": "422012",
        "addr:state": "Maharastra",
        "amenity": "hospital",
        "name": "Shaishav Children Hospital",
        "source": "Local Knowledge"
      },
      "geometry": {
        "type": "Point",
        "coordinates": [
          73.7169553,
          19.9897577
        ]
      },
      "id": "node/7649608373"
    },
    {
      "type": "Feature",
      "properties": {
        "@id": "node/7655008771",
        "addr:district": "Nashik",
        "addr:full": "Post Office Road, Tambat Line, Viman Nagar, Ojhar",
        "addr:postcode": "422206",
        "addr:state": "Maharastra",
        "amenity": "clinic",
        "name": "Samarth Clinic",
        "source": "Local Knowledge"
      },
      "geometry": {
        "type": "Point",
        "coordinates": [
          73.9284206,
          20.0958017
        ]
      },
      "id": "node/7655008771"
    },
    {
      "type": "Feature",
      "properties": {
        "@id": "node/7655008774",
        "addr:district": "Nashik",
        "addr:full": "Tambat Line, Khwaja Gharib Nawaz Colony, Nashik",
        "addr:postcode": "422206",
        "addr:state": "Maharastra",
        "amenity": "hospital",
        "name": "Kasliwal Hospital",
        "source": "Local Knowledge"
      },
      "geometry": {
        "type": "Point",
        "coordinates": [
          73.9288938,
          20.0960973
        ]
      },
      "id": "node/7655008774"
    },
    {
      "type": "Feature",
      "properties": {
        "@id": "node/7655008815",
        "addr:district": "Nashik",
        "addr:full": "R.K.Plaza, Saykheda Phata, Ojhar",
        "addr:postcode": "422206",
        "addr:state": "Maharastra",
        "amenity": "hospital",
        "name": "Sai Shree Superspeciality Hospital",
        "source": "Local Knowledge"
      },
      "geometry": {
        "type": "Point",
        "coordinates": [
          73.923543,
          20.088919
        ]
      },
      "id": "node/7655008815"
    },
    {
      "type": "Feature",
      "properties": {
        "@id": "node/7655439012",
        "addr:district": "Nashik",
        "addr:full": "Tilak Wadi Road, Police Staff Colony, Nashik",
        "addr:postcode": "422002",
        "addr:state": "Maharastra",
        "amenity": "hospital",
        "name": "Spandan Hospital",
        "source": "Local Knowledge"
      },
      "geometry": {
        "type": "Point",
        "coordinates": [
          73.7761976,
          19.998867
        ]
      },
      "id": "node/7655439012"
    },
    {
      "type": "Feature",
      "properties": {
        "@id": "node/7655439013",
        "addr:district": "Nashik",
        "addr:full": "Mahatma Gandhi Road, Ambedkar Colony, Raviwar Karanja, Panchavati, Nashik",
        "addr:postcode": "422001",
        "addr:state": "Maharastra",
        "amenity": "clinic",
        "name": "Gogate Clinics",
        "source": "Local Knowledge"
      },
      "geometry": {
        "type": "Point",
        "coordinates": [
          73.787208,
          20.004485
        ]
      },
      "id": "node/7655439013"
    },
    {
      "type": "Feature",
      "properties": {
        "@id": "node/7655439014",
        "addr:district": "Nashik",
        "addr:full": "Near Nursing College, Indira Nagar, Wadala - Pathardi Road, Shraddha Vihar, Nashik",
        "addr:postcode": "422501",
        "addr:state": "Maharastra",
        "amenity": "hospital",
        "name": "Ashirwad Nursing Home",
        "source": "Local Knowledge"
      },
      "geometry": {
        "type": "Point",
        "coordinates": [
          73.781978,
          19.965107
        ]
      },
      "id": "node/7655439014"
    },
    {
      "type": "Feature",
      "properties": {
        "@id": "node/7655439015",
        "addr:district": "Nashik",
        "addr:full": "Maniknagar, Opp Shivstya Ground, Gangapur Road, Nashik",
        "addr:postcode": "422005",
        "addr:state": "Maharastra",
        "amenity": "hospital",
        "name": "Gawale Maternity Hospital",
        "source": "Local Knowledge"
      },
      "geometry": {
        "type": "Point",
        "coordinates": [
          73.7630317,
          20.0119992
        ]
      },
      "id": "node/7655439015"
    },
    {
      "type": "Feature",
      "properties": {
        "@id": "node/7655439016",
        "addr:district": "Nashik",
        "addr:full": "Near Pelican Park, Vijay Nagar Stop, Cidco, Nashik",
        "addr:postcode": "422009",
        "addr:state": "Maharastra",
        "amenity": "hospital",
        "name": "Swami Criticare Hospital",
        "source": "Local Knowledge"
      },
      "geometry": {
        "type": "Point",
        "coordinates": [
          73.759779,
          19.96795
        ]
      },
      "id": "node/7655439016"
    },
    {
      "type": "Feature",
      "properties": {
        "@id": "node/7655439017",
        "addr:district": "Nashik",
        "addr:full": "Pavan Nagar Road, Pavan Nagar Road, Shreeram Nagar, Cidco, Nashik",
        "addr:postcode": "422010",
        "addr:state": "Maharastra",
        "amenity": "hospital",
        "name": "Eshwar Krupa Hospital",
        "source": "Local Knowledge"
      },
      "geometry": {
        "type": "Point",
        "coordinates": [
          73.754374,
          19.9713382
        ]
      },
      "id": "node/7655439017"
    },
    {
      "type": "Feature",
      "properties": {
        "@id": "node/7655439018",
        "addr:district": "Nashik",
        "addr:full": "Arihant polyclinic, Next to Anand laundry, Near Jyoti Book Stores, New Pandit Coloney, Nashik",
        "addr:postcode": "422002",
        "addr:state": "Maharastra",
        "amenity": "hospital",
        "name": "Safafalya Hospital",
        "source": "Local Knowledge"
      },
      "geometry": {
        "type": "Point",
        "coordinates": [
          73.7745358,
          20.0037033
        ]
      },
      "id": "node/7655439018"
    },
    {
      "type": "Feature",
      "properties": {
        "@id": "node/7655439019",
        "addr:district": "Nashik",
        "addr:full": "Kanifnath Nagar, Kishor Nagar, Nashik",
        "addr:postcode": "422009",
        "addr:state": "Maharastra",
        "amenity": "hospital",
        "name": "Bora Hospital",
        "source": "Local Knowledge"
      },
      "geometry": {
        "type": "Point",
        "coordinates": [
          73.7776973,
          19.9679023
        ]
      },
      "id": "node/7655439019"
    },
    {
      "type": "Feature",
      "properties": {
        "@id": "node/7655439020",
        "addr:district": "Nashik",
        "addr:full": "Adgaon Naka, Shree Dwaraka Nagari, Nashik",
        "addr:postcode": "422003",
        "addr:state": "Maharastra",
        "amenity": "hospital",
        "name": "Super Specialist Hospital",
        "source": "Local Knowledge"
      },
      "geometry": {
        "type": "Point",
        "coordinates": [
          73.806428,
          20.009976
        ]
      },
      "id": "node/7655439020"
    },
    {
      "type": "Feature",
      "properties": {
        "@id": "node/7655439021",
        "addr:district": "Nashik",
        "addr:full": "Sheetal Complex, Dwarka-Circal, Nashik - Pune Road, Nashik",
        "addr:postcode": "422011",
        "addr:state": "Maharastra",
        "amenity": "clinic",
        "name": "Unique Clinic",
        "source": "Local Knowledge"
      },
      "geometry": {
        "type": "Point",
        "coordinates": [
          73.797839,
          19.9919185
        ]
      },
      "id": "node/7655439021"
    },
    {
      "type": "Feature",
      "properties": {
        "@id": "node/7655439022",
        "addr:district": "Nashik",
        "addr:full": "Anandi Apartments, Opp Sanket Electricals, Sharanpur Road, Canada Corner, Nashik",
        "addr:postcode": "422002",
        "addr:state": "Maharastra",
        "amenity": "clinic",
        "name": "Skinerella Clinic",
        "source": "Local Knowledge"
      },
      "geometry": {
        "type": "Point",
        "coordinates": [
          73.771177,
          20.001798
        ]
      },
      "id": "node/7655439022"
    },
    {
      "type": "Feature",
      "properties": {
        "@id": "node/7655439023",
        "addr:district": "Nashik",
        "addr:full": "Chandak Circle, Tidke Colony, Nashik",
        "addr:postcode": "422002",
        "addr:state": "Maharastra",
        "amenity": "hospital",
        "name": "Optimus Hospital",
        "source": "Local Knowledge"
      },
      "geometry": {
        "type": "Point",
        "coordinates": [
          73.7757129,
          19.990491
        ]
      },
      "id": "node/7655439023"
    },
    {
      "type": "Feature",
      "properties": {
        "@id": "node/7655439024",
        "addr:district": "Nashik",
        "addr:full": "Near Dudh Bazar, Old Nashik, Nashik",
        "addr:postcode": "422001",
        "addr:state": "Maharastra",
        "amenity": "hospital",
        "name": "Nasim Hospital",
        "source": "Local Knowledge"
      },
      "geometry": {
        "type": "Point",
        "coordinates": [
          73.7895939,
          19.9998084
        ]
      },
      "id": "node/7655439024"
    },
    {
      "type": "Feature",
      "properties": {
        "@id": "node/7655439025",
        "addr:district": "Nashik",
        "addr:full": "Nawale Nagar, Prashant Nagar, Pathardi Phata, Nashik",
        "addr:postcode": "422010",
        "addr:state": "Maharastra",
        "amenity": "clinic",
        "name": "Suyash Eye Clinic",
        "source": "Local Knowledge"
      },
      "geometry": {
        "type": "Point",
        "coordinates": [
          73.759234,
          19.951276
        ]
      },
      "id": "node/7655439025"
    },
    {
      "type": "Feature",
      "properties": {
        "@id": "node/7655439026",
        "addr:district": "Nashik",
        "addr:full": "Kathe Lane, Near Kathe Galli Road, Dwarka, Nashik",
        "addr:postcode": "422011",
        "addr:state": "Maharastra",
        "amenity": "hospital",
        "name": "Naik Hospital",
        "source": "Local Knowledge"
      },
      "geometry": {
        "type": "Point",
        "coordinates": [
          73.800939,
          19.989747
        ]
      },
      "id": "node/7655439026"
    },
    {
      "type": "Feature",
      "properties": {
        "@id": "node/7655439027",
        "addr:district": "Nashik",
        "addr:full": "Gurudwara Road, Near Sandeep Hotel, Shingada Talav, Mumbai Naka, Nashik",
        "addr:postcode": "422011",
        "addr:state": "Maharastra",
        "amenity": "hospital",
        "name": "Vimal Hospital",
        "source": "Local Knowledge"
      },
      "geometry": {
        "type": "Point",
        "coordinates": [
          73.7833378,
          19.9906431
        ]
      },
      "id": "node/7655439027"
    },
    {
      "type": "Feature",
      "properties": {
        "@id": "node/7655439028",
        "addr:district": "Nashik",
        "addr:full": "Thakkar Nagar, Shivaji Nagar, Nashik",
        "addr:postcode": "422005",
        "addr:state": "Maharastra",
        "amenity": "clinic",
        "name": "Jyoti Clinic",
        "source": "Local Knowledge"
      },
      "geometry": {
        "type": "Point",
        "coordinates": [
          73.7760272,
          20.005829
        ]
      },
      "id": "node/7655439028"
    },
    {
      "type": "Feature",
      "properties": {
        "@id": "node/7655439029",
        "addr:district": "Nashik",
        "addr:full": "Mumbai Naka, Matoshree Nagar, Nashik",
        "addr:postcode": "422002",
        "addr:state": "Maharastra",
        "amenity": "hospital",
        "name": "Sonawane Heart Care Hospital",
        "source": "Local Knowledge"
      },
      "geometry": {
        "type": "Point",
        "coordinates": [
          73.7782432,
          19.9913697
        ]
      },
      "id": "node/7655439029"
    },
    {
      "type": "Feature",
      "properties": {
        "@id": "node/7655439030",
        "addr:district": "Nashik",
        "addr:full": "Trambakeshwar Road, Opp. New CBS, Matoshree Nagar, Nashik",
        "addr:postcode": "422002",
        "addr:state": "Maharastra",
        "amenity": "hospital",
        "name": "Dhadiwal Hospital",
        "source": "Local Knowledge"
      },
      "geometry": {
        "type": "Point",
        "coordinates": [
          73.7800892,
          19.9965967
        ]
      },
      "id": "node/7655439030"
    },
    {
      "type": "Feature",
      "properties": {
        "@id": "node/7655439032",
        "addr:district": "Nashik",
        "addr:full": "Shri Hari Narayan Kute Marg, Near Mumbai Naka, Matoshree Nagar, Nashik",
        "addr:postcode": "422002",
        "addr:state": "Maharastra",
        "amenity": "hospital",
        "name": "Vedant Hospital",
        "source": "Local Knowledge"
      },
      "geometry": {
        "type": "Point",
        "coordinates": [
          73.779366,
          19.991552
        ]
      },
      "id": "node/7655439032"
    },
    {
      "type": "Feature",
      "properties": {
        "@id": "node/7655439033",
        "addr:city": "NASHIK",
        "addr:district": "Nashik",
        "addr:full": "Gajanan Annex, Patil Lane Number 1, Near Magnum Hospital, Nashik",
        "addr:postcode": "422005",
        "addr:state": "Maharastra",
        "amenity": "hospital",
        "healthcare:speciality": "gynaecology",
        "name": "Supreme Maternity Hospital and Laproscopy Centre",
        "source": "Local Knowledge"
      },
      "geometry": {
        "type": "Point",
        "coordinates": [
          73.7690497,
          20.0063819
        ]
      },
      "id": "node/7655439033"
    },
    {
      "type": "Feature",
      "properties": {
        "@id": "node/7655439034",
        "addr:district": "Nashik",
        "addr:full": "Surya Avenue, Above State Bank of India, Dnyaneshwar Nagar, Pathardi Phata, Nashik",
        "addr:postcode": "422010",
        "addr:state": "Maharastra",
        "amenity": "hospital",
        "healthcare": "hospital",
        "name": "Saptashrungi Hospital",
        "source": "Local Knowledge"
      },
      "geometry": {
        "type": "Point",
        "coordinates": [
          73.7629399,
          19.9553557
        ]
      },
      "id": "node/7655439034"
    },
    {
      "type": "Feature",
      "properties": {
        "@id": "node/7655439035",
        "addr:district": "Nashik",
        "addr:full": "Agra Highway, Prasanna Colony, Indira Nagar, Behind Surya Hotel, Nashik",
        "addr:postcode": "422009",
        "addr:state": "Maharastra",
        "amenity": "hospital",
        "name": "Shree Yash Hospital",
        "source": "Local Knowledge"
      },
      "geometry": {
        "type": "Point",
        "coordinates": [
          73.7790988,
          19.9772489
        ]
      },
      "id": "node/7655439035"
    },
    {
      "type": "Feature",
      "properties": {
        "@id": "node/7655439036",
        "addr:district": "Nashik",
        "addr:full": "First Floor, Jagir Complex, Opposite Maruti Temple, Kath, Nashik",
        "addr:postcode": "422011",
        "addr:state": "Maharastra",
        "amenity": "hospital",
        "name": "Shraddha Piles Hospital",
        "source": "Local Knowledge"
      },
      "geometry": {
        "type": "Point",
        "coordinates": [
          73.7996295,
          19.9907761
        ]
      },
      "id": "node/7655439036"
    },
    {
      "type": "Feature",
      "properties": {
        "@id": "node/7655439037",
        "addr:district": "Nashik",
        "addr:full": "Near Mahamarg Bus Stand, Next to Tupsakhare Lawns, Mumbai Naka, Tidke Colony, Nashik",
        "addr:postcode": "422002",
        "addr:state": "Maharastra",
        "amenity": "hospital",
        "name": "Nelson Memorial Children's Hospital Private Limited",
        "source": "Local Knowledge"
      },
      "geometry": {
        "type": "Point",
        "coordinates": [
          73.7775347,
          19.9883366
        ]
      },
      "id": "node/7655439037"
    },
    {
      "type": "Feature",
      "properties": {
        "@id": "node/7655439038",
        "addr:district": "Nashik",
        "addr:full": "Suyojit Commercial Complex, Mumbai - Agra National Highway, Govind Nagar, Nashik",
        "addr:postcode": "422001",
        "addr:state": "Maharastra",
        "amenity": "clinic",
        "name": "Apollo Clinic",
        "source": "Local Knowledge"
      },
      "geometry": {
        "type": "Point",
        "coordinates": [
          73.782606,
          19.984628
        ]
      },
      "id": "node/7655439038"
    },
    {
      "type": "Feature",
      "properties": {
        "@id": "node/7655439039",
        "addr:district": "Nashik",
        "addr:full": "Sheetal Avenue, Rajmata Jijau Marg, Govind Nagar, Nashik",
        "addr:postcode": "422009",
        "addr:state": "Maharastra",
        "amenity": "hospital",
        "name": "Aghor Hospital",
        "source": "Local Knowledge"
      },
      "geometry": {
        "type": "Point",
        "coordinates": [
          73.777323,
          19.981183
        ]
      },
      "id": "node/7655439039"
    },
    {
      "type": "Feature",
      "properties": {
        "@id": "node/7655439040",
        "addr:district": "Nashik",
        "addr:full": "Behind Sandeep Hotel, Shri Hari Narayan Kute Marg, Tidke Colony, Nashik",
        "addr:postcode": "422001",
        "addr:state": "Maharastra",
        "amenity": "hospital",
        "name": "Sopan Hospital & Neurology Institute",
        "source": "Local Knowledge"
      },
      "geometry": {
        "type": "Point",
        "coordinates": [
          73.7790415,
          19.9913482
        ]
      },
      "id": "node/7655439040"
    },
    {
      "type": "Feature",
      "properties": {
        "@id": "node/7655439041",
        "addr:city": "Nashik",
        "addr:district": "Nashik",
        "addr:full": "Abhang Nagar, Om Nagar, Nashik",
        "addr:postcode": "422003",
        "addr:state": "Maharastra",
        "addr:street": "Abhang Nagar,Nashik",
        "amenity": "hospital",
        "emergency": "yes",
        "healthcare:speciality": "general",
        "name": "Ahirrao Hospital",
        "operator": "dr.Vijay Ahirrao",
        "operator:type": "private",
        "source": "Local Knowledge"
      },
      "geometry": {
        "type": "Point",
        "coordinates": [
          73.8059734,
          20.0098307
        ]
      },
      "id": "node/7655439041"
    },
    {
      "type": "Feature",
      "properties": {
        "@id": "node/7655439042",
        "addr:district": "Nashik",
        "addr:full": "Sunyan, Behind Tupsakhare Lawn, Mumbai Naka, Tidke Colony, Nashik",
        "addr:postcode": "422002",
        "addr:state": "Maharastra",
        "amenity": "hospital",
        "name": "Mayara Maternity Hospital",
        "source": "Local Knowledge"
      },
      "geometry": {
        "type": "Point",
        "coordinates": [
          73.7786861,
          19.9881764
        ]
      },
      "id": "node/7655439042"
    },
    {
      "type": "Feature",
      "properties": {
        "@id": "node/7655439044",
        "addr:district": "Nashik",
        "addr:full": "Swaminarayan Nagar, Nashik",
        "addr:postcode": "422006",
        "addr:state": "Maharastra",
        "amenity": "clinic",
        "name": "Hope Cancer Clinic",
        "source": "Local Knowledge"
      },
      "geometry": {
        "type": "Point",
        "coordinates": [
          73.8210865,
          20.0077095
        ]
      },
      "id": "node/7655439044"
    },
    {
      "type": "Feature",
      "properties": {
        "@id": "node/7655439045",
        "addr:city": "NASHIK",
        "addr:district": "Nashik",
        "addr:full": "Sharanpur Trimbak Link Road, Near Kaunda Corner, Sanjeevan Colony, Opp. Sant Andrea Church, Nashik",
        "addr:housenumber": "23",
        "addr:postcode": "422005",
        "addr:state": "Maharastra",
        "amenity": "hospital",
        "healthcare:speciality": "ophthalmology",
        "name": "Ramole Eye Hospital",
        "source": "Local Knowledge"
      },
      "geometry": {
        "type": "Point",
        "coordinates": [
          73.768236,
          19.9994333
        ]
      },
      "id": "node/7655439045"
    },
    {
      "type": "Feature",
      "properties": {
        "@id": "node/7655439046",
        "addr:district": "Nashik",
        "addr:full": "Old Pandit Colony, Gangapur Road, Near KTHM College, Police Staff Colony, Nashik",
        "addr:postcode": "422002",
        "addr:state": "Maharastra",
        "amenity": "hospital",
        "name": "Deogaonkar Hospital",
        "source": "Local Knowledge"
      },
      "geometry": {
        "type": "Point",
        "coordinates": [
          73.7778621,
          20.005054
        ]
      },
      "id": "node/7655439046"
    },
    {
      "type": "Feature",
      "properties": {
        "@id": "node/7655439047",
        "addr:district": "Nashik",
        "addr:full": "Chandrahans Apartment, Gangapur Road, Opposite Anand Laundry, New Pandit Colony, Nashik",
        "addr:postcode": "422002",
        "addr:state": "Maharastra",
        "amenity": "hospital",
        "name": "Geetha Children's Hospital",
        "source": "Local Knowledge"
      },
      "geometry": {
        "type": "Point",
        "coordinates": [
          73.7759148,
          20.0049837
        ]
      },
      "id": "node/7655439047"
    },
    {
      "type": "Feature",
      "properties": {
        "@id": "node/7655439048",
        "addr:district": "Nashik",
        "addr:full": "Sheetal Society, Opp. Shankar Nagar, Takli Road, Dwarka, Nashik",
        "addr:postcode": "422011",
        "addr:state": "Maharastra",
        "amenity": "hospital",
        "name": "More Hospital",
        "source": "Local Knowledge"
      },
      "geometry": {
        "type": "Point",
        "coordinates": [
          73.804476,
          19.995133
        ]
      },
      "id": "node/7655439048"
    },
    {
      "type": "Feature",
      "properties": {
        "@id": "node/7655439049",
        "addr:district": "Nashik",
        "addr:full": "Pandit Colony, Nashik",
        "addr:postcode": "422005",
        "addr:state": "Maharastra",
        "amenity": "clinic",
        "name": "Arihant Poly Clinic",
        "source": "Local Knowledge"
      },
      "geometry": {
        "type": "Point",
        "coordinates": [
          73.7762303,
          20.0049027
        ]
      },
      "id": "node/7655439049"
    },
    {
      "type": "Feature",
      "properties": {
        "@id": "node/7655439050",
        "addr:district": "Nashik",
        "addr:full": "Tilak Wadi, Jejurkar Wadi, Sharanpur, Nashik",
        "addr:postcode": "422002",
        "addr:state": "Maharastra",
        "amenity": "clinic",
        "name": "Dr. Sakhla's Chest Care Clinic",
        "source": "Local Knowledge"
      },
      "geometry": {
        "type": "Point",
        "coordinates": [
          73.7755894,
          19.998062
        ]
      },
      "id": "node/7655439050"
    },
    {
      "type": "Feature",
      "properties": {
        "@id": "node/7655439051",
        "addr:city": "NASHIK",
        "addr:district": "Nashik",
        "addr:full": "Hira Ratan, Near Mahalxmi Theater, Aanad Rushji Marg, Dindori Road, Panchavati, Nashik",
        "addr:housenumber": "WARD NO .4",
        "addr:postcode": "422003",
        "addr:state": "Maharastra",
        "addr:street": "NEAR MAHALAXMI THEATRE,ANANAD RUSHI MARG",
        "amenity": "hospital",
        "healthcare:speciality": "general",
        "name": "Chopda Hospital",
        "operator": "DR,ANANAD CHOPDA",
        "operator:type": "private",
        "source": "Local Knowledge"
      },
      "geometry": {
        "type": "Point",
        "coordinates": [
          73.7970225,
          20.0150416
        ]
      },
      "id": "node/7655439051"
    },
    {
      "type": "Feature",
      "properties": {
        "@id": "node/7655439053",
        "addr:district": "Nashik",
        "addr:full": "Gangapur Road, Shramik Nagar, S.T. Colony, Nashik",
        "addr:postcode": "422003",
        "addr:state": "Maharastra",
        "amenity": "hospital",
        "name": "Upadhye Hospital",
        "source": "Local Knowledge"
      },
      "geometry": {
        "type": "Point",
        "coordinates": [
          73.7604501,
          20.0118417
        ]
      },
      "id": "node/7655439053"
    },
    {
      "type": "Feature",
      "properties": {
        "@id": "node/7655439054",
        "addr:district": "Nashik",
        "addr:full": "Shri Krushna Hospital, Happy Home Colony, Gulshan Colony, Nashi",
        "addr:postcode": "422011",
        "addr:state": "Maharastra",
        "amenity": "hospital",
        "name": "Shri Krushna Maternity Hospital",
        "source": "Local Knowledge"
      },
      "geometry": {
        "type": "Point",
        "coordinates": [
          73.7987424,
          19.98369
        ]
      },
      "id": "node/7655439054"
    },
    {
      "type": "Feature",
      "properties": {
        "@id": "node/7655439055",
        "addr:district": "Nashik",
        "addr:full": "Opposite Tupsakhre Lawns, Mumbai Naka, Matoshree Nagar, Nashik",
        "addr:postcode": "422002",
        "addr:state": "Maharastra",
        "amenity": "hospital",
        "name": "Manas Hospital",
        "source": "Local Knowledge"
      },
      "geometry": {
        "type": "Point",
        "coordinates": [
          73.7770275,
          19.9888813
        ]
      },
      "id": "node/7655439055"
    },
    {
      "type": "Feature",
      "properties": {
        "@id": "node/7655439058",
        "addr:district": "Nashik",
        "addr:full": "Anusuya Nagar, Nashik",
        "addr:postcode": "422011",
        "addr:state": "Maharastra",
        "amenity": "hospital",
        "name": "Chetna Hospital",
        "source": "Local Knowledge"
      },
      "geometry": {
        "type": "Point",
        "coordinates": [
          73.809342,
          19.9920722
        ]
      },
      "id": "node/7655439058"
    },
    {
      "type": "Feature",
      "properties": {
        "@id": "node/7655439059",
        "addr:district": "Nashik",
        "addr:full": "Kamatwade Road, Near Bakers Corner, Trimurti Chowk, Durganagar, Nashik",
        "addr:postcode": "422008",
        "addr:state": "Maharastra",
        "amenity": "hospital",
        "name": "Aaditya Children's Hospital",
        "source": "Local Knowledge"
      },
      "geometry": {
        "type": "Point",
        "coordinates": [
          73.7542889,
          19.9829918
        ]
      },
      "id": "node/7655439059"
    },
    {
      "type": "Feature",
      "properties": {
        "@id": "node/7655439060",
        "addr:district": "Nashik",
        "addr:full": "Bus Stop, Uttam Nagar, Nashik",
        "addr:postcode": "422010",
        "addr:state": "Maharastra",
        "amenity": "hospital",
        "name": "Kalpataru Multispeciality Hospital",
        "source": "Local Knowledge"
      },
      "geometry": {
        "type": "Point",
        "coordinates": [
          73.7530445,
          19.9683919
        ]
      },
      "id": "node/7655439060"
    },
    {
      "type": "Feature",
      "properties": {
        "@id": "node/7655439061",
        "addr:district": "Nashik",
        "addr:full": "Pakhal Road, Ashoka Colony, Opposite Kalpana Chawla Medical College, Nashik",
        "addr:postcode": "422006",
        "addr:state": "Maharastra",
        "amenity": "hospital",
        "name": "Shri Hari Hospital",
        "source": "Local Knowledge"
      },
      "geometry": {
        "type": "Point",
        "coordinates": [
          73.797526,
          19.9829152
        ]
      },
      "id": "node/7655439061"
    },
    {
      "type": "Feature",
      "properties": {
        "@id": "node/7655439062",
        "addr:district": "Nashik",
        "addr:full": "Mumbai Naka, Matoshree Nagar, Nashik",
        "addr:postcode": "422002",
        "addr:state": "Maharastra",
        "amenity": "hospital",
        "name": "Saru Hospital",
        "source": "Local Knowledge"
      },
      "geometry": {
        "type": "Point",
        "coordinates": [
          73.7782077,
          19.9881466
        ]
      },
      "id": "node/7655439062"
    },
    {
      "type": "Feature",
      "properties": {
        "@id": "node/7655439063",
        "addr:district": "Nashik",
        "addr:full": "Vakil Wadi, Near Panchvati Heights, Raviwar Karanja, Nashik",
        "addr:postcode": "422001",
        "addr:state": "Maharastra",
        "amenity": "clinic",
        "name": "Barwe Clinic",
        "source": "Local Knowledge"
      },
      "geometry": {
        "type": "Point",
        "coordinates": [
          73.78599,
          20.005383
        ]
      },
      "id": "node/7655439063"
    },
    {
      "type": "Feature",
      "properties": {
        "@id": "node/7655439064",
        "addr:city": "NASHIK",
        "addr:district": "Nashik",
        "addr:full": "Dindori Road, Panchavati, Nashik",
        "addr:housenumber": "2",
        "addr:postcode": "422003",
        "addr:state": "Maharastra",
        "addr:street": "SAMITI COMPLEX,OPPOSITE MAHALAXMITALKIES",
        "amenity": "hospital",
        "emergency": "yes",
        "name": "Sahara Hospital",
        "source": "Local Knowledge"
      },
      "geometry": {
        "type": "Point",
        "coordinates": [
          73.795949,
          20.014527
        ]
      },
      "id": "node/7655439064"
    },
    {
      "type": "Feature",
      "properties": {
        "@id": "node/7655439065",
        "addr:city": "Nashik",
        "addr:district": "Nashik",
        "addr:full": "Hirawadi Road, Shivam Nagar, Abhang Nagar, Om Nagar, Nashik",
        "addr:postcode": "422003",
        "addr:state": "Maharastra",
        "addr:street": "Hirawadi Road",
        "amenity": "clinic",
        "healthcare:speciality": "physiotherapy",
        "name": "Shree Sai Clinic",
        "source": "Local Knowledge"
      },
      "geometry": {
        "type": "Point",
        "coordinates": [
          73.8051931,
          20.0124948
        ]
      },
      "id": "node/7655439065"
    },
    {
      "type": "Feature",
      "properties": {
        "@id": "node/7655439066",
        "addr:district": "Nashik",
        "addr:full": "Pelican Park Road, Cidco College, Uttam Nagar, Nashik",
        "addr:postcode": "422009",
        "addr:state": "Maharastra",
        "amenity": "hospital",
        "name": "Tirupati Hospital",
        "source": "Local Knowledge"
      },
      "geometry": {
        "type": "Point",
        "coordinates": [
          73.754789,
          19.969313
        ]
      },
      "id": "node/7655439066"
    },
    {
      "type": "Feature",
      "properties": {
        "@id": "node/7655439067",
        "addr:district": "Nashik",
        "addr:full": "College Road, Adwait Colony, Canada Corner, Nashik",
        "addr:postcode": "422005",
        "addr:state": "Maharastra",
        "amenity": "hospital",
        "name": "Shraddha Hospital And Maternity Home",
        "source": "Local Knowledge"
      },
      "geometry": {
        "type": "Point",
        "coordinates": [
          73.7697917,
          20.0030284
        ]
      },
      "id": "node/7655439067"
    },
    {
      "type": "Feature",
      "properties": {
        "@id": "node/7655439068",
        "addr:district": "Nashik",
        "addr:full": "Manik Nagar, Nashik",
        "addr:postcode": "422005",
        "addr:state": "Maharastra",
        "amenity": "hospital",
        "name": "Dr. Joshi Hospital",
        "source": "Local Knowledge"
      },
      "geometry": {
        "type": "Point",
        "coordinates": [
          73.7630754,
          20.0128514
        ]
      },
      "id": "node/7655439068"
    },
    {
      "type": "Feature",
      "properties": {
        "@id": "node/7655439069",
        "addr:district": "Nashik",
        "addr:full": "Mumbai Naka, Matoshree Nagar, Nashik",
        "addr:postcode": "422002",
        "addr:state": "Maharastra",
        "amenity": "hospital",
        "name": "Rainbow Hospital",
        "source": "Local Knowledge"
      },
      "geometry": {
        "type": "Point",
        "coordinates": [
          73.780092,
          19.991668
        ]
      },
      "id": "node/7655439069"
    },
    {
      "type": "Feature",
      "properties": {
        "@id": "node/7655439070",
        "addr:district": "Nashik",
        "addr:full": "3rd Floor, V square Building, Old Agra Road, Mumbai Naka, Near Kalika Mata Temple, Beside Sandip Hotel",
        "addr:postcode": "422001",
        "addr:state": "Maharastra",
        "amenity": "clinic",
        "name": "Relief Gastro Care Clinic",
        "source": "Local Knowledge"
      },
      "geometry": {
        "type": "Point",
        "coordinates": [
          73.7824463,
          19.9906387
        ]
      },
      "id": "node/7655439070"
    },
    {
      "type": "Feature",
      "properties": {
        "@id": "node/7655439071",
        "addr:district": "Nashik",
        "addr:full": "Savarkar Chowk, Near Shri Swami Samarth Kendra, Indira Nagar, Nashik",
        "addr:postcode": "422009",
        "addr:state": "Maharastra",
        "amenity": "hospital",
        "name": "Shivom Hospital",
        "source": "Local Knowledge"
      },
      "geometry": {
        "type": "Point",
        "coordinates": [
          73.7863675,
          19.9721205
        ]
      },
      "id": "node/7655439071"
    },
    {
      "type": "Feature",
      "properties": {
        "@id": "node/7655439072",
        "addr:district": "Nashik",
        "addr:full": "Chetana Nagar, Rane Nagar, Nashi",
        "addr:postcode": "422501",
        "addr:state": "Maharastra",
        "amenity": "hospital",
        "name": "Shree Hospital",
        "source": "Local Knowledge"
      },
      "geometry": {
        "type": "Point",
        "coordinates": [
          73.7698069,
          19.9642261
        ]
      },
      "id": "node/7655439072"
    },
    {
      "type": "Feature",
      "properties": {
        "@id": "node/7655439073",
        "addr:district": "Nashik",
        "addr:full": "Govind Nagar Road, Govind Nagar, Nashik",
        "addr:postcode": "422009",
        "addr:state": "Maharastra",
        "amenity": "hospital",
        "name": "Navkar Hospital",
        "source": "Local Knowledge"
      },
      "geometry": {
        "type": "Point",
        "coordinates": [
          73.7794441,
          19.9825454
        ]
      },
      "id": "node/7655439073"
    },
    {
      "type": "Feature",
      "properties": {
        "@id": "node/7655439074",
        "addr:district": "Nashik",
        "addr:full": "Turning Point Building, Sharanpur Road, Opposite Telecom Office, Canada Corner, Nashik",
        "addr:postcode": "422005",
        "addr:state": "Maharastra",
        "amenity": "hospital",
        "name": "Chaitanya Hospital & Research Centre Private limited",
        "source": "Local Knowledge"
      },
      "geometry": {
        "type": "Point",
        "coordinates": [
          73.7714078,
          20.0025596
        ]
      },
      "id": "node/7655439074"
    },
    {
      "type": "Feature",
      "properties": {
        "@id": "node/7655439075",
        "addr:district": "Nashik",
        "addr:full": "College Road, Near Suman Hospital, Ramdas Colony, Nashik",
        "addr:postcode": "422005",
        "addr:state": "Maharastra",
        "amenity": "hospital",
        "name": "Suman Symphony Hospital",
        "source": "Local Knowledge"
      },
      "geometry": {
        "type": "Point",
        "coordinates": [
          73.7647239,
          20.0054694
        ]
      },
      "id": "node/7655439075"
    },
    {
      "type": "Feature",
      "properties": {
        "@id": "node/7655439076",
        "addr:district": "Nashik",
        "addr:full": "College Road, Kalpana Nagar, Krishi Nagar, Nashik",
        "addr:postcode": "422005",
        "addr:state": "Maharastra",
        "amenity": "hospital",
        "name": "Baste Maternity Hospital",
        "source": "Local Knowledge"
      },
      "geometry": {
        "type": "Point",
        "coordinates": [
          73.7584626,
          20.007263
        ]
      },
      "id": "node/7655439076"
    },
    {
      "type": "Feature",
      "properties": {
        "@id": "node/7655439077",
        "addr:district": "Nashik",
        "addr:full": "Shri Hari Narayan Kute Marg, Near Baba Dargah, Mumbai Naka, Tidke Colony, Nashik",
        "addr:postcode": "422002",
        "addr:state": "Maharastra",
        "amenity": "hospital",
        "name": "Wellcare Hospital",
        "source": "Local Knowledge"
      },
      "geometry": {
        "type": "Point",
        "coordinates": [
          73.778253,
          19.9913382
        ]
      },
      "id": "node/7655439077"
    },
    {
      "type": "Feature",
      "properties": {
        "@id": "node/7655439078",
        "addr:city": "Nashik",
        "addr:district": "Nashik",
        "addr:full": "Aashish Apartment, Hirawadi Road, Saraswati Nagar, Shree Dwaraka Nagari, Nashik",
        "addr:postcode": "422003",
        "addr:state": "Maharastra",
        "addr:street": "Ashish Apartment,Saraswati Nagar",
        "amenity": "clinic",
        "healthcare:speciality": "general",
        "name": "Spandan Clinic",
        "operator": "Dr.sandeep Gawali",
        "operator:type": "private",
        "source": "Local Knowledge"
      },
      "geometry": {
        "type": "Point",
        "coordinates": [
          73.8040552,
          20.0110743
        ]
      },
      "id": "node/7655439078"
    },
    {
      "type": "Feature",
      "properties": {
        "@id": "node/7655439079",
        "addr:district": "Nashik",
        "addr:full": "Mumbai Naka, Govind Nagar, Nashik",
        "addr:postcode": "422009",
        "addr:state": "Maharastra",
        "amenity": "hospital",
        "name": "Sankalecha Hospital",
        "source": "Local Knowledge"
      },
      "geometry": {
        "type": "Point",
        "coordinates": [
          73.7809527,
          19.9834961
        ]
      },
      "id": "node/7655439079"
    },
    {
      "type": "Feature",
      "properties": {
        "@id": "node/7655439080",
        "addr:district": "Nashik",
        "addr:full": "Near Rashtravadi Bhavan, Bhabha Nagar Road, Opp. Shivam Auto Showroom, Nashik",
        "addr:postcode": "422011",
        "addr:state": "Maharastra",
        "amenity": "hospital",
        "name": "Fortune Multispeciality Hospital and Research Centre",
        "source": "Local Knowledge"
      },
      "geometry": {
        "type": "Point",
        "coordinates": [
          73.785933,
          19.987582
        ]
      },
      "id": "node/7655439080"
    },
    {
      "type": "Feature",
      "properties": {
        "@id": "node/7655439081",
        "addr:district": "Nashik",
        "addr:full": "City Plaza Third Floor, Old Agra Road, Opposite Kalika Mandir, Nashik",
        "addr:postcode": "422001",
        "addr:state": "Maharastra",
        "amenity": "hospital",
        "name": "Kilbil Children Hospital",
        "source": "Local Knowledge"
      },
      "geometry": {
        "type": "Point",
        "coordinates": [
          73.783488,
          19.991184
        ]
      },
      "id": "node/7655439081"
    },
    {
      "type": "Feature",
      "properties": {
        "@id": "node/7655439082",
        "addr:district": "Nashik",
        "addr:full": "Sawata Mali Road, Parab Nagar, Nashik",
        "addr:postcode": "422209",
        "addr:state": "Maharastra",
        "amenity": "hospital",
        "name": "Ashoka Medicover Hospitals",
        "source": "Local Knowledge"
      },
      "geometry": {
        "type": "Point",
        "coordinates": [
          73.791407,
          19.973565
        ]
      },
      "id": "node/7655439082"
    },
    {
      "type": "Feature",
      "properties": {
        "@id": "node/7655439083",
        "addr:city": "Nashik",
        "addr:district": "Nashik",
        "addr:full": "Panchavati Road, Near Old Adgon Naka, Abhang Nagar, Shree Dwaraka Nagari, Nashik",
        "addr:postcode": "422003",
        "addr:state": "Maharastra",
        "addr:street": "Panchavti road",
        "amenity": "hospital",
        "emergency": "yes",
        "healthcare:speciality": "general",
        "name": "Sai Seva Superspeciality Hospital",
        "source": "Local Knowledge"
      },
      "geometry": {
        "type": "Point",
        "coordinates": [
          73.8058064,
          20.0098222
        ]
      },
      "id": "node/7655439083"
    },
    {
      "type": "Feature",
      "properties": {
        "@id": "node/7655439084",
        "addr:district": "Nashik",
        "addr:full": "Parab Nagar, Indira Nagar, Nashik",
        "addr:postcode": "422009",
        "addr:state": "Maharastra",
        "amenity": "hospital",
        "name": "M H Pawar Hospital",
        "source": "Local Knowledge"
      },
      "geometry": {
        "type": "Point",
        "coordinates": [
          73.7866612,
          19.9725945
        ]
      },
      "id": "node/7655439084"
    },
    {
      "type": "Feature",
      "properties": {
        "@id": "node/7655439085",
        "addr:district": "Nashik",
        "addr:full": "Krushwari Apartment, Kathe Line, Dwarka, Nashik",
        "addr:postcode": "422011",
        "addr:state": "Maharastra",
        "amenity": "clinic",
        "name": "Homeopathic Clinic",
        "source": "Local Knowledge"
      },
      "geometry": {
        "type": "Point",
        "coordinates": [
          73.8047207,
          19.99274
        ]
      },
      "id": "node/7655439085"
    },
    {
      "type": "Feature",
      "properties": {
        "@id": "node/7655439086",
        "addr:district": "Nashik",
        "addr:full": "College Road, Opp. B.Y.K. College, Near Yog Vidyadham, Nashik",
        "addr:postcode": "422005",
        "addr:state": "Maharastra",
        "amenity": "hospital",
        "name": "Kaushalya Hospital",
        "source": "Local Knowledge"
      },
      "geometry": {
        "type": "Point",
        "coordinates": [
          73.7627884,
          20.006876
        ]
      },
      "id": "node/7655439086"
    },
    {
      "type": "Feature",
      "properties": {
        "@id": "node/7655439088",
        "addr:district": "Nashik",
        "addr:full": "Shravan Sector, Uttamnagar, Cidco, Nashik",
        "addr:postcode": "422009",
        "addr:state": "Maharastra",
        "amenity": "hospital",
        "name": "Dr. Darade Hospital",
        "source": "Local Knowledge"
      },
      "geometry": {
        "type": "Point",
        "coordinates": [
          73.7553655,
          19.9691554
        ]
      },
      "id": "node/7655439088"
    },
    {
      "type": "Feature",
      "properties": {
        "@id": "node/7655439089",
        "addr:district": "Nashik",
        "addr:full": "Gangapur Road, Thatte Nagar, Nashik",
        "addr:postcode": "422005",
        "addr:state": "Maharastra",
        "amenity": "hospital",
        "name": "NIMS Hospital",
        "source": "Local Knowledge"
      },
      "geometry": {
        "type": "Point",
        "coordinates": [
          73.7637039,
          20.0097601
        ]
      },
      "id": "node/7655439089"
    },
    {
      "type": "Feature",
      "properties": {
        "@id": "node/7655439090",
        "addr:district": "Nashik",
        "addr:full": "Trimurti-Kamatwade Road, Durganagar, Nashik",
        "addr:postcode": "422008",
        "addr:state": "Maharastra",
        "amenity": "hospital",
        "name": "Dr. Shyam Chaudhari Children Hospital",
        "source": "Local Knowledge"
      },
      "geometry": {
        "type": "Point",
        "coordinates": [
          73.7551263,
          19.981838
        ]
      },
      "id": "node/7655439090"
    },
    {
      "type": "Feature",
      "properties": {
        "@id": "node/7655439091",
        "addr:city": "nashik",
        "addr:district": "Nashik",
        "addr:full": "Dolly House, College Road, Vise Mala, Nashik",
        "addr:postcode": "422005",
        "addr:state": "Maharastra",
        "amenity": "hospital",
        "healthcare:speciality": "gynaecology",
        "name": "Malpani Maternity Hospital",
        "source": "Local Knowledge"
      },
      "geometry": {
        "type": "Point",
        "coordinates": [
          73.7667513,
          20.0041732
        ]
      },
      "id": "node/7655439091"
    },
    {
      "type": "Feature",
      "properties": {
        "@id": "node/7655439092",
        "addr:district": "Nashik",
        "addr:full": "Lingayat Colony, Nashik - Pune Road, Behind Hotel Siddharth, Nashik",
        "addr:postcode": "422011",
        "addr:state": "Maharastra",
        "amenity": "hospital",
        "name": "Gondhale Hospital ENT, Eye & Maternity Home",
        "source": "Local Knowledge"
      },
      "geometry": {
        "type": "Point",
        "coordinates": [
          73.801884,
          19.984143
        ]
      },
      "id": "node/7655439092"
    },
    {
      "type": "Feature",
      "properties": {
        "@id": "node/7655439093",
        "addr:district": "Nashik",
        "addr:full": "Ambad-Trimurti Chowk Link Road, Lokmanya Nagar, Pawan Nagar, Nashik",
        "addr:postcode": "422007",
        "addr:state": "Maharastra",
        "amenity": "hospital",
        "name": "Ishwar Krupa Maternity Hospital",
        "source": "Local Knowledge"
      },
      "geometry": {
        "type": "Point",
        "coordinates": [
          73.7544991,
          19.9716262
        ]
      },
      "id": "node/7655439093"
    },
    {
      "type": "Feature",
      "properties": {
        "@id": "node/7655439094",
        "addr:city": "Nashik",
        "addr:district": "Nashik",
        "addr:full": "Sharanpur Road, Behind Kulkarni Garden, Racca Colony, Jejurkar Wadi, Kulkarni Colony, Nashik",
        "addr:postcode": "422002",
        "addr:state": "Maharastra",
        "addr:street": "sharanpur road, near Racca colony,jejurkar wadi",
        "amenity": "hospital",
        "emergency": "yes",
        "healthcare:speciality": "general",
        "name": "Mehta Hospital",
        "operator": "Dr.RANJIT MEHTA",
        "operator:type": "private",
        "source": "Local Knowledge"
      },
      "geometry": {
        "type": "Point",
        "coordinates": [
          73.7728538,
          20.0003009
        ]
      },
      "id": "node/7655439094"
    },
    {
      "type": "Feature",
      "properties": {
        "@id": "node/7655439095",
        "addr:city": "Nashik",
        "addr:district": "Nashik",
        "addr:full": "Janki Vilas Apartment, Vise Mala, Adwait Colony, Canada Corner, Nashik",
        "addr:postcode": "422005",
        "addr:state": "Maharastra",
        "amenity": "hospital",
        "name": "Little Angels Child Clinic",
        "source": "Local Knowledge"
      },
      "geometry": {
        "type": "Point",
        "coordinates": [
          73.7695214,
          20.0031065
        ]
      },
      "id": "node/7655439095"
    },
    {
      "type": "Feature",
      "properties": {
        "@id": "node/7655439096",
        "addr:district": "Nashik",
        "addr:full": "Dwarka, Nashik",
        "addr:postcode": "422011",
        "addr:state": "Maharastra",
        "amenity": "hospital",
        "name": "Yash Hospital",
        "source": "Local Knowledge"
      },
      "geometry": {
        "type": "Point",
        "coordinates": [
          73.803426,
          19.995506
        ]
      },
      "id": "node/7655439096"
    },
    {
      "type": "Feature",
      "properties": {
        "@id": "node/7655439097",
        "addr:city": "NASHIK",
        "addr:district": "Nashik",
        "addr:full": "Gangapur Road, Murkute Colony, Thakkar Nagar, New Pandit Colony, Nashik",
        "addr:postcode": "422002",
        "addr:state": "Maharastra",
        "amenity": "hospital",
        "emergency": "yes",
        "healthcare:speciality": "general",
        "name": "Apex Wellness Rishikesh Hospital",
        "source": "Local Knowledge"
      },
      "geometry": {
        "type": "Point",
        "coordinates": [
          73.7757959,
          20.0058578
        ]
      },
      "id": "node/7655439097"
    },
    {
      "type": "Feature",
      "properties": {
        "@id": "node/7655439098",
        "addr:district": "Nashik",
        "addr:full": "Rana Pratap Chowk, New Cidco, Nashik",
        "addr:postcode": "422009",
        "addr:state": "Maharastra",
        "amenity": "hospital",
        "name": "Snehal Hospital",
        "source": "Local Knowledge"
      },
      "geometry": {
        "type": "Point",
        "coordinates": [
          73.7668554,
          19.9730585
        ]
      },
      "id": "node/7655439098"
    },
    {
      "type": "Feature",
      "properties": {
        "@id": "node/7655439099",
        "addr:district": "Nashik",
        "addr:full": "Samarth Heights, Tapovan, Link Road, Near Jay Shankar Lawns, Dwarka, Nashik",
        "addr:postcode": "422011",
        "addr:state": "Maharastra",
        "amenity": "hospital",
        "name": "Dr. Kadale Baba Hospital",
        "source": "Local Knowledge"
      },
      "geometry": {
        "type": "Point",
        "coordinates": [
          73.8096141,
          19.9935639
        ]
      },
      "id": "node/7655439099"
    },
    {
      "type": "Feature",
      "properties": {
        "@id": "node/7655439100",
        "addr:district": "Nashik",
        "addr:full": "Ground Floor, Indira Heights, Old Gangapur Naka, Next to Pramod Mahajan Garden, Nashik",
        "addr:postcode": "422005",
        "addr:state": "Maharastra",
        "amenity": "clinic",
        "name": "Panacea Clinic",
        "source": "Local Knowledge"
      },
      "geometry": {
        "type": "Point",
        "coordinates": [
          73.7718117,
          20.0074187
        ]
      },
      "id": "node/7655439100"
    },
    {
      "type": "Feature",
      "properties": {
        "@id": "node/7655439101",
        "addr:district": "Nashik",
        "addr:full": "Wadala - Pathardi Road, Near Bapu Bunglow, Kala Nagar, Indira Nagar, Nashik",
        "addr:postcode": "422009",
        "addr:state": "Maharastra",
        "amenity": "hospital",
        "name": "Shatayushi Hospital",
        "source": "Local Knowledge"
      },
      "geometry": {
        "type": "Point",
        "coordinates": [
          73.7864378,
          19.9740591
        ]
      },
      "id": "node/7655439101"
    },
    {
      "type": "Feature",
      "properties": {
        "@id": "node/7655439102",
        "addr:district": "Nashik",
        "addr:full": "Shri Hari Narayan Kute Marg, Mumbai Naka, Matoshree Nagar, Nashik",
        "addr:postcode": "422002",
        "addr:state": "Maharastra",
        "amenity": "hospital",
        "name": "Prapti Women's Hospital",
        "source": "Local Knowledge"
      },
      "geometry": {
        "type": "Point",
        "coordinates": [
          73.7778731,
          19.9882727
        ]
      },
      "id": "node/7655439102"
    },
    {
      "type": "Feature",
      "properties": {
        "@id": "node/7655439103",
        "addr:district": "Nashik",
        "addr:full": "Ashoka Marg, Kalpataru Nagar, Nashik",
        "addr:postcode": "422011",
        "addr:state": "Maharastra",
        "amenity": "clinic",
        "name": "Shivsmit Clinic",
        "source": "Local Knowledge"
      },
      "geometry": {
        "type": "Point",
        "coordinates": [
          73.8032255,
          19.9799283
        ]
      },
      "id": "node/7655439103"
    },
    {
      "type": "Feature",
      "properties": {
        "@id": "node/7655439104",
        "addr:district": "Nashik",
        "addr:full": "Bus Stop, Near Sakal Cinema, Ashok Stambh Circle, Gole Colony, Nashik",
        "addr:postcode": "422001",
        "addr:state": "Maharastra",
        "amenity": "hospital",
        "name": "Leelavati Hospital & Research Centre",
        "source": "Local Knowledge"
      },
      "geometry": {
        "type": "Point",
        "coordinates": [
          73.7964361,
          20.0109153
        ]
      },
      "id": "node/7655439104"
    },
    {
      "type": "Feature",
      "properties": {
        "@id": "node/7655439105",
        "addr:district": "Nashik",
        "addr:full": "Saibaba Nagar, Cidco, Nashik",
        "addr:postcode": "422010",
        "addr:state": "Maharastra",
        "amenity": "hospital",
        "name": "Nitin Hospital and Medical",
        "source": "Local Knowledge"
      },
      "geometry": {
        "type": "Point",
        "coordinates": [
          73.7592265,
          19.9684731
        ]
      },
      "id": "node/7655439105"
    },
    {
      "type": "Feature",
      "properties": {
        "@id": "node/7655439106",
        "addr:district": "Nashik",
        "addr:full": "Anshumali Tower, Godavari Colony HPT, College Road, Behind Big Bazar, Nashik",
        "addr:postcode": "422005",
        "addr:state": "Maharastra",
        "amenity": "hospital",
        "name": "Nivedita Maternity Home",
        "source": "Local Knowledge"
      },
      "geometry": {
        "type": "Point",
        "coordinates": [
          73.7647602,
          20.0040129
        ]
      },
      "id": "node/7655439106"
    },
    {
      "type": "Feature",
      "properties": {
        "@id": "node/7803683209",
        "addr:city": "nashik",
        "addr:housenumber": "14",
        "addr:postcode": "422003",
        "addr:street": "vijaynagar colony",
        "name": "Majithia Villa",
        "tourism": "hotel"
      },
      "geometry": {
        "type": "Point",
        "coordinates": [
          73.8114171,
          20.0135887
        ]
      },
      "id": "node/7803683209"
    },
    {
      "type": "Feature",
      "properties": {
        "@id": "node/7852745762",
        "amenity": "restaurant",
        "name": "Samradni Caterers"
      },
      "geometry": {
        "type": "Point",
        "coordinates": [
          73.7831107,
          19.9804076
        ]
      },
      "id": "node/7852745762"
    },
    {
      "type": "Feature",
      "properties": {
        "@id": "node/7992787615",
        "addr:city": "Nasik",
        "addr:housenumber": "301",
        "addr:postcode": "422013",
        "addr:street": "Carnation Apartment, Serene Meadows, Gangapur Road",
        "amenity": "restaurant",
        "cuisine": "regional;पोळी_भाजी",
        "name": "Nasik Tiffins",
        "name:hi": "नाशिक टिफिन्स",
        "phone": "+91-91-1234-00-50",
        "website": "https://www.nasiktiffins.com/"
      },
      "geometry": {
        "type": "Point",
        "coordinates": [
          73.7350917,
          20.0101404
        ]
      },
      "id": "node/7992787615"
    },
    {
      "type": "Feature",
      "properties": {
        "@id": "node/8010756531",
        "amenity": "restaurant",
        "name": "Luscious Layers"
      },
      "geometry": {
        "type": "Point",
        "coordinates": [
          73.7575453,
          20.009121
        ]
      },
      "id": "node/8010756531"
    },
    {
      "type": "Feature",
      "properties": {
        "@id": "node/8272902013",
        "addr:city": "Nashik",
        "addr:housenumber": "Flat no. 7 Dj Housing Society",
        "addr:postcode": "422005",
        "addr:street": "College Road",
        "name": "Trendz Digital - Digital Marketing Institute and Agency",
        "office": "educational_institution",
        "phone": "+919921112426",
        "website": "https://trendzdigital.com/"
      },
      "geometry": {
        "type": "Point",
        "coordinates": [
          73.756051,
          20.0085149
        ]
      },
      "id": "node/8272902013"
    },
    {
      "type": "Feature",
      "properties": {
        "@id": "node/8411488889",
        "addr:street": "Gangapur Makhmalabad Link Road, Nashik, Maharashtra 422013, India",
        "amenity": "restaurant",
        "check_date": "2026-01-23",
        "description": "Multi Cuisine Restaurant & Bar",
        "name": "Palm Shells",
        "name:en": "Palm Shells",
        "opening_hours": "Mo-Su 11:00-00:00",
        "phone": "+91 98220 35363"
      },
      "geometry": {
        "type": "Point",
        "coordinates": [
          73.7668839,
          20.0222321
        ]
      },
      "id": "node/8411488889"
    },
    {
      "type": "Feature",
      "properties": {
        "@id": "node/8467980043",
        "name": "Tigtag Mens Clothing",
        "shop": "clothes"
      },
      "geometry": {
        "type": "Point",
        "coordinates": [
          73.7543549,
          20.0045504
        ]
      },
      "id": "node/8467980043"
    },
    {
      "type": "Feature",
      "properties": {
        "@id": "node/8753359991",
        "amenity": "place_of_worship",
        "name": "Sakshatkari Datta Mandir",
        "religion": "hindu"
      },
      "geometry": {
        "type": "Point",
        "coordinates": [
          73.7717141,
          19.9673498
        ]
      },
      "id": "node/8753359991"
    },
    {
      "type": "Feature",
      "properties": {
        "@id": "node/8753426650",
        "addr:city": "Nashik",
        "addr:postcode": "422009",
        "addr:street": "Pushpanjali Colony",
        "amenity": "place_of_worship",
        "building": "temple",
        "name": "Mayureshwar Ganpati Temple",
        "religion": "hindu"
      },
      "geometry": {
        "type": "Point",
        "coordinates": [
          73.7725579,
          19.9673848
        ]
      },
      "id": "node/8753426650"
    },
    {
      "type": "Feature",
      "properties": {
        "@id": "node/8804996274",
        "addr:city": "Nashik",
        "addr:housenumber": "Office No 7, 2nd floor Deeplaxmi Apt",
        "addr:postcode": "422009",
        "addr:street": "Mumbai Agra Highway",
        "brand": "With your brand name (White Labelling)",
        "currency:INR": "yes",
        "description": "Start your Diamond & Gems Business just from ₹11,999/-",
        "email": "jayeshchaurasiya12@gmail.com",
        "name": "Diamond And Gems Business",
        "opening_hours": "24/7",
        "operator": "Mr. Jayesh Chourasiya +91- 7021540921",
        "payment:cash": "yes",
        "payment:debit_cards": "yes",
        "phone": "+91 7021540921",
        "shop": "jewelry",
        "website": "https://www.diamond.jayeshchourasiya.world/"
      },
      "geometry": {
        "type": "Point",
        "coordinates": [
          73.7642893,
          19.9610558
        ]
      },
      "id": "node/8804996274"
    },
    {
      "type": "Feature",
      "properties": {
        "@id": "node/9023319724",
        "addr:city": "Nashik",
        "addr:housenumber": "Dhakne Mala",
        "addr:postcode": "422003",
        "addr:street": "Pethroad",
        "amenity": "restaurant",
        "cuisine": "misal",
        "diet:vegan": "yes",
        "diet:vegetarian": "yes",
        "name": "Hotel Papillon"
      },
      "geometry": {
        "type": "Point",
        "coordinates": [
          73.7859246,
          20.0575987
        ]
      },
      "id": "node/9023319724"
    },
    {
      "type": "Feature",
      "properties": {
        "@id": "node/9200947029",
        "addr:city": "nashik",
        "addr:postcode": "422005",
        "addr:street": "College Road",
        "amenity": "restaurant",
        "cuisine": "pizza;coffee_shop;chinese;indian;italian",
        "name": "Serene Yard",
        "opening_hours": "Mo-Su 10:00-22:00",
        "website": "https://www.facebook.com/sereneyard/"
      },
      "geometry": {
        "type": "Point",
        "coordinates": [
          73.7644419,
          20.0052704
        ]
      },
      "id": "node/9200947029"
    },
    {
      "type": "Feature",
      "properties": {
        "@id": "node/9202558231",
        "addr:city": "Nashik- Maharahtra, India",
        "addr:housenumber": "Shop 5",
        "addr:postcode": "422011",
        "addr:street": "Eshwar Paradise Building, Ashoka Marg, Near Vijay Mamta Theatre, Shivaji Nagar",
        "amenity": "clinic",
        "healthcare": "clinic",
        "healthcare:speciality": "specialized_in_cardiology",
        "name": "Care Clinics",
        "website": "https://www.bestcardiologistnasik.in/"
      },
      "geometry": {
        "type": "Point",
        "coordinates": [
          73.8044073,
          19.980184
        ]
      },
      "id": "node/9202558231"
    },
    {
      "type": "Feature",
      "properties": {
        "@id": "node/9293804819",
        "addr:city": "Nashik",
        "addr:postcode": "422010",
        "addr:street": "Vikrikar Bhavan Road",
        "brand": "Radisson Blu",
        "brand:wikidata": "Q7281341",
        "brand:wikipedia": "en:Radisson Blu",
        "name": "Radisson Blu Hotel & Spa Nashik",
        "rooms": "224",
        "tourism": "hotel"
      },
      "geometry": {
        "type": "Point",
        "coordinates": [
          73.7558152,
          19.9461604
        ]
      },
      "id": "node/9293804819"
    },
    {
      "type": "Feature",
      "properties": {
        "@id": "node/9413292439",
        "addr:city": "nashik",
        "addr:housenumber": "shop no 2",
        "addr:postcode": "422005",
        "addr:street": "Sharanpur Road",
        "air_conditioning": "yes",
        "amenity": "ice_cream",
        "brand": "-196°c Frozen Factory",
        "contact:facebook": "https://www.facebook.com/Minus196C/",
        "cuisine": "ice_cream;snacks;chocolate;smoothies",
        "delivery": "yes",
        "description": "ice cream cafe",
        "diet:vegetarian": "yes",
        "email": "mayurjethva21@gmail.com",
        "name": "-196°c Frozen Factory",
        "note": "fresh liquid nitrogen ice cream are prepared here .\nand manny for snacks and desert.",
        "opening_hours": "Mo-Su 10:00-22:00",
        "outdoor_seating": "yes",
        "phone": "+918080085225",
        "reservation": "yes",
        "takeaway": "yes"
      },
      "geometry": {
        "type": "Point",
        "coordinates": [
          73.7686503,
          20.0033344
        ]
      },
      "id": "node/9413292439"
    },
    {
      "type": "Feature",
      "properties": {
        "@id": "node/9662613720",
        "guest_house": "guest_house",
        "name": "Central Government Touring Officers Guest House",
        "operator": "Central Public Works Department",
        "tourism": "guest_house"
      },
      "geometry": {
        "type": "Point",
        "coordinates": [
          73.8160779,
          19.9751109
        ]
      },
      "id": "node/9662613720"
    },
    {
      "type": "Feature",
      "properties": {
        "@id": "node/9815248517",
        "name:en": "KSR Holiday Home",
        "tourism": "guest_house"
      },
      "geometry": {
        "type": "Point",
        "coordinates": [
          73.7758134,
          20.0043494
        ]
      },
      "id": "node/9815248517"
    },
    {
      "type": "Feature",
      "properties": {
        "@id": "node/9844129598",
        "addr:city": "Nasik",
        "addr:postcode": "-422002",
        "addr:street": "304, Sai Square complex Near Suyash hospital Ahilyabai Holkar Marg Mumbai Naka, Matoshree Nagar, ,Maharashtra, India",
        "amenity": "clinic",
        "healthcare": "clinic",
        "healthcare:speciality": "spine_surgeon",
        "name": "Atlas Spine Clinic",
        "opening_hours": "Mo-Sa 11:00-20:00",
        "operator": "Novosalus",
        "operator:type": "private",
        "website": "https://www.atlasspineclinic.com/"
      },
      "geometry": {
        "type": "Point",
        "coordinates": [
          73.7801283,
          19.9891013
        ]
      },
      "id": "node/9844129598"
    },
    {
      "type": "Feature",
      "properties": {
        "@id": "node/10020400470",
        "amenity": "restaurant",
        "cuisine": "regional;international;sandwich",
        "diet:non-vegetarian": "yes",
        "name": "Spice Route"
      },
      "geometry": {
        "type": "Point",
        "coordinates": [
          73.7421663,
          20.0134297
        ]
      },
      "id": "node/10020400470"
    },
    {
      "type": "Feature",
      "properties": {
        "@id": "node/10047736917",
        "addr:postcode": "422010",
        "check_date": "2026-02-10",
        "name": "Itsy Hotels Oasis Pride",
        "name:en": "Itsy Hotels Oasis Pride",
        "name:mr": "त्रीबो",
        "tourism": "hotel"
      },
      "geometry": {
        "type": "Point",
        "coordinates": [
          73.7328505,
          19.9650205
        ]
      },
      "id": "node/10047736917"
    },
    {
      "type": "Feature",
      "properties": {
        "@id": "node/10049044827",
        "check_date": "2022-09-24",
        "name": "Car Mall",
        "name:en": "Car Mall",
        "name:mr": "कार मॅाल",
        "second_hand": "only",
        "shop": "car"
      },
      "geometry": {
        "type": "Point",
        "coordinates": [
          73.7541832,
          19.9515059
        ]
      },
      "id": "node/10049044827"
    },
    {
      "type": "Feature",
      "properties": {
        "@id": "node/10049044828",
        "access": "yes",
        "amenity": "charging_station",
        "branch": "Car Mall",
        "brand": "ChargeZone",
        "capacity": "2",
        "charge": "₹20/kWh",
        "covered": "no",
        "fee": "yes",
        "operator": "Car Mall",
        "socket:type2_combo": "2"
      },
      "geometry": {
        "type": "Point",
        "coordinates": [
          73.7539002,
          19.9518444
        ]
      },
      "id": "node/10049044828"
    },
    {
      "type": "Feature",
      "properties": {
        "@id": "node/10051008850",
        "air_conditioning": "yes",
        "bar": "yes",
        "brand": "Treebo",
        "check_date": "2026-01-21",
        "internet_access": "wlan",
        "internet_access:fee": "customers",
        "name": "The Utsav",
        "name:en": "The Utsav",
        "name:mr": "द उत्सव",
        "source": "survey",
        "tourism": "hotel"
      },
      "geometry": {
        "type": "Point",
        "coordinates": [
          73.7502631,
          19.9549219
        ]
      },
      "id": "node/10051008850"
    },
    {
      "type": "Feature",
      "properties": {
        "@id": "node/10166350017",
        "amenity": "school",
        "name:en": "Yogapoint - Yoga Vidya Dham"
      },
      "geometry": {
        "type": "Point",
        "coordinates": [
          73.7625719,
          20.0072349
        ]
      },
      "id": "node/10166350017"
    },
    {
      "type": "Feature",
      "properties": {
        "@id": "node/10232623756",
        "addr:city": "Nashik",
        "addr:postcode": "422004",
        "amenity": "restaurant",
        "cuisine": "thai;regional",
        "diet:vegetarian": "yes",
        "name": "Muhs Canteen",
        "opening_hours": "Mo-Fr 09:00-17:00"
      },
      "geometry": {
        "type": "Point",
        "coordinates": [
          73.8014095,
          20.0768886
        ]
      },
      "id": "node/10232623756"
    },
    {
      "type": "Feature",
      "properties": {
        "@id": "node/10232679184",
        "amenity": "university",
        "name": "MUHS Administrative Building"
      },
      "geometry": {
        "type": "Point",
        "coordinates": [
          73.8027874,
          20.0786941
        ]
      },
      "id": "node/10232679184"
    },
    {
      "type": "Feature",
      "properties": {
        "@id": "node/10272523949",
        "amenity": "place_of_worship",
        "name": "Shankar Bhagwan",
        "religion": "hindu"
      },
      "geometry": {
        "type": "Point",
        "coordinates": [
          73.785642,
          20.0138503
        ]
      },
      "id": "node/10272523949"
    },
    {
      "type": "Feature",
      "properties": {
        "@id": "node/10272523950",
        "amenity": "place_of_worship",
        "name": "Hanuman Mandir",
        "religion": "hindu"
      },
      "geometry": {
        "type": "Point",
        "coordinates": [
          73.787783,
          20.0138664
        ]
      },
      "id": "node/10272523950"
    },
    {
      "type": "Feature",
      "properties": {
        "@id": "node/10272523951",
        "amenity": "place_of_worship",
        "name": "Devi Mandir",
        "religion": "hindu"
      },
      "geometry": {
        "type": "Point",
        "coordinates": [
          73.788628,
          20.0126405
        ]
      },
      "id": "node/10272523951"
    },
    {
      "type": "Feature",
      "properties": {
        "@id": "node/10281649592",
        "amenity": "place_of_worship",
        "name": "Sai Baba Mandir",
        "religion": "hindu"
      },
      "geometry": {
        "type": "Point",
        "coordinates": [
          73.7859635,
          20.0141269
        ]
      },
      "id": "node/10281649592"
    },
    {
      "type": "Feature",
      "properties": {
        "@id": "node/10281744629",
        "name": "Milk Dairy",
        "shop": "yes"
      },
      "geometry": {
        "type": "Point",
        "coordinates": [
          73.7857344,
          20.0154075
        ]
      },
      "id": "node/10281744629"
    },
    {
      "type": "Feature",
      "properties": {
        "@id": "node/10287146196",
        "name": "Daulat Medical",
        "shop": "medical_supply"
      },
      "geometry": {
        "type": "Point",
        "coordinates": [
          73.7881727,
          20.0139103
        ]
      },
      "id": "node/10287146196"
    },
    {
      "type": "Feature",
      "properties": {
        "@id": "node/10536398592",
        "amenity": "place_of_worship",
        "name": "Sai Baba Temple",
        "religion": "hindu"
      },
      "geometry": {
        "type": "Point",
        "coordinates": [
          73.7872034,
          20.0129401
        ]
      },
      "id": "node/10536398592"
    },
    {
      "type": "Feature",
      "properties": {
        "@id": "node/10539647615",
        "addr:city": "Nashik",
        "addr:housenumber": "Sharayu Park",
        "addr:postcode": "422003",
        "addr:street": "NH3",
        "amenity": "place_of_worship",
        "denomination": "hindu",
        "name": "Ganpati Mandir",
        "religion": "hindu"
      },
      "geometry": {
        "type": "Point",
        "coordinates": [
          73.8441394,
          20.0276113
        ]
      },
      "id": "node/10539647615"
    },
    {
      "type": "Feature",
      "properties": {
        "@id": "node/10807002735",
        "addr:city": "Nashik",
        "addr:street": "Jail Road",
        "government": "government",
        "name": "Currency note press",
        "office": "government"
      },
      "geometry": {
        "type": "Point",
        "coordinates": [
          73.838949,
          19.9647084
        ]
      },
      "id": "node/10807002735"
    },
    {
      "type": "Feature",
      "properties": {
        "@id": "node/10807014821",
        "artwork_subject": "Doctor Babasaheb Ambedkar",
        "artwork_type": "statue",
        "name": "Ambedkar Statue",
        "tourism": "artwork"
      },
      "geometry": {
        "type": "Point",
        "coordinates": [
          73.8408413,
          19.9482957
        ]
      },
      "id": "node/10807014821"
    },
    {
      "type": "Feature",
      "properties": {
        "@id": "node/10807045459",
        "addr:city": "Nashik",
        "addr:postcode": "422004",
        "addr:street": "Dindori Road",
        "amenity": "fuel",
        "brand": "Reliance",
        "fuel:diesel": "yes",
        "fuel:e10": "yes",
        "fuel:lpg": "yes",
        "name": "Shivanjali Reliance Petrol Pump"
      },
      "geometry": {
        "type": "Point",
        "coordinates": [
          73.8034084,
          20.0356006
        ]
      },
      "id": "node/10807045459"
    },
    {
      "type": "Feature",
      "properties": {
        "@id": "node/10807084654",
        "artwork_type": "statue",
        "name": "Chhtrapati Shivaji Maharaj putala",
        "tourism": "artwork"
      },
      "geometry": {
        "type": "Point",
        "coordinates": [
          73.8406122,
          19.9515735
        ]
      },
      "id": "node/10807084654"
    },
    {
      "type": "Feature",
      "properties": {
        "@id": "node/10807250019",
        "artwork_type": "statue",
        "name": "Ashokstambh",
        "tourism": "artwork"
      },
      "geometry": {
        "type": "Point",
        "coordinates": [
          73.7850109,
          20.0068853
        ]
      },
      "id": "node/10807250019"
    },
    {
      "type": "Feature",
      "properties": {
        "@id": "node/11050974995",
        "name": "Ashoka Buildcon Annex Office",
        "office": "company"
      },
      "geometry": {
        "type": "Point",
        "coordinates": [
          73.7975778,
          19.9810952
        ]
      },
      "id": "node/11050974995"
    },
    {
      "type": "Feature",
      "properties": {
        "@id": "node/11068495190",
        "addr:city": "Nashik",
        "addr:district": "Nashik",
        "addr:postcode": "422011",
        "addr:street": "Ashoka Marg",
        "name": "Ashoka Buildcon Limited",
        "office": "company"
      },
      "geometry": {
        "type": "Point",
        "coordinates": [
          73.7980867,
          19.9811355
        ]
      },
      "id": "node/11068495190"
    },
    {
      "type": "Feature",
      "properties": {
        "@id": "node/11212412926",
        "amenity": "restaurant",
        "cuisine": "Indian Western Coastal",
        "name": "Sugras"
      },
      "geometry": {
        "type": "Point",
        "coordinates": [
          73.7392343,
          20.0038231
        ]
      },
      "id": "node/11212412926"
    },
    {
      "type": "Feature",
      "properties": {
        "@id": "node/11215110073",
        "amenity": "bank",
        "name": "DCB Bank"
      },
      "geometry": {
        "type": "Point",
        "coordinates": [
          73.7580783,
          20.0105263
        ]
      },
      "id": "node/11215110073"
    },
    {
      "type": "Feature",
      "properties": {
        "@id": "node/11215110074",
        "name": "The Liquor Embassy",
        "shop": "wine"
      },
      "geometry": {
        "type": "Point",
        "coordinates": [
          73.7579132,
          20.0104669
        ]
      },
      "id": "node/11215110074"
    },
    {
      "type": "Feature",
      "properties": {
        "@id": "node/11215110075",
        "amenity": "restaurant",
        "cuisine": "South Indian",
        "name": "Amma’s Tiffin"
      },
      "geometry": {
        "type": "Point",
        "coordinates": [
          73.7580042,
          20.0104262
        ]
      },
      "id": "node/11215110075"
    },
    {
      "type": "Feature",
      "properties": {
        "@id": "node/11373708101",
        "amenity": "cafe"
      },
      "geometry": {
        "type": "Point",
        "coordinates": [
          73.7816149,
          19.9991217
        ]
      },
      "id": "node/11373708101"
    },
    {
      "type": "Feature",
      "properties": {
        "@id": "node/11373727719",
        "amenity": "toilets"
      },
      "geometry": {
        "type": "Point",
        "coordinates": [
          73.7788745,
          19.9945075
        ]
      },
      "id": "node/11373727719"
    },
    {
      "type": "Feature",
      "properties": {
        "@id": "node/11416658232",
        "amenity": "restaurant",
        "name": "Maharashtra Darbar"
      },
      "geometry": {
        "type": "Point",
        "coordinates": [
          73.7240415,
          19.9899116
        ]
      },
      "id": "node/11416658232"
    },
    {
      "type": "Feature",
      "properties": {
        "@id": "node/11498996012",
        "amenity": "events_venue",
        "name": "Lakshika Hall",
        "name:mr": "लक्षिका मंगल कार्यालय"
      },
      "geometry": {
        "type": "Point",
        "coordinates": [
          73.7601933,
          19.9914857
        ]
      },
      "id": "node/11498996012"
    },
    {
      "type": "Feature",
      "properties": {
        "@id": "node/11499333844",
        "amenity": "restaurant",
        "name": "Namaste Nashik"
      },
      "geometry": {
        "type": "Point",
        "coordinates": [
          73.7590081,
          19.9909332
        ]
      },
      "id": "node/11499333844"
    },
    {
      "type": "Feature",
      "properties": {
        "@id": "node/11499333846",
        "amenity": "dentist",
        "healthcare": "dentist",
        "name": "Orowell"
      },
      "geometry": {
        "type": "Point",
        "coordinates": [
          73.7590121,
          19.9908741
        ]
      },
      "id": "node/11499333846"
    },
    {
      "type": "Feature",
      "properties": {
        "@id": "node/11499553955",
        "name": "Budha Halwai",
        "shop": "dairy"
      },
      "geometry": {
        "type": "Point",
        "coordinates": [
          73.7920761,
          20.001967
        ]
      },
      "id": "node/11499553955"
    },
    {
      "type": "Feature",
      "properties": {
        "@id": "node/11499577041",
        "name": "Budha Halwai Jilebiwale",
        "shop": "dairy"
      },
      "geometry": {
        "type": "Point",
        "coordinates": [
          73.7921191,
          20.0019169
        ]
      },
      "id": "node/11499577041"
    },
    {
      "type": "Feature",
      "properties": {
        "@id": "node/11618147517",
        "addr:city": "nashik",
        "addr:district": "Nashik",
        "addr:postcode": "422013",
        "addr:street": "Mangoville Misal, Next to waterfront building, chandshi road",
        "amenity": "restaurant",
        "cuisine": "misal_pav;missal_pav",
        "diet:vegetarian": "yes",
        "name": "Mangoville Misal Nashik",
        "phone": "9325095959",
        "website": "https://www.facebook.com/profile.php?id=61556473978772"
      },
      "geometry": {
        "type": "Point",
        "coordinates": [
          73.7408467,
          20.0207644
        ]
      },
      "id": "node/11618147517"
    },
    {
      "type": "Feature",
      "properties": {
        "@id": "node/11662921083",
        "addr:city": "Nashik",
        "addr:district": "NASHIK",
        "addr:postcode": "422001",
        "addr:street": "Kasture Sadan, Ghankar Ln, beside Tulja bhawani mandir, near Panchavati hotel, Vakil Wadi, Raviwar Karanja, Panchavati",
        "name": "Karmayogi Academy | MPSC Classes | PSI STI ASO SR | UPSC | Saralseva | Talathi |",
        "office": "educational_institution",
        "phone": "09325589491",
        "website": "https://www.karmayogiacademy.com"
      },
      "geometry": {
        "type": "Point",
        "coordinates": [
          73.7863807,
          20.0060239
        ]
      },
      "id": "node/11662921083"
    },
    {
      "type": "Feature",
      "properties": {
        "@id": "node/11909386232",
        "addr:city": "Nashik",
        "addr:district": "Nashik",
        "addr:postcode": "422101",
        "addr:street": "Nashik Pune Highway",
        "shop": "mall"
      },
      "geometry": {
        "type": "Point",
        "coordinates": [
          73.8323667,
          19.958576
        ]
      },
      "id": "node/11909386232"
    },
    {
      "type": "Feature",
      "properties": {
        "@id": "node/11915140407",
        "amenity": "restaurant",
        "name": "Chicago Pizza"
      },
      "geometry": {
        "type": "Point",
        "coordinates": [
          73.7579315,
          20.0108263
        ]
      },
      "id": "node/11915140407"
    },
    {
      "type": "Feature",
      "properties": {
        "@id": "node/11915140408",
        "name": "Vishal Electricals",
        "shop": "electrical"
      },
      "geometry": {
        "type": "Point",
        "coordinates": [
          73.7578805,
          20.0105527
        ]
      },
      "id": "node/11915140408"
    },
    {
      "type": "Feature",
      "properties": {
        "@id": "node/11915140409",
        "amenity": "fast_food",
        "name": "Shawarma Bites"
      },
      "geometry": {
        "type": "Point",
        "coordinates": [
          73.7579356,
          20.0107753
        ]
      },
      "id": "node/11915140409"
    },
    {
      "type": "Feature",
      "properties": {
        "@id": "node/11915140410",
        "amenity": "ice_cream",
        "name": "My Froyoland"
      },
      "geometry": {
        "type": "Point",
        "coordinates": [
          73.7579241,
          20.0107134
        ]
      },
      "id": "node/11915140410"
    },
    {
      "type": "Feature",
      "properties": {
        "@id": "node/11974536169",
        "name:en": "usi",
        "office": "company"
      },
      "geometry": {
        "type": "Point",
        "coordinates": [
          73.7256482,
          19.9529038
        ]
      },
      "id": "node/11974536169"
    },
    {
      "type": "Feature",
      "properties": {
        "@id": "node/11974792469",
        "addr:housenumber": "f109",
        "addr:postcode": "422010",
        "name:en": "udyog shraddha industries",
        "office": "company",
        "opening_hours": "24/7"
      },
      "geometry": {
        "type": "Point",
        "coordinates": [
          73.7256548,
          19.9528966
        ]
      },
      "id": "node/11974792469"
    },
    {
      "type": "Feature",
      "properties": {
        "@id": "node/12035764086",
        "addr:housenumber": "A-3",
        "addr:street": "Mauli Plaza Apartment, near Mauli Lawns, Saptashrungi Nagar,",
        "amenity": "doctors",
        "name": "Ekdant Acupuncture"
      },
      "geometry": {
        "type": "Point",
        "coordinates": [
          73.7484279,
          19.9728965
        ]
      },
      "id": "node/12035764086"
    },
    {
      "type": "Feature",
      "properties": {
        "@id": "node/12176173302",
        "amenity": "place_of_worship",
        "religion": "hindu"
      },
      "geometry": {
        "type": "Point",
        "coordinates": [
          73.8016765,
          19.9983009
        ]
      },
      "id": "node/12176173302"
    },
    {
      "type": "Feature",
      "properties": {
        "@id": "node/12179655732",
        "name": "Pavan bhau Pawar Office",
        "office": "political_party",
        "official_name": "Pavan Bhau Pawar Office"
      },
      "geometry": {
        "type": "Point",
        "coordinates": [
          73.8423109,
          19.9746639
        ]
      },
      "id": "node/12179655732"
    },
    {
      "type": "Feature",
      "properties": {
        "@id": "node/12205234114",
        "addr:city": "Nashik",
        "addr:district": "Nashik",
        "addr:housenumber": "XR3G+H5W",
        "addr:street": "Jai Bhavani Road",
        "amenity": "place_of_worship",
        "contact:instagram": "tuljabhavani_devasthan_nsk_rd",
        "denomination": "hindu",
        "name": "Shree Tulja Bhavani Mandir Devasthan, Jai Bhavani Road",
        "religion": "hindu",
        "service_times": "06:00-21:00"
      },
      "geometry": {
        "type": "Point",
        "coordinates": [
          73.8254527,
          19.9539943
        ]
      },
      "id": "node/12205234114"
    },
    {
      "type": "Feature",
      "properties": {
        "@id": "node/12206652864",
        "addr:city": "OZAR",
        "addr:district": "Nashik",
        "addr:housenumber": "TILAK NAGAR ,OZAR(MIG)",
        "addr:postcode": "422207",
        "addr:street": "Agra Mumbai Road",
        "amenity": "cafe",
        "cuisine": "tea",
        "internet_access": "no",
        "name": "Bagayatdar Amrutulya"
      },
      "geometry": {
        "type": "Point",
        "coordinates": [
          73.914751,
          20.0811231
        ]
      },
      "id": "node/12206652864"
    },
    {
      "type": "Feature",
      "properties": {
        "@id": "node/12206652870",
        "addr:city": "OZAR",
        "addr:district": "Nashik",
        "addr:housenumber": "BEHIND PANCHWAD GANESH MANDIR",
        "addr:postcode": "422207",
        "addr:street": "Agra Mumbai Road",
        "amenity": "hospital",
        "emergency": "yes",
        "healthcare": "hospital",
        "healthcare:speciality": "general",
        "name": "USHA HOSPITAL"
      },
      "geometry": {
        "type": "Point",
        "coordinates": [
          73.9155409,
          20.0797339
        ]
      },
      "id": "node/12206652870"
    },
    {
      "type": "Feature",
      "properties": {
        "@id": "node/12270798789",
        "addr:city": "NASHIK",
        "addr:district": "NASHIK",
        "addr:postcode": "422013",
        "amenity": "place_of_worship",
        "name": "Someshwar Mandir",
        "religion": "hindu"
      },
      "geometry": {
        "type": "Point",
        "coordinates": [
          73.7278545,
          20.023114
        ]
      },
      "id": "node/12270798789"
    },
    {
      "type": "Feature",
      "properties": {
        "@id": "node/12382458800",
        "name": "Someshwar waterfall",
        "tourism": "attraction"
      },
      "geometry": {
        "type": "Point",
        "coordinates": [
          73.723403,
          20.029199
        ]
      },
      "id": "node/12382458800"
    },
    {
      "type": "Feature",
      "properties": {
        "@id": "node/12609023753",
        "amenity": "place_of_worship",
        "name": "Nashik - Banks of Godavari",
        "religion": "hindu"
      },
      "geometry": {
        "type": "Point",
        "coordinates": [
          73.7926664,
          20.006437
        ]
      },
      "id": "node/12609023753"
    },
    {
      "type": "Feature",
      "properties": {
        "@id": "node/12872558437",
        "addr:city": "Nashik",
        "addr:district": "Nashik",
        "addr:postcode": "422011",
        "addr:street": "Muktai Hospital, Tapovan Link Rd, behind Podar International School, Samta Nagar",
        "amenity": "clinic",
        "healthcare": "clinic",
        "healthcare:speciality": "orthopaedics",
        "name": "Dr Avishkar Patil",
        "operator": "Novosalus Technology",
        "operator:type": "private"
      },
      "geometry": {
        "type": "Point",
        "coordinates": [
          73.814163,
          19.985897
        ]
      },
      "id": "node/12872558437"
    },
    {
      "type": "Feature",
      "properties": {
        "@id": "node/13128380468",
        "addr:city": "Nashik",
        "addr:district": "Nashik",
        "addr:housenumber": "WQV2+F4Q, Buddha Vihar",
        "addr:postcode": "422010",
        "addr:street": "Pathardi Phata",
        "amenity": "library",
        "name": "Dadasaheb Phalke Smarak",
        "opening_hours": "Mo-Su 10:00-19:00"
      },
      "geometry": {
        "type": "Point",
        "coordinates": [
          73.7502292,
          19.9437668
        ]
      },
      "id": "node/13128380468"
    },
    {
      "type": "Feature",
      "properties": {
        "@id": "node/13154580943",
        "name": "Teachers Training Institute, MUHS, Nashik",
        "office": "educational_institution",
        "website": "https://muhs.ac.in"
      },
      "geometry": {
        "type": "Point",
        "coordinates": [
          73.8020551,
          20.0762307
        ]
      },
      "id": "node/13154580943"
    },
    {
      "type": "Feature",
      "properties": {
        "@id": "node/13159231520",
        "amenity": "parking"
      },
      "geometry": {
        "type": "Point",
        "coordinates": [
          73.7044831,
          19.9926427
        ]
      },
      "id": "node/13159231520"
    },
    {
      "type": "Feature",
      "properties": {
        "@id": "node/13159231551",
        "amenity": "parking"
      },
      "geometry": {
        "type": "Point",
        "coordinates": [
          73.7046259,
          19.9932025
        ]
      },
      "id": "node/13159231551"
    },
    {
      "type": "Feature",
      "properties": {
        "@id": "node/13232288676",
        "addr:city": "Nashik",
        "addr:district": "Nashik",
        "addr:housenumber": "96",
        "addr:postcode": "422010",
        "addr:street": "Pathardi-Gaulane Rd, Pathardi Phata",
        "amenity": "restaurant",
        "cuisine": "coffee_shop;regional;chinese;chicken",
        "diet:vegetarian": "yes",
        "name": "The SSK World Club",
        "phone": "7770001005",
        "website": "www.thesskworld.com"
      },
      "geometry": {
        "type": "Point",
        "coordinates": [
          73.7644603,
          19.9335176
        ]
      },
      "id": "node/13232288676"
    },
    {
      "type": "Feature",
      "properties": {
        "@id": "node/13245070313",
        "addr:city": "Nashik",
        "addr:district": "Nashik",
        "addr:postcode": "422102",
        "addr:street": "Pune Nashik Road",
        "amenity": "place_of_worship",
        "denomination": "hindu",
        "name": "Radha Nikunj",
        "religion": "hindu"
      },
      "geometry": {
        "type": "Point",
        "coordinates": [
          73.888643,
          19.9265251
        ]
      },
      "id": "node/13245070313"
    },
    {
      "type": "Feature",
      "properties": {
        "@id": "node/13447356639",
        "amenity": "place_of_worship",
        "religion": "hindu"
      },
      "geometry": {
        "type": "Point",
        "coordinates": [
          73.7913787,
          20.0019178
        ]
      },
      "id": "node/13447356639"
    },
    {
      "type": "Feature",
      "properties": {
        "@id": "node/13447513257",
        "amenity": "place_of_worship",
        "religion": "hindu"
      },
      "geometry": {
        "type": "Point",
        "coordinates": [
          73.7981674,
          20.007871
        ]
      },
      "id": "node/13447513257"
    },
    {
      "type": "Feature",
      "properties": {
        "@id": "node/13447638414",
        "amenity": "bus_station",
        "name": "Tapovan Depot"
      },
      "geometry": {
        "type": "Point",
        "coordinates": [
          73.8143867,
          20.0082742
        ]
      },
      "id": "node/13447638414"
    },
    {
      "type": "Feature",
      "properties": {
        "@id": "node/13447656739",
        "amenity": "place_of_worship",
        "name": "Kalika Mata Mandir",
        "religion": "hindu"
      },
      "geometry": {
        "type": "Point",
        "coordinates": [
          73.7822485,
          19.9913065
        ]
      },
      "id": "node/13447656739"
    },
    {
      "type": "Feature",
      "properties": {
        "@id": "node/13472680350",
        "amenity": "atm",
        "check_date": "2026-01-21",
        "network": "HDFC BANK"
      },
      "geometry": {
        "type": "Point",
        "coordinates": [
          73.8367728,
          19.9481346
        ]
      },
      "id": "node/13472680350"
    },
    {
      "type": "Feature",
      "properties": {
        "@id": "node/13473608693",
        "check_date": "2026-01-21",
        "name": "Hi 5 Hotel And Experience",
        "name:en": "Hi 5 Hotel And Experience",
        "tourism": "hotel"
      },
      "geometry": {
        "type": "Point",
        "coordinates": [
          73.7556747,
          19.9549858
        ]
      },
      "id": "node/13473608693"
    },
    {
      "type": "Feature",
      "properties": {
        "@id": "node/13473608694",
        "addr:floor": "G",
        "amenity": "restaurant",
        "check_date": "2026-01-21",
        "level": "0",
        "name": "Moti Mahal",
        "name:en": "Motion Mahal"
      },
      "geometry": {
        "type": "Point",
        "coordinates": [
          73.7556747,
          19.9549858
        ]
      },
      "id": "node/13473608694"
    },
    {
      "type": "Feature",
      "properties": {
        "@id": "node/13473908984",
        "addr:floor": "G",
        "brand": "Honda",
        "brand:wikidata": "Q9584",
        "check_date": "2026-01-21",
        "level": "0",
        "name": "Rushabh Honda",
        "name:en": "Rushabh Honda",
        "shop": "car"
      },
      "geometry": {
        "type": "Point",
        "coordinates": [
          73.7570143,
          19.9562985
        ]
      },
      "id": "node/13473908984"
    },
    {
      "type": "Feature",
      "properties": {
        "@id": "node/13473908987",
        "brand": "MG",
        "brand:wikidata": "Q1881443",
        "check_date": "2026-01-21",
        "name": "Jitendr Vihals MG",
        "shop": "car"
      },
      "geometry": {
        "type": "Point",
        "coordinates": [
          73.7562389,
          19.9555485
        ]
      },
      "id": "node/13473908987"
    },
    {
      "type": "Feature",
      "properties": {
        "@id": "node/13474026487",
        "amenity": "bench"
      },
      "geometry": {
        "type": "Point",
        "coordinates": [
          73.794633,
          20.0084728
        ]
      },
      "id": "node/13474026487"
    },
    {
      "type": "Feature",
      "properties": {
        "@id": "node/13474093801",
        "amenity": "place_of_worship",
        "religion": "hindu"
      },
      "geometry": {
        "type": "Point",
        "coordinates": [
          73.7941477,
          20.0076906
        ]
      },
      "id": "node/13474093801"
    },
    {
      "type": "Feature",
      "properties": {
        "@id": "node/13474093804",
        "amenity": "place_of_worship",
        "name": "Sri Sonya Maruti Prasanna",
        "religion": "hindu"
      },
      "geometry": {
        "type": "Point",
        "coordinates": [
          73.7944795,
          20.0075529
        ]
      },
      "id": "node/13474093804"
    },
    {
      "type": "Feature",
      "properties": {
        "@id": "node/13474093806",
        "amenity": "place_of_worship",
        "name": "Sundar Narayan Mandir",
        "religion": "hindu"
      },
      "geometry": {
        "type": "Point",
        "coordinates": [
          73.7899407,
          20.0081136
        ]
      },
      "id": "node/13474093806"
    },
    {
      "type": "Feature",
      "properties": {
        "@id": "node/13474093827",
        "amenity": "place_of_worship",
        "religion": "hindu"
      },
      "geometry": {
        "type": "Point",
        "coordinates": [
          73.7895858,
          20.0066082
        ]
      },
      "id": "node/13474093827"
    },
    {
      "type": "Feature",
      "properties": {
        "@id": "node/13474093828",
        "amenity": "restaurant",
        "name": "Sita Maa Rasoi"
      },
      "geometry": {
        "type": "Point",
        "coordinates": [
          73.7962669,
          20.0076289
        ]
      },
      "id": "node/13474093828"
    },
    {
      "type": "Feature",
      "properties": {
        "@id": "node/13474225329",
        "addr:floor": "G",
        "amenity": "bar",
        "check_date": "2026-01-21",
        "level": "0"
      },
      "geometry": {
        "type": "Point",
        "coordinates": [
          73.7502558,
          19.9548647
        ]
      },
      "id": "node/13474225329"
    },
    {
      "type": "Feature",
      "properties": {
        "@id": "node/13474277712",
        "amenity": "place_of_worship",
        "religion": "hindu"
      },
      "geometry": {
        "type": "Point",
        "coordinates": [
          73.7922188,
          20.0059419
        ]
      },
      "id": "node/13474277712"
    },
    {
      "type": "Feature",
      "properties": {
        "@id": "node/13474277725",
        "amenity": "place_of_worship",
        "religion": "hindu"
      },
      "geometry": {
        "type": "Point",
        "coordinates": [
          73.7930776,
          20.005634
        ]
      },
      "id": "node/13474277725"
    },
    {
      "type": "Feature",
      "properties": {
        "@id": "node/13474277740",
        "name": "Hotel Saptashrungi Lodging",
        "tourism": "hotel"
      },
      "geometry": {
        "type": "Point",
        "coordinates": [
          73.7940101,
          20.0074653
        ]
      },
      "id": "node/13474277740"
    },
    {
      "type": "Feature",
      "properties": {
        "@id": "node/13474277769",
        "amenity": "place_of_worship",
        "name": "Sti Datta Paduka",
        "religion": "hindu"
      },
      "geometry": {
        "type": "Point",
        "coordinates": [
          73.7951492,
          20.0070542
        ]
      },
      "id": "node/13474277769"
    },
    {
      "type": "Feature",
      "properties": {
        "@id": "node/13474286805",
        "amenity": "place_of_worship",
        "name": "Dakshinabhimukhi Prachin Sri Hanuman Mandir",
        "religion": "hindu"
      },
      "geometry": {
        "type": "Point",
        "coordinates": [
          73.7937685,
          20.0062837
        ]
      },
      "id": "node/13474286805"
    },
    {
      "type": "Feature",
      "properties": {
        "@id": "node/13474311220",
        "amenity": "place_of_worship",
        "religion": "hindu"
      },
      "geometry": {
        "type": "Point",
        "coordinates": [
          73.7928159,
          20.0078663
        ]
      },
      "id": "node/13474311220"
    },
    {
      "type": "Feature",
      "properties": {
        "@id": "node/13474311223",
        "amenity": "place_of_worship",
        "religion": "hindu"
      },
      "geometry": {
        "type": "Point",
        "coordinates": [
          73.7931467,
          20.0078474
        ]
      },
      "id": "node/13474311223"
    },
    {
      "type": "Feature",
      "properties": {
        "@id": "node/13474311245",
        "amenity": "place_of_worship",
        "religion": "hindu"
      },
      "geometry": {
        "type": "Point",
        "coordinates": [
          73.7924634,
          20.0072971
        ]
      },
      "id": "node/13474311245"
    },
    {
      "type": "Feature",
      "properties": {
        "@id": "node/13475353243",
        "artwork_type": "statue",
        "name": "Shivaji Maharaj Statue",
        "tourism": "artwork"
      },
      "geometry": {
        "type": "Point",
        "coordinates": [
          73.794827,
          20.0098611
        ]
      },
      "id": "node/13475353243"
    },
    {
      "type": "Feature",
      "properties": {
        "@id": "node/13475353247",
        "amenity": "toilets"
      },
      "geometry": {
        "type": "Point",
        "coordinates": [
          73.7965232,
          20.0115018
        ]
      },
      "id": "node/13475353247"
    },
    {
      "type": "Feature",
      "properties": {
        "@id": "node/13475353253",
        "name": "Raahgir",
        "tourism": "guest_house"
      },
      "geometry": {
        "type": "Point",
        "coordinates": [
          73.7946868,
          20.0088256
        ]
      },
      "id": "node/13475353253"
    },
    {
      "type": "Feature",
      "properties": {
        "@id": "node/13475427773",
        "check_date": "2026-01-22",
        "name": "Vighnaharta Enterprises",
        "name:en": "Vighnaharta Enterprises",
        "name:hi": "Vighnaharta Enterprises",
        "name:mr": "Vighnaharta Enterprises",
        "shop": "hardware"
      },
      "geometry": {
        "type": "Point",
        "coordinates": [
          73.7349738,
          19.9603547
        ]
      },
      "id": "node/13475427773"
    },
    {
      "type": "Feature",
      "properties": {
        "@id": "node/13475467141",
        "check_date": "2026-01-22",
        "name": "New India Electricals",
        "name:en": "New India Electricals",
        "name:hi": "New India Electricals",
        "name:mr": "New India Electricals",
        "shop": "electrical"
      },
      "geometry": {
        "type": "Point",
        "coordinates": [
          73.7349753,
          19.9603988
        ]
      },
      "id": "node/13475467141"
    },
    {
      "type": "Feature",
      "properties": {
        "@id": "node/13476881638",
        "amenity": "place_of_worship",
        "name": "Renaka Devi Prasanna",
        "religion": "hindu"
      },
      "geometry": {
        "type": "Point",
        "coordinates": [
          73.7905647,
          20.0061287
        ]
      },
      "id": "node/13476881638"
    },
    {
      "type": "Feature",
      "properties": {
        "@id": "node/13477059849",
        "brand": "Holiday Inn Express",
        "brand:wikidata": "Q5880423",
        "check_date": "2026-01-22",
        "name": "Holiday Inn Express",
        "name:en": "Holiday Inn Express",
        "tourism": "hotel"
      },
      "geometry": {
        "type": "Point",
        "coordinates": [
          73.7748066,
          19.9715945
        ]
      },
      "id": "node/13477059849"
    },
    {
      "type": "Feature",
      "properties": {
        "@id": "node/13477059850",
        "check_date": "2026-01-22",
        "name": "Grand Rio",
        "tourism": "hotel"
      },
      "geometry": {
        "type": "Point",
        "coordinates": [
          73.7751825,
          19.972216
        ]
      },
      "id": "node/13477059850"
    },
    {
      "type": "Feature",
      "properties": {
        "@id": "node/13477059851",
        "amenity": "restaurant",
        "check_date": "2026-01-22",
        "name": "Kaka Ka Dhaba"
      },
      "geometry": {
        "type": "Point",
        "coordinates": [
          73.7747318,
          19.9731326
        ]
      },
      "id": "node/13477059851"
    },
    {
      "type": "Feature",
      "properties": {
        "@id": "node/13477059852",
        "amenity": "restaurant",
        "check_date": "2026-01-22",
        "name": "Hari Om Dhaba",
        "name:mr": "Hari Om Dhaba"
      },
      "geometry": {
        "type": "Point",
        "coordinates": [
          73.7762954,
          19.9748688
        ]
      },
      "id": "node/13477059852"
    },
    {
      "type": "Feature",
      "properties": {
        "@id": "node/13479578054",
        "amenity": "police",
        "name": "Panchavato Karanja Police Chowky"
      },
      "geometry": {
        "type": "Point",
        "coordinates": [
          73.7945917,
          20.0097447
        ]
      },
      "id": "node/13479578054"
    },
    {
      "type": "Feature",
      "properties": {
        "@id": "node/13480993298",
        "amenity": "bank",
        "check_date": "2026-01-23",
        "name": "Axis Bank"
      },
      "geometry": {
        "type": "Point",
        "coordinates": [
          73.760595,
          19.9557165
        ]
      },
      "id": "node/13480993298"
    },
    {
      "type": "Feature",
      "properties": {
        "@id": "node/13480993299",
        "amenity": "bank",
        "check_date": "2026-01-23",
        "name": "Bank Of India"
      },
      "geometry": {
        "type": "Point",
        "coordinates": [
          73.7604275,
          19.9557878
        ]
      },
      "id": "node/13480993299"
    },
    {
      "type": "Feature",
      "properties": {
        "@id": "node/13480993300",
        "amenity": "restaurant",
        "check_date": "2026-01-23"
      },
      "geometry": {
        "type": "Point",
        "coordinates": [
          73.758958,
          19.9561989
        ]
      },
      "id": "node/13480993300"
    },
    {
      "type": "Feature",
      "properties": {
        "@id": "node/13481159159",
        "check_date": "2026-01-24",
        "name": "Maruti Suzuki",
        "shop": "car"
      },
      "geometry": {
        "type": "Point",
        "coordinates": [
          73.7428081,
          19.9445018
        ]
      },
      "id": "node/13481159159"
    },
    {
      "type": "Feature",
      "properties": {
        "@id": "node/13481523152",
        "amenity": "restaurant",
        "cuisine": "indian;coffee_shop;pizza",
        "diet:vegetarian": "yes",
        "name:en": "New Shree Krushna Pure Veg Family Restaurant"
      },
      "geometry": {
        "type": "Point",
        "coordinates": [
          73.7354217,
          19.9577516
        ]
      },
      "id": "node/13481523152"
    },
    {
      "type": "Feature",
      "properties": {
        "@id": "node/13482055272",
        "addr:floor": "G",
        "amenity": "fuel",
        "brand": "Hindustan Petroleum",
        "brand:wikidata": "Q1619375",
        "check_date": "2026-01-24",
        "level": "0",
        "name": "HP",
        "name:en": "HP",
        "official_name": "Hindustan Petroleum"
      },
      "geometry": {
        "type": "Point",
        "coordinates": [
          73.7912543,
          20.0094962
        ]
      },
      "id": "node/13482055272"
    },
    {
      "type": "Feature",
      "properties": {
        "@id": "node/13482071672",
        "amenity": "fuel",
        "brand": "Hindustan Petroleum",
        "brand:wikidata": "Q1619375",
        "check_date": "2026-01-24",
        "name": "HP",
        "name:en": "HP",
        "official_name": "Hindustan Petroleum"
      },
      "geometry": {
        "type": "Point",
        "coordinates": [
          73.7924239,
          20.0099611
        ]
      },
      "id": "node/13482071672"
    },
    {
      "type": "Feature",
      "properties": {
        "@id": "node/13482222631",
        "amenity": "atm",
        "brand": "Hitachi",
        "brand:wikidata": "Q53238",
        "level": "0",
        "wheelchair": "no"
      },
      "geometry": {
        "type": "Point",
        "coordinates": [
          73.8418997,
          19.9476687
        ]
      },
      "id": "node/13482222631"
    },
    {
      "type": "Feature",
      "properties": {
        "@id": "node/13482222636",
        "name": "Shiv Shakti Annex",
        "tourism": "hotel"
      },
      "geometry": {
        "type": "Point",
        "coordinates": [
          73.7664481,
          19.9638903
        ]
      },
      "id": "node/13482222636"
    },
    {
      "type": "Feature",
      "properties": {
        "@id": "node/13482222642",
        "name": "Hotel Seven Heaven",
        "tourism": "hotel"
      },
      "geometry": {
        "type": "Point",
        "coordinates": [
          73.7636956,
          19.9608625
        ]
      },
      "id": "node/13482222642"
    },
    {
      "type": "Feature",
      "properties": {
        "@id": "node/13482222648",
        "amenity": "atm",
        "brand": "NDVS Bank Limited",
        "level": "0",
        "operator": "NDVS Bank Limited",
        "wheelchair": "limited"
      },
      "geometry": {
        "type": "Point",
        "coordinates": [
          73.8419265,
          19.9476035
        ]
      },
      "id": "node/13482222648"
    },
    {
      "type": "Feature",
      "properties": {
        "@id": "node/13482222651",
        "amenity": "fast_food",
        "brand": "McDonald's",
        "cuisine": "burger",
        "name": "McDonald's",
        "takeaway": "yes"
      },
      "geometry": {
        "type": "Point",
        "coordinates": [
          73.758925,
          19.9566385
        ]
      },
      "id": "node/13482222651"
    },
    {
      "type": "Feature",
      "properties": {
        "@id": "node/13482222652",
        "name": "Hotel Chandralok",
        "tourism": "hotel"
      },
      "geometry": {
        "type": "Point",
        "coordinates": [
          73.76732,
          19.9662541
        ]
      },
      "id": "node/13482222652"
    },
    {
      "type": "Feature",
      "properties": {
        "@id": "node/13482222671",
        "amenity": "restaurant",
        "name": "Shivsagar"
      },
      "geometry": {
        "type": "Point",
        "coordinates": [
          73.7591283,
          19.9578703
        ]
      },
      "id": "node/13482222671"
    },
    {
      "type": "Feature",
      "properties": {
        "@id": "node/13482222680",
        "name": "Hotel Grand Ashwin NX",
        "tourism": "hotel"
      },
      "geometry": {
        "type": "Point",
        "coordinates": [
          73.7600849,
          19.9586707
        ]
      },
      "id": "node/13482222680"
    },
    {
      "type": "Feature",
      "properties": {
        "@id": "node/13482222683",
        "name": "Hotel Kashish Palace",
        "tourism": "hotel"
      },
      "geometry": {
        "type": "Point",
        "coordinates": [
          73.7666575,
          19.9641379
        ]
      },
      "id": "node/13482222683"
    },
    {
      "type": "Feature",
      "properties": {
        "@id": "node/13482222700",
        "alt_name": "Kentucky Fried Chicken",
        "alt_name:en": "Kentucky Fried Chicken",
        "alt_name:hi": "केंटुकी फ्राइड चिकन",
        "alt_name:pa": "ਕੈਂਟੁਕੀ ਫ੍ਰਾਈਡ ਚਿਕਨ",
        "alt_name:pnb": "کینٹکی فرائیڈ چکن",
        "alt_name:ur": "کینٹکی فرائیڈ چکن",
        "amenity": "fast_food",
        "brand": "KFC",
        "brand:en": "KFC",
        "brand:hi": "केएफसी",
        "brand:pa": "ਕੇਐਫਸੀ",
        "brand:pnb": "کے ایف سی",
        "brand:ur": "کے ایف سی",
        "cuisine": "chicken",
        "name": "KFC",
        "name:en": "KFC",
        "name:hi": "केएफसी",
        "name:pa": "ਕੇਐਫਸੀ",
        "name:pnb": "کے ایف سی",
        "name:ur": "کے ایف سی",
        "takeaway": "yes"
      },
      "geometry": {
        "type": "Point",
        "coordinates": [
          73.758111,
          19.9561522
        ]
      },
      "id": "node/13482222700"
    },
    {
      "type": "Feature",
      "properties": {
        "@id": "node/13482236507",
        "name": "Hotel Skylark Inn",
        "tourism": "hotel"
      },
      "geometry": {
        "type": "Point",
        "coordinates": [
          73.7584705,
          19.9573093
        ]
      },
      "id": "node/13482236507"
    },
    {
      "type": "Feature",
      "properties": {
        "@id": "node/13482236515",
        "name": "Hotel Santosh",
        "tourism": "hotel"
      },
      "geometry": {
        "type": "Point",
        "coordinates": [
          73.7580418,
          19.9560054
        ]
      },
      "id": "node/13482236515"
    },
    {
      "type": "Feature",
      "properties": {
        "@id": "node/13482236516",
        "amenity": "restaurant",
        "bar": "yes",
        "name": "Hotel Santosh Café"
      },
      "geometry": {
        "type": "Point",
        "coordinates": [
          73.7579841,
          19.9560666
        ]
      },
      "id": "node/13482236516"
    },
    {
      "type": "Feature",
      "properties": {
        "@id": "node/13483091592",
        "amenity": "hospital",
        "check_date": "2026-01-25",
        "healthcare": "hospital",
        "name": "Shiv Multi Speciality Hospital",
        "name:en": "Shiv Multi Speciality Hospital"
      },
      "geometry": {
        "type": "Point",
        "coordinates": [
          73.7264041,
          19.9871436
        ]
      },
      "id": "node/13483091592"
    },
    {
      "type": "Feature",
      "properties": {
        "@id": "node/13483129491",
        "addr:floor": "G",
        "amenity": "fuel",
        "brand": "Nayara",
        "brand:wikidata": "Q5399377",
        "check_date": "2026-01-25",
        "level": "0",
        "name": "Nayara",
        "name:en": "Nayara",
        "payment:cash": "yes",
        "payment:credit_cards": "yes",
        "payment:debit_cards": "yes"
      },
      "geometry": {
        "type": "Point",
        "coordinates": [
          73.7249872,
          19.980154
        ]
      },
      "id": "node/13483129491"
    },
    {
      "type": "Feature",
      "properties": {
        "@id": "node/13483145418",
        "addr:floor": "G",
        "amenity": "fuel",
        "brand": "Hindustan Petroleum",
        "brand:wikidata": "Q1619375",
        "check_date": "2026-01-25",
        "level": "0",
        "name": "HP",
        "name:en": "HP",
        "official_name": "Hindustan Petroleum"
      },
      "geometry": {
        "type": "Point",
        "coordinates": [
          73.7111022,
          20.0026068
        ]
      },
      "id": "node/13483145418"
    },
    {
      "type": "Feature",
      "properties": {
        "@id": "node/13483149533",
        "addr:floor": "G",
        "amenity": "fuel",
        "brand": "JIO BP",
        "brand:wikidata": "Q7311026",
        "check_date": "2026-01-25",
        "level": "0",
        "name": "Jio BP",
        "name:en": "Jio BP"
      },
      "geometry": {
        "type": "Point",
        "coordinates": [
          73.7185578,
          20.0192767
        ]
      },
      "id": "node/13483149533"
    },
    {
      "type": "Feature",
      "properties": {
        "@id": "node/13483151108",
        "amenity": "fuel",
        "brand": "Indian Oil",
        "brand:wikidata": "Q1289348",
        "check_date": "2026-01-25",
        "name": "Indian Oil",
        "name:en": "Indian Oil",
        "payment:cash": "yes",
        "payment:credit_cards": "yes",
        "payment:debit_cards": "yes"
      },
      "geometry": {
        "type": "Point",
        "coordinates": [
          73.7224796,
          19.984777
        ]
      },
      "id": "node/13483151108"
    },
    {
      "type": "Feature",
      "properties": {
        "@id": "node/13483177685",
        "amenity": "atm",
        "brand": "IndusInd Bank",
        "brand:wikidata": "Q2040323",
        "check_date": "2026-01-25",
        "operator": "IndusInd Bank",
        "operator:wikidata": "Q2040323"
      },
      "geometry": {
        "type": "Point",
        "coordinates": [
          73.7894089,
          20.0117377
        ]
      },
      "id": "node/13483177685"
    },
    {
      "type": "Feature",
      "properties": {
        "@id": "node/13483205892",
        "addr:floor": "G",
        "amenity": "atm",
        "brand": "HDFC Bank",
        "brand:wikidata": "Q631047",
        "check_date": "2026-01-25",
        "level": "0",
        "operator": "HDFC Bank",
        "operator:wikidata": "Q631047"
      },
      "geometry": {
        "type": "Point",
        "coordinates": [
          73.7478825,
          20.0124005
        ]
      },
      "id": "node/13483205892"
    },
    {
      "type": "Feature",
      "properties": {
        "@id": "node/13483208247",
        "addr:floor": "1",
        "amenity": "bank",
        "brand": "Kotak Mahindra Bank",
        "brand:wikidata": "Q2040404",
        "check_date": "2026-01-25",
        "level": "1",
        "name": "Kotak Mahindra Bank"
      },
      "geometry": {
        "type": "Point",
        "coordinates": [
          73.7459474,
          20.0120423
        ]
      },
      "id": "node/13483208247"
    },
    {
      "type": "Feature",
      "properties": {
        "@id": "node/13483219866",
        "amenity": "bank",
        "brand": "Kotak Mahindra Bank",
        "brand:wikidata": "Q2040404",
        "check_date": "2026-01-25",
        "name": "Kotak Mahindra Bank"
      },
      "geometry": {
        "type": "Point",
        "coordinates": [
          73.7961501,
          20.0112222
        ]
      },
      "id": "node/13483219866"
    },
    {
      "type": "Feature",
      "properties": {
        "@id": "node/13483222464",
        "amenity": "bank",
        "brand": "State Bank of India",
        "brand:wikidata": "Q1340361",
        "check_date": "2026-01-25",
        "name": "State Bank of India",
        "name:en": "State Bank of India",
        "short_name": "SBI"
      },
      "geometry": {
        "type": "Point",
        "coordinates": [
          73.7924254,
          20.012544
        ]
      },
      "id": "node/13483222464"
    },
    {
      "type": "Feature",
      "properties": {
        "@id": "node/13483558280",
        "level": "0",
        "ref": "6",
        "shop": "ticket",
        "wheelchair": "no"
      },
      "geometry": {
        "type": "Point",
        "coordinates": [
          73.8420069,
          19.9486745
        ]
      },
      "id": "node/13483558280"
    },
    {
      "type": "Feature",
      "properties": {
        "@id": "node/13483558297",
        "level": "0",
        "ref": "1",
        "shop": "ticket",
        "wheelchair": "yes"
      },
      "geometry": {
        "type": "Point",
        "coordinates": [
          73.8420871,
          19.9486626
        ]
      },
      "id": "node/13483558297"
    },
    {
      "type": "Feature",
      "properties": {
        "@id": "node/13483558300",
        "access": "yes",
        "amenity": "luggage_locker",
        "covered": "yes",
        "fee": "yes",
        "indoor": "yes",
        "level": "0",
        "operator": "SafeCloak"
      },
      "geometry": {
        "type": "Point",
        "coordinates": [
          73.8417574,
          19.947506
        ]
      },
      "id": "node/13483558300"
    },
    {
      "type": "Feature",
      "properties": {
        "@id": "node/13483601303",
        "level": "0",
        "ref": "4",
        "shop": "ticket",
        "wheelchair": "no"
      },
      "geometry": {
        "type": "Point",
        "coordinates": [
          73.8420387,
          19.9486699
        ]
      },
      "id": "node/13483601303"
    },
    {
      "type": "Feature",
      "properties": {
        "@id": "node/13483601304",
        "level": "0",
        "ref": "8",
        "shop": "ticket",
        "wheelchair": "no"
      },
      "geometry": {
        "type": "Point",
        "coordinates": [
          73.841978,
          19.948679
        ]
      },
      "id": "node/13483601304"
    },
    {
      "type": "Feature",
      "properties": {
        "@id": "node/13483601313",
        "level": "0",
        "ref": "3",
        "shop": "ticket",
        "wheelchair": "no"
      },
      "geometry": {
        "type": "Point",
        "coordinates": [
          73.8420559,
          19.9486671
        ]
      },
      "id": "node/13483601313"
    },
    {
      "type": "Feature",
      "properties": {
        "@id": "node/13483601319",
        "level": "0",
        "ref": "5",
        "shop": "ticket",
        "wheelchair": "no"
      },
      "geometry": {
        "type": "Point",
        "coordinates": [
          73.8420221,
          19.9486717
        ]
      },
      "id": "node/13483601319"
    },
    {
      "type": "Feature",
      "properties": {
        "@id": "node/13483601340",
        "level": "0",
        "ref": "2",
        "shop": "ticket",
        "wheelchair": "no"
      },
      "geometry": {
        "type": "Point",
        "coordinates": [
          73.842071,
          19.9486651
        ]
      },
      "id": "node/13483601340"
    },
    {
      "type": "Feature",
      "properties": {
        "@id": "node/13483601351",
        "level": "0",
        "ref": "7",
        "shop": "ticket",
        "wheelchair": "no"
      },
      "geometry": {
        "type": "Point",
        "coordinates": [
          73.8419919,
          19.948677
        ]
      },
      "id": "node/13483601351"
    },
    {
      "type": "Feature",
      "properties": {
        "@id": "node/13483601353",
        "information": "office",
        "ref": "8",
        "toilets:wheelchair": "no",
        "tourism": "information",
        "wheelchair": "no"
      },
      "geometry": {
        "type": "Point",
        "coordinates": [
          73.8419612,
          19.9486814
        ]
      },
      "id": "node/13483601353"
    },
    {
      "type": "Feature",
      "properties": {
        "@id": "node/13483675841",
        "amenity": "fuel",
        "check_date": "2026-01-25"
      },
      "geometry": {
        "type": "Point",
        "coordinates": [
          73.8781444,
          19.9252654
        ]
      },
      "id": "node/13483675841"
    },
    {
      "type": "Feature",
      "properties": {
        "@id": "node/13483675842",
        "amenity": "fuel",
        "check_date": "2026-01-25",
        "name": "Bharat Petroleum"
      },
      "geometry": {
        "type": "Point",
        "coordinates": [
          73.8882592,
          19.9193846
        ]
      },
      "id": "node/13483675842"
    },
    {
      "type": "Feature",
      "properties": {
        "@id": "node/13483677408",
        "check_date": "2026-01-25",
        "name": "Hotel Pavan",
        "tourism": "hotel"
      },
      "geometry": {
        "type": "Point",
        "coordinates": [
          73.8381667,
          19.953936
        ]
      },
      "id": "node/13483677408"
    },
    {
      "type": "Feature",
      "properties": {
        "@id": "node/13483677409",
        "check_date": "2026-01-25",
        "name": "Hotel Omkar",
        "tourism": "hotel"
      },
      "geometry": {
        "type": "Point",
        "coordinates": [
          73.8383358,
          19.9537997
        ]
      },
      "id": "node/13483677409"
    },
    {
      "type": "Feature",
      "properties": {
        "@id": "node/13483677410",
        "check_date": "2026-01-25",
        "name": "Nidhi Travels",
        "shop": "travel_agency"
      },
      "geometry": {
        "type": "Point",
        "coordinates": [
          73.8382817,
          19.9538223
        ]
      },
      "id": "node/13483677410"
    },
    {
      "type": "Feature",
      "properties": {
        "@id": "node/13483677411",
        "check_date": "2026-01-25",
        "name": "Mitali Collection",
        "shop": "clothes"
      },
      "geometry": {
        "type": "Point",
        "coordinates": [
          73.8382259,
          19.9538424
        ]
      },
      "id": "node/13483677411"
    },
    {
      "type": "Feature",
      "properties": {
        "@id": "node/13483677412",
        "check_date": "2026-01-25",
        "name": "Park Mens Wear",
        "shop": "clothes"
      },
      "geometry": {
        "type": "Point",
        "coordinates": [
          73.8381717,
          19.9538809
        ]
      },
      "id": "node/13483677412"
    },
    {
      "type": "Feature",
      "properties": {
        "@id": "node/13483677413",
        "check_date": "2026-01-25",
        "name": "My Phone",
        "shop": "mobile_phone"
      },
      "geometry": {
        "type": "Point",
        "coordinates": [
          73.8382763,
          19.9537727
        ]
      },
      "id": "node/13483677413"
    },
    {
      "type": "Feature",
      "properties": {
        "@id": "node/13483677414",
        "check_date": "2026-01-25",
        "name": "Tyzer",
        "shop": "clothes"
      },
      "geometry": {
        "type": "Point",
        "coordinates": [
          73.8383146,
          19.9537233
        ]
      },
      "id": "node/13483677414"
    },
    {
      "type": "Feature",
      "properties": {
        "@id": "node/13483677415",
        "brand": "Lenskart",
        "brand:wikidata": "Q17068753",
        "check_date": "2026-01-25",
        "name": "Lenskart",
        "shop": "optician"
      },
      "geometry": {
        "type": "Point",
        "coordinates": [
          73.8384576,
          19.9536002
        ]
      },
      "id": "node/13483677415"
    },
    {
      "type": "Feature",
      "properties": {
        "@id": "node/13483677416",
        "check_date": "2026-01-25",
        "name": "Shri Mahapragya",
        "shop": "mobile_phone"
      },
      "geometry": {
        "type": "Point",
        "coordinates": [
          73.838512,
          19.9535457
        ]
      },
      "id": "node/13483677416"
    },
    {
      "type": "Feature",
      "properties": {
        "@id": "node/13483677417",
        "check_date": "2026-01-25",
        "name": "Bhatia's",
        "shop": "mobile_phone"
      },
      "geometry": {
        "type": "Point",
        "coordinates": [
          73.8388287,
          19.9533228
        ]
      },
      "id": "node/13483677417"
    },
    {
      "type": "Feature",
      "properties": {
        "@id": "node/13483798851",
        "amenity": "toilets"
      },
      "geometry": {
        "type": "Point",
        "coordinates": [
          73.7487724,
          19.9412019
        ]
      },
      "id": "node/13483798851"
    },
    {
      "type": "Feature",
      "properties": {
        "@id": "node/13483798882",
        "amenity": "drinking_water"
      },
      "geometry": {
        "type": "Point",
        "coordinates": [
          73.7487851,
          19.941177
        ]
      },
      "id": "node/13483798882"
    },
    {
      "type": "Feature",
      "properties": {
        "@id": "node/13484505826",
        "amenity": "place_of_worship",
        "name": "Sri Dakshinmukhi Hanuman Mandir",
        "religion": "hindu"
      },
      "geometry": {
        "type": "Point",
        "coordinates": [
          73.7905256,
          20.0076901
        ]
      },
      "id": "node/13484505826"
    },
    {
      "type": "Feature",
      "properties": {
        "@id": "node/13484505836",
        "amenity": "toilets",
        "description": "Poor condition",
        "fee": "no",
        "location": "outdoor",
        "toilets:handwashing": "no"
      },
      "geometry": {
        "type": "Point",
        "coordinates": [
          73.7903336,
          20.0080232
        ]
      },
      "id": "node/13484505836"
    },
    {
      "type": "Feature",
      "properties": {
        "@id": "node/13484505846",
        "amenity": "place_of_worship",
        "religion": "hindu"
      },
      "geometry": {
        "type": "Point",
        "coordinates": [
          73.7915787,
          20.0072941
        ]
      },
      "id": "node/13484505846"
    },
    {
      "type": "Feature",
      "properties": {
        "@id": "node/13484505859",
        "amenity": "place_of_worship",
        "religion": "hindu"
      },
      "geometry": {
        "type": "Point",
        "coordinates": [
          73.790206,
          20.0084056
        ]
      },
      "id": "node/13484505859"
    },
    {
      "type": "Feature",
      "properties": {
        "@id": "node/13484682376",
        "name": "Singhania Guesthouse",
        "natural": "tree",
        "start_date": "1939",
        "tourism": "guest_house"
      },
      "geometry": {
        "type": "Point",
        "coordinates": [
          73.7942671,
          20.0085547
        ]
      },
      "id": "node/13484682376"
    },
    {
      "type": "Feature",
      "properties": {
        "@id": "node/13484682397",
        "amenity": "place_of_worship",
        "religion": "hindu"
      },
      "geometry": {
        "type": "Point",
        "coordinates": [
          73.7923387,
          20.0083357
        ]
      },
      "id": "node/13484682397"
    },
    {
      "type": "Feature",
      "properties": {
        "@id": "node/13484807839",
        "amenity": "taxi",
        "name": "Auto Stand"
      },
      "geometry": {
        "type": "Point",
        "coordinates": [
          73.841412,
          19.9478736
        ]
      },
      "id": "node/13484807839"
    },
    {
      "type": "Feature",
      "properties": {
        "@id": "node/13484816619",
        "amenity": "drinking_water"
      },
      "geometry": {
        "type": "Point",
        "coordinates": [
          73.8418981,
          19.9446333
        ]
      },
      "id": "node/13484816619"
    },
    {
      "type": "Feature",
      "properties": {
        "@id": "node/13484816621",
        "amenity": "drinking_water",
        "fee": "no"
      },
      "geometry": {
        "type": "Point",
        "coordinates": [
          73.8418714,
          19.9457886
        ]
      },
      "id": "node/13484816621"
    },
    {
      "type": "Feature",
      "properties": {
        "@id": "node/13484816623",
        "amenity": "drinking_water"
      },
      "geometry": {
        "type": "Point",
        "coordinates": [
          73.8417815,
          19.9453947
        ]
      },
      "id": "node/13484816623"
    },
    {
      "type": "Feature",
      "properties": {
        "@id": "node/13484816625",
        "amenity": "drinking_water"
      },
      "geometry": {
        "type": "Point",
        "coordinates": [
          73.841988,
          19.945015
        ]
      },
      "id": "node/13484816625"
    },
    {
      "type": "Feature",
      "properties": {
        "@id": "node/13484816626",
        "amenity": "drinking_water",
        "fee": "no"
      },
      "geometry": {
        "type": "Point",
        "coordinates": [
          73.8419517,
          19.9461247
        ]
      },
      "id": "node/13484816626"
    },
    {
      "type": "Feature",
      "properties": {
        "@id": "node/13484816633",
        "amenity": "drinking_water"
      },
      "geometry": {
        "type": "Point",
        "coordinates": [
          73.8421385,
          19.9457387
        ]
      },
      "id": "node/13484816633"
    },
    {
      "type": "Feature",
      "properties": {
        "@id": "node/13484816636",
        "amenity": "drinking_water"
      },
      "geometry": {
        "type": "Point",
        "coordinates": [
          73.8416911,
          19.94499
        ]
      },
      "id": "node/13484816636"
    },
    {
      "type": "Feature",
      "properties": {
        "@id": "node/13484816639",
        "amenity": "drinking_water"
      },
      "geometry": {
        "type": "Point",
        "coordinates": [
          73.8422373,
          19.946058
        ]
      },
      "id": "node/13484816639"
    },
    {
      "type": "Feature",
      "properties": {
        "@id": "node/13484816643",
        "name": "Zahara Traders & Suppliers",
        "name:en": "Zahara Traders & Suppliers",
        "shop": "kiosk"
      },
      "geometry": {
        "type": "Point",
        "coordinates": [
          73.8419443,
          19.9460392
        ]
      },
      "id": "node/13484816643"
    },
    {
      "type": "Feature",
      "properties": {
        "@id": "node/13484816651",
        "amenity": "drinking_water"
      },
      "geometry": {
        "type": "Point",
        "coordinates": [
          73.8420435,
          19.9453347
        ]
      },
      "id": "node/13484816651"
    },
    {
      "type": "Feature",
      "properties": {
        "@id": "node/13484816654",
        "amenity": "drinking_water"
      },
      "geometry": {
        "type": "Point",
        "coordinates": [
          73.8416199,
          19.9446609
        ]
      },
      "id": "node/13484816654"
    },
    {
      "type": "Feature",
      "properties": {
        "@id": "node/13502376721",
        "name": "Ram Kund Boating",
        "tourism": "attraction"
      },
      "geometry": {
        "type": "Point",
        "coordinates": [
          73.791879,
          20.0073505
        ]
      },
      "id": "node/13502376721"
    },
    {
      "type": "Feature",
      "properties": {
        "@id": "node/13517342780",
        "amenity": "waste_basket",
        "waste": "trash"
      },
      "geometry": {
        "type": "Point",
        "coordinates": [
          73.8420145,
          19.9462324
        ]
      },
      "id": "node/13517342780"
    },
    {
      "type": "Feature",
      "properties": {
        "@id": "node/13517342781",
        "amenity": "drinking_water",
        "fee": "no"
      },
      "geometry": {
        "type": "Point",
        "coordinates": [
          73.8420145,
          19.9463893
        ]
      },
      "id": "node/13517342781"
    },
    {
      "type": "Feature",
      "properties": {
        "@id": "node/13517342782",
        "amenity": "waste_basket",
        "waste": "trash"
      },
      "geometry": {
        "type": "Point",
        "coordinates": [
          73.8420158,
          19.946503
        ]
      },
      "id": "node/13517342782"
    },
    {
      "type": "Feature",
      "properties": {
        "@id": "node/13517342783",
        "amenity": "waste_basket",
        "waste": "trash"
      },
      "geometry": {
        "type": "Point",
        "coordinates": [
          73.8420806,
          19.9464842
        ]
      },
      "id": "node/13517342783"
    },
    {
      "type": "Feature",
      "properties": {
        "@id": "node/13517342784",
        "name": "Mahanand Milk Stall",
        "name:en": "Mahanand Milk Stall",
        "name:hi": "महानंद मिल्क स्टाल",
        "name:mr": "महानंद मिल्क स्टाल",
        "shop": "kiosk"
      },
      "geometry": {
        "type": "Point",
        "coordinates": [
          73.8420644,
          19.9466072
        ]
      },
      "id": "node/13517342784"
    },
    {
      "type": "Feature",
      "properties": {
        "@id": "node/13517342785",
        "amenity": "waste_basket",
        "waste": "trash"
      },
      "geometry": {
        "type": "Point",
        "coordinates": [
          73.8420843,
          19.9466939
        ]
      },
      "id": "node/13517342785"
    },
    {
      "type": "Feature",
      "properties": {
        "@id": "node/13517342786",
        "name": "Ms R. B. Patil & Sons Tea & Snacks Stall",
        "name:en": "Ms R. B. Patil & Sons Tea & Snacks Stall",
        "shop": "kiosk"
      },
      "geometry": {
        "type": "Point",
        "coordinates": [
          73.842098,
          19.946804
        ]
      },
      "id": "node/13517342786"
    },
    {
      "type": "Feature",
      "properties": {
        "@id": "node/13517342787",
        "amenity": "bench",
        "armrest": "no",
        "backrest": "yes",
        "material": "steel"
      },
      "geometry": {
        "type": "Point",
        "coordinates": [
          73.8421653,
          19.9468661
        ]
      },
      "id": "node/13517342787"
    },
    {
      "type": "Feature",
      "properties": {
        "@id": "node/13517342788",
        "amenity": "bench",
        "armrest": "no",
        "backrest": "yes",
        "material": "steel"
      },
      "geometry": {
        "type": "Point",
        "coordinates": [
          73.8421765,
          19.9469212
        ]
      },
      "id": "node/13517342788"
    },
    {
      "type": "Feature",
      "properties": {
        "@id": "node/13517342789",
        "amenity": "drinking_water",
        "fee": "no"
      },
      "geometry": {
        "type": "Point",
        "coordinates": [
          73.8421952,
          19.9469903
        ]
      },
      "id": "node/13517342789"
    },
    {
      "type": "Feature",
      "properties": {
        "@id": "node/13517529113",
        "amenity": "restaurant",
        "name": "A.J.S Pure Veg Restaurant",
        "name:en": "A.J.S Pure Veg Restaurant",
        "operator": "IRCTC"
      },
      "geometry": {
        "type": "Point",
        "coordinates": [
          73.8419608,
          19.9474669
        ]
      },
      "id": "node/13517529113"
    },
    {
      "type": "Feature",
      "properties": {
        "@id": "node/13517529114",
        "amenity": "waste_basket",
        "waste": "trash"
      },
      "geometry": {
        "type": "Point",
        "coordinates": [
          73.842006,
          19.9475469
        ]
      },
      "id": "node/13517529114"
    },
    {
      "type": "Feature",
      "properties": {
        "@id": "node/13517529127",
        "amenity": "atm",
        "brand": "Hitachi",
        "brand:wikidata": "Q53238"
      },
      "geometry": {
        "type": "Point",
        "coordinates": [
          73.8420659,
          19.9479971
        ]
      },
      "id": "node/13517529127"
    },
    {
      "type": "Feature",
      "properties": {
        "@id": "node/13517529128",
        "name": "Mobile & Accessories Junction",
        "name:en": "Mobile & Accessories Junction",
        "shop": "mobile_phone_accessories"
      },
      "geometry": {
        "type": "Point",
        "coordinates": [
          73.8420222,
          19.9480215
        ]
      },
      "id": "node/13517529128"
    },
    {
      "type": "Feature",
      "properties": {
        "@id": "node/13517529129",
        "name": "Saijyoti Khadi and Garment",
        "name:en": "Saijyoti Khadi and Garment",
        "name:mr": "साईज्योती खादी ॲन्ड गारमेंट उद्योग",
        "shop": "clothes"
      },
      "geometry": {
        "type": "Point",
        "coordinates": [
          73.8419864,
          19.9480282
        ]
      },
      "id": "node/13517529129"
    },
    {
      "type": "Feature",
      "properties": {
        "@id": "node/13517529133",
        "amenity": "atm",
        "brand": "Hitachi",
        "brand:wikidata": "Q53238"
      },
      "geometry": {
        "type": "Point",
        "coordinates": [
          73.8419236,
          19.9484935
        ]
      },
      "id": "node/13517529133"
    },
    {
      "type": "Feature",
      "properties": {
        "@id": "node/13517529138",
        "amenity": "waste_basket",
        "waste": "trash"
      },
      "geometry": {
        "type": "Point",
        "coordinates": [
          73.8423526,
          19.9477069
        ]
      },
      "id": "node/13517529138"
    },
    {
      "type": "Feature",
      "properties": {
        "@id": "node/13517529139",
        "name": "P. V. Bhosle Fruits & Fruit Juice",
        "name:en": "P. V. Bhosle Fruits & Fruit Juice",
        "shop": "kiosk"
      },
      "geometry": {
        "type": "Point",
        "coordinates": [
          73.8423338,
          19.9478538
        ]
      },
      "id": "node/13517529139"
    },
    {
      "type": "Feature",
      "properties": {
        "@id": "node/13517529140",
        "amenity": "drinking_water",
        "fee": "no"
      },
      "geometry": {
        "type": "Point",
        "coordinates": [
          73.8423497,
          19.9479164
        ]
      },
      "id": "node/13517529140"
    },
    {
      "type": "Feature",
      "properties": {
        "@id": "node/13517529149",
        "name": "P. V. Bhosle Fruits & Fruit Juice",
        "name:en": "P. V. Bhosle Fruits & Fruit Juice",
        "name:hi": "पी व्ही भोसले फल एवं फलों के रस",
        "shop": "kiosk"
      },
      "geometry": {
        "type": "Point",
        "coordinates": [
          73.8423996,
          19.948096
        ]
      },
      "id": "node/13517529149"
    },
    {
      "type": "Feature",
      "properties": {
        "@id": "node/13517529150",
        "amenity": "waste_basket",
        "waste": "trash"
      },
      "geometry": {
        "type": "Point",
        "coordinates": [
          73.8422618,
          19.948296
        ]
      },
      "id": "node/13517529150"
    },
    {
      "type": "Feature",
      "properties": {
        "@id": "node/13517529151",
        "amenity": "lounge"
      },
      "geometry": {
        "type": "Point",
        "coordinates": [
          73.8422403,
          19.9484212
        ]
      },
      "id": "node/13517529151"
    },
    {
      "type": "Feature",
      "properties": {
        "@id": "node/13517529152",
        "amenity": "waste_basket",
        "waste": "trash"
      },
      "geometry": {
        "type": "Point",
        "coordinates": [
          73.842541,
          19.9495057
        ]
      },
      "id": "node/13517529152"
    },
    {
      "type": "Feature",
      "properties": {
        "@id": "node/13517529153",
        "amenity": "waste_basket",
        "waste": "trash"
      },
      "geometry": {
        "type": "Point",
        "coordinates": [
          73.842473,
          19.9491828
        ]
      },
      "id": "node/13517529153"
    },
    {
      "type": "Feature",
      "properties": {
        "@id": "node/13517529154",
        "amenity": "drinking_water",
        "fee": "no"
      },
      "geometry": {
        "type": "Point",
        "coordinates": [
          73.8424896,
          19.9492402
        ]
      },
      "id": "node/13517529154"
    },
    {
      "type": "Feature",
      "properties": {
        "@id": "node/13517529155",
        "amenity": "bench",
        "armrest": "no",
        "backrest": "yes",
        "material": "steel"
      },
      "geometry": {
        "type": "Point",
        "coordinates": [
          73.8424472,
          19.9490983
        ]
      },
      "id": "node/13517529155"
    },
    {
      "type": "Feature",
      "properties": {
        "@id": "node/13517529156",
        "amenity": "waste_basket",
        "waste": "trash"
      },
      "geometry": {
        "type": "Point",
        "coordinates": [
          73.8426131,
          19.9490396
        ]
      },
      "id": "node/13517529156"
    },
    {
      "type": "Feature",
      "properties": {
        "@id": "node/13517529157",
        "amenity": "waste_basket",
        "waste": "trash"
      },
      "geometry": {
        "type": "Point",
        "coordinates": [
          73.842662,
          19.9492507
        ]
      },
      "id": "node/13517529157"
    },
    {
      "type": "Feature",
      "properties": {
        "@id": "node/13517529162",
        "amenity": "bench",
        "armrest": "no",
        "backrest": "yes",
        "material": "wood"
      },
      "geometry": {
        "type": "Point",
        "coordinates": [
          73.8426739,
          19.9493142
        ]
      },
      "id": "node/13517529162"
    },
    {
      "type": "Feature",
      "properties": {
        "@id": "node/13517529163",
        "amenity": "bench",
        "armrest": "no",
        "backrest": "yes",
        "material": "steel"
      },
      "geometry": {
        "type": "Point",
        "coordinates": [
          73.8425097,
          19.9493488
        ]
      },
      "id": "node/13517529163"
    },
    {
      "type": "Feature",
      "properties": {
        "@id": "node/13517529164",
        "amenity": "waste_basket",
        "waste": "trash"
      },
      "geometry": {
        "type": "Point",
        "coordinates": [
          73.8427266,
          19.9495481
        ]
      },
      "id": "node/13517529164"
    },
    {
      "type": "Feature",
      "properties": {
        "@id": "node/13517529166",
        "amenity": "drinking_water",
        "fee": "no",
        "level": "0"
      },
      "geometry": {
        "type": "Point",
        "coordinates": [
          73.8424052,
          19.9489073
        ]
      },
      "id": "node/13517529166"
    },
    {
      "type": "Feature",
      "properties": {
        "@id": "node/13517529182",
        "amenity": "bench",
        "armrest": "yes",
        "backrest": "yes",
        "material": "steel",
        "seats": "3"
      },
      "geometry": {
        "type": "Point",
        "coordinates": [
          73.8425468,
          19.9488705
        ]
      },
      "id": "node/13517529182"
    },
    {
      "type": "Feature",
      "properties": {
        "@id": "node/13517529183",
        "amenity": "drinking_water",
        "fee": "no",
        "level": "0"
      },
      "geometry": {
        "type": "Point",
        "coordinates": [
          73.8425289,
          19.9487385
        ]
      },
      "id": "node/13517529183"
    },
    {
      "type": "Feature",
      "properties": {
        "@id": "node/13517529184",
        "amenity": "waste_basket",
        "waste": "trash"
      },
      "geometry": {
        "type": "Point",
        "coordinates": [
          73.8425152,
          19.9486512
        ]
      },
      "id": "node/13517529184"
    },
    {
      "type": "Feature",
      "properties": {
        "@id": "node/13540932210",
        "amenity": "pharmacy",
        "healthcare": "pharmacy",
        "mobile": "+9 90288 40098",
        "name": "Krushna Medical and General Stores",
        "name:en": "Krushna Medical and General Stores",
        "name:mr": "कृष्णा मेडिकल अँड जनरल स्टोअर्स"
      },
      "geometry": {
        "type": "Point",
        "coordinates": [
          73.7318918,
          19.9637452
        ]
      },
      "id": "node/13540932210"
    },
    {
      "type": "Feature",
      "properties": {
        "@id": "node/13540932211",
        "name": "New Suman Hardware",
        "name:en": "New Suman Hardware",
        "name:mr": "न्यु सुमन हार्डवेअर",
        "shop": "hardware"
      },
      "geometry": {
        "type": "Point",
        "coordinates": [
          73.7319605,
          19.9637356
        ]
      },
      "id": "node/13540932211"
    },
    {
      "type": "Feature",
      "properties": {
        "@id": "node/13540932226",
        "mobile": "+91 98900 88832",
        "name": "Datar Auto Battery",
        "name:en": "Datar Auto Battery",
        "name:mr": "दातार ऑटो बॅटरी",
        "shop": "car_parts"
      },
      "geometry": {
        "type": "Point",
        "coordinates": [
          73.7337671,
          19.9640203
        ]
      },
      "id": "node/13540932226"
    },
    {
      "type": "Feature",
      "properties": {
        "@id": "node/13540932227",
        "name": "Praveen Kirana Wholesale and Retail",
        "name:en": "Praveen Kirana Wholesale and Retail",
        "name:mr": "प्रविण किराणा होलसेल व रिटेल",
        "shop": "general"
      },
      "geometry": {
        "type": "Point",
        "coordinates": [
          73.7337301,
          19.9641074
        ]
      },
      "id": "node/13540932227"
    },
    {
      "type": "Feature",
      "properties": {
        "@id": "node/13540932233",
        "name": "Salasar Trading",
        "name:en": "Salasar Trading",
        "name:mr": "सालासार ट्रेडिंग",
        "shop": "general"
      },
      "geometry": {
        "type": "Point",
        "coordinates": [
          73.7321066,
          19.9660011
        ]
      },
      "id": "node/13540932233"
    },
    {
      "type": "Feature",
      "properties": {
        "@id": "node/13540932234",
        "name": "Shri Krushna Sweets",
        "name:en": "Shri Krushna Sweets",
        "name:mr": "श्री कृष्णा स्वीट्स",
        "shop": "confectionery"
      },
      "geometry": {
        "type": "Point",
        "coordinates": [
          73.732111,
          19.9660797
        ]
      },
      "id": "node/13540932234"
    },
    {
      "type": "Feature",
      "properties": {
        "@id": "node/13540932235",
        "amenity": "cafe",
        "name": "Saiba Amruttulaya",
        "name:en": "Saiba Amruttulaya",
        "name:mr": "साइबा अमृततुल्य"
      },
      "geometry": {
        "type": "Point",
        "coordinates": [
          73.732097,
          19.966124
        ]
      },
      "id": "node/13540932235"
    },
    {
      "type": "Feature",
      "properties": {
        "@id": "node/13541162546",
        "mobile": "+91 93259 28148;+91 70203 61764",
        "name": "New Star Mobile",
        "name:en": "New Star Mobile",
        "shop": "mobile_phone"
      },
      "geometry": {
        "type": "Point",
        "coordinates": [
          73.7294829,
          19.9698629
        ]
      },
      "id": "node/13541162546"
    },
    {
      "type": "Feature",
      "properties": {
        "@id": "node/13541162547",
        "name": "New Star Collection",
        "name:en": "New Star Collection",
        "shop": "clothes"
      },
      "geometry": {
        "type": "Point",
        "coordinates": [
          73.7294248,
          19.9698634
        ]
      },
      "id": "node/13541162547"
    },
    {
      "type": "Feature",
      "properties": {
        "@id": "node/13541162568",
        "amenity": "pharmacy",
        "healthcare": "pharmacy",
        "mobile": "+91 88303 78860;+91 97679 43802",
        "name": "Afreen Medical",
        "name:en": "Afreen Medical",
        "name:mr": "आफरीन मेडिकल"
      },
      "geometry": {
        "type": "Point",
        "coordinates": [
          73.7292338,
          19.9698671
        ]
      },
      "id": "node/13541162568"
    },
    {
      "type": "Feature",
      "properties": {
        "@id": "node/13541162587",
        "name": "R. K. Mobile Shop",
        "name:en": "R. K. Mobile Shop",
        "name:mr": "आर के मोबाईल शॉप",
        "shop": "mobile_phone_accessories"
      },
      "geometry": {
        "type": "Point",
        "coordinates": [
          73.7293879,
          19.9697819
        ]
      },
      "id": "node/13541162587"
    },
    {
      "type": "Feature",
      "properties": {
        "@id": "node/13541184924",
        "clothes": "men",
        "name": "Sarkar Men's Wear",
        "name:en": "Sarkar Men's Wear",
        "shop": "clothes"
      },
      "geometry": {
        "type": "Point",
        "coordinates": [
          73.7293963,
          19.9697576
        ]
      },
      "id": "node/13541184924"
    },
    {
      "type": "Feature",
      "properties": {
        "@id": "node/13541184925",
        "mobile": "+91 80874 81524",
        "name": "Selection Collection",
        "name:en": "Selection Collection",
        "shop": "clothes"
      },
      "geometry": {
        "type": "Point",
        "coordinates": [
          73.7293953,
          19.9697264
        ]
      },
      "id": "node/13541184925"
    },
    {
      "type": "Feature",
      "properties": {
        "@id": "node/13541184926",
        "name": "Delhi Collection",
        "name:en": "Delhi Collection",
        "name:mr": "दिल्ली कलेक्शन",
        "shop": "clothes"
      },
      "geometry": {
        "type": "Point",
        "coordinates": [
          73.7293942,
          19.9696278
        ]
      },
      "id": "node/13541184926"
    },
    {
      "type": "Feature",
      "properties": {
        "@id": "node/13541184927",
        "mobile": "+91 87880 21368",
        "name": "Rehan E-Services",
        "name:en": "Rehan E-Services",
        "name:mr": "रेहान इ-सर्व्हीसेस",
        "shop": "yes"
      },
      "geometry": {
        "type": "Point",
        "coordinates": [
          73.7293938,
          19.9696827
        ]
      },
      "id": "node/13541184927"
    },
    {
      "type": "Feature",
      "properties": {
        "@id": "node/13541184928",
        "mobile": "+91 83290 23342",
        "name": "Famous Collection",
        "name:en": "Famous Collection",
        "name:mr": "फेमस कलेक्शन",
        "shop": "clothes"
      },
      "geometry": {
        "type": "Point",
        "coordinates": [
          73.7293863,
          19.9695806
        ]
      },
      "id": "node/13541184928"
    },
    {
      "type": "Feature",
      "properties": {
        "@id": "node/13541184929",
        "mobile": "+91 70571 41405;+91 98906 36013",
        "name": "Asif Traders Eggs and Chicken",
        "name:en": "Asif Traders Eggs and Chicken",
        "name:mr": "आसिफ ट्रेडर्स अंडे व चिकन",
        "shop": "butcher"
      },
      "geometry": {
        "type": "Point",
        "coordinates": [
          73.7293824,
          19.969526
        ]
      },
      "id": "node/13541184929"
    },
    {
      "type": "Feature",
      "properties": {
        "@id": "node/13541184930",
        "mobile": "+91 98190 01195",
        "name": "Bombay Collection",
        "name:en": "Bombay Collection",
        "name:mr": "बॉम्बे कलेक्शन",
        "shop": "clothes"
      },
      "geometry": {
        "type": "Point",
        "coordinates": [
          73.7293784,
          19.9694747
        ]
      },
      "id": "node/13541184930"
    },
    {
      "type": "Feature",
      "properties": {
        "@id": "node/13541184931",
        "mobile": "+91 86259 47652",
        "name": "New Mumbai Fashion Sale",
        "name:en": "New Mumbai Fashion Sale",
        "name:mr": "न्यु मुंबई फॅशन सेल",
        "shop": "clothes"
      },
      "geometry": {
        "type": "Point",
        "coordinates": [
          73.7293717,
          19.9694078
        ]
      },
      "id": "node/13541184931"
    },
    {
      "type": "Feature",
      "properties": {
        "@id": "node/13541184936",
        "amenity": "pharmacy",
        "healthcare": "pharmacy",
        "mobile": "+91 87667 84848",
        "name": "Healthcare Medical and General Stores",
        "name:en": "Healthcare Medical and General Stores",
        "name:mr": "हेल्थकेअर मेडिकल ॲन्ड जनरल स्टोअर्स"
      },
      "geometry": {
        "type": "Point",
        "coordinates": [
          73.7294207,
          19.9691758
        ]
      },
      "id": "node/13541184936"
    },
    {
      "type": "Feature",
      "properties": {
        "@id": "node/13541184937",
        "amenity": "atm",
        "brand": "ICICI Bank",
        "brand:wikidata": "Q1653258",
        "operator": "ICICI Bank",
        "operator:wikidata": "Q1653258"
      },
      "geometry": {
        "type": "Point",
        "coordinates": [
          73.728924,
          19.9691616
        ]
      },
      "id": "node/13541184937"
    },
    {
      "type": "Feature",
      "properties": {
        "@id": "node/13541184946",
        "amenity": "restaurant",
        "cuisine": "chinese",
        "name": "Mane Chinese Corner",
        "name:en": "Mane Chinese Corner",
        "name:mr": "माने चायनिज कॉर्नर"
      },
      "geometry": {
        "type": "Point",
        "coordinates": [
          73.7289353,
          19.9689867
        ]
      },
      "id": "node/13541184946"
    },
    {
      "type": "Feature",
      "properties": {
        "@id": "node/13541184951",
        "amenity": "pharmacy",
        "healthcare": "pharmacy",
        "mobile": "+91 99226 24428",
        "name": "Seva Medical & General Stores",
        "name:en": "Seva Medical & General Stores",
        "name:mr": "सेवा मेडिकल ॲन्ड जनरल स्टोअर्स"
      },
      "geometry": {
        "type": "Point",
        "coordinates": [
          73.728924,
          19.9689263
        ]
      },
      "id": "node/13541184951"
    },
    {
      "type": "Feature",
      "properties": {
        "@id": "node/13541184952",
        "name": "SS Mobile",
        "name:en": "SS Mobile",
        "name:mr": "एस एस मोबाईल",
        "shop": "mobile_phone"
      },
      "geometry": {
        "type": "Point",
        "coordinates": [
          73.7288223,
          19.9690421
        ]
      },
      "id": "node/13541184952"
    },
    {
      "type": "Feature",
      "properties": {
        "@id": "node/13541184962",
        "name": "Amol Kirana Stores",
        "name:en": "Amol Kirana Stores",
        "name:mr": "अमोल किराणा स्टोअर्स",
        "shop": "general"
      },
      "geometry": {
        "type": "Point",
        "coordinates": [
          73.7288837,
          19.9691678
        ]
      },
      "id": "node/13541184962"
    },
    {
      "type": "Feature",
      "properties": {
        "@id": "node/13541184963",
        "name": "Dhanya Bhandar",
        "name:en": "Dhanya Bhandar",
        "name:mr": "धान्य भांडार",
        "shop": "general"
      },
      "geometry": {
        "type": "Point",
        "coordinates": [
          73.7288592,
          19.9691691
        ]
      },
      "id": "node/13541184963"
    },
    {
      "type": "Feature",
      "properties": {
        "@id": "node/13541184964",
        "mobile": "+91 72183 19511;+91 98116 11739",
        "name": "A S Collection",
        "name:en": "A S Collection",
        "shop": "clothes"
      },
      "geometry": {
        "type": "Point",
        "coordinates": [
          73.728815,
          19.9688681
        ]
      },
      "id": "node/13541184964"
    },
    {
      "type": "Feature",
      "properties": {
        "@id": "node/13541184965",
        "mobile": "+91 78879 75691",
        "name": "MH15 Collection and Mens Wear",
        "name:en": "MH15 Collection and Mens Wear",
        "name:mr": "एम एच १५ कलेक्शन अँण्ड मेन्स वेअर",
        "shop": "clothes"
      },
      "geometry": {
        "type": "Point",
        "coordinates": [
          73.7288132,
          19.9688273
        ]
      },
      "id": "node/13541184965"
    },
    {
      "type": "Feature",
      "properties": {
        "@id": "node/13541184966",
        "amenity": "pharmacy",
        "drive_through": "no",
        "healthcare": "pharmacy",
        "mobile": "+91 92841 65830",
        "name": "Nijami Medical",
        "name:en": "Nijami Medical",
        "name:mr": "निजामी मेडिकल"
      },
      "geometry": {
        "type": "Point",
        "coordinates": [
          73.728812,
          19.9687967
        ]
      },
      "id": "node/13541184966"
    },
    {
      "type": "Feature",
      "properties": {
        "@id": "node/13541184967",
        "mobile": "+91 78874 44578",
        "name": "R. P. Mobile",
        "name:en": "R. P. Mobile",
        "name:mr": "आर. पी. मोबाईल",
        "shop": "mobile_phone"
      },
      "geometry": {
        "type": "Point",
        "coordinates": [
          73.7288102,
          19.9687684
        ]
      },
      "id": "node/13541184967"
    },
    {
      "type": "Feature",
      "properties": {
        "@id": "node/13541184976",
        "mobile": "+91 87938 36310;+91 99233 04410",
        "name": "Arman Traders",
        "name:en": "Arman Traders",
        "name:mr": "अरमान ट्रेडर्स",
        "shop": "general"
      },
      "geometry": {
        "type": "Point",
        "coordinates": [
          73.7285295,
          19.9692229
        ]
      },
      "id": "node/13541184976"
    },
    {
      "type": "Feature",
      "properties": {
        "@id": "node/13541184977",
        "amenity": "pharmacy",
        "healthcare": "pharmacy",
        "mobile": "+91 70203 16136",
        "name": "Alshifa Medical and General Stores",
        "name:en": "Alshifa Medical and General Stores",
        "name:mr": "अलशिफा मेडिकल ॲण्ड जनरल स्टोअर्स"
      },
      "geometry": {
        "type": "Point",
        "coordinates": [
          73.7284938,
          19.9692311
        ]
      },
      "id": "node/13541184977"
    },
    {
      "type": "Feature",
      "properties": {
        "@id": "node/13541184988",
        "amenity": "pharmacy",
        "healthcare": "pharmacy",
        "name": "Tirupati Medical and General Stores",
        "name:en": "Tirupati Medical and General Stores",
        "name:mr": "तिरुपती मेडिकल ॲण्ड जनरल स्टोअर्स"
      },
      "geometry": {
        "type": "Point",
        "coordinates": [
          73.7283197,
          19.9692649
        ]
      },
      "id": "node/13541184988"
    },
    {
      "type": "Feature",
      "properties": {
        "@id": "node/13541185037",
        "amenity": "pharmacy",
        "healthcare": "pharmacy",
        "mobile": "+91 78879 60823",
        "name": "Aj Jahir Medical and General Stores",
        "name:en": "Aj Jahir Medical and General Stores",
        "name:mr": "अज जाहिर मेडिकल ॲण्ड जनरल स्टोअर्स"
      },
      "geometry": {
        "type": "Point",
        "coordinates": [
          73.7275613,
          19.9711772
        ]
      },
      "id": "node/13541185037"
    },
    {
      "type": "Feature",
      "properties": {
        "@id": "node/13541185088",
        "amenity": "clinic",
        "healthcare": "clinic",
        "mobile": "+91 96700 00804",
        "name": "Noor Polyclinic Physician Surgeon and Child Specialist",
        "name:en": "Noor Polyclinic Physician Surgeon and Child Specialist",
        "name:mr": "नूर पॉलीक्लिनिक फिजीशियन सर्जन आणि शुल्क शिक्षु",
        "opening_hours": "Mo-Sa 10:00-14:00,17:00-22:00; Su \"By Appointment\""
      },
      "geometry": {
        "type": "Point",
        "coordinates": [
          73.7262589,
          19.971947
        ]
      },
      "id": "node/13541185088"
    },
    {
      "type": "Feature",
      "properties": {
        "@id": "node/13541185089",
        "amenity": "dentist",
        "healthcare": "dentist",
        "mobile": "+91 87705 58505",
        "name": "M. M. Maxillof Facial and Dental Clinic",
        "name:en": "M. M. Maxillof Facial and Dental Clinic",
        "name:mr": "एम एम मॅक्सिलो फेशियल आणि दातांचा दवाखाना",
        "opening_hours": "Mo-Su 10:00-14:00,17:00-22:00"
      },
      "geometry": {
        "type": "Point",
        "coordinates": [
          73.7263117,
          19.9719722
        ]
      },
      "id": "node/13541185089"
    },
    {
      "type": "Feature",
      "properties": {
        "@id": "node/13541185101",
        "mobile": "+91 84118 80222;+91 72765 67778",
        "name": "Asian Hardware",
        "name:en": "Asian Hardware",
        "name:mr": "एशियन हार्डवेअर",
        "shop": "hardware"
      },
      "geometry": {
        "type": "Point",
        "coordinates": [
          73.7292087,
          19.9723152
        ]
      },
      "id": "node/13541185101"
    },
    {
      "type": "Feature",
      "properties": {
        "@id": "node/13541185102",
        "name": "Khan Cushion and Furniture",
        "name:en": "Khan Cushion and Furniture",
        "shop": "furniture"
      },
      "geometry": {
        "type": "Point",
        "coordinates": [
          73.7291555,
          19.9724028
        ]
      },
      "id": "node/13541185102"
    },
    {
      "type": "Feature",
      "properties": {
        "@id": "node/13541185103",
        "name": "Golden Furniture",
        "name:en": "Golden Furniture",
        "name:mr": "गोल्डन फर्निचर",
        "shop": "furniture"
      },
      "geometry": {
        "type": "Point",
        "coordinates": [
          73.7296498,
          19.9709577
        ]
      },
      "id": "node/13541185103"
    },
    {
      "type": "Feature",
      "properties": {
        "@id": "node/13541185104",
        "name": "New Asrar Kirana",
        "name:en": "New Asrar Kirana",
        "shop": "nuts;spices"
      },
      "geometry": {
        "type": "Point",
        "coordinates": [
          73.7300908,
          19.9711774
        ]
      },
      "id": "node/13541185104"
    },
    {
      "type": "Feature",
      "properties": {
        "@id": "node/13546459194",
        "name": "Navkar Industries",
        "name:en": "Navkar Industries",
        "name:mr": "नवकर इंडस्ट्रिज",
        "shop": "wholesale",
        "wholesale": "hardware"
      },
      "geometry": {
        "type": "Point",
        "coordinates": [
          73.738573,
          19.9629979
        ]
      },
      "id": "node/13546459194"
    },
    {
      "type": "Feature",
      "properties": {
        "@id": "node/13546500262",
        "amenity": "cafe",
        "name": "Swaraj Amruttulya",
        "name:en": "Swaraj Amruttulya",
        "name:mr": "स्वराज अमृततुल्य"
      },
      "geometry": {
        "type": "Point",
        "coordinates": [
          73.7434811,
          19.9616533
        ]
      },
      "id": "node/13546500262"
    },
    {
      "type": "Feature",
      "properties": {
        "@id": "node/13546500263",
        "mobile": "+91 98508 29059",
        "name": "Sai Hairdressers",
        "name:en": "Sai Hairdressers",
        "name:mr": "साई हेअर ड्रेसर्स",
        "shop": "hairdresser"
      },
      "geometry": {
        "type": "Point",
        "coordinates": [
          73.7435483,
          19.9616555
        ]
      },
      "id": "node/13546500263"
    },
    {
      "type": "Feature",
      "properties": {
        "@id": "node/13546500312",
        "amenity": "pharmacy",
        "healthcare": "pharmacy",
        "name": "Yogeshwar Medical and General Stores",
        "name:en": "Yogeshwar Medical and General Stores",
        "name:mr": "योगेश्वर मेडिकल ॲण्ड जनरल स्टोअर्स"
      },
      "geometry": {
        "type": "Point",
        "coordinates": [
          73.7447375,
          19.9614685
        ]
      },
      "id": "node/13546500312"
    },
    {
      "type": "Feature",
      "properties": {
        "@id": "node/13546500321",
        "mobile": "+91 98904 54605;+91 90217 96549",
        "name": "Shubhda Kirana and General Stores",
        "name:en": "Shubhda Kirana and General Stores",
        "name:mr": "शुभदा किराणा ॲण्ड जनरल स्टोअर्स",
        "shop": "general"
      },
      "geometry": {
        "type": "Point",
        "coordinates": [
          73.7447621,
          19.9614175
        ]
      },
      "id": "node/13546500321"
    },
    {
      "type": "Feature",
      "properties": {
        "@id": "node/13546500322",
        "name": "Sairaj Dhanya Bhadar",
        "name:en": "Sairaj Dhanya Bhadar",
        "name:mr": "साइराज धान्य भांडार",
        "shop": "yes"
      },
      "geometry": {
        "type": "Point",
        "coordinates": [
          73.7448284,
          19.9611743
        ]
      },
      "id": "node/13546500322"
    },
    {
      "type": "Feature",
      "properties": {
        "@id": "node/13546500323",
        "name": "Devaj Hair Craft",
        "name:en": "Devaj Hair Craft",
        "name:mr": "देवाज हेअर क्राफ्ट",
        "shop": "hairdresser"
      },
      "geometry": {
        "type": "Point",
        "coordinates": [
          73.744817,
          19.9612125
        ]
      },
      "id": "node/13546500323"
    },
    {
      "type": "Feature",
      "properties": {
        "@id": "node/13546500324",
        "amenity": "pharmacy",
        "healthcare": "pharmacy",
        "mobile": "+91 95610 71027;+91 97638 82517",
        "name": "Harshvardhan Pharma Swast Aushadhi Seva",
        "name:en": "Harshvardhan Pharma Swast Aushadhi Seva",
        "name:mr": "हर्षवर्धन फार्मा स्वस्त औषधी सेवा"
      },
      "geometry": {
        "type": "Point",
        "coordinates": [
          73.7451181,
          19.960993
        ]
      },
      "id": "node/13546500324"
    },
    {
      "type": "Feature",
      "properties": {
        "@id": "node/13546500325",
        "air_conditioning": "no",
        "mobile": "+91 98233 99598",
        "name": "Kotkar Sales Corporation",
        "name:en": "Kotkar Sales Corporation",
        "name:mr": "कोतकर सेल्स कॉर्पोरेशन",
        "shop": "houseware"
      },
      "geometry": {
        "type": "Point",
        "coordinates": [
          73.7450732,
          19.9609837
        ]
      },
      "id": "node/13546500325"
    },
    {
      "type": "Feature",
      "properties": {
        "@id": "node/13546500326",
        "amenity": "clinic",
        "healthcare": "clinic",
        "name": "Akanksha Clinic",
        "name:en": "Akanksha Clinic",
        "name:mr": "आकांक्षा क्लिनिक"
      },
      "geometry": {
        "type": "Point",
        "coordinates": [
          73.7450312,
          19.9609676
        ]
      },
      "id": "node/13546500326"
    },
    {
      "type": "Feature",
      "properties": {
        "@id": "node/13546500327",
        "mobile": "+91 97638 82517",
        "name": "New Fresh Bakers",
        "name:en": "New Fresh Bakers",
        "name:mr": "न्यु फ्रेश बेकर्स",
        "shop": "bakery"
      },
      "geometry": {
        "type": "Point",
        "coordinates": [
          73.7450211,
          19.9609405
        ]
      },
      "id": "node/13546500327"
    },
    {
      "type": "Feature",
      "properties": {
        "@id": "node/13546500328",
        "shop": "mobile_phone_accessories"
      },
      "geometry": {
        "type": "Point",
        "coordinates": [
          73.7450049,
          19.960943
        ]
      },
      "id": "node/13546500328"
    },
    {
      "type": "Feature",
      "properties": {
        "@id": "node/13546500329",
        "mobile": "+91 92718 15321",
        "name": "Lakshmi Jewellers",
        "name:en": "Lakshmi Jewellers",
        "name:mr": "लक्ष्मी ज्वेलर्स",
        "shop": "jewelry"
      },
      "geometry": {
        "type": "Point",
        "coordinates": [
          73.7449817,
          19.9609611
        ]
      },
      "id": "node/13546500329"
    },
    {
      "type": "Feature",
      "properties": {
        "@id": "node/13546500330",
        "mobile": "+91 83299 60171",
        "name": "Jay Dresses and Sarees",
        "name:en": "Jay Dresses and Sarees",
        "name:mr": "जय ड्रेसेस ॲण्ड सारीज",
        "shop": "clothes"
      },
      "geometry": {
        "type": "Point",
        "coordinates": [
          73.744955,
          19.9609626
        ]
      },
      "id": "node/13546500330"
    },
    {
      "type": "Feature",
      "properties": {
        "@id": "node/13546500331",
        "amenity": "cafe",
        "name": "Shuriya Amruttulya",
        "name:en": "Shuriya Amruttulya",
        "name:mr": "शुरीय अमृततुल्य"
      },
      "geometry": {
        "type": "Point",
        "coordinates": [
          73.7449226,
          19.9609462
        ]
      },
      "id": "node/13546500331"
    },
    {
      "type": "Feature",
      "properties": {
        "@id": "node/13546500332",
        "amenity": "atm",
        "brand": "HDFC Bank",
        "brand:wikidata": "Q631047",
        "operator": "HDFC Bank",
        "operator:wikidata": "Q631047"
      },
      "geometry": {
        "type": "Point",
        "coordinates": [
          73.7448885,
          19.9609405
        ]
      },
      "id": "node/13546500332"
    },
    {
      "type": "Feature",
      "properties": {
        "@id": "node/13546500333",
        "name": "New Vardhan Mobile",
        "name:en": "New Vardhan Mobile",
        "name:mr": "न्यु वर्धन मोबाईल",
        "shop": "mobile_phone"
      },
      "geometry": {
        "type": "Point",
        "coordinates": [
          73.7448169,
          19.9609283
        ]
      },
      "id": "node/13546500333"
    },
    {
      "type": "Feature",
      "properties": {
        "@id": "node/13546500334",
        "amenity": "clinic",
        "healthcare": "clinic"
      },
      "geometry": {
        "type": "Point",
        "coordinates": [
          73.7447841,
          19.9608956
        ]
      },
      "id": "node/13546500334"
    },
    {
      "type": "Feature",
      "properties": {
        "@id": "node/13546500335",
        "name": "A. S. Mobile Accessories and Spare Parts",
        "name:en": "A. S. Mobile Accessories and Spare Parts",
        "name:mr": "ए एस मोबाईल ॲक्सेसरीज ॲण्ड स्पेअर पार्ट",
        "shop": "mobile_phone_accessories"
      },
      "geometry": {
        "type": "Point",
        "coordinates": [
          73.7447301,
          19.9609135
        ]
      },
      "id": "node/13546500335"
    },
    {
      "type": "Feature",
      "properties": {
        "@id": "node/13546500336",
        "name": "Matoshri Dhanya and Kirana",
        "name:en": "Matoshri Dhanya and Kirana",
        "name:mr": "मातोश्री धान्य व किराणा",
        "shop": "general"
      },
      "geometry": {
        "type": "Point",
        "coordinates": [
          73.7446457,
          19.9609101
        ]
      },
      "id": "node/13546500336"
    },
    {
      "type": "Feature",
      "properties": {
        "@id": "node/13546511731",
        "amenity": "restaurant",
        "check_date": "2026-01-21",
        "description": "Maharashtrian Food",
        "diet:vegan": "yes",
        "diet:vegetarian": "yes",
        "name": "Desha"
      },
      "geometry": {
        "type": "Point",
        "coordinates": [
          73.7219073,
          20.0240582
        ]
      },
      "id": "node/13546511731"
    },
    {
      "type": "Feature",
      "properties": {
        "@id": "node/13551234294",
        "amenity": "pharmacy",
        "healthcare": "pharmacy",
        "name": "Gayatri Kirana and General Stores",
        "name:en": "Gayatri Kirana and General Stores",
        "name:mr": "गायत्री किराणा ॲण्ड जनरल स्टोअर्स"
      },
      "geometry": {
        "type": "Point",
        "coordinates": [
          73.744663,
          19.961624
        ]
      },
      "id": "node/13551234294"
    },
    {
      "type": "Feature",
      "properties": {
        "@id": "node/13586356561",
        "amenity": "school",
        "education": "school",
        "name": "rp vidyalaya"
      },
      "geometry": {
        "type": "Point",
        "coordinates": [
          73.797892,
          20.0118897
        ]
      },
      "id": "node/13586356561"
    },
    {
      "type": "Feature",
      "properties": {
        "@id": "node/13592973542",
        "brand": "MR.DIY",
        "brand:wikidata": "Q105044323",
        "name": "MR.DIY",
        "shop": "doityourself"
      },
      "geometry": {
        "type": "Point",
        "coordinates": [
          73.7715964,
          19.9483652
        ]
      },
      "id": "node/13592973542"
    },
    {
      "type": "Feature",
      "properties": {
        "@id": "node/13592973599",
        "amenity": "fast_food",
        "brand": "Burger King",
        "brand:wikidata": "Q177054",
        "cuisine": "burger",
        "name": "Burger King",
        "takeaway": "yes"
      },
      "geometry": {
        "type": "Point",
        "coordinates": [
          73.7702164,
          19.9501013
        ]
      },
      "id": "node/13592973599"
    },
    {
      "type": "Feature",
      "properties": {
        "@id": "node/13592979781",
        "amenity": "atm",
        "brand": "HDFC Bank",
        "brand:wikidata": "Q631047",
        "operator": "HDFC Bank",
        "operator:wikidata": "Q631047"
      },
      "geometry": {
        "type": "Point",
        "coordinates": [
          73.7668211,
          19.9530868
        ]
      },
      "id": "node/13592979781"
    },
    {
      "type": "Feature",
      "properties": {
        "@id": "node/13592979812",
        "brand": "Reliance Digital",
        "brand:wikidata": "Q7311012",
        "name": "Reliance Digital",
        "shop": "electronics"
      },
      "geometry": {
        "type": "Point",
        "coordinates": [
          73.7640529,
          19.9545544
        ]
      },
      "id": "node/13592979812"
    },
    {
      "type": "Feature",
      "properties": {
        "@id": "node/13637865797",
        "name": "Emperor Watch Company",
        "shop": "watches"
      },
      "geometry": {
        "type": "Point",
        "coordinates": [
          73.8284174,
          19.9013091
        ]
      },
      "id": "node/13637865797"
    },
    {
      "type": "Feature",
      "properties": {
        "@id": "node/13640489573",
        "hairdresser": "barber",
        "name": "Metro Saloon",
        "shop": "hairdresser"
      },
      "geometry": {
        "type": "Point",
        "coordinates": [
          73.8291449,
          19.9014383
        ]
      },
      "id": "node/13640489573"
    },
    {
      "type": "Feature",
      "properties": {
        "@id": "node/13640489574",
        "name": "Empire Stores",
        "not:brand:wikidata": "Q124374511",
        "shop": "bakery"
      },
      "geometry": {
        "type": "Point",
        "coordinates": [
          73.8284077,
          19.9011469
        ]
      },
      "id": "node/13640489574"
    },
    {
      "type": "Feature",
      "properties": {
        "@id": "node/13646913719",
        "amenity": "parking",
        "layer": "-1",
        "parking": "underground"
      },
      "geometry": {
        "type": "Point",
        "coordinates": [
          73.7875249,
          20.0148779
        ]
      },
      "id": "node/13646913719"
    },
    {
      "type": "Feature",
      "properties": {
        "@id": "node/13691310701",
        "addr:street": "Ambad Link Road (M17)",
        "name": "Zudio (Burkule Hall)",
        "shop": "clothes"
      },
      "geometry": {
        "type": "Point",
        "coordinates": [
          73.7531603,
          19.967918
        ]
      },
      "id": "node/13691310701"
    },
    {
      "type": "Feature",
      "properties": {
        "@id": "node/13691310801",
        "amenity": "place_of_worship",
        "name": "Ganpati Mandir"
      },
      "geometry": {
        "type": "Point",
        "coordinates": [
          73.7512424,
          19.9692389
        ]
      },
      "id": "node/13691310801"
    },
    {
      "type": "Feature",
      "properties": {
        "@id": "node/13691310901",
        "amenity": "place_of_worship",
        "name": "Shanidev Mandir"
      },
      "geometry": {
        "type": "Point",
        "coordinates": [
          73.7516103,
          19.9676216
        ]
      },
      "id": "node/13691310901"
    },
    {
      "type": "Feature",
      "properties": {
        "@id": "node/13704744203",
        "amenity": "school",
        "name": "Sony International School"
      },
      "geometry": {
        "type": "Point",
        "coordinates": [
          73.7517519,
          19.9686651
        ]
      },
      "id": "node/13704744203"
    },
    {
      "type": "Feature",
      "properties": {
        "@id": "node/13704744204",
        "amenity": "fast_food",
        "name": "Chotu Kolhapuri"
      },
      "geometry": {
        "type": "Point",
        "coordinates": [
          73.7551238,
          19.9692781
        ]
      },
      "id": "node/13704744204"
    },
    {
      "type": "Feature",
      "properties": {
        "@id": "node/13704744205",
        "name": "Jeans Junction",
        "shop": "clothes"
      },
      "geometry": {
        "type": "Point",
        "coordinates": [
          73.7550227,
          19.9693873
        ]
      },
      "id": "node/13704744205"
    },
    {
      "type": "Feature",
      "properties": {
        "@id": "node/13704744206",
        "amenity": "fast_food",
        "name": "Chirag Biryani"
      },
      "geometry": {
        "type": "Point",
        "coordinates": [
          73.7552158,
          19.9692544
        ]
      },
      "id": "node/13704744206"
    },
    {
      "type": "Feature",
      "properties": {
        "@id": "node/13704746101",
        "amenity": "school",
        "name": "Dr. Vasamtrao Pawar Medical School, Clinic and Research Center"
      },
      "geometry": {
        "type": "Point",
        "coordinates": [
          73.7551583,
          19.9694625
        ]
      },
      "id": "node/13704746101"
    },
    {
      "type": "Feature",
      "properties": {
        "@id": "node/13704746102",
        "name": "Pradatta Medical Store",
        "shop": "medical_supply"
      },
      "geometry": {
        "type": "Point",
        "coordinates": [
          73.7549776,
          19.9692941
        ]
      },
      "id": "node/13704746102"
    },
    {
      "type": "Feature",
      "properties": {
        "@id": "node/13704746103",
        "amenity": "atm",
        "opening_hours": "24/7"
      },
      "geometry": {
        "type": "Point",
        "coordinates": [
          73.7550266,
          19.9694322
        ]
      },
      "id": "node/13704746103"
    },
    {
      "type": "Feature",
      "properties": {
        "@id": "node/13704746104",
        "amenity": "fast_food",
        "name": "Biryani House"
      },
      "geometry": {
        "type": "Point",
        "coordinates": [
          73.7551835,
          19.969264
        ]
      },
      "id": "node/13704746104"
    },
    {
      "type": "Feature",
      "properties": {
        "@id": "node/13704746201",
        "name": "Om Stationers",
        "shop": "books"
      },
      "geometry": {
        "type": "Point",
        "coordinates": [
          73.7550264,
          19.9692917
        ]
      },
      "id": "node/13704746201"
    },
    {
      "type": "Feature",
      "properties": {
        "@id": "node/13723274616",
        "addr:city": "nashik",
        "addr:street": "Opposite of kbtcoe college",
        "name": "Archit Zerox",
        "shop": "copyshop"
      },
      "geometry": {
        "type": "Point",
        "coordinates": [
          73.7616889,
          20.0136338
        ]
      },
      "id": "node/13723274616"
    },
    {
      "type": "Feature",
      "properties": {
        "@id": "node/13723274617",
        "amenity": "fast_food",
        "cuisine": "coffee_shop;sandwich;snacks;asian;breakfast",
        "fast_food": "cafeteria",
        "name": "The Brew House"
      },
      "geometry": {
        "type": "Point",
        "coordinates": [
          73.763395,
          20.0154839
        ]
      },
      "id": "node/13723274617"
    },
    {
      "type": "Feature",
      "properties": {
        "@id": "node/13723274618",
        "amenity": "college",
        "education": "college",
        "name": "MVPS RSM Polytechnic",
        "website": "https://rsmpoly.org/"
      },
      "geometry": {
        "type": "Point",
        "coordinates": [
          73.7655424,
          20.0149089
        ]
      },
      "id": "node/13723274618"
    },
    {
      "type": "Feature",
      "properties": {
        "@id": "node/13723274619",
        "addr:city": "NASHIK",
        "amenity": "college",
        "education": "college",
        "name": "KBTCOE NASHIK",
        "website": "https://kbtcoe.org/"
      },
      "geometry": {
        "type": "Point",
        "coordinates": [
          73.7640266,
          20.0142442
        ]
      },
      "id": "node/13723274619"
    },
    {
      "type": "Feature",
      "properties": {
        "@id": "node/13723274620",
        "name": "Jaihind  Boys Hostel",
        "operator": "Kapadnis Sir",
        "phone": "8805511077",
        "tourism": "hostel"
      },
      "geometry": {
        "type": "Point",
        "coordinates": [
          73.7612766,
          20.0154226
        ]
      },
      "id": "node/13723274620"
    },
    {
      "type": "Feature",
      "properties": {
        "@id": "node/13723274621",
        "name": "OM Xerox Centre",
        "phone": "8850867971",
        "shop": "copyshop"
      },
      "geometry": {
        "type": "Point",
        "coordinates": [
          73.7641542,
          20.0108614
        ]
      },
      "id": "node/13723274621"
    },
    {
      "type": "Feature",
      "properties": {
        "@id": "node/13723848627",
        "addr:street": "Shop no 1,Skyscape,Gangapur road,near kbt circle ,nashik",
        "name": "hotel Durga| Fast Food Veg Restaurant",
        "tourism": "hotel"
      },
      "geometry": {
        "type": "Point",
        "coordinates": [
          73.7644419,
          20.0113518
        ]
      },
      "id": "node/13723848627"
    },
    {
      "type": "Feature",
      "properties": {
        "@id": "node/13723848628",
        "name": "Dhiraj stationery Book store",
        "shop": "stationery"
      },
      "geometry": {
        "type": "Point",
        "coordinates": [
          73.7644364,
          20.0130342
        ]
      },
      "id": "node/13723848628"
    },
    {
      "type": "Feature",
      "properties": {
        "@id": "node/13723848629",
        "name": "Girls Hostel(MVSPKBTCOE)",
        "tourism": "hostel"
      },
      "geometry": {
        "type": "Point",
        "coordinates": [
          73.7634196,
          20.0149138
        ]
      },
      "id": "node/13723848629"
    },
    {
      "type": "Feature",
      "properties": {
        "@id": "node/13723848630",
        "name": "Sharvi Ladies Hostel",
        "tourism": "hostel"
      },
      "geometry": {
        "type": "Point",
        "coordinates": [
          73.7635842,
          20.0117789
        ]
      },
      "id": "node/13723848630"
    },
    {
      "type": "Feature",
      "properties": {
        "@id": "node/13754391001",
        "addr:postcode": "422013",
        "addr:street": "Gangapur Road",
        "amenity": "restaurant",
        "check_date": "2026-04-23",
        "name": "The Calisto multi Cuisine restaurant",
        "phone": "+9180805 87063"
      },
      "geometry": {
        "type": "Point",
        "coordinates": [
          73.7385386,
          20.0141503
        ]
      },
      "id": "node/13754391001"
    },
    {
      "type": "Feature",
      "properties": {
        "@id": "node/13754391002",
        "addr:postcode": "422013",
        "addr:street": "Right Canal Road",
        "check_date": "2026-04-23",
        "check_date:opening_hours": "2026-04-23",
        "name": "D Mart",
        "opening_hours": "Mo-Su 10:00-22:00",
        "shop": "supermarket",
        "website": "https://www.dmartindia.com/"
      },
      "geometry": {
        "type": "Point",
        "coordinates": [
          73.7431636,
          20.0063367
        ]
      },
      "id": "node/13754391002"
    },
    {
      "type": "Feature",
      "properties": {
        "@id": "node/13754394901",
        "addr:postcode": "422013",
        "addr:street": "Pipeline Road",
        "amenity": "bar",
        "check_date": "2026-04-23",
        "check_date:opening_hours": "2026-04-23",
        "name": "Fog City",
        "opening_hours": "Mo-Su 11:00-23:00",
        "phone": "+9178881 78882"
      },
      "geometry": {
        "type": "Point",
        "coordinates": [
          73.7426972,
          20.00739
        ]
      },
      "id": "node/13754394901"
    },
    {
      "type": "Feature",
      "properties": {
        "@id": "node/13754399101",
        "addr:postcode": "422013",
        "addr:street": "Gangapur Road",
        "check_date": "2026-04-23",
        "contact:facebook": "thessksolitaire",
        "email": "info@thessksolitaire.com",
        "internet_access": "wlan",
        "name": "The SSK Solitaire - Boutique Hotel",
        "tourism": "hotel",
        "website": "https://www.thessksolitaire.com/"
      },
      "geometry": {
        "type": "Point",
        "coordinates": [
          73.7464497,
          20.0125366
        ]
      },
      "id": "node/13754399101"
    },
    {
      "type": "Feature",
      "properties": {
        "@id": "node/13754405001",
        "addr:postcode": "422013",
        "addr:street": "Gangapur Road",
        "amenity": "cafe",
        "check_date": "2026-04-23",
        "check_date:opening_hours": "2026-04-23",
        "name": "Two Sister Kitchen and Cafe",
        "opening_hours": "Mo-Su 07:00-23:00",
        "phone": "+9190281 50621",
        "website": "https://www.thessksolitaire.com/boutique-hotel-spa-nashik/"
      },
      "geometry": {
        "type": "Point",
        "coordinates": [
          73.7465558,
          20.0124834
        ]
      },
      "id": "node/13754405001"
    },
    {
      "type": "Feature",
      "properties": {
        "@id": "node/13808008528",
        "addr:city": "nashik",
        "addr:district": "Nashik",
        "addr:housenumber": "3rd floor, Devi Complex, Opp moviemax-the Zone",
        "addr:postcode": "422005",
        "addr:street": "College Road",
        "amenity": "hospital",
        "healthcare": "hospital",
        "healthcare:speciality": "proctology;hernia;piles;fissure;fistula;varicose_veins;pilondal_sinus",
        "name": "Healing Hands Clinic - Nashik",
        "opening_hours": "24/7",
        "website": "https://www.healinghandsclinic.co.in/nashik/piles-fistula-hospital-in-college-road/"
      },
      "geometry": {
        "type": "Point",
        "coordinates": [
          73.7662155,
          20.0050726
        ]
      },
      "id": "node/13808008528"
    },
    {
      "type": "Feature",
      "properties": {
        "@id": "node/13951272388",
        "addr:city": "Nashik",
        "addr:district": "NASHIK",
        "addr:postcode": "422101",
        "addr:street": "near Old Bytco Hospital, opp. Ugale Tower, Rajwada Nagar, Nashik Road, Nashik",
        "amenity": "hospital",
        "emergency": "yes",
        "healthcare": "hospital",
        "healthcare:speciality": "surgery;abortion;allergology;cardiology;child_psychiatry;cardiothoracic_surgery;diabetology;emergency;fertility;general;gynaecology;diagnostic_radiology;blood_check;dermatology;hospital;doctor",
        "name": "Dr. Kasar Hospital & Maternity Home",
        "name:en": "Dr. Kasar Hospital & Maternity Home",
        "operator": "Dr Sagar Kasar",
        "operator:type": "dr_nishigandha_kasar"
      },
      "geometry": {
        "type": "Point",
        "coordinates": [
          73.8377867,
          19.9499478
        ]
      },
      "id": "node/13951272388"
    },
    {
      "type": "Feature",
      "properties": {
        "@id": "node/14021641887",
        "addr:city": "Nashik",
        "addr:district": "Nashik",
        "addr:housenumber": "harikurshna plaza,opp.panchavati bus depot adgaon naka",
        "addr:postcode": "422003",
        "addr:street": "Hirawadi Road",
        "amenity": "hospital",
        "emergency": "yes",
        "healthcare": "hospital",
        "healthcare:speciality": "gynaecology;diabetology;general;gastroenterology;intensive;internal;surgery",
        "name": "Sudharm Hospital",
        "website": "https://www.sudharmhospital.com/"
      },
      "geometry": {
        "type": "Point",
        "coordinates": [
          73.8025927,
          20.0091867
        ]
      },
      "id": "node/14021641887"
    },
    {
      "type": "Feature",
      "properties": {
        "@id": "node/14051285596",
        "addr:city": "Nashik",
        "addr:district": "Nashik",
        "addr:postcode": "422011",
        "amenity": "place_of_worship",
        "denomination": "hindu",
        "name": "ISKCON Sri Sri Radha Madan Gopal Mandir",
        "religion": "hindu"
      },
      "geometry": {
        "type": "Point",
        "coordinates": [
          73.7969231,
          19.9871374
        ]
      },
      "id": "node/14051285596"
    },
    {
      "type": "Feature",
      "properties": {
        "@id": "node/14053253401",
        "name": "ZAFAR Villa",
        "tourism": "apartment"
      },
      "geometry": {
        "type": "Point",
        "coordinates": [
          73.7771157,
          19.9909436
        ]
      },
      "id": "node/14053253401"
    },
    {
      "type": "Feature",
      "properties": {
        "@id": "node/14067913001",
        "addr:postcode": "422007",
        "addr:street": "Pipeline Road",
        "amenity": "fuel",
        "check_date": "2026-08-02",
        "name": "Jio-BP",
        "phone": "094222 47570",
        "website": "https://mobilitystation.jiobp.com/jio-bp-petrol-pump-satpur-nashik-166871"
      },
      "geometry": {
        "type": "Point",
        "coordinates": [
          73.7409156,
          20.004589
        ]
      },
      "id": "node/14067913001"
    },
    {
      "type": "Feature",
      "properties": {
        "@id": "node/14067917101",
        "amenity": "fuel",
        "check_date": "2026-08-02",
        "check_date:opening_hours": "2026-08-02",
        "name": "Hindustan Petroleum Corporation Limited",
        "opening_hours": "Mo-Su 05:00-23:00",
        "phone": "098500 61121",
        "website": "https://petrolpump.hpretail.in/hindustan-petroleum-corporation-limited-kausalya-petroleum-petrol-pump-satpur-nashik-388622/Home"
      },
      "geometry": {
        "type": "Point",
        "coordinates": [
          73.7407388,
          20.0021953
        ]
      },
      "id": "node/14067917101"
    },
    {
      "type": "Feature",
      "properties": {
        "@id": "node/14067928201",
        "addr:postcode": "422007",
        "addr:street": "Pipeline Road",
        "amenity": "bank",
        "check_date": "2026-08-02",
        "check_date:opening_hours": "2026-08-02",
        "name": "Punkab National Bank",
        "opening_hours": "Mo-Fr 10:00-16:00",
        "phone": "1800 1800",
        "website": "https://locate.pnb.bank.in/punjab-national-bank-banks-anandvalli-nashik-505590/Home"
      },
      "geometry": {
        "type": "Point",
        "coordinates": [
          73.7446377,
          20.0099789
        ]
      },
      "id": "node/14067928201"
    },
    {
      "type": "Feature",
      "properties": {
        "@id": "node/14067928202",
        "addr:postcode": "422007",
        "addr:street": "Pipeline Road",
        "amenity": "bank",
        "check_date": "2026-08-02",
        "check_date:opening_hours": "2026-08-02",
        "name": "HDFC Bank",
        "opening_hours": "Mo-Sa 09:30-15:30",
        "phone": "1800 1601",
        "website": "https://www.hdfc.bank.in/branch-locator/maharashtra/nashik/hdfcbank-branch-anandwallibranch"
      },
      "geometry": {
        "type": "Point",
        "coordinates": [
          73.7442778,
          20.010035
        ]
      },
      "id": "node/14067928202"
    },
    {
      "type": "Feature",
      "properties": {
        "@id": "node/14067933101",
        "addr:postcode": "422007",
        "addr:street": "Pipeline Road",
        "amenity": "restaurant",
        "check_date": "2026-08-02",
        "check_date:opening_hours": "2026-08-02",
        "cuisine": "chicken;indian;seafood",
        "diet:vegetarian": "yes",
        "internet_access": "wlan",
        "level": "0",
        "name": "Nashik Lunch Home",
        "opening_hours": "Mo-Su 11:00-23:00",
        "phone": "078750 33033",
        "self_service": "no"
      },
      "geometry": {
        "type": "Point",
        "coordinates": [
          73.7449626,
          20.0104055
        ]
      },
      "id": "node/14067933101"
    },
    {
      "type": "Feature",
      "properties": {
        "@id": "node/14067933102",
        "addr:postcode": "422013",
        "addr:street": "Pipeline Road",
        "check_date": "2026-08-02",
        "check_date:opening_hours": "2026-08-02",
        "level": "0",
        "name": "Madhur Food Plaza",
        "opening_hours": "Mo-Su 09:00-21:45",
        "phone": "098220 46512",
        "shop": "confectionery"
      },
      "geometry": {
        "type": "Point",
        "coordinates": [
          73.74534,
          20.0109147
        ]
      },
      "id": "node/14067933102"
    },
    {
      "type": "Feature",
      "properties": {
        "@id": "node/14067937001",
        "addr:postcode": "422013",
        "addr:street": "Pipeline Road",
        "amenity": "restaurant",
        "check_date": "2026-08-02",
        "check_date:opening_hours": "2026-08-02",
        "cuisine": "chicken;indian",
        "diet:vegetarian": "yes",
        "name": "Vinayaka - Veg & Non Veg",
        "opening_hours": "Mo-Su 11:00-15:45, 18:30-22:45",
        "phone": "094233 67077"
      },
      "geometry": {
        "type": "Point",
        "coordinates": [
          73.7454072,
          20.0111288
        ]
      },
      "id": "node/14067937001"
    },
    {
      "type": "Feature",
      "properties": {
        "@id": "node/14067938601",
        "addr:postcode": "422013",
        "addr:street": "Pipeline Road",
        "check_date": "2026-08-02",
        "check_date:opening_hours": "2026-08-02",
        "name": "SS Mobile",
        "opening_hours": "Mo-Su 10:00-22:00",
        "phone": "089569 14611",
        "shop": "mobile_phone",
        "website": "https://ssmobile.com/in/"
      },
      "geometry": {
        "type": "Point",
        "coordinates": [
          73.7452736,
          20.0117418
        ]
      },
      "id": "node/14067938601"
    },
    {
      "type": "Feature",
      "properties": {
        "@id": "node/14165595693",
        "amenity": "fast_food",
        "cuisine": "pizza",
        "diet:vegetarian": "yes",
        "name": "kaka ka shop",
        "phone": "9873456091"
      },
      "geometry": {
        "type": "Point",
        "coordinates": [
          73.862528,
          20.0353386
        ]
      },
      "id": "node/14165595693"
    },
    {
      "type": "Feature",
      "properties": {
        "@id": "node/14170075059",
        "amenity": "place_of_worship",
        "name": "Shri Hanuman Mandir श्री हनुमान मंदिर",
        "religion": "hindu"
      },
      "geometry": {
        "type": "Point",
        "coordinates": [
          73.8434742,
          19.9475711
        ]
      },
      "id": "node/14170075059"
    },
    {
      "type": "Feature",
      "properties": {
        "@id": "node/14170075060",
        "amenity": "place_of_worship",
        "denomination": "sufi",
        "name": "Hazrat Saiyyad Madarshah Wali Baba Dargah Sharif हजरत सैय्यद मदरशाह वाली बाबा दरगाह शरीफ",
        "religion": "muslim"
      },
      "geometry": {
        "type": "Point",
        "coordinates": [
          73.8435657,
          19.9480334
        ]
      },
      "id": "node/14170075060"
    },
    {
      "type": "Feature",
      "properties": {
        "@id": "node/14170083917",
        "amenity": "place_of_worship",
        "denomination": "sunni",
        "name": "Imam Ahmad Raza Masjid",
        "religion": "muslim"
      },
      "geometry": {
        "type": "Point",
        "coordinates": [
          73.844592,
          19.9484662
        ]
      },
      "id": "node/14170083917"
    },
    {
      "type": "Feature",
      "properties": {
        "@id": "node/14170106042",
        "amenity": "place_of_worship",
        "denomination": "sufi",
        "name": "Shadwal Shah Baba Dargah",
        "religion": "muslim"
      },
      "geometry": {
        "type": "Point",
        "coordinates": [
          73.8442415,
          19.948934
        ]
      },
      "id": "node/14170106042"
    },
    {
      "type": "Feature",
      "properties": {
        "@id": "node/14170112675",
        "amenity": "place_of_worship",
        "denomination": "sunni",
        "name": "Madrasa-e Ahmadiya Chishtiya Ashrafiya मदरसा-ए अहमदियों चिश्तिया अशर्फियां",
        "religion": "muslim"
      },
      "geometry": {
        "type": "Point",
        "coordinates": [
          73.8437936,
          19.9480097
        ]
      },
      "id": "node/14170112675"
    },
    {
      "type": "Feature",
      "properties": {
        "@id": "node/14170116441",
        "amenity": "place_of_worship",
        "denomination": "hindu_temple",
        "name": "Mhasoba mandir महासभा मंदिर",
        "religion": "hindu"
      },
      "geometry": {
        "type": "Point",
        "coordinates": [
          73.8437135,
          19.9469856
        ]
      },
      "id": "node/14170116441"
    },
    {
      "type": "Feature",
      "properties": {
        "@id": "node/14170116493",
        "amenity": "bench"
      },
      "geometry": {
        "type": "Point",
        "coordinates": [
          73.8429263,
          19.9462565
        ]
      },
      "id": "node/14170116493"
    },
    {
      "type": "Feature",
      "properties": {
        "@id": "node/14170122141",
        "amenity": "waste_basket"
      },
      "geometry": {
        "type": "Point",
        "coordinates": [
          73.8430877,
          19.945726
        ]
      },
      "id": "node/14170122141"
    },
    {
      "type": "Feature",
      "properties": {
        "@id": "node/14170123732",
        "amenity": "bench"
      },
      "geometry": {
        "type": "Point",
        "coordinates": [
          73.8426121,
          19.9457984
        ]
      },
      "id": "node/14170123732"
    },
    {
      "type": "Feature",
      "properties": {
        "@id": "node/14170130802",
        "name": "Anand kirana store",
        "shop": "convenience"
      },
      "geometry": {
        "type": "Point",
        "coordinates": [
          73.8437798,
          19.9476207
        ]
      },
      "id": "node/14170130802"
    },
    {
      "type": "Feature",
      "properties": {
        "@id": "node/14170135842",
        "name": "Akash kirana store",
        "shop": "convenience"
      },
      "geometry": {
        "type": "Point",
        "coordinates": [
          73.843693,
          19.9480147
        ]
      },
      "id": "node/14170135842"
    },
    {
      "type": "Feature",
      "properties": {
        "@id": "node/14170140174",
        "name": "Shekhar Kirana store",
        "shop": "convenience"
      },
      "geometry": {
        "type": "Point",
        "coordinates": [
          73.8433739,
          19.9474731
        ]
      },
      "id": "node/14170140174"
    },
    {
      "type": "Feature",
      "properties": {
        "@id": "node/14170140861",
        "access": "yes",
        "amenity": "drinking_water"
      },
      "geometry": {
        "type": "Point",
        "coordinates": [
          73.843073,
          19.9461307
        ]
      },
      "id": "node/14170140861"
    },
    {
      "type": "Feature",
      "properties": {
        "@id": "node/14170142889",
        "amenity": "waste_basket"
      },
      "geometry": {
        "type": "Point",
        "coordinates": [
          73.8432738,
          19.9456392
        ]
      },
      "id": "node/14170142889"
    },
    {
      "type": "Feature",
      "properties": {
        "@id": "node/14170155102",
        "amenity": "waste_basket"
      },
      "geometry": {
        "type": "Point",
        "coordinates": [
          73.843058,
          19.9464048
        ]
      },
      "id": "node/14170155102"
    },
    {
      "type": "Feature",
      "properties": {
        "@id": "node/14170155612",
        "amenity": "place_of_worship",
        "name": "kalika Mata Mandir"
      },
      "geometry": {
        "type": "Point",
        "coordinates": [
          73.8436172,
          19.9477352
        ]
      },
      "id": "node/14170155612"
    },
    {
      "type": "Feature",
      "properties": {
        "@id": "node/14170156185",
        "amenity": "bench"
      },
      "geometry": {
        "type": "Point",
        "coordinates": [
          73.8431136,
          19.9460982
        ]
      },
      "id": "node/14170156185"
    },
    {
      "type": "Feature",
      "properties": {
        "@id": "node/14170162832",
        "amenity": "toilets"
      },
      "geometry": {
        "type": "Point",
        "coordinates": [
          73.8436428,
          19.9466964
        ]
      },
      "id": "node/14170162832"
    },
    {
      "type": "Feature",
      "properties": {
        "@id": "node/14174358451",
        "artwork_type": "mural",
        "tourism": "artwork"
      },
      "geometry": {
        "type": "Point",
        "coordinates": [
          73.8449011,
          19.9467484
        ]
      },
      "id": "node/14174358451"
    },
    {
      "type": "Feature",
      "properties": {
        "@id": "node/14174385582",
        "amenity": "hospital",
        "healthcare": "hospital",
        "name": "Savitribai Phule Hospital Sinner phata UPHC सावित्रीबाई फुले हॉस्पिटल सिन्नर phata"
      },
      "geometry": {
        "type": "Point",
        "coordinates": [
          73.8449359,
          19.9464842
        ]
      },
      "id": "node/14174385582"
    },
    {
      "type": "Feature",
      "properties": {
        "@id": "node/14174420439",
        "amenity": "place_of_worship",
        "name": "Hanumaan Mandir हनुमान मंदिर",
        "religion": "hindu"
      },
      "geometry": {
        "type": "Point",
        "coordinates": [
          73.8463295,
          19.9476882
        ]
      },
      "id": "node/14174420439"
    }
  ]
}