{
"type": "FeatureCollection",
"name": "gis_osm_landuse_a_free",
"crs": { "type": "name", "properties": { "name": "urn:ogc:def:crs:OGC::CRS84" } },
"features": [
{"type":"Feature","properties":{"osm_id":"23017924","code":7213,"fclass":"military","name":""},"geometry":{"type":"MultiPolygon","coordinates":[[[[73.9196139,18.5775785],[73.9212396,18.5775793],[73.9212556,18.577981],[73.9219911,18.5779881],[73.9220083,18.5775908],[73.9231697,18.5776997],[73.9234306,18.577996],[73.9223908,18.578434],[73.9211824,18.5794212],[73.9211804,18.5798608],[73.9210994,18.5799393],[73.9205766,18.5804456],[73.9203928,18.5806236],[73.9201491,18.5806388],[73.9196492,18.5806699],[73.9196139,18.5775785]]]]}},
{"type":"Feature","properties":{"osm_id":"25956269","code":7202,"fclass":"park","name":"ABC Farms"},"geometry":{"type":"MultiPolygon","coordinates":[[[[73.9047658,18.5388686],[73.9054815,18.5386999],[73.9055536,18.5392149],[73.9056262,18.539733],[73.9055941,18.5397369],[73.9049205,18.539818],[73.9047658,18.5388686]]]]}},
{"type":"Feature","properties":{"osm_id":"28217451","code":7202,"fclass":"park","name":"Osho Teerth Park"},"geometry":{"type":"MultiPolygon","coordinates":[[[[73.8902859,18.5332871],[73.8908723,18.5332794],[73.8910777,18.5333008],[73.8911201,18.533639],[73.8909554,18.5338575],[73.8909851,18.5340888],[73.8910857,18.5345423],[73.8910342,18.5351364],[73.8910342,18.5355758],[73.8910342,18.5361373],[73.8910342,18.5364466],[73.891163,18.5368209],[73.891472,18.5371708],[73.8916193,18.5374203],[73.8918067,18.5375452],[73.8920299,18.5380172],[73.8922015,18.5385298],[73.8924161,18.539132],[73.8925647,18.5395364],[73.8917048,18.5395695],[73.8915235,18.5388553],[73.8914033,18.5382857],[73.8911201,18.5376835],[73.8907338,18.5370976],[73.8904849,18.536235],[73.8904334,18.5355351],[73.8903733,18.5350387],[73.8903133,18.5342982],[73.8902859,18.5332871]]]]}},
{"type":"Feature","properties":{"osm_id":"31046869","code":7202,"fclass":"park","name":""},"geometry":{"type":"MultiPolygon","coordinates":[[[[73.8309278,18.5342557],[73.8310531,18.5342616],[73.830973,18.5345568],[73.8309278,18.5342557]]]]}},
{"type":"Feature","properties":{"osm_id":"48732626","code":7203,"fclass":"residential","name":""},"geometry":{"type":"MultiPolygon","coordinates":[[[[73.7886123,18.4434878],[73.7891468,18.4423768],[73.7895876,18.4421343],[73.7895547,18.4418934],[73.7895076,18.4414924],[73.7895009,18.440616],[73.7897262,18.44027],[73.7902194,18.4403739],[73.790327,18.4400257],[73.7910673,18.4400766],[73.7914984,18.4401107],[73.7916128,18.4402845],[73.7918915,18.4407078],[73.7914285,18.4411158],[73.7914171,18.4411848],[73.7913283,18.4420209],[73.7922621,18.4421069],[73.7924298,18.4421223],[73.7926269,18.4424083],[73.7926086,18.442525],[73.7931779,18.4426039],[73.7930944,18.4430784],[73.7912818,18.4428958],[73.7907562,18.4428169],[73.7902733,18.4426312],[73.7897584,18.4434862],[73.7886123,18.4434878]]]]}},
{"type":"Feature","properties":{"osm_id":"52782966","code":7211,"fclass":"recreation_ground","name":""},"geometry":{"type":"MultiPolygon","coordinates":[[[[73.8857769,18.5174702],[73.8858346,18.5172729],[73.8864298,18.5171385],[73.8866137,18.517399],[73.8868819,18.5176838],[73.8872467,18.5183756],[73.887463,18.5184726],[73.8870684,18.5190838],[73.886135,18.5188803],[73.8858627,18.5187113],[73.8858305,18.5185994],[73.8861738,18.5176533],[73.886088,18.5175516],[73.8857769,18.5174702]]]]}},
{"type":"Feature","properties":{"osm_id":"53153289","code":7202,"fclass":"park","name":"Muredha Nala Park"},"geometry":{"type":"MultiPolygon","coordinates":[[[[73.8859549,18.5134541],[73.8859664,18.5128903],[73.8861216,18.5124556],[73.8861645,18.5121097],[73.8861001,18.5117129],[73.8860787,18.5111839],[73.8860848,18.5102554],[73.8867278,18.5101926],[73.8866902,18.5114688],[73.8866065,18.511815],[73.8865143,18.5119565],[73.8865028,18.5122302],[73.8865404,18.5124888],[73.8866366,18.5126591],[73.8868171,18.5131017],[73.8863798,18.5133284],[73.8862077,18.5133844],[73.8859549,18.5134541]]]]}},
{"type":"Feature","properties":{"osm_id":"53153318","code":7202,"fclass":"park","name":""},"geometry":{"type":"MultiPolygon","coordinates":[[[[73.8838571,18.5115132],[73.8839204,18.5109762],[73.8839442,18.5104721],[73.8847447,18.5104348],[73.8846841,18.5115778],[73.8838571,18.5115132]]]]}},
{"type":"Feature","properties":{"osm_id":"53154871","code":7202,"fclass":"park","name":"Empress Botanical Garden"},"geometry":{"type":"MultiPolygon","coordinates":[[[[73.8945834,18.515223],[73.8956444,18.5133306],[73.8963003,18.5125388],[73.8968103,18.5119608],[73.8969576,18.5116827],[73.8972534,18.5109586],[73.8974228,18.5110067],[73.8976507,18.5110431],[73.8980259,18.5110496],[73.8993464,18.5110498],[73.9001021,18.5110139],[73.9001227,18.5118147],[73.9003482,18.5128047],[73.9002713,18.5133093],[73.9000937,18.5135204],[73.8998392,18.5138719],[73.8996726,18.5140581],[73.8995326,18.5142542],[73.8993749,18.5144322],[73.8992563,18.5144651],[73.8991474,18.5143193],[73.899079,18.5134497],[73.8989905,18.513436],[73.8985539,18.5134741],[73.8980735,18.5134018],[73.8979555,18.5136968],[73.8978268,18.5139003],[73.8976444,18.5141037],[73.8973332,18.5141444],[73.8965728,18.5141189],[73.8963426,18.5141909],[73.8964886,18.5147107],[73.8968504,18.514704],[73.896593,18.5149583],[73.8965071,18.5151923],[73.8964411,18.5154047],[73.8961723,18.5153398],[73.8957821,18.5152832],[73.8945834,18.515223]]]]}},
{"type":"Feature","properties":{"osm_id":"53272975","code":7202,"fclass":"park","name":"Sarasbaug"},"geometry":{"type":"MultiPolygon","coordinates":[[[[73.8517869,18.4994864],[73.852152,18.4993573],[73.8536816,18.4998199],[73.8538208,18.5000481],[73.8538315,18.5009416],[73.8537466,18.5021116],[73.8522143,18.5023015],[73.8522127,18.50165],[73.8517935,18.4995577],[73.8517869,18.4994864]]]]}},
{"type":"Feature","properties":{"osm_id":"53348764","code":7211,"fclass":"recreation_ground","name":""},"geometry":{"type":"MultiPolygon","coordinates":[[[[73.8337916,18.5868723],[73.8355099,18.5858944],[73.8362855,18.5871186],[73.834699,18.58816],[73.834324,18.5875594],[73.8342834,18.5875071],[73.8337916,18.5868723]]]]}},
{"type":"Feature","properties":{"osm_id":"53348816","code":7204,"fclass":"industrial","name":"Sandvik Asia"},"geometry":{"type":"MultiPolygon","coordinates":[[[[73.8281127,18.5938722],[73.8292115,18.591393],[73.8304234,18.5918806],[73.8293107,18.5943459],[73.8281127,18.5938722]]]]}},
{"type":"Feature","properties":{"osm_id":"53348822","code":7204,"fclass":"industrial","name":""},"geometry":{"type":"MultiPolygon","coordinates":[[[[73.827195,18.5959569],[73.8281127,18.5938722],[73.8293107,18.5943459],[73.828393,18.5964306],[73.827195,18.5959569]]]]}},
{"type":"Feature","properties":{"osm_id":"53348875","code":7204,"fclass":"industrial","name":"Alfa Laval"},"geometry":{"type":"MultiPolygon","coordinates":[[[[73.826384,18.5980205],[73.827195,18.5959569],[73.828393,18.5964306],[73.8274758,18.5984261],[73.8266206,18.5981084],[73.8264814,18.5980567],[73.826384,18.5980205]]]]}},
{"type":"Feature","properties":{"osm_id":"53348897","code":7204,"fclass":"industrial","name":"Forbes Marshall"},"geometry":{"type":"MultiPolygon","coordinates":[[[[73.8255851,18.5999526],[73.826384,18.5980205],[73.8264814,18.5980567],[73.8266206,18.5981084],[73.8274758,18.5984261],[73.8266495,18.6003581],[73.8255851,18.5999526]]]]}},
{"type":"Feature","properties":{"osm_id":"53349412","code":7203,"fclass":"residential","name":"Empress Garden View Society"},"geometry":{"type":"MultiPolygon","coordinates":[[[[73.9004231,18.5111971],[73.9008093,18.5111157],[73.9015496,18.5110547],[73.9023865,18.5112378],[73.9027942,18.5115735],[73.9032126,18.5120313],[73.9035294,18.5123677],[73.9032877,18.5125298],[73.9031817,18.5126431],[73.9026419,18.5127003],[73.9019288,18.5127995],[73.9006726,18.5129552],[73.9006378,18.5129224],[73.9004553,18.512713],[73.9004231,18.5111971]]]]}},
{"type":"Feature","properties":{"osm_id":"53349471","code":7203,"fclass":"residential","name":"Sopan Baug Society"},"geometry":{"type":"MultiPolygon","coordinates":[[[[73.9027767,18.515205],[73.9029134,18.5127637],[73.9029147,18.5126732],[73.9031711,18.5126408],[73.9032877,18.5125298],[73.9035294,18.5123677],[73.9058385,18.514901],[73.9055927,18.5152644],[73.9042108,18.5153443],[73.9027767,18.515205]]]]}},
{"type":"Feature","properties":{"osm_id":"53349598","code":7213,"fclass":"military","name":"Army Institute of Physical Training"},"geometry":{"type":"MultiPolygon","coordinates":[[[[73.9082368,18.5046899],[73.9124526,18.5045644],[73.9124918,18.506113],[73.9083613,18.5062426],[73.9082368,18.5046899]]]]}},
{"type":"Feature","properties":{"osm_id":"53350435","code":7203,"fclass":"residential","name":"Salunkhe Vihar"},"geometry":{"type":"MultiPolygon","coordinates":[[[[73.9030888,18.481246],[73.9033665,18.4784371],[73.9072289,18.4786508],[73.9074971,18.4786711],[73.907776,18.4788034],[73.9079691,18.4790273],[73.9082374,18.4794953],[73.9085592,18.4798108],[73.9087186,18.4800196],[73.9087845,18.4801059],[73.9090098,18.480228],[73.9089252,18.4804474],[73.908871,18.4806001],[73.9084758,18.4804991],[73.9080097,18.4803457],[73.907811,18.4802777],[73.9076882,18.4802714],[73.9071808,18.4809024],[73.9058869,18.481004],[73.905777,18.4810313],[73.9055778,18.4810894],[73.9045904,18.481159],[73.9040751,18.4812164],[73.9036257,18.4812664],[73.9030888,18.481246]]]]}},
{"type":"Feature","properties":{"osm_id":"53455372","code":7211,"fclass":"recreation_ground","name":""},"geometry":{"type":"MultiPolygon","coordinates":[[[[73.8835651,18.5377876],[73.8836714,18.5375775],[73.8839712,18.5374555],[73.8838717,18.5372759],[73.8839446,18.5371387],[73.884166,18.5369456],[73.884407,18.5369087],[73.8851188,18.5376967],[73.8853416,18.538216],[73.8852115,18.5383302],[73.8848165,18.5385772],[73.8846527,18.5385832],[73.8845629,18.5385741],[73.8842373,18.5385174],[73.88406,18.5384386],[73.8839111,18.5383636],[73.8837371,18.5381978],[73.8835976,18.5379841],[73.8835651,18.5377876]]]]}},
{"type":"Feature","properties":{"osm_id":"53455573","code":7213,"fclass":"military","name":""},"geometry":{"type":"MultiPolygon","coordinates":[[[[73.8907128,18.5153696],[73.891753,18.5152031],[73.8920344,18.515144],[73.8922862,18.5153145],[73.8923785,18.5153911],[73.892068,18.5156859],[73.8914028,18.5157673],[73.8914994,18.5164591],[73.89092,18.5165608],[73.8907128,18.5153696]]]]}},
{"type":"Feature","properties":{"osm_id":"53457861","code":7213,"fclass":"military","name":""},"geometry":{"type":"MultiPolygon","coordinates":[[[[73.8910252,18.5210824],[73.8910289,18.5209923],[73.8910286,18.5208329],[73.8912201,18.5197482],[73.8912549,18.519494],[73.8916467,18.5197643],[73.8918637,18.5199162],[73.8917494,18.5201201],[73.8914675,18.5206094],[73.8911164,18.5210512],[73.8910252,18.5210824]]]]}},
{"type":"Feature","properties":{"osm_id":"53730045","code":7213,"fclass":"military","name":"Armed Forces Medical College"},"geometry":{"type":"MultiPolygon","coordinates":[[[[73.8888801,18.5031683],[73.8897687,18.5025467],[73.8906151,18.5019356],[73.8909749,18.5017374],[73.8920753,18.5010126],[73.8933728,18.5001693],[73.89429,18.4995642],[73.8952922,18.4991712],[73.8956891,18.4990491],[73.895746,18.4990962],[73.8974121,18.5024051],[73.8974875,18.5039199],[73.8974699,18.504319],[73.897792,18.5047365],[73.8982577,18.5058107],[73.8982837,18.506541],[73.8966302,18.5066434],[73.8963725,18.5066016],[73.8937917,18.5061893],[73.8936412,18.5061473],[73.8925054,18.5060465],[73.8917675,18.5060788],[73.8899089,18.5062933],[73.8888801,18.5031683]]]]}},
{"type":"Feature","properties":{"osm_id":"54937943","code":7202,"fclass":"park","name":"Katraj Lake"},"geometry":{"type":"MultiPolygon","coordinates":[[[[73.8597016,18.4513587],[73.8599683,18.4511921],[73.8602057,18.4511859],[73.8603748,18.4511396],[73.8604691,18.4510316],[73.8605472,18.4509915],[73.860687,18.4509699],[73.8608171,18.4509206],[73.8608854,18.4508064],[73.8608804,18.4505872],[73.8609772,18.4504565],[73.8610715,18.4503917],[73.8612374,18.4503577],[73.8613545,18.4503824],[73.8614005,18.4511224],[73.8615041,18.4522859],[73.8615822,18.4525142],[73.861736,18.4527006],[73.8618687,18.4528539],[73.861962,18.452954],[73.8620994,18.4530908],[73.8623568,18.4533323],[73.8624863,18.453449],[73.8625513,18.4535971],[73.8625661,18.4537938],[73.8625848,18.4539957],[73.8626094,18.4542135],[73.8626292,18.4543571],[73.8626489,18.4544825],[73.8629493,18.4547441],[73.8631498,18.4549083],[73.8632831,18.4552476],[73.8632929,18.4553371],[73.8634652,18.4554882],[73.863514,18.4555839],[73.8635465,18.455732],[73.8634782,18.4559633],[73.8630294,18.4563119],[73.8628993,18.4564822],[73.861787,18.4568426],[73.8615793,18.4567996],[73.8614362,18.4567163],[73.8613897,18.4565303],[73.8612971,18.4561242],[73.8612504,18.4559522],[73.8611854,18.4557544],[73.8611237,18.4556001],[73.8610347,18.4554133],[73.8608684,18.4551094],[73.8605156,18.454518],[73.8603661,18.4537174],[73.8603063,18.4536061],[73.8601614,18.4534883],[73.8601154,18.4534185],[73.860097,18.453316],[73.8601338,18.4531851],[73.8600955,18.4530306],[73.8600289,18.4527403],[73.8599595,18.4524093],[73.8599296,18.4522443],[73.859887,18.4519726],[73.8599195,18.45188],[73.8601472,18.4517196],[73.8601829,18.4516271],[73.8601374,18.4515407],[73.8600333,18.4514296],[73.8599,18.4513802],[73.8597016,18.4513587]]]]}},
{"type":"Feature","properties":{"osm_id":"60980789","code":7203,"fclass":"residential","name":"Dahanukar Colony"},"geometry":{"type":"MultiPolygon","coordinates":[[[[73.8078445,18.493808],[73.8097214,18.4931987],[73.8112709,18.4929591],[73.813292,18.4931708],[73.813562,18.4933795],[73.813892,18.4936426],[73.8134763,18.4939332],[73.8131988,18.4942633],[73.8130954,18.4944971],[73.8130859,18.4947004],[73.8131213,18.4951013],[73.8133616,18.4966468],[73.8134758,18.4969725],[73.8135751,18.4977421],[73.8135751,18.4981184],[73.8119011,18.4982175],[73.811246,18.4982432],[73.8096423,18.4983113],[73.808716,18.4960697],[73.8078445,18.493808]]]]}},
{"type":"Feature","properties":{"osm_id":"60980977","code":7202,"fclass":"park","name":"Vamanrao Dahanukar Udyan"},"geometry":{"type":"MultiPolygon","coordinates":[[[[73.8114898,18.4953348],[73.8115106,18.4952554],[73.8115568,18.4951864],[73.8116236,18.4951347],[73.8117043,18.4951059],[73.8117904,18.4951027],[73.8118732,18.4951255],[73.8119441,18.495172],[73.8119981,18.4952415],[73.8120245,18.4953241],[73.8120203,18.4954103],[73.811986,18.4954903],[73.8119256,18.4955548],[73.8118459,18.4955965],[73.811756,18.4956106],[73.8116664,18.4955955],[73.8115873,18.4955528],[73.8115303,18.4954915],[73.8114966,18.4954163],[73.8114898,18.4953348]]]]}},
{"type":"Feature","properties":{"osm_id":"60981745","code":7203,"fclass":"residential","name":"Nimhan Bunglow"},"geometry":{"type":"MultiPolygon","coordinates":[[[[73.8041077,18.5453527],[73.8044711,18.545239],[73.8044604,18.5455441],[73.8041139,18.5456016],[73.8041077,18.5453527]]]]}},
{"type":"Feature","properties":{"osm_id":"60986757","code":7202,"fclass":"park","name":"Rajiv Gandhi Park"},"geometry":{"type":"MultiPolygon","coordinates":[[[[73.8638156,18.5542073],[73.8639605,18.5537852],[73.86423,18.5538246],[73.8661331,18.5543294],[73.8659882,18.554721],[73.8648885,18.5543751],[73.864395,18.5544158],[73.8638156,18.5542073]]]]}},
{"type":"Feature","properties":{"osm_id":"61458970","code":7201,"fclass":"forest","name":""},"geometry":{"type":"MultiPolygon","coordinates":[[[[73.8638891,18.5344889],[73.8644268,18.5345209],[73.8647379,18.5345224],[73.8652239,18.5345805],[73.8659083,18.5346023],[73.8668739,18.5348464],[73.867303,18.535355],[73.8679682,18.5360264],[73.8683759,18.5365757],[73.8688694,18.5373691],[73.8696848,18.5384677],[73.8703285,18.5390374],[73.8704358,18.5391594],[73.8693415,18.5389967],[73.8685261,18.5387322],[73.8676678,18.538366],[73.8668524,18.5378981],[73.865801,18.5373284],[73.865007,18.5365147],[73.8645779,18.5359043],[73.8640918,18.5349661],[73.8638891,18.5344889]]]]}},
{"type":"Feature","properties":{"osm_id":"69879468","code":7203,"fclass":"residential","name":""},"geometry":{"type":"MultiPolygon","coordinates":[[[[73.8794568,18.5120453],[73.8798775,18.5120784],[73.8798661,18.512419],[73.8794978,18.5124101],[73.8794568,18.5120453]]]]}},
{"type":"Feature","properties":{"osm_id":"86918394","code":7211,"fclass":"recreation_ground","name":"Pancard Hotel"},"geometry":{"type":"MultiPolygon","coordinates":[[[[73.7855231,18.5590948],[73.7855951,18.5585713],[73.7863523,18.5580508],[73.7866175,18.5578437],[73.7878406,18.5565724],[73.7886667,18.5553722],[73.7888169,18.5554637],[73.7889135,18.5563588],[73.7888598,18.5570708],[73.788656,18.5575488],[73.7882389,18.5578695],[73.7877333,18.5582302],[73.7877226,18.5584743],[73.7871861,18.5586778],[73.7864244,18.558749],[73.7860059,18.5589829],[73.7855231,18.5590948]]]]}},
{"type":"Feature","properties":{"osm_id":"86918631","code":7202,"fclass":"park","name":"Kirti Gardens"},"geometry":{"type":"MultiPolygon","coordinates":[[[[73.7697088,18.5447736],[73.7698376,18.5438988],[73.7703204,18.543258],[73.7711143,18.5427087],[73.7729919,18.5414474],[73.7743866,18.5402471],[73.7750518,18.5392604],[73.7760818,18.5376125],[73.7766611,18.5369513],[73.7773692,18.536636],[73.7778949,18.5366665],[73.778367,18.5369818],[73.7792039,18.537287],[73.7793111,18.5377346],[73.7793004,18.5382228],[73.779118,18.538589],[73.7784314,18.5392604],[73.777616,18.5396673],[73.7765002,18.5400538],[73.7757277,18.5404912],[73.7751698,18.5410507],[73.7746656,18.5414168],[73.7738502,18.5419661],[73.773067,18.5423934],[73.7728524,18.5430342],[73.7724125,18.5433393],[73.7720155,18.5440514],[73.7716722,18.5445599],[73.7713396,18.5450584],[73.7707388,18.5453533],[73.7699878,18.5455771],[73.7697088,18.5447736]]]]}},
{"type":"Feature","properties":{"osm_id":"86918840","code":7203,"fclass":"residential","name":"Swami Samarth Society"},"geometry":{"type":"MultiPolygon","coordinates":[[[[73.7829268,18.5459128],[73.7836134,18.5441124],[73.7846999,18.5438687],[73.7850189,18.5437971],[73.7847936,18.5441633],[73.784064,18.5442853],[73.7836281,18.5459073],[73.7829268,18.5459128]]]]}},
{"type":"Feature","properties":{"osm_id":"86918953","code":7201,"fclass":"forest","name":"Sutarwadi Hill"},"geometry":{"type":"MultiPolygon","coordinates":[[[[73.768475,18.5460959],[73.7690758,18.5451804],[73.7696337,18.5443057],[73.769505,18.5436343],[73.7696767,18.5423527],[73.7722516,18.5405827],[73.7731957,18.5387111],[73.7749767,18.535517],[73.7774658,18.5343574],[73.7787103,18.5346422],[73.7799763,18.5354763],[73.7804913,18.5364122],[73.7807488,18.537938],[73.7803437,18.5392384],[73.7793851,18.5401777],[73.7776889,18.541096],[73.7759638,18.5421696],[73.774805,18.5431054],[73.7736906,18.5443565],[73.7731528,18.5451194],[73.7725305,18.5459738],[73.772037,18.5465841],[73.7707495,18.54693],[73.7697839,18.5473368],[73.7691188,18.5473165],[73.7688613,18.547052],[73.768475,18.5460959]]]]}},
{"type":"Feature","properties":{"osm_id":"86918965","code":7203,"fclass":"residential","name":"State Bank Nagar"},"geometry":{"type":"MultiPolygon","coordinates":[[[[73.8127694,18.5318879],[73.8139009,18.5312243],[73.8141155,18.531682],[73.8138473,18.5317939],[73.8137768,18.5317526],[73.8129031,18.5321906],[73.8127694,18.5318879]]]]}},
{"type":"Feature","properties":{"osm_id":"86918976","code":7203,"fclass":"residential","name":"Buena Monte Society"},"geometry":{"type":"MultiPolygon","coordinates":[[[[73.8125276,18.5320075],[73.8126671,18.5309496],[73.8127529,18.5309699],[73.8128924,18.5312548],[73.8132679,18.5312446],[73.8131606,18.5302884],[73.8137791,18.5303306],[73.8139009,18.5311836],[73.8127529,18.5318753],[73.81271,18.5320279],[73.8125276,18.5320075]]]]}},
{"type":"Feature","properties":{"osm_id":"86919010","code":7203,"fclass":"residential","name":"IITM Staff Residential Quarters"},"geometry":{"type":"MultiPolygon","coordinates":[[[[73.8064915,18.5363976],[73.8065745,18.5355482],[73.8089442,18.5355577],[73.8108861,18.5357612],[73.810968,18.5368625],[73.8104121,18.536827],[73.8098132,18.5367784],[73.8095343,18.5366156],[73.8079815,18.5365787],[73.8064915,18.5363976]]]]}},
{"type":"Feature","properties":{"osm_id":"86919015","code":7202,"fclass":"park","name":"DRDO Ground"},"geometry":{"type":"MultiPolygon","coordinates":[[[[73.799814,18.5383042],[73.8017881,18.5381821],[73.8023245,18.5387619],[73.8023138,18.5396673],[73.799932,18.5397385],[73.799814,18.5383042]]]]}},
{"type":"Feature","properties":{"osm_id":"86919059","code":7203,"fclass":"residential","name":"Pashan Gaon"},"geometry":{"type":"MultiPolygon","coordinates":[[[[73.793939,18.540441],[73.79394,18.5384034],[73.7941277,18.5383283],[73.7944009,18.5380593],[73.7943774,18.5376543],[73.7944993,18.537344],[73.7968161,18.5380554],[73.7970888,18.538589],[73.7985234,18.540901],[73.7965723,18.5411575],[73.7963786,18.541027],[73.7961773,18.5409621],[73.795973,18.5407252],[73.7959087,18.540186],[73.795501,18.5401453],[73.7953937,18.5407048],[73.7949753,18.540481],[73.7946641,18.5404403],[73.7943848,18.5404313],[73.793939,18.540441]]]]}},
{"type":"Feature","properties":{"osm_id":"86919066","code":7203,"fclass":"residential","name":"Lenyadri Society"},"geometry":{"type":"MultiPolygon","coordinates":[[[[73.7850833,18.5421391],[73.7852549,18.5421085],[73.7852442,18.5419254],[73.7862527,18.5418339],[73.7863278,18.5421391],[73.7863815,18.5429426],[73.7863544,18.5431744],[73.7852132,18.5434224],[73.7850833,18.5421391]]]]}},
{"type":"Feature","properties":{"osm_id":"87218843","code":7202,"fclass":"park","name":"Aditi Garden"},"geometry":{"type":"MultiPolygon","coordinates":[[[[73.9245912,18.5154527],[73.9248624,18.5155073],[73.9249113,18.5143563],[73.9247716,18.5142985],[73.9247075,18.514272],[73.9246486,18.5142476],[73.9246164,18.5142343],[73.9246458,18.5141803],[73.9246656,18.5141438],[73.9246876,18.5141048],[73.9247184,18.5140502],[73.9247241,18.5140414],[73.9247772,18.51396],[73.9248111,18.5139146],[73.9248418,18.5138734],[73.9248642,18.5138471],[73.9249122,18.5137908],[73.9249403,18.5137618],[73.9249878,18.5137126],[73.9250026,18.5136991],[73.9250684,18.5136391],[73.9251038,18.5136106],[73.9251537,18.5135705],[73.9252085,18.5135318],[73.9252435,18.5135071],[73.9253184,18.5134608],[73.9253372,18.5134492],[73.9254346,18.5133969],[73.925488,18.5133723],[73.9255353,18.5133506],[73.9255952,18.5133273],[73.9256388,18.5133104],[73.9256975,18.5132916],[73.9257448,18.5132764],[73.9257622,18.5132719],[73.9258377,18.5132526],[73.9258528,18.5132488],[73.9259625,18.5132276],[73.9259852,18.5132246],[73.9260733,18.5132131],[73.92611,18.5132105],[73.9261393,18.5132084],[73.926185,18.5132051],[73.9262086,18.5132049],[73.9262387,18.5132046],[73.9262968,18.5132039],[73.9264085,18.5132093],[73.9265197,18.5132213],[73.9266299,18.51324],[73.9266496,18.5132445],[73.9267385,18.5132651],[73.926773,18.5132753],[73.9268454,18.5132967],[73.9268729,18.5133067],[73.9269498,18.5133345],[73.9270517,18.5133786],[73.9271503,18.5134286],[73.9272456,18.5134844],[73.9273368,18.5135457],[73.9273555,18.51356],[73.9274239,18.5136124],[73.9275063,18.513684],[73.9275839,18.5137605],[73.9276244,18.5138058],[73.9276563,18.5138414],[73.9277231,18.5139265],[73.9277842,18.5140154],[73.9278393,18.5141078],[73.9278881,18.5142032],[73.9279305,18.5143014],[73.9279664,18.5144019],[73.9279955,18.5145043],[73.9280178,18.5146083],[73.9280332,18.5147135],[73.9280354,18.5147421],[73.9280415,18.5148194],[73.9280427,18.514884],[73.9280429,18.5149249],[73.9280372,18.5150312],[73.9280245,18.5151367],[73.9280048,18.5152411],[73.9279783,18.5153442],[73.927945,18.5154455],[73.9279051,18.5155446],[73.9278806,18.5155955],[73.9278586,18.5156411],[73.9278059,18.5157347],[73.9277471,18.515825],[73.9276824,18.5159115],[73.9276121,18.5159941],[73.9275365,18.5160723],[73.9274855,18.5161188],[73.9274559,18.5161458],[73.9273705,18.5162144],[73.92731,18.5162571],[73.9272808,18.5162778],[73.9272232,18.5163134],[73.9271871,18.5163357],[73.9270896,18.5163879],[73.926989,18.5164343],[73.9268855,18.5164745],[73.9267795,18.5165085],[73.9266714,18.5165361],[73.9265618,18.5165572],[73.9264509,18.5165718],[73.9263919,18.516576],[73.9263394,18.5165797],[73.9262939,18.5165802],[73.9262275,18.516581],[73.9261157,18.5165756],[73.9260046,18.5165636],[73.9258945,18.5165449],[73.9257857,18.5165198],[73.9256789,18.5164882],[73.9255744,18.5164503],[73.9254726,18.5164063],[73.9253739,18.5163563],[73.9252787,18.5163005],[73.9251875,18.5162393],[73.9251792,18.5162329],[73.9251004,18.5161726],[73.9250179,18.5161009],[73.9250031,18.5160863],[73.9249755,18.5160641],[73.9249403,18.5160244],[73.9249025,18.515982],[73.924868,18.5159434],[73.9248536,18.515925],[73.9248012,18.5158584],[73.9247489,18.5157825],[73.92474,18.5157695],[73.9247049,18.5157105],[73.924685,18.5156771],[73.9246629,18.5156339],[73.9246362,18.5155817],[73.9245912,18.5154527]]]]}},
{"type":"Feature","properties":{"osm_id":"91567644","code":7203,"fclass":"residential","name":"Vishwakarma Nagar"},"geometry":{"type":"MultiPolygon","coordinates":[[[[73.7862862,18.5453097],[73.7873883,18.5433844],[73.7880922,18.5432941],[73.7879039,18.5436019],[73.7869085,18.5452284],[73.7862862,18.5453097]]]]}},
{"type":"Feature","properties":{"osm_id":"91567645","code":7203,"fclass":"residential","name":"Padmalaya"},"geometry":{"type":"MultiPolygon","coordinates":[[[[73.7853314,18.5455132],[73.7860502,18.5442926],[73.7863399,18.5444451],[73.7869559,18.5434596],[73.7873407,18.5433962],[73.7862111,18.5452691],[73.7853314,18.5455132]]]]}},
{"type":"Feature","properties":{"osm_id":"91567646","code":7203,"fclass":"residential","name":"Poorva Heights"},"geometry":{"type":"MultiPolygon","coordinates":[[[[73.7859644,18.544201],[73.7862084,18.5435603],[73.7868244,18.5434753],[73.7863156,18.5443505],[73.7859644,18.544201]]]]}},
{"type":"Feature","properties":{"osm_id":"91567973","code":7203,"fclass":"residential","name":"Sai Vihar Residency"},"geometry":{"type":"MultiPolygon","coordinates":[[[[73.7840761,18.5418208],[73.7848486,18.5418208],[73.7848915,18.5426447],[73.7848621,18.5426501],[73.78428,18.5427566],[73.7840761,18.5418208]]]]}},
{"type":"Feature","properties":{"osm_id":"91568005","code":7203,"fclass":"residential","name":"Niranjan Complex"},"geometry":{"type":"MultiPolygon","coordinates":[[[[73.7837006,18.54303],[73.7845374,18.5428583],[73.7846568,18.5435437],[73.7838374,18.5437115],[73.7837006,18.54303]]]]}},
{"type":"Feature","properties":{"osm_id":"91568420","code":7203,"fclass":"residential","name":"Om Shree Shanti Complex"},"geometry":{"type":"MultiPolygon","coordinates":[[[[73.7818338,18.5437331],[73.7824561,18.5436212],[73.7825204,18.5439874],[73.7818982,18.544079],[73.7818338,18.5437331]]]]}},
{"type":"Feature","properties":{"osm_id":"91568477","code":7203,"fclass":"residential","name":"Vardhayani Society"},"geometry":{"type":"MultiPolygon","coordinates":[[[[73.7761271,18.5461216],[73.7765242,18.5460533],[73.7773255,18.5457857],[73.778681,18.5453462],[73.7790561,18.5462016],[73.7792803,18.5469067],[73.7788831,18.5470884],[73.7789269,18.5472892],[73.7786151,18.547365],[73.7778503,18.5476128],[73.7763586,18.5465583],[73.7763356,18.5464789],[73.7762774,18.5463178],[73.7762132,18.5463323],[73.7761271,18.5461216]]]]}},
{"type":"Feature","properties":{"osm_id":"91658392","code":7203,"fclass":"residential","name":"NCL Golden Jubilee Hostel"},"geometry":{"type":"MultiPolygon","coordinates":[[[[73.8087026,18.5379183],[73.8087777,18.5370536],[73.8089386,18.5369519],[73.8094,18.5369824],[73.8093667,18.5375816],[73.8093463,18.5379488],[73.8087026,18.5379183]]]]}},
{"type":"Feature","properties":{"osm_id":"91658496","code":7203,"fclass":"residential","name":"Shivalaya Society"},"geometry":{"type":"MultiPolygon","coordinates":[[[[73.7837569,18.5459785],[73.7841001,18.5443285],[73.7847909,18.5441955],[73.7850538,18.5437483],[73.7858166,18.5435864],[73.784583,18.5462633],[73.7837569,18.5459785]]]]}},
{"type":"Feature","properties":{"osm_id":"91658501","code":7203,"fclass":"residential","name":"Mont Vert 2"},"geometry":{"type":"MultiPolygon","coordinates":[[[[73.7802577,18.5447786],[73.7811033,18.5445663],[73.7811069,18.5458666],[73.780457,18.545951],[73.7802577,18.5447786]]]]}},
{"type":"Feature","properties":{"osm_id":"91658502","code":7203,"fclass":"residential","name":"Moraya Residency"},"geometry":{"type":"MultiPolygon","coordinates":[[[[73.7789933,18.5452156],[73.7801793,18.5448111],[73.7803183,18.5458093],[73.7794224,18.5465074],[73.7789933,18.5452156]]]]}},
{"type":"Feature","properties":{"osm_id":"91658537","code":7203,"fclass":"residential","name":"IMD Colony"},"geometry":{"type":"MultiPolygon","coordinates":[[[[73.802224,18.5422567],[73.8022669,18.5421245],[73.802503,18.5420431],[73.8026532,18.5419109],[73.8026854,18.541738],[73.8028034,18.5415447],[73.8030609,18.5413616],[73.8033076,18.541148],[73.8034834,18.5410318],[73.8035651,18.5408937],[73.8033869,18.5405087],[73.803372,18.5404766],[73.8034107,18.540242],[73.8034257,18.5401511],[73.8034257,18.5396854],[73.8034257,18.5395815],[73.8037261,18.5393068],[73.8040479,18.5389915],[73.8043805,18.5387372],[73.8046702,18.5391034],[73.8048097,18.5401918],[73.8049062,18.5409445],[73.8048741,18.5416973],[73.8048658,18.5420224],[73.8048419,18.5429586],[73.8047882,18.5434672],[73.8047989,18.5437927],[73.8046058,18.5438435],[73.8041659,18.5438435],[73.8038226,18.5439961],[73.8034793,18.5440775],[73.8028356,18.5440775],[73.8022562,18.5439758],[73.8022562,18.543396],[73.8022476,18.5430924],[73.802224,18.5422567]]]]}},
{"type":"Feature","properties":{"osm_id":"91658840","code":7201,"fclass":"forest","name":"Lavale Hills"},"geometry":{"type":"MultiPolygon","coordinates":[[[[73.7204701,18.5080886],[73.7207276,18.507356],[73.7215001,18.5066642],[73.7232596,18.5067456],[73.7247617,18.5079258],[73.7246758,18.5093094],[73.725105,18.5102861],[73.727122,18.5107338],[73.7288815,18.512036],[73.7300402,18.5138672],[73.731156,18.5145997],[73.7323577,18.5147218],[73.7345034,18.5155357],[73.7347938,18.5141283],[73.7359862,18.5139574],[73.7378569,18.5140232],[73.7395246,18.5112906],[73.7424441,18.5141145],[73.7454433,18.5147795],[73.7455226,18.509249],[73.7483636,18.5043695],[73.7552215,18.5038771],[73.7598392,18.5055049],[73.7610923,18.5133917],[73.7598045,18.5197936],[73.7596718,18.5204846],[73.7615815,18.5233372],[73.7630192,18.5252863],[73.7647272,18.5263402],[73.7664353,18.5266617],[73.7679673,18.5274226],[73.774645,18.5319474],[73.7739658,18.535876],[73.7714607,18.5400282],[73.7690907,18.5420799],[73.7688786,18.543246],[73.7690503,18.5442632],[73.7685353,18.5449956],[73.7680569,18.5458552],[73.7662556,18.5457657],[73.7650335,18.544717],[73.7642418,18.5441702],[73.7625375,18.5429806],[73.7618106,18.5423337],[73.7610466,18.5419033],[73.7602741,18.5420661],[73.7589652,18.5423509],[73.7581498,18.5423713],[73.7568957,18.5421603],[73.7560213,18.5408969],[73.7551464,18.5398528],[73.7548057,18.5380594],[73.7536299,18.5372319],[73.7529695,18.5367411],[73.7522914,18.5365565],[73.7514335,18.5373463],[73.7500817,18.5382007],[73.7487513,18.5382821],[73.7473351,18.5379566],[73.7464125,18.5370411],[73.7465412,18.536268],[73.7467558,18.5351084],[73.746906,18.534498],[73.7468631,18.5334198],[73.746112,18.5337453],[73.7457258,18.5346608],[73.7455756,18.535678],[73.7453289,18.5359476],[73.7449158,18.5363697],[73.7442666,18.5368021],[73.743639,18.5368885],[73.7428665,18.5367919],[73.7419278,18.5363697],[73.7403614,18.5354339],[73.7391598,18.5354949],[73.7397391,18.5365935],[73.7404472,18.5367563],[73.7407476,18.5370411],[73.7404043,18.5374887],[73.7395245,18.5381804],[73.7396747,18.5389942],[73.7401897,18.5397876],[73.7413699,18.54052],[73.7428505,18.5421678],[73.7437732,18.5429612],[73.7437732,18.5443649],[73.7424213,18.5455449],[73.7433225,18.5468265],[73.7457902,18.5470706],[73.7465753,18.5474131],[73.7482149,18.5481284],[73.7488586,18.5488201],[73.7491805,18.5500407],[73.7487513,18.5510578],[73.747893,18.5511189],[73.7471206,18.5501627],[73.7463266,18.5493694],[73.7453396,18.5490846],[73.7437517,18.5493287],[73.7418849,18.5507323],[73.7402541,18.5520343],[73.7393314,18.5537634],[73.7385589,18.555228],[73.7379581,18.5566723],[73.7379367,18.5578929],[73.7388164,18.5593575],[73.7391383,18.5603746],[73.7399751,18.5613103],[73.7412626,18.5622053],[73.7420565,18.5627748],[73.7426574,18.5628562],[73.7430865,18.5629783],[73.7431509,18.5635478],[73.7429149,18.5639546],[73.7424428,18.5642801],[73.7419922,18.5643615],[73.7415201,18.5642598],[73.7411982,18.5639343],[73.7408764,18.5636699],[73.7403185,18.5633647],[73.7398464,18.563202],[73.7393529,18.5631206],[73.738795,18.56308],[73.7385375,18.5630596],[73.7381298,18.5629986],[73.7374861,18.5628562],[73.7371213,18.5628359],[73.736735,18.5627748],[73.7362844,18.5627545],[73.7355334,18.5627138],[73.7351257,18.5627138],[73.7345034,18.5626731],[73.7340099,18.5626731],[73.7334949,18.5626325],[73.7332589,18.5625714],[73.7329585,18.562368],[73.7325508,18.5619205],[73.7322933,18.561595],[73.7314135,18.5603746],[73.731199,18.5599677],[73.73092,18.5595812],[73.730684,18.5591134],[73.7305123,18.5586252],[73.7301475,18.5576894],[73.7300617,18.5568961],[73.7297828,18.555818],[73.7290747,18.5548822],[73.7284095,18.553621],[73.7285597,18.5531938],[73.7287167,18.5529647],[73.7288386,18.552787],[73.7294609,18.5526446],[73.7301475,18.5526649],[73.7310058,18.5529904],[73.7314565,18.5534786],[73.7318427,18.5541499],[73.7323577,18.5551263],[73.7327439,18.5557163],[73.7334949,18.5563469],[73.7343103,18.5572012],[73.7352545,18.5574657],[73.7360055,18.5574657],[73.7366921,18.5573843],[73.7368423,18.5570385],[73.737014,18.5566113],[73.7370784,18.5561231],[73.7370784,18.5556145],[73.7369067,18.5552891],[73.7366707,18.5547805],[73.7363488,18.5542313],[73.7359196,18.5534379],[73.7354905,18.5528887],[73.7352759,18.5526039],[73.7360645,18.552047],[73.7359114,18.5518011],[73.7358928,18.551326],[73.735959,18.5504831],[73.7355549,18.5502034],[73.7358982,18.5499797],[73.7363488,18.5497152],[73.7364775,18.5496338],[73.7360269,18.5493287],[73.7355549,18.5493287],[73.7349541,18.5493287],[73.7344605,18.5492473],[73.7337524,18.5489625],[73.7331302,18.5483319],[73.7328727,18.5477419],[73.7331516,18.5473351],[73.7338168,18.5471927],[73.7348897,18.5471723],[73.7354905,18.5471723],[73.7366063,18.5463382],[73.7369925,18.545911],[73.736735,18.5450159],[73.7364561,18.5445684],[73.7361342,18.5442225],[73.7356622,18.5439988],[73.7355763,18.5434698],[73.7347824,18.5427171],[73.7341387,18.5418423],[73.7328727,18.5410082],[73.7324006,18.5406827],[73.7313062,18.5400927],[73.7308771,18.5394214],[73.7297828,18.5375904],[73.7296755,18.5368173],[73.7296326,18.5361866],[73.729654,18.5357797],[73.7300322,18.5354279],[73.7305767,18.5352304],[73.7312503,18.5351558],[73.7317857,18.5348055],[73.7311654,18.5340828],[73.7300569,18.5335839],[73.7287266,18.5334661],[73.727475,18.5334171],[73.7267994,18.5338106],[73.7261564,18.5338063],[73.7253982,18.5336479],[73.7240536,18.532667],[73.7233669,18.5316701],[73.7231309,18.5306732],[73.723088,18.5297983],[73.7232811,18.5289235],[73.7237531,18.5284759],[73.7251908,18.5282114],[73.7264997,18.5285573],[73.7274653,18.5293914],[73.7289888,18.5295339],[73.7300188,18.5297373],[73.7317354,18.5300628],[73.7330658,18.5300221],[73.7340314,18.5302256],[73.7351194,18.5303303],[73.7359812,18.5303139],[73.7362063,18.5302355],[73.7365252,18.5292078],[73.7386169,18.5292383],[73.7393214,18.5289936],[73.7407164,18.5293086],[73.7416519,18.5290728],[73.7424392,18.5286462],[73.7437271,18.5287058],[73.7441391,18.5280537],[73.7448514,18.5260525],[73.7439381,18.5239859],[73.7437104,18.5238227],[73.7425279,18.5240087],[73.7408995,18.5234604],[73.7402948,18.5233284],[73.7393331,18.5234197],[73.7380563,18.5247628],[73.7376594,18.5248643],[73.7374663,18.5247422],[73.7367897,18.5212457],[73.7354645,18.5212516],[73.7342889,18.5215176],[73.7318427,18.5193609],[73.7303407,18.5180587],[73.7285811,18.5174076],[73.7282378,18.5161054],[73.7275941,18.5148846],[73.7268216,18.5139079],[73.7259633,18.5132975],[73.7247617,18.5129313],[73.7232167,18.5132975],[73.7217147,18.5117104],[73.7215859,18.5100826],[73.7211997,18.5087804],[73.7204701,18.5080886]]]]}},
{"type":"Feature","properties":{"osm_id":"91711414","code":7203,"fclass":"residential","name":"Chidanand Society"},"geometry":{"type":"MultiPolygon","coordinates":[[[[73.7819078,18.5442661],[73.7820101,18.5442534],[73.7824708,18.5441964],[73.7824009,18.5463459],[73.7819428,18.5461179],[73.7819238,18.5457232],[73.7819114,18.5452938],[73.7819097,18.5447938],[73.7819094,18.5447066],[73.7819088,18.5445387],[73.7819078,18.5442661]]]]}},
{"type":"Feature","properties":{"osm_id":"91711599","code":7203,"fclass":"residential","name":"Mont Vert 1"},"geometry":{"type":"MultiPolygon","coordinates":[[[[73.790363,18.5433672],[73.7904008,18.543087],[73.7904119,18.5430044],[73.790481,18.5424924],[73.7909424,18.5422788],[73.7909316,18.5434282],[73.790363,18.5433672]]]]}},
{"type":"Feature","properties":{"osm_id":"91712021","code":7203,"fclass":"residential","name":"Abhimanshree Co Op Housing Society"},"geometry":{"type":"MultiPolygon","coordinates":[[[[73.8171738,18.5457175],[73.8171835,18.5454964],[73.8172146,18.5450118],[73.8172857,18.5439039],[73.817345,18.5429797],[73.8173786,18.5425199],[73.8174267,18.5420592],[73.8175825,18.5411447],[73.8177398,18.5402155],[73.8193034,18.5403547],[73.819291,18.5420292],[73.8192151,18.5457509],[73.8179658,18.5456626],[73.8179001,18.545658],[73.817971,18.5469133],[73.817229,18.5470592],[73.817223,18.5467282],[73.8172134,18.5465384],[73.8171945,18.5463751],[73.8171785,18.5459386],[73.8171738,18.5457175]]]]}},
{"type":"Feature","properties":{"osm_id":"91713335","code":7203,"fclass":"residential","name":"MERADO Colony"},"geometry":{"type":"MultiPolygon","coordinates":[[[[73.8062692,18.5381232],[73.8064945,18.5375027],[73.8065696,18.5371264],[73.8066018,18.5366279],[73.8085866,18.5368619],[73.8086188,18.5371264],[73.8085866,18.5376146],[73.8084686,18.5379706],[73.8082218,18.5383063],[73.8082969,18.5385403],[73.8081038,18.5385911],[73.8079,18.5385199],[73.8073957,18.5383572],[73.8068271,18.5382351],[73.8062692,18.5381232]]]]}},
{"type":"Feature","properties":{"osm_id":"91716246","code":7213,"fclass":"military","name":"National Defence Academy"},"geometry":{"type":"MultiPolygon","coordinates":[[[[73.7439597,18.4557173],[73.7476075,18.4515243],[73.7483371,18.4505473],[73.7489379,18.4485525],[73.749925,18.4481454],[73.7516416,18.4474533],[73.7528432,18.4472905],[73.7513841,18.4450107],[73.7509978,18.4424866],[73.7511266,18.4412246],[73.7509978,18.4404103],[73.7493241,18.4392297],[73.7492062,18.4389141],[73.7498581,18.4380672],[73.7501907,18.4382096],[73.7510569,18.4380236],[73.7513358,18.4377488],[73.751545,18.4377233],[73.7520415,18.437772],[73.7524945,18.4376775],[73.7529158,18.4375469],[73.7533933,18.4375023],[73.7538698,18.4374032],[73.75412,18.4370974],[73.7552011,18.4362707],[73.7556703,18.4360592],[73.756097,18.4360112],[73.7571616,18.4360388],[73.7580598,18.4363046],[73.7584169,18.4364816],[73.7594092,18.4372348],[73.76001,18.4385274],[73.7601578,18.4388],[73.760013,18.4391358],[73.7600101,18.4394383],[73.7604906,18.4417042],[73.7603456,18.4420824],[73.760426,18.4421969],[73.7609462,18.442428],[73.7613081,18.4425786],[73.7620317,18.4428941],[73.7625582,18.443138],[73.7627222,18.4434421],[73.7625946,18.4437273],[73.7621948,18.4444054],[73.7622902,18.444881],[73.7628478,18.4453466],[73.7637384,18.4460183],[73.7637437,18.4465577],[73.7631858,18.4472498],[73.7629712,18.447779],[73.7630571,18.4483489],[73.7630324,18.4487976],[73.7630214,18.4489985],[73.7634862,18.4492853],[73.7634433,18.4499773],[73.7637866,18.4505065],[73.7643445,18.4505473],[73.7647308,18.4506694],[73.7648642,18.4507758],[73.7656386,18.4513884],[73.7664857,18.4521685],[73.7667049,18.4539261],[73.7621987,18.4579155],[73.7632339,18.4590882],[73.7640064,18.4594545],[73.764736,18.4600651],[73.7634056,18.4603908],[73.7635343,18.4616934],[73.764221,18.4627111],[73.7642639,18.4636473],[73.7646747,18.4625199],[73.7647606,18.4623685],[73.7648647,18.4621005],[73.7654182,18.4619334],[73.7658236,18.4617468],[73.7663559,18.4618369],[73.7667101,18.4618969],[73.7667361,18.4621805],[73.766791,18.4627797],[73.7667922,18.4627931],[73.7667959,18.4628332],[73.7668355,18.4629507],[73.7671392,18.4638509],[73.7673566,18.4646758],[73.7678201,18.464593],[73.7676456,18.4650853],[73.7678688,18.4653163],[73.7690275,18.4649499],[73.7696712,18.4649906],[73.7704437,18.4656826],[73.7704437,18.4668224],[73.7707798,18.466196],[73.772804,18.465501],[73.7747659,18.4653454],[73.7762942,18.4672762],[73.775379,18.4687355],[73.775894,18.4704451],[73.7776535,18.4702517],[73.7807863,18.4700381],[73.7832362,18.4697891],[73.7839942,18.4702212],[73.788774,18.4706995],[73.7914722,18.4725923],[73.7915796,18.4743018],[73.7764089,18.4762658],[73.7719457,18.4771613],[73.770787,18.4762658],[73.7698858,18.4750447],[73.7683409,18.4744748],[73.7666672,18.4732944],[73.7659376,18.4723989],[73.7649076,18.4734165],[73.7643497,18.4748819],[73.7628048,18.4746784],[73.762161,18.4736608],[73.7621181,18.4725618],[73.7619036,18.4711778],[73.7620323,18.4700381],[73.7609594,18.4695903],[73.7589424,18.4696717],[73.7580841,18.469224],[73.7573116,18.4682471],[73.7576978,18.4673108],[73.7576549,18.4665374],[73.7575262,18.4654384],[73.7549461,18.4676443],[73.7507403,18.4719998],[73.7490237,18.470453],[73.7497104,18.4656905],[73.7477792,18.466586],[73.7461055,18.46451],[73.7450326,18.4627596],[73.744303,18.4611314],[73.7439597,18.4557173]]]]}},
{"type":"Feature","properties":{"osm_id":"91910674","code":7203,"fclass":"residential","name":"DRDO Colony Pashan"},"geometry":{"type":"MultiPolygon","coordinates":[[[[73.7839799,18.527458],[73.7846412,18.5275251],[73.7864179,18.5269395],[73.7881258,18.5264601],[73.7896706,18.5265816],[73.7904775,18.5273537],[73.7911213,18.5284116],[73.7915328,18.5296163],[73.7921512,18.5316262],[73.7933099,18.5332131],[73.7947485,18.5354262],[73.7953409,18.5363346],[73.7947812,18.5372725],[73.7916862,18.5363007],[73.7914078,18.5361723],[73.7912379,18.5360354],[73.7911899,18.5359631],[73.7909067,18.5355324],[73.7908208,18.5350848],[73.790735,18.5344745],[73.7906921,18.5337421],[73.7902957,18.5333953],[73.789757,18.532896],[73.7893213,18.5322246],[73.7891941,18.5314097],[73.7891587,18.5310287],[73.7894241,18.5307363],[73.7900318,18.530347],[73.790203,18.5297546],[73.7900318,18.529089],[73.7898691,18.528383],[73.7897118,18.5276907],[73.7892604,18.5275557],[73.7883455,18.5274009],[73.7876779,18.5272548],[73.7872242,18.527409],[73.7873441,18.5284641],[73.7872585,18.5289024],[73.786625,18.5294299],[73.7859146,18.5294786],[73.7848703,18.5287969],[73.7840101,18.5282977],[73.7839799,18.527458]]]]}},
{"type":"Feature","properties":{"osm_id":"91910968","code":7203,"fclass":"residential","name":"ARDE Colony Ganeshkhind"},"geometry":{"type":"MultiPolygon","coordinates":[[[[73.8173846,18.5526639],[73.8179219,18.5518887],[73.8184583,18.5512174],[73.8192523,18.5501189],[73.8192737,18.549773],[73.8199174,18.5492034],[73.819896,18.548288],[73.8206394,18.5481877],[73.8206202,18.5470013],[73.8218733,18.5457125],[73.8228142,18.5453382],[73.8228142,18.5455213],[73.8213766,18.5473929],[73.8228786,18.5479625],[73.8223636,18.5487966],[73.8229001,18.5491627],[73.8213492,18.5512802],[73.8191601,18.5544315],[73.8180806,18.5538002],[73.8178736,18.5537211],[73.817463,18.5528334],[73.8173846,18.5526639]]]]}},
{"type":"Feature","properties":{"osm_id":"91910970","code":7203,"fclass":"residential","name":"Kasturba Gandhi Vasahat"},"geometry":{"type":"MultiPolygon","coordinates":[[[[73.8167846,18.5554862],[73.8171208,18.5549592],[73.8168844,18.5549109],[73.8168556,18.5546052],[73.8169165,18.5543532],[73.8171333,18.5544131],[73.8175563,18.55453],[73.8181251,18.5548319],[73.8186769,18.5551248],[73.8181365,18.5559572],[73.8180106,18.556091],[73.8178422,18.5560201],[73.8169898,18.5556515],[73.8167846,18.5554862]]]]}},
{"type":"Feature","properties":{"osm_id":"92000559","code":7202,"fclass":"park","name":"Vardhayani Society Park"},"geometry":{"type":"MultiPolygon","coordinates":[[[[73.7773806,18.5466574],[73.7774016,18.5465359],[73.7778593,18.5464393],[73.7781061,18.546358],[73.7782134,18.5466936],[73.7776288,18.5469137],[73.7775072,18.5468545],[73.7773856,18.5467789],[73.7773806,18.5466574]]]]}},
{"type":"Feature","properties":{"osm_id":"92000602","code":7209,"fclass":"commercial","name":"Global Port"},"geometry":{"type":"MultiPolygon","coordinates":[[[[73.7721313,18.5481803],[73.7722185,18.5476517],[73.7729092,18.5474243],[73.7729716,18.5474059],[73.7730677,18.5474123],[73.7731346,18.5474654],[73.7727868,18.5483451],[73.7721313,18.5481803]]]]}},
{"type":"Feature","properties":{"osm_id":"93846321","code":7211,"fclass":"recreation_ground","name":"One Life Club"},"geometry":{"type":"MultiPolygon","coordinates":[[[[73.8146378,18.5302027],[73.8147773,18.5300196],[73.8148738,18.5299789],[73.8149811,18.5300501],[73.8149489,18.5301416],[73.8149489,18.5302027],[73.8149597,18.5303349],[73.8148524,18.5304671],[73.8146378,18.5302027]]]]}},
{"type":"Feature","properties":{"osm_id":"93846339","code":7203,"fclass":"residential","name":"Success Towers"},"geometry":{"type":"MultiPolygon","coordinates":[[[[73.8138056,18.5303295],[73.8143481,18.530223],[73.8145305,18.5306604],[73.8144447,18.5307622],[73.8144125,18.5306808],[73.8143589,18.5306197],[73.8141872,18.5306503],[73.8139083,18.5307316],[73.8138056,18.5303295]]]]}},
{"type":"Feature","properties":{"osm_id":"95806121","code":7203,"fclass":"residential","name":"Shivtirth Nagar"},"geometry":{"type":"MultiPolygon","coordinates":[[[[73.8059474,18.5130926],[73.8059764,18.5124278],[73.8074613,18.5124472],[73.8076354,18.5123257],[73.8075136,18.5116631],[73.8080067,18.5116462],[73.8084384,18.5116421],[73.8085198,18.5116395],[73.8085196,18.5110752],[73.8085157,18.5106614],[73.8085174,18.5100232],[73.8085061,18.509428],[73.808346,18.5094006],[73.8084445,18.5079268],[73.8091488,18.5082249],[73.8095165,18.5082783],[73.8094429,18.5131038],[73.8094241,18.5134143],[73.808113,18.5133277],[73.8081171,18.5134575],[73.8077972,18.5134201],[73.8078191,18.5155112],[73.807897,18.5158621],[73.8078917,18.5162916],[73.807851,18.5165481],[73.8071524,18.5165157],[73.8059856,18.5157021],[73.8059474,18.5130926]]]]}},
{"type":"Feature","properties":{"osm_id":"95806124","code":7203,"fclass":"residential","name":"Right Bhusari Colony"},"geometry":{"type":"MultiPolygon","coordinates":[[[[73.7903429,18.5085899],[73.7936796,18.5081644],[73.7948037,18.5080361],[73.7989448,18.5077311],[73.7987692,18.5084789],[73.7987206,18.5112162],[73.7951669,18.5118626],[73.7941505,18.5122736],[73.7932723,18.5125393],[73.7919364,18.5128093],[73.790519,18.5128375],[73.7904608,18.5116462],[73.7904166,18.5110873],[73.7903657,18.5097666],[73.7903429,18.5085899]]]]}},
{"type":"Feature","properties":{"osm_id":"99668050","code":7203,"fclass":"residential","name":"Satpuda Society"},"geometry":{"type":"MultiPolygon","coordinates":[[[[73.8194072,18.5706253],[73.820222,18.5706253],[73.8201895,18.5731625],[73.8194692,18.5731744],[73.8194072,18.5706253]]]]}},
{"type":"Feature","properties":{"osm_id":"101474634","code":7211,"fclass":"recreation_ground","name":"Sanewadi Ground"},"geometry":{"type":"MultiPolygon","coordinates":[[[[73.8074113,18.5542685],[73.8079474,18.5542304],[73.8079519,18.5551305],[73.8074113,18.5551877],[73.8074113,18.5542685]]]]}},
{"type":"Feature","properties":{"osm_id":"105451285","code":7203,"fclass":"residential","name":""},"geometry":{"type":"MultiPolygon","coordinates":[[[[73.8807693,18.5067945],[73.8820277,18.5066049],[73.8827024,18.5064997],[73.884055,18.5065042],[73.8841136,18.506628],[73.883787,18.5075407],[73.8834193,18.5081893],[73.8828278,18.5092451],[73.8826216,18.5101857],[73.8825079,18.5103388],[73.8815498,18.5104294],[73.8816035,18.5095874],[73.8817054,18.5084123],[73.8809437,18.5083207],[73.8807693,18.5067945]]]]}},
{"type":"Feature","properties":{"osm_id":"105452930","code":7203,"fclass":"residential","name":""},"geometry":{"type":"MultiPolygon","coordinates":[[[[73.8790969,18.5083916],[73.8794386,18.5083602],[73.8794538,18.5085093],[73.8791121,18.5085407],[73.8790969,18.5083916]]]]}},
{"type":"Feature","properties":{"osm_id":"105453375","code":7208,"fclass":"meadow","name":""},"geometry":{"type":"MultiPolygon","coordinates":[[[[73.8832059,18.5099327],[73.8832093,18.5097832],[73.8834559,18.5097883],[73.8834525,18.5099394],[73.8833665,18.5099376],[73.8833595,18.5102398],[73.8832469,18.5102374],[73.8832539,18.5099337],[73.8832059,18.5099327]]]]}},
{"type":"Feature","properties":{"osm_id":"105453460","code":7202,"fclass":"park","name":""},"geometry":{"type":"MultiPolygon","coordinates":[[[[73.8835352,18.5100468],[73.8836733,18.5100461],[73.8836741,18.5102194],[73.8835361,18.51022],[73.8835352,18.5100468]]]]}},
{"type":"Feature","properties":{"osm_id":"105453543","code":7202,"fclass":"park","name":""},"geometry":{"type":"MultiPolygon","coordinates":[[[[73.8841967,18.5097889],[73.8842033,18.5094988],[73.8844015,18.5095028],[73.884395,18.509793],[73.8841967,18.5097889]]]]}},
{"type":"Feature","properties":{"osm_id":"105453878","code":7208,"fclass":"meadow","name":""},"geometry":{"type":"MultiPolygon","coordinates":[[[[73.8840347,18.510042],[73.884566,18.5100147],[73.8845747,18.5101671],[73.8840435,18.5101945],[73.8840347,18.510042]]]]}},
{"type":"Feature","properties":{"osm_id":"105456128","code":7203,"fclass":"residential","name":""},"geometry":{"type":"MultiPolygon","coordinates":[[[[73.8790493,18.5081458],[73.8793485,18.5080827],[73.8793995,18.5083001],[73.8791004,18.5083632],[73.8790493,18.5081458]]]]}},
{"type":"Feature","properties":{"osm_id":"105462521","code":7203,"fclass":"residential","name":""},"geometry":{"type":"MultiPolygon","coordinates":[[[[73.8923699,18.496366],[73.8924235,18.4961319],[73.8927883,18.4960913],[73.892799,18.4956029],[73.8925845,18.4956029],[73.8925845,18.4952061],[73.8927347,18.4952162],[73.8927239,18.4948805],[73.8933784,18.4948499],[73.8933891,18.494972],[73.894462,18.4948601],[73.8947088,18.4962744],[73.8939314,18.4964162],[73.8938719,18.496427],[73.8938612,18.4963049],[73.8932604,18.4964067],[73.8932711,18.4962337],[73.8928411,18.4962968],[73.8925685,18.4963368],[73.8923699,18.496366]]]]}},
{"type":"Feature","properties":{"osm_id":"105462834","code":7213,"fclass":"military","name":""},"geometry":{"type":"MultiPolygon","coordinates":[[[[73.8846439,18.5065119],[73.8846836,18.5061357],[73.8849728,18.5053898],[73.8853733,18.5042351],[73.8854356,18.5040556],[73.8855347,18.503874],[73.8857663,18.5032492],[73.8856775,18.5012427],[73.8856671,18.5010432],[73.8856565,18.5008537],[73.8856144,18.5006542],[73.8855934,18.5005545],[73.8855198,18.5003949],[73.8858879,18.5001854],[73.8860562,18.5001056],[73.8863823,18.5000258],[73.8865085,18.5000957],[73.8866978,18.4999161],[73.886803,18.4998263],[73.8868662,18.4996766],[73.8868872,18.4994173],[73.8869082,18.4991879],[73.8869166,18.4989539],[73.8879075,18.4988986],[73.8884755,18.4988587],[73.889054,18.4988388],[73.8894326,18.4988587],[73.8900006,18.498749],[73.8904529,18.4986493],[73.8906843,18.4985395],[73.8909683,18.4983799],[73.8912524,18.4982702],[73.8917993,18.4981406],[73.8924093,18.497981],[73.8925987,18.4979012],[73.8926828,18.4977914],[73.8931036,18.4974023],[73.8933139,18.4972727],[73.8937452,18.4971231],[73.8937913,18.4965005],[73.8946887,18.4963462],[73.8946894,18.4963524],[73.8947382,18.4966193],[73.8947665,18.4968459],[73.8950365,18.497775],[73.8951419,18.4979396],[73.8952866,18.4987757],[73.8953296,18.4989074],[73.8952637,18.4990406],[73.895192,18.4990859],[73.8942327,18.4994523],[73.8933281,18.5000509],[73.8920238,18.5008888],[73.8909645,18.5015528],[73.8897728,18.5023651],[73.8887953,18.5031032],[73.8898528,18.5062423],[73.8891464,18.5063154],[73.8887937,18.5063249],[73.8850198,18.506531],[73.8846439,18.5065119]]]]}},
{"type":"Feature","properties":{"osm_id":"105774790","code":7209,"fclass":"commercial","name":"Koncord Towers"},"geometry":{"type":"MultiPolygon","coordinates":[[[[73.8827737,18.5410159],[73.882833,18.5402779],[73.8828427,18.5400939],[73.8829682,18.540101],[73.8833138,18.5406193],[73.8832625,18.5410718],[73.8827737,18.5410159]]]]}},
{"type":"Feature","properties":{"osm_id":"106232763","code":7213,"fclass":"military","name":""},"geometry":{"type":"MultiPolygon","coordinates":[[[[73.8760426,18.4984684],[73.8767217,18.4982369],[73.877507,18.4979551],[73.8770719,18.4970192],[73.8772281,18.4969102],[73.8772948,18.4954191],[73.8778147,18.4918565],[73.8766262,18.4915446],[73.8768278,18.4909911],[73.8770082,18.4906086],[73.877178,18.4903972],[73.8773478,18.4900148],[73.8773903,18.4896928],[73.8774433,18.4891895],[73.8774433,18.4888373],[73.8773585,18.4885857],[73.8774221,18.4883039],[73.8775282,18.4880523],[73.8776025,18.4877806],[73.8776237,18.4875692],[73.8776343,18.4873479],[73.8777404,18.4871667],[73.8778784,18.4869654],[73.8778784,18.4868446],[73.8779527,18.4866031],[73.8798204,18.4858785],[73.8817623,18.4848017],[73.8820276,18.4850532],[73.8821868,18.4852746],[73.8842879,18.4884952],[73.884394,18.4886361],[73.884447,18.4887065],[73.884638,18.4887166],[73.884914,18.4887367],[73.8851474,18.4887065],[73.8853597,18.4886461],[73.8855507,18.488616],[73.8857523,18.4885857],[73.8858796,18.4885958],[73.8860919,18.4886361],[73.8862086,18.4887065],[73.8863572,18.4887669],[73.8865588,18.4889078],[73.8866437,18.4890185],[73.8867498,18.4891191],[73.8869938,18.48925],[73.886718,18.4899847],[73.8866224,18.4902865],[73.8867817,18.4902665],[73.8874714,18.4901658],[73.8884264,18.4900652],[73.8889995,18.4900349],[73.889668,18.4900551],[73.8909839,18.4870459],[73.892703,18.4879718],[73.8942948,18.4903067],[73.8946449,18.4908904],[73.8945813,18.4915144],[73.8940295,18.4931044],[73.8943571,18.4948559],[73.8932959,18.4949666],[73.8932853,18.4948458],[73.892638,18.4948761],[73.8926486,18.4952081],[73.8925001,18.4951981],[73.8925001,18.4955906],[73.8927122,18.4955906],[73.8927017,18.4960737],[73.8923453,18.4961147],[73.8923249,18.4961831],[73.8922878,18.4963454],[73.8931792,18.4962145],[73.8931686,18.4963856],[73.8937629,18.496285],[73.8937734,18.4964058],[73.8937536,18.4970393],[73.893276,18.4971802],[73.8930956,18.4973211],[73.8926924,18.4977035],[73.8925332,18.4978344],[73.8923741,18.4979048],[73.8912598,18.4981866],[73.8909521,18.4983073],[73.8903897,18.498569],[73.8893754,18.498789],[73.888796,18.4987747],[73.8874289,18.4988507],[73.8868471,18.4988866],[73.8867821,18.4996333],[73.8867089,18.4997573],[73.8864282,18.5000278],[73.8862886,18.499974],[73.8859713,18.5000442],[73.885904,18.5000721],[73.8854171,18.5003322],[73.8854983,18.5005051],[73.8855692,18.500813],[73.8855898,18.5032949],[73.8854447,18.5038423],[73.8853367,18.5037552],[73.8850694,18.5035623],[73.8848757,18.5034524],[73.8837103,18.5030581],[73.8846308,18.500977],[73.8847282,18.5006166],[73.8847388,18.5005159],[73.8845054,18.5002945],[73.8842931,18.5001536],[73.8839448,18.5001203],[73.8838384,18.5000396],[73.8809774,18.499066],[73.8800028,18.4987925],[73.8796341,18.4998014],[73.878823,18.5019242],[73.8766022,18.5012694],[73.8765838,18.5008835],[73.8765413,18.5005213],[73.8764883,18.5001993],[73.8764564,18.4997665],[73.8764352,18.4994344],[73.876361,18.4991526],[73.8762336,18.4988809],[73.8761487,18.4986696],[73.8760426,18.4984684]]]]}},
{"type":"Feature","properties":{"osm_id":"106241858","code":7211,"fclass":"recreation_ground","name":"Jaehangir Baugh Wedding Hall"},"geometry":{"type":"MultiPolygon","coordinates":[[[[73.9002274,18.5047945],[73.9008009,18.5047874],[73.9008105,18.5053384],[73.9002461,18.5053505],[73.9002274,18.5047945]]]]}},
{"type":"Feature","properties":{"osm_id":"106496263","code":7204,"fclass":"industrial","name":""},"geometry":{"type":"MultiPolygon","coordinates":[[[[73.9096207,18.5219624],[73.9096243,18.5218876],[73.9096313,18.5217427],[73.9096525,18.5216117],[73.9096735,18.5211378],[73.909693,18.5209953],[73.909714,18.5208215],[73.9097216,18.5205479],[73.909705,18.5199014],[73.9097246,18.5198486],[73.9097561,18.5198216],[73.9098553,18.5198073],[73.9112622,18.5197855],[73.9123351,18.519769],[73.9135418,18.5197503],[73.9142872,18.5197446],[73.914827,18.5197823],[73.9149725,18.5198102],[73.9157509,18.5198529],[73.9167089,18.5198872],[73.9170022,18.5199456],[73.9174336,18.5199658],[73.9174251,18.521013],[73.9175052,18.5226819],[73.917501,18.5231081],[73.9174619,18.5245727],[73.9173385,18.5279973],[73.9147318,18.5282615],[73.9139801,18.5283377],[73.9122777,18.5285086],[73.9097364,18.5287679],[73.9097299,18.528354],[73.9096839,18.5268117],[73.9096824,18.5252443],[73.909643,18.5240191],[73.9096396,18.5237098],[73.9096207,18.5219624]]]]}},
{"type":"Feature","properties":{"osm_id":"106496515","code":7204,"fclass":"industrial","name":"Hadapsar Industrial Estate"},"geometry":{"type":"MultiPolygon","coordinates":[[[[73.908501,18.5128202],[73.9118766,18.5094154],[73.9151577,18.5059836],[73.921709,18.5041731],[73.9223525,18.5065892],[73.9223954,18.5067622],[73.9223632,18.5069758],[73.9222667,18.5070979],[73.9219984,18.5073217],[73.9218301,18.5074297],[73.9216337,18.5075557],[73.9212263,18.5080338],[73.9203381,18.510373],[73.9193437,18.5124395],[73.9185651,18.5139255],[73.9183166,18.5142659],[73.9180187,18.5144825],[73.9174526,18.5148185],[73.9168497,18.5151022],[73.915781,18.5154964],[73.9147465,18.515687],[73.9141054,18.5156906],[73.9134835,18.5155952],[73.9122468,18.5151632],[73.911609,18.5149348],[73.9107499,18.5145645],[73.9101645,18.5141789],[73.908501,18.5128202]]]]}},
{"type":"Feature","properties":{"osm_id":"106496853","code":7213,"fclass":"military","name":"Ghorpari Camp"},"geometry":{"type":"MultiPolygon","coordinates":[[[[73.9006483,18.532438],[73.9006967,18.5321654],[73.9008163,18.5318251],[73.9009105,18.5308574],[73.9009817,18.5305026],[73.901109,18.5302517],[73.9012235,18.5301479],[73.9060543,18.5295687],[73.9061002,18.5301551],[73.9062987,18.5308477],[73.9064539,18.5314655],[73.9064743,18.5319433],[73.9063801,18.532134],[73.9064142,18.5345029],[73.9070153,18.5368168],[73.9070355,18.5378972],[73.9064598,18.5381665],[73.906413,18.5381682],[73.9063356,18.5381665],[73.9062888,18.5381767],[73.906305,18.5382518],[73.9061071,18.5383473],[73.9056788,18.5384749],[73.9038094,18.5389546],[73.9036475,18.5390007],[73.9036061,18.5385383],[73.9035413,18.537982],[73.9034909,18.5375827],[73.9034897,18.5375094],[73.9033217,18.5371981],[73.9030494,18.5370388],[73.9026065,18.537034],[73.9021535,18.5370171],[73.9017564,18.5369447],[73.901423,18.5368723],[73.9012398,18.5368071],[73.901143,18.5367299],[73.9010963,18.5366153],[73.9010301,18.5360651],[73.9010097,18.5353653],[73.9009156,18.5348706],[73.9008596,18.5342093],[73.9007858,18.5333792],[73.9007221,18.5327662],[73.9006483,18.532438]]]]}},
{"type":"Feature","properties":{"osm_id":"106618528","code":7213,"fclass":"military","name":"Kirkee Cantonment"},"geometry":{"type":"MultiPolygon","coordinates":[[[[73.8412221,18.5637863],[73.8418779,18.5628815],[73.8428285,18.5614163],[73.8435839,18.5601477],[73.8463747,18.5577881],[73.8473833,18.5563641],[73.8487995,18.5537807],[73.8459885,18.5524482],[73.8474862,18.546956],[73.848374,18.5474823],[73.8499161,18.5483965],[73.8509667,18.5490612],[73.8514388,18.549407],[73.8519216,18.5500478],[73.8522863,18.5504445],[73.8528121,18.5510344],[73.8529944,18.5514413],[73.8540286,18.5513175],[73.8542794,18.5513146],[73.8543355,18.5513091],[73.8547432,18.5520211],[73.8551939,18.551604],[73.855859,18.5511565],[73.8565457,18.5523872],[73.8566852,18.5527737],[73.8566101,18.5543198],[73.8552582,18.5566591],[73.8577688,18.5572694],[73.8581765,18.5583068],[73.8593137,18.5579203],[73.8593996,18.5605444],[73.8606012,18.5606054],[73.8605905,18.5620497],[73.862865,18.5609207],[73.8619101,18.5591205],[73.8619852,18.5589781],[73.8624573,18.5568727],[73.8625967,18.556354],[73.8627362,18.5561404],[73.8628113,18.5561404],[73.8630152,18.5561099],[73.8634336,18.5552657],[73.8673174,18.5560794],[73.8682401,18.5562116],[73.8688624,18.5562726],[73.8694525,18.5563031],[73.8700426,18.5562218],[73.8707507,18.5561607],[73.8710618,18.5562319],[73.8715661,18.556415],[73.8718986,18.5566184],[73.87236,18.5571168],[73.8725102,18.558256],[73.8723493,18.5606054],[73.8722527,18.5612564],[73.8716626,18.5646127],[73.8711691,18.5656704],[73.8718343,18.5686809],[73.8718986,18.5689656],[73.8724458,18.5689656],[73.8730574,18.5711014],[73.8727891,18.5720065],[73.8724995,18.5732676],[73.8719952,18.5743355],[73.8716412,18.5750779],[73.868916,18.5768983],[73.8689589,18.5775491],[73.8683689,18.5781797],[73.8669634,18.5795424],[73.8662124,18.5803153],[73.8584983,18.5826645],[73.8569212,18.581556],[73.8548076,18.5795322],[73.8553011,18.5783627],[73.8550973,18.5778339],[73.8538098,18.5782203],[73.8532295,18.5768402],[73.8541621,18.5764013],[73.8540528,18.5761524],[73.8534665,18.5764],[73.8520932,18.5754236],[73.8524258,18.5746812],[73.851825,18.5744677],[73.8525546,18.5726167],[73.8523507,18.5723523],[73.8522327,18.5722404],[73.8520181,18.5720167],[73.8519323,18.5719353],[73.8521469,18.5716099],[73.8521469,18.5709285],[73.8525749,18.5709415],[73.8540781,18.5709285],[73.8539278,18.5701759],[73.8536526,18.5698295],[73.853374,18.5696596],[73.8530814,18.5694577],[73.8524986,18.569056],[73.8530803,18.5684876],[73.8534558,18.5666163],[73.8529515,18.5664129],[73.8518894,18.5659043],[73.8506234,18.5648161],[73.850044,18.5644499],[73.8502371,18.5649381],[73.8493252,18.5656501],[73.8485634,18.5662806],[73.8477051,18.566779],[73.8465571,18.5673587],[73.8445508,18.5683249],[73.8443041,18.5679079],[73.8463747,18.566779],[73.8451409,18.5663722],[73.8455379,18.5653348],[73.8441539,18.564989],[73.8444221,18.5641041],[73.8439929,18.5639414],[73.8430703,18.5637278],[73.8417935,18.5637278],[73.8412221,18.5637863]]]]}},
{"type":"Feature","properties":{"osm_id":"106619348","code":7206,"fclass":"cemetery","name":"Kirkee War Cemetery"},"geometry":{"type":"MultiPolygon","coordinates":[[[[73.8562038,18.5514564],[73.8567789,18.5512085],[73.8572953,18.5522856],[73.8567202,18.5525335],[73.8562038,18.5514564]]]]}},
{"type":"Feature","properties":{"osm_id":"106620396","code":7213,"fclass":"military","name":"College of Military Engineering"},"geometry":{"type":"MultiPolygon","coordinates":[[[[73.8228679,18.6080863],[73.8250458,18.6076084],[73.8257968,18.6064797],[73.826603,18.6050856],[73.8262404,18.6041767],[73.8269538,18.6037966],[73.8299715,18.5990263],[73.8296407,18.5981045],[73.8293631,18.5974817],[73.8302636,18.5971824],[73.8311174,18.5947438],[73.8323922,18.5944001],[73.8325024,18.5942166],[73.831923,18.5928235],[73.8326963,18.5902654],[73.8330822,18.5893232],[73.8324071,18.5891196],[73.8330537,18.5875163],[73.8334498,18.5861342],[73.8335298,18.5858246],[73.833664,18.585313],[73.8336993,18.5852159],[73.8338685,18.5844927],[73.8342454,18.5831101],[73.8343956,18.5825247],[73.8345321,18.5818159],[73.8347611,18.58089],[73.8348822,18.5802792],[73.8349132,18.5801476],[73.8350755,18.5793761],[73.8350971,18.5792213],[73.835244,18.5785776],[73.8359337,18.576245],[73.8359673,18.5760268],[73.8363605,18.5760117],[73.8378691,18.5758911],[73.8381243,18.5758508],[73.8394654,18.5752101],[73.8432956,18.5735422],[73.8443577,18.5732676],[73.8453984,18.5731456],[73.8464177,18.5732066],[73.8487244,18.5741931],[73.8493466,18.574549],[73.8507044,18.5760233],[73.8524442,18.5803256],[73.8533142,18.5817596],[73.8538688,18.5824155],[73.8533968,18.5823723],[73.8528089,18.5825106],[73.8528225,18.582638],[73.8530105,18.5838136],[73.852835,18.5850138],[73.8528335,18.5850848],[73.8528164,18.5855733],[73.8531446,18.5856392],[73.8531166,18.5857971],[73.8534585,18.5858274],[73.8535631,18.5859288],[73.8542345,18.5868675],[73.8545947,18.5871602],[73.8549164,18.5873797],[73.8554311,18.5873553],[73.8582105,18.5876724],[73.8600196,18.587992],[73.8598573,18.5918129],[73.8621832,18.5959725],[73.8599843,18.5988817],[73.8608199,18.5996945],[73.8606697,18.6014434],[73.8583308,18.6015248],[73.8588458,18.6081341],[73.859688,18.6113675],[73.8589209,18.614494],[73.8629175,18.6137874],[73.8630634,18.6141084],[73.8657296,18.6141897],[73.8681317,18.6141738],[73.8686478,18.6186634],[73.8688532,18.6195142],[73.8675964,18.6196166],[73.86603,18.6200258],[73.8642532,18.6201827],[73.8633412,18.6177425],[73.8585025,18.6187288],[73.8579231,18.6174884],[73.8530675,18.6166141],[73.8494045,18.6160446],[73.8489608,18.6120803],[73.8457781,18.6152922],[73.8425124,18.616007],[73.8395727,18.6173694],[73.8378346,18.6179998],[73.8301635,18.6188945],[73.8291764,18.6188233],[73.8259149,18.6172779],[73.8228679,18.6080863]]]]}},
{"type":"Feature","properties":{"osm_id":"106620876","code":7204,"fclass":"industrial","name":"MIDC Bhosari"},"geometry":{"type":"MultiPolygon","coordinates":[[[[73.8239729,18.6228699],[73.824724,18.6228495],[73.8247427,18.6209509],[73.8286614,18.6212306],[73.8297343,18.6211849],[73.837223,18.6206969],[73.8388976,18.6227153],[73.825711,18.6371642],[73.8255463,18.6361557],[73.8254321,18.6354563],[73.8253462,18.6342973],[73.8253033,18.6322233],[73.8254106,18.630861],[73.8253248,18.6305154],[73.8252819,18.6301087],[73.8252819,18.6297427],[73.8253033,18.6295394],[73.8254535,18.6293157],[73.8266766,18.6299054],[73.826977,18.629641],[73.8263547,18.6280753],[73.825981,18.6271919],[73.8259685,18.6270993],[73.8258398,18.6240899],[73.8251746,18.6241103],[73.8251746,18.6237646],[73.8239944,18.6238052],[73.8239729,18.6228699]]]]}},
{"type":"Feature","properties":{"osm_id":"106622411","code":7213,"fclass":"military","name":""},"geometry":{"type":"MultiPolygon","coordinates":[[[[73.8312256,18.5559776],[73.8335431,18.5511972],[73.8342726,18.55018],[73.8375342,18.5500173],[73.836633,18.5488171],[73.8353884,18.5476778],[73.8352811,18.5467217],[73.8359249,18.5452163],[73.8369548,18.5447484],[73.8400662,18.5447077],[73.8408406,18.5443325],[73.8424934,18.544363],[73.8478968,18.5444627],[73.8460059,18.5514601],[73.845688,18.5525146],[73.8451434,18.5544695],[73.8449171,18.5553775],[73.8442719,18.5572999],[73.8431306,18.5595095],[73.8420403,18.5604325],[73.8413751,18.5613072],[73.8411176,18.561653],[73.8407743,18.5615716],[73.8312256,18.5559776]]]]}},
{"type":"Feature","properties":{"osm_id":"106750243","code":7203,"fclass":"residential","name":""},"geometry":{"type":"MultiPolygon","coordinates":[[[[73.9027774,18.5152209],[73.9042217,18.515357],[73.9055884,18.5152766],[73.9046232,18.516882],[73.903815,18.516881],[73.9037705,18.5170517],[73.9033786,18.5170077],[73.9034127,18.5162879],[73.9032574,18.5158387],[73.9031469,18.5157955],[73.9029672,18.5157428],[73.9028282,18.5156373],[73.9027774,18.5152209]]]]}},
{"type":"Feature","properties":{"osm_id":"106893775","code":7203,"fclass":"residential","name":"Rakshak Society"},"geometry":{"type":"MultiPolygon","coordinates":[[[[73.7918362,18.5816281],[73.7958919,18.5792145],[73.7970522,18.581081],[73.7930348,18.5834636],[73.7918362,18.5816281]]]]}},
{"type":"Feature","properties":{"osm_id":"107670065","code":7203,"fclass":"residential","name":"Neco Gardens"},"geometry":{"type":"MultiPolygon","coordinates":[[[[73.9131186,18.5618438],[73.9137195,18.5618031],[73.9139089,18.5635659],[73.9133267,18.5635899],[73.9131186,18.5618438]]]]}},
{"type":"Feature","properties":{"osm_id":"107670308","code":7203,"fclass":"residential","name":"Bramha SunCity"},"geometry":{"type":"MultiPolygon","coordinates":[[[[73.9156718,18.5464907],[73.9180966,18.5459617],[73.9195128,18.5454531],[73.9195128,18.5452802],[73.9201887,18.5453006],[73.9204495,18.5478369],[73.9198146,18.5485176],[73.9189334,18.5490222],[73.9187021,18.5490639],[73.9160688,18.549237],[73.9156718,18.5464907]]]]}},
{"type":"Feature","properties":{"osm_id":"107670309","code":7209,"fclass":"commercial","name":"Gigaspace IT Park"},"geometry":{"type":"MultiPolygon","coordinates":[[[[73.9182095,18.5635169],[73.9182315,18.5624581],[73.9190996,18.5624926],[73.9192678,18.5625818],[73.9212357,18.5631237],[73.9210896,18.563516],[73.9182095,18.5635169]]]]}},
{"type":"Feature","properties":{"osm_id":"107670310","code":7213,"fclass":"military","name":"Southern Command Control Center"},"geometry":{"type":"MultiPolygon","coordinates":[[[[73.91164,18.5583852],[73.9127321,18.5575876],[73.9147921,18.5555839],[73.9171953,18.5554821],[73.9183004,18.5553804],[73.9185364,18.5569671],[73.918751,18.5582385],[73.9187081,18.5585843],[73.9181502,18.5606993],[73.9162619,18.5601201],[73.913805,18.5591946],[73.91164,18.5583852]]]]}},
{"type":"Feature","properties":{"osm_id":"107670311","code":7209,"fclass":"commercial","name":"Weikfield IT Park"},"geometry":{"type":"MultiPolygon","coordinates":[[[[73.910283,18.5583418],[73.911449,18.5588109],[73.9115177,18.5590985],[73.9115969,18.5600259],[73.9116468,18.5605388],[73.9117185,18.5613035],[73.9117424,18.5617245],[73.9103316,18.5613529],[73.910283,18.5583418]]]]}},
{"type":"Feature","properties":{"osm_id":"107671210","code":7203,"fclass":"residential","name":""},"geometry":{"type":"MultiPolygon","coordinates":[[[[73.9067031,18.5667509],[73.9070893,18.5648388],[73.9067889,18.5620317],[73.9067195,18.5613477],[73.9074486,18.5611065],[73.9081943,18.5607302],[73.9103072,18.5613252],[73.9103174,18.5620862],[73.9139103,18.5617645],[73.9140793,18.5636667],[73.91608,18.5635323],[73.9179609,18.5634534],[73.9182026,18.5635417],[73.921381,18.5635376],[73.9216245,18.562109],[73.9225109,18.5623411],[73.9229162,18.5624502],[73.924061,18.5627584],[73.9241316,18.5627774],[73.9242442,18.5639946],[73.9245982,18.5659677],[73.9248665,18.5659067],[73.9250354,18.5665573],[73.9219267,18.5670408],[73.9221137,18.5681411],[73.9221188,18.5686829],[73.9215751,18.5687228],[73.9188448,18.5688612],[73.9188051,18.5682467],[73.9147365,18.5686422],[73.9148419,18.5694056],[73.9159618,18.5691869],[73.916179,18.5713837],[73.9163455,18.5715567],[73.9160691,18.5718541],[73.9152161,18.571943],[73.9158062,18.5747601],[73.9147402,18.5750281],[73.9128858,18.5754944],[73.9128129,18.5755127],[73.9127965,18.575843],[73.9118953,18.57592],[73.9111148,18.5759927],[73.9098812,18.5761024],[73.9097752,18.5761123],[73.9079019,18.5763042],[73.907779,18.575456],[73.907379,18.5719479],[73.9073729,18.5719014],[73.9072293,18.5708022],[73.9071389,18.5701107],[73.9071097,18.569758],[73.9069779,18.5688785],[73.9067996,18.5675136],[73.9067031,18.5667509]]]]}},
{"type":"Feature","properties":{"osm_id":"107671211","code":7213,"fclass":"military","name":""},"geometry":{"type":"MultiPolygon","coordinates":[[[[73.9147365,18.5686422],[73.9188051,18.5682467],[73.9188448,18.5688612],[73.9215751,18.5687228],[73.9221188,18.5686829],[73.9221137,18.5681411],[73.9219267,18.5670408],[73.9250354,18.5665573],[73.9256711,18.566466],[73.925993,18.5674424],[73.926744,18.5670763],[73.9273998,18.5682232],[73.927506,18.5684089],[73.9274416,18.5697209],[73.9277525,18.5705647],[73.92823,18.5714168],[73.9202925,18.5758135],[73.9175389,18.5757415],[73.9175175,18.5767229],[73.9165626,18.576789],[73.9162622,18.5760924],[73.9161495,18.5760924],[73.9155595,18.573616],[73.9152161,18.571943],[73.9160691,18.5718541],[73.9163455,18.5715567],[73.916179,18.5713837],[73.9159618,18.5691869],[73.9148419,18.5694056],[73.9147365,18.5686422]]]]}},
{"type":"Feature","properties":{"osm_id":"108099337","code":7209,"fclass":"commercial","name":""},"geometry":{"type":"MultiPolygon","coordinates":[[[[73.8890144,18.5468448],[73.8890246,18.5467662],[73.8891626,18.5466907],[73.8892224,18.5467269],[73.8897752,18.5471103],[73.8897896,18.5473097],[73.8896874,18.5474683],[73.8895298,18.5475691],[73.8891006,18.5475836],[73.8890144,18.5468448]]]]}},
{"type":"Feature","properties":{"osm_id":"108557629","code":7202,"fclass":"park","name":"Ramabai Ambedkar Udyan"},"geometry":{"type":"MultiPolygon","coordinates":[[[[73.8774025,18.5316954],[73.8788777,18.5322548],[73.8787939,18.5331675],[73.8785627,18.5332731],[73.8774062,18.532197],[73.8774025,18.5316954]]]]}},
{"type":"Feature","properties":{"osm_id":"20628919","code":7202,"fclass":"park","name":"Pandit Bhimsen Joshi Udyan"},"geometry":{"type":"MultiPolygon","coordinates":[[[[73.7908366,18.5107816],[73.7908404,18.5103806],[73.7908695,18.5103528],[73.7909029,18.5103516],[73.7911376,18.5105562],[73.791572,18.510104],[73.791595,18.510126],[73.7915186,18.5119733],[73.7915109,18.5120027],[73.791472,18.5120204],[73.791416,18.5120175],[73.7909217,18.5119084],[73.7908842,18.5118912],[73.7908754,18.5118578],[73.7910794,18.5108027],[73.7908366,18.5107816]]]]}},
{"type":"Feature","properties":{"osm_id":"109714189","code":7202,"fclass":"park","name":"Rose Garden"},"geometry":{"type":"MultiPolygon","coordinates":[[[[73.8472946,18.4874972],[73.8476884,18.4872333],[73.8479653,18.4876049],[73.8475714,18.4878688],[73.8472946,18.4874972]]]]}},
{"type":"Feature","properties":{"osm_id":"111620712","code":7211,"fclass":"recreation_ground","name":"Jeet Ground"},"geometry":{"type":"MultiPolygon","coordinates":[[[[73.8045216,18.5089328],[73.8045753,18.5080782],[73.8050533,18.5081354],[73.8049923,18.5089572],[73.8045216,18.5089328]]]]}},
{"type":"Feature","properties":{"osm_id":"113704572","code":7203,"fclass":"residential","name":"Krushna Kamal"},"geometry":{"type":"MultiPolygon","coordinates":[[[[73.7850149,18.5453835],[73.7857139,18.5438664],[73.7859124,18.5439477],[73.7860036,18.5439783],[73.785267,18.5454598],[73.7850149,18.5453835]]]]}},
{"type":"Feature","properties":{"osm_id":"113704946","code":7203,"fclass":"residential","name":"Siddharth Nagar"},"geometry":{"type":"MultiPolygon","coordinates":[[[[73.8127854,18.566858],[73.8128257,18.566202],[73.8141131,18.5663444],[73.8140595,18.5671072],[73.8127868,18.5669139],[73.8127854,18.566858]]]]}},
{"type":"Feature","properties":{"osm_id":"113704948","code":7203,"fclass":"residential","name":"Siddharth Nagar"},"geometry":{"type":"MultiPolygon","coordinates":[[[[73.8127476,18.5649228],[73.8127767,18.5646539],[73.8143845,18.5647797],[73.8142737,18.5662295],[73.8140474,18.5662213],[73.8127951,18.5661221],[73.812882,18.5649418],[73.8127476,18.5649228]]]]}},
{"type":"Feature","properties":{"osm_id":"113704949","code":7203,"fclass":"residential","name":"Rohan Nilay 1"},"geometry":{"type":"MultiPolygon","coordinates":[[[[73.8161087,18.5639752],[73.8168061,18.5639752],[73.8169563,18.5662529],[73.8161623,18.5662529],[73.8161087,18.5639752]]]]}},
{"type":"Feature","properties":{"osm_id":"113704950","code":7203,"fclass":"residential","name":"Prism Society"},"geometry":{"type":"MultiPolygon","coordinates":[[[[73.8144994,18.566202],[73.8146817,18.563965],[73.8151324,18.563965],[73.8151967,18.5640464],[73.8151538,18.5662427],[73.8144994,18.566202]]]]}},
{"type":"Feature","properties":{"osm_id":"113704951","code":7203,"fclass":"residential","name":"Rohan Nilay 2"},"geometry":{"type":"MultiPolygon","coordinates":[[[[73.8161731,18.5663851],[73.8169348,18.5663546],[73.8169133,18.5676971],[73.8162267,18.5676665],[73.8161731,18.5663851]]]]}},
{"type":"Feature","properties":{"osm_id":"117219344","code":7203,"fclass":"residential","name":"Gera's Emerald City North"},"geometry":{"type":"MultiPolygon","coordinates":[[[[73.9514022,18.5554698],[73.951642,18.5550746],[73.9520794,18.5551153],[73.9523755,18.5551363],[73.9527033,18.5551373],[73.9527114,18.5551394],[73.9527913,18.555195],[73.9528428,18.5552288],[73.9529071,18.5554221],[73.9528535,18.5557272],[73.9523957,18.5561316],[73.9520295,18.5560551],[73.951896,18.5560015],[73.951739,18.5557683],[73.9515317,18.5556511],[73.9514022,18.5554698]]]]}},
{"type":"Feature","properties":{"osm_id":"117374891","code":7209,"fclass":"commercial","name":"Kirkee Business Centre"},"geometry":{"type":"MultiPolygon","coordinates":[[[[73.8505801,18.5648401],[73.8516108,18.5639897],[73.8519777,18.5647834],[73.8520561,18.5647633],[73.8520846,18.5648014],[73.8521006,18.564863],[73.8513694,18.5651813],[73.8512559,18.5652428],[73.851226,18.5652649],[73.8511404,18.5652932],[73.8510898,18.5652895],[73.8505801,18.5648401]]]]}},
{"type":"Feature","properties":{"osm_id":"120009678","code":7202,"fclass":"park","name":"Swami Vivekanad Udyaan"},"geometry":{"type":"MultiPolygon","coordinates":[[[[73.8797965,18.4600492],[73.8799663,18.4592576],[73.8807817,18.4594084],[73.8805296,18.4602128],[73.8797965,18.4600492]]]]}},
{"type":"Feature","properties":{"osm_id":"120529972","code":7201,"fclass":"forest","name":""},"geometry":{"type":"MultiPolygon","coordinates":[[[[73.7634618,18.5519728],[73.7634882,18.5516104],[73.7635828,18.5516018],[73.7635886,18.5514796],[73.7635655,18.5514141],[73.7634877,18.5514047],[73.7634705,18.5510828],[73.7636345,18.5506854],[73.7639013,18.5504879],[73.7640954,18.5500634],[73.7642921,18.5499365],[73.7645019,18.5502299],[73.7645216,18.5502192],[73.7648196,18.5500572],[73.7651792,18.549858],[73.765391,18.5496374],[73.7653255,18.5494803],[73.7655088,18.5493404],[73.765702,18.5497859],[73.765737,18.5499412],[73.7656693,18.5503623],[73.7655809,18.5506743],[73.7655811,18.5508424],[73.7654076,18.551176],[73.7653635,18.5516146],[73.7650791,18.5515909],[73.7650413,18.5520002],[73.7647534,18.5519764],[73.764734,18.5521999],[73.7642921,18.5521458],[73.7641643,18.5521895],[73.7638989,18.5522744],[73.7635825,18.5521927],[73.7634928,18.5521203],[73.7634618,18.5519728]]]]}},
{"type":"Feature","properties":{"osm_id":"120530540","code":7211,"fclass":"recreation_ground","name":"Lokseva Ground"},"geometry":{"type":"MultiPolygon","coordinates":[[[[73.7826023,18.5460784],[73.7835306,18.5460754],[73.7837288,18.5466175],[73.7837234,18.5467142],[73.7833748,18.5466938],[73.7831226,18.5465463],[73.7826506,18.5461598],[73.7826023,18.5460784]]]]}},
{"type":"Feature","properties":{"osm_id":"120530541","code":7211,"fclass":"recreation_ground","name":"Shivalaya Society Ground"},"geometry":{"type":"MultiPolygon","coordinates":[[[[73.7840939,18.5457448],[73.7842172,18.5451599],[73.7845928,18.5453125],[73.784346,18.5458669],[73.7840939,18.5457448]]]]}},
{"type":"Feature","properties":{"osm_id":"120531231","code":7203,"fclass":"residential","name":"Alankapuri"},"geometry":{"type":"MultiPolygon","coordinates":[[[[73.7825756,18.5457427],[73.782772,18.5457449],[73.7828707,18.5451171],[73.78314,18.5442018],[73.7835856,18.5441195],[73.7828868,18.5459766],[73.7827795,18.5459715],[73.7825756,18.5459614],[73.7825756,18.5457427]]]]}},
{"type":"Feature","properties":{"osm_id":"121807061","code":7202,"fclass":"park","name":"Lumbini Garden"},"geometry":{"type":"MultiPolygon","coordinates":[[[[73.8957917,18.5608067],[73.8964837,18.5605829],[73.8966393,18.5609135],[73.896768,18.5608575],[73.8970577,18.5614017],[73.8963209,18.5617765],[73.8960785,18.5613712],[73.8957917,18.5608067]]]]}},
{"type":"Feature","properties":{"osm_id":"121807124","code":7212,"fclass":"retail","name":"Creaticity Mall"},"geometry":{"type":"MultiPolygon","coordinates":[[[[73.8928225,18.5561749],[73.8931631,18.5557365],[73.8943993,18.5556856],[73.8955936,18.5557637],[73.8955694,18.5567258],[73.894833,18.55772],[73.8948826,18.5579067],[73.8946988,18.5579701],[73.8943379,18.5568706],[73.8932157,18.5572345],[73.8928225,18.5561749]]]]}},
{"type":"Feature","properties":{"osm_id":"121895451","code":7211,"fclass":"recreation_ground","name":""},"geometry":{"type":"MultiPolygon","coordinates":[[[[73.8791943,18.5323461],[73.8792695,18.5312796],[73.8793659,18.5312637],[73.8793787,18.5310625],[73.8795187,18.5310062],[73.8794593,18.5308788],[73.8802883,18.5311202],[73.8803308,18.5323601],[73.8791943,18.5323461]]]]}},
{"type":"Feature","properties":{"osm_id":"125863154","code":7204,"fclass":"industrial","name":"Sai Service Phugewadi"},"geometry":{"type":"MultiPolygon","coordinates":[[[[73.8302438,18.5890385],[73.8303671,18.5886775],[73.8304959,18.5884131],[73.8306394,18.5884558],[73.8309143,18.5885707],[73.8310591,18.5888911],[73.8311156,18.5892349],[73.8311437,18.5893515],[73.8310203,18.5893405],[73.8305804,18.5891728],[73.8302438,18.5890385]]]]}},
{"type":"Feature","properties":{"osm_id":"126349323","code":7203,"fclass":"residential","name":""},"geometry":{"type":"MultiPolygon","coordinates":[[[[73.870713,18.535708],[73.8709383,18.5347976],[73.8711689,18.5342331],[73.8713521,18.5336194],[73.8716839,18.5323868],[73.8721997,18.5324445],[73.8718127,18.5341059],[73.8717966,18.5343246],[73.8718288,18.534528],[73.8717,18.534762],[73.871615,18.5349164],[73.8714264,18.5348993],[73.871092,18.5358208],[73.870713,18.535708]]]]}},
{"type":"Feature","properties":{"osm_id":"126349327","code":7203,"fclass":"residential","name":""},"geometry":{"type":"MultiPolygon","coordinates":[[[[73.8703965,18.5379815],[73.8707076,18.5374221],[73.8716356,18.5375594],[73.8716901,18.5374289],[73.8718188,18.5374289],[73.8719146,18.537005],[73.8717778,18.5369411],[73.8717662,18.5369012],[73.872117,18.5369178],[73.872333,18.5368117],[73.8727952,18.5369],[73.8728273,18.5367982],[73.8729346,18.5368135],[73.873117,18.5361777],[73.8729875,18.5361251],[73.8731117,18.5357047],[73.8735837,18.5357709],[73.8744571,18.5358543],[73.8744215,18.5360173],[73.8744144,18.5360742],[73.8742535,18.5361048],[73.8741837,18.5365015],[73.874055,18.5365116],[73.8739807,18.5368288],[73.8742159,18.5368524],[73.8742267,18.5368982],[73.8741569,18.5370406],[73.8740558,18.5370322],[73.8740451,18.537078],[73.8740282,18.5374678],[73.8740282,18.5375543],[73.8737554,18.5375103],[73.8736696,18.5377493],[73.8736159,18.5378663],[73.8739914,18.5379477],[73.8739753,18.5380494],[73.8739209,18.5384342],[73.8738194,18.538753],[73.8738037,18.5388022],[73.873781,18.5388711],[73.87375,18.5389649],[73.8736097,18.5391513],[73.8733898,18.5393192],[73.8732619,18.5392955],[73.8732557,18.5393192],[73.8730258,18.5393108],[73.872763,18.5393006],[73.87251,18.5392276],[73.8720809,18.5390394],[73.8719154,18.5389446],[73.8716096,18.5387462],[73.871287,18.5384698],[73.871336,18.5383597],[73.8711644,18.538319],[73.8709176,18.5382325],[73.8703965,18.5379815]]]]}},
{"type":"Feature","properties":{"osm_id":"126349332","code":7203,"fclass":"residential","name":""},"geometry":{"type":"MultiPolygon","coordinates":[[[[73.8717008,18.5321647],[73.871969,18.5309033],[73.8722525,18.5309219],[73.872294,18.5308391],[73.8725798,18.5308253],[73.8723124,18.5319867],[73.8718832,18.5319003],[73.871818,18.5321833],[73.8717008,18.5321647]]]]}},
{"type":"Feature","properties":{"osm_id":"142235004","code":7203,"fclass":"residential","name":"Eden Garden Society"},"geometry":{"type":"MultiPolygon","coordinates":[[[[73.9136823,18.5595968],[73.9159646,18.560494],[73.9157303,18.5614375],[73.9148799,18.5614752],[73.9151031,18.5605231],[73.9137762,18.5604439],[73.9136823,18.5595968]]]]}},
{"type":"Feature","properties":{"osm_id":"142793454","code":7203,"fclass":"residential","name":"Westend Village"},"geometry":{"type":"MultiPolygon","coordinates":[[[[73.7890284,18.5117641],[73.7903912,18.5116875],[73.7904044,18.5127539],[73.7896135,18.5130063],[73.7890999,18.5130062],[73.7890284,18.5117641]]]]}},
{"type":"Feature","properties":{"osm_id":"142793830","code":7203,"fclass":"residential","name":"Soudamini"},"geometry":{"type":"MultiPolygon","coordinates":[[[[73.7888792,18.5103256],[73.7903674,18.5099556],[73.7903845,18.5116779],[73.7889996,18.5117404],[73.7888792,18.5103256]]]]}},
{"type":"Feature","properties":{"osm_id":"142795052","code":7203,"fclass":"residential","name":"Mahatma Society"},"geometry":{"type":"MultiPolygon","coordinates":[[[[73.7946337,18.4959835],[73.7984707,18.493579],[73.7987038,18.4939783],[73.7997219,18.4933944],[73.7998646,18.4934946],[73.7999086,18.4937448],[73.7998635,18.4951739],[73.7998199,18.4951804],[73.8001649,18.4972733],[73.8002085,18.4972668],[73.8004075,18.4983754],[73.795882,18.4988789],[73.7957293,18.4984355],[73.7956569,18.4981048],[73.7952585,18.4973989],[73.7951606,18.4972832],[73.795056,18.496847],[73.7949032,18.4964387],[73.7946337,18.4959835]]]]}},
{"type":"Feature","properties":{"osm_id":"142800031","code":7203,"fclass":"residential","name":"Left Bhusari Colony"},"geometry":{"type":"MultiPolygon","coordinates":[[[[73.7891781,18.5078192],[73.7899018,18.507644],[73.7903639,18.5074903],[73.7907734,18.5072768],[73.7914295,18.5068229],[73.7920211,18.5061742],[73.79272,18.504435],[73.7941976,18.5039107],[73.7943854,18.504401],[73.7945283,18.5050619],[73.7946646,18.5057983],[73.7947262,18.5068806],[73.7946057,18.5073113],[73.7945382,18.5078613],[73.7930217,18.50804],[73.7927259,18.5080708],[73.7912719,18.5082388],[73.7905441,18.5082772],[73.789222,18.5079337],[73.7891781,18.5078192]]]]}},
{"type":"Feature","properties":{"osm_id":"145712253","code":7203,"fclass":"residential","name":"Kshitij"},"geometry":{"type":"MultiPolygon","coordinates":[[[[73.8435951,18.4827729],[73.8436101,18.4826683],[73.8436753,18.4826677],[73.8437128,18.4825065],[73.843786,18.4825159],[73.8437699,18.4825871],[73.8441024,18.4826527],[73.8441229,18.4825856],[73.8442067,18.4826001],[73.8441342,18.4828969],[73.8439734,18.4828632],[73.8440054,18.4827215],[73.8438617,18.4826973],[73.8438179,18.4828233],[73.8435951,18.4827729]]]]}},
{"type":"Feature","properties":{"osm_id":"149110265","code":7202,"fclass":"park","name":"Chittranjan Vatika"},"geometry":{"type":"MultiPolygon","coordinates":[[[[73.8372293,18.531766],[73.8374564,18.5317435],[73.837451,18.5316622],[73.8381886,18.5315643],[73.8387484,18.5316179],[73.8390308,18.5317774],[73.8393259,18.5320029],[73.8399026,18.532125],[73.8399817,18.5324022],[73.8400422,18.5324965],[73.8387104,18.5332007],[73.8382601,18.5326082],[73.8379109,18.5328101],[73.8373032,18.5320259],[73.8372609,18.5319312],[73.8372293,18.531766]]]]}},
{"type":"Feature","properties":{"osm_id":"149110279","code":7202,"fclass":"park","name":"Symbi Hill"},"geometry":{"type":"MultiPolygon","coordinates":[[[[73.8296506,18.5229577],[73.8303123,18.5229535],[73.830358,18.522794],[73.830364,18.5225391],[73.830548,18.5225756],[73.8307367,18.5229043],[73.8312406,18.5228584],[73.8323818,18.5225364],[73.8324693,18.5236639],[73.8334526,18.5235607],[73.833691,18.5235387],[73.8340618,18.5234504],[73.834679,18.5231808],[73.8346538,18.5226518],[73.8347578,18.5225627],[73.8347762,18.5227231],[73.8349592,18.52269],[73.8349417,18.5225324],[73.8355104,18.522441],[73.8358664,18.5221031],[73.8361698,18.5218033],[73.836492,18.5214883],[73.8369447,18.5212082],[73.8373959,18.5208811],[73.8379248,18.5211665],[73.8376754,18.5217917],[73.8369147,18.5230306],[73.8369821,18.5234617],[73.8366628,18.5239407],[73.8356689,18.5252107],[73.8353732,18.5249441],[73.8347123,18.5251912],[73.8339533,18.5258363],[73.8341037,18.5260928],[73.8337985,18.5262946],[73.8333801,18.5265035],[73.8316843,18.5254182],[73.8313709,18.5248755],[73.8305161,18.5243617],[73.829737,18.5239409],[73.8296506,18.5229577]]]]}},
{"type":"Feature","properties":{"osm_id":"150835043","code":7201,"fclass":"forest","name":"Taljai forest"},"geometry":{"type":"MultiPolygon","coordinates":[[[[73.8281685,18.4735919],[73.8281734,18.4732015],[73.8307545,18.472025],[73.8376873,18.4696477],[73.837632,18.4694663],[73.8364854,18.4657034],[73.8365719,18.4654207],[73.8367258,18.4653888],[73.8370238,18.4650468],[73.8374132,18.4648188],[73.8384076,18.4647633],[73.8386243,18.4647512],[73.8388843,18.4647367],[73.8398698,18.4629856],[73.8422207,18.4631361],[73.841889,18.4647914],[73.8455619,18.4651699],[73.8447302,18.4686491],[73.8446388,18.4690412],[73.8441196,18.4705277],[73.8441428,18.4711536],[73.844221,18.4717765],[73.8441597,18.4718455],[73.8439989,18.471946],[73.8440015,18.4721905],[73.8436319,18.4722044],[73.8436523,18.4724836],[73.8438802,18.4724438],[73.8439348,18.4729132],[73.8437865,18.4729653],[73.8437588,18.4730446],[73.8437938,18.4731349],[73.8441482,18.4731294],[73.8441762,18.4735209],[73.8438507,18.4735722],[73.8438992,18.473929],[73.8440091,18.4742895],[73.8440523,18.4746178],[73.8451714,18.4747234],[73.8455169,18.4746967],[73.8454806,18.4751022],[73.846027,18.4751062],[73.8460703,18.4746424],[73.8476045,18.4745345],[73.8494946,18.4745836],[73.8494454,18.4762436],[73.8499318,18.4767095],[73.8499145,18.4769189],[73.849422,18.4770326],[73.8494124,18.4773575],[73.8495824,18.4788656],[73.8496266,18.4792396],[73.8498543,18.4800101],[73.8499019,18.480181],[73.8493886,18.4831665],[73.8485558,18.4837823],[73.8482736,18.4840047],[73.8479405,18.4841724],[73.8476141,18.4842465],[73.8473422,18.4842465],[73.8470158,18.4841756],[73.8468028,18.4840329],[73.8461327,18.4834282],[73.8455575,18.4821735],[73.84483,18.4818349],[73.8444595,18.4816995],[73.8438306,18.4816447],[73.8437238,18.4821479],[73.8435213,18.482728],[73.8434227,18.48326],[73.8429682,18.4868695],[73.8427916,18.4868487],[73.8427698,18.4870559],[73.8426266,18.4870664],[73.8423554,18.4870789],[73.8424182,18.4873771],[73.8424097,18.4875726],[73.8423462,18.4876361],[73.842065,18.4877257],[73.8416641,18.4877871],[73.8413497,18.487957],[73.840581,18.4886043],[73.8402847,18.4887052],[73.839832,18.4885462],[73.8396997,18.4880611],[73.8393328,18.4880665],[73.8392048,18.4880523],[73.8389669,18.4881296],[73.8384842,18.4884198],[73.8382326,18.4885552],[73.8380218,18.4885455],[73.8378383,18.4884101],[73.8377329,18.4882683],[73.8376241,18.4882263],[73.837155,18.4883392],[73.8369306,18.4883682],[73.8367879,18.4882876],[73.8365601,18.4882973],[73.8358972,18.4884133],[73.8353465,18.4884069],[73.8352241,18.4886777],[73.8336536,18.4883521],[73.8329534,18.488697],[73.8325284,18.4886003],[73.8314644,18.488265],[73.8311211,18.4880909],[73.8308525,18.4877589],[73.8305636,18.487501],[73.8301217,18.4871399],[73.8298191,18.4868497],[73.829588,18.4864661],[73.8294384,18.4859406],[73.829399,18.4853568],[73.8294327,18.4849282],[73.8295432,18.4844905],[73.8297067,18.4841485],[73.8299326,18.4839023],[73.8307884,18.484568],[73.8309662,18.4843765],[73.8300769,18.483688],[73.8305432,18.4830907],[73.8308797,18.483223],[73.8317306,18.4833187],[73.8322114,18.4833233],[73.8324181,18.4832731],[73.833282,18.4830297],[73.8340526,18.4828126],[73.8358987,18.4819828],[73.8360862,18.4817411],[73.8361968,18.4815132],[73.8362641,18.481235],[73.8358458,18.4803231],[73.8354756,18.4799857],[73.8350862,18.479858],[73.8346007,18.4797121],[73.8343988,18.4796118],[73.8337642,18.4785084],[73.833668,18.4782394],[73.8336776,18.4779658],[73.8338555,18.477674],[73.834514,18.4770999],[73.8346466,18.4768374],[73.8348362,18.476515],[73.8349807,18.476302],[73.835239,18.4759759],[73.8354325,18.4756721],[73.8355525,18.4753351],[73.8359326,18.4752283],[73.836275,18.4751769],[73.836947,18.4752947],[73.8375722,18.4753601],[73.8381025,18.4753185],[73.8384493,18.4751937],[73.8386553,18.4749277],[73.8385382,18.4745183],[73.8382497,18.4735699],[73.8375142,18.4729087],[73.8371152,18.4731549],[73.8366777,18.4733601],[73.836221,18.4734331],[73.8359566,18.4734103],[73.8339086,18.4729634],[73.8334375,18.4729178],[73.8312356,18.4732598],[73.8311972,18.4731048],[73.8290627,18.4738526],[73.8288175,18.4738928],[73.8285964,18.4738609],[73.8283704,18.4739293],[73.8281685,18.4735919]]]]}},
{"type":"Feature","properties":{"osm_id":"151709723","code":7201,"fclass":"forest","name":""},"geometry":{"type":"MultiPolygon","coordinates":[[[[73.994872,18.4238228],[73.9954302,18.4225408],[73.9980697,18.4201286],[74.0020287,18.4195333],[74.001943,18.4186033],[74.0035522,18.4159895],[74.004267,18.4161088],[74.0135108,18.4172332],[74.0160501,18.4160681],[74.0167087,18.4191723],[74.017356,18.4203011],[74.0172612,18.4210995],[74.0173962,18.4218958],[74.0175123,18.4225602],[74.0178064,18.4231775],[74.0180929,18.4235981],[74.0185259,18.4236455],[74.0186155,18.4222882],[74.0188263,18.4216424],[74.0192049,18.4212873],[74.0225527,18.42231],[74.0237464,18.4231033],[74.0251801,18.4234389],[74.0261973,18.4236576],[74.0267274,18.4238178],[74.0277649,18.423389],[74.0282729,18.4229608],[74.0288775,18.4225123],[74.029677,18.4220326],[74.0296665,18.4206011],[74.0293823,18.4201379],[74.0294414,18.4194152],[74.0299029,18.4185702],[74.0303969,18.4183258],[74.030764,18.4177608],[74.0313093,18.4174758],[74.0318525,18.41743],[74.0323277,18.4174707],[74.0328883,18.4171862],[74.0324838,18.4161482],[74.031031,18.4161488],[74.0303999,18.4162517],[74.0300937,18.4167509],[74.0286423,18.4167716],[74.0281242,18.41723],[74.0278928,18.4174648],[74.0275158,18.4174151],[74.0272338,18.4172243],[74.0266376,18.4170768],[74.0260676,18.417026],[74.0256033,18.4168837],[74.0254631,18.4164163],[74.0254616,18.4157258],[74.0251114,18.4149794],[74.0249095,18.4147639],[74.0237785,18.414814],[74.0234223,18.4148339],[74.0229545,18.4149915],[74.0223504,18.4149278],[74.0222898,18.4144429],[74.0222541,18.4140682],[74.0225796,18.4137536],[74.0239029,18.4136527],[74.0246049,18.4136088],[74.0244013,18.4130396],[74.0239832,18.4128726],[74.0233508,18.4127828],[74.0230623,18.4120789],[74.0223404,18.4117605],[74.022227,18.4114697],[74.022208,18.4109123],[74.0227548,18.4104956],[74.023307,18.4102417],[74.0240037,18.4100292],[74.0244101,18.4098485],[74.0246542,18.4091513],[74.0245951,18.4078178],[74.0250994,18.4076246],[74.0258718,18.4078388],[74.0261721,18.4084707],[74.0263113,18.4090118],[74.0268795,18.4095544],[74.0277583,18.4101307],[74.0279818,18.4098785],[74.0288793,18.4091908],[74.0293654,18.4095461],[74.029415,18.4102667],[74.0294485,18.4109874],[74.0293317,18.4116622],[74.0299055,18.4124325],[74.0299497,18.4125619],[74.0299074,18.4133697],[74.032032,18.4143233],[74.0333035,18.4145813],[74.0340627,18.4145219],[74.0350471,18.4140961],[74.0355274,18.4138092],[74.0358427,18.4135741],[74.0365743,18.4136958],[74.0371011,18.4140773],[74.0376487,18.4146039],[74.0386629,18.4145975],[74.039819,18.4144823],[74.0404173,18.4141941],[74.0413696,18.4143686],[74.041944,18.4145976],[74.0425229,18.4142413],[74.042669,18.4135746],[74.0427773,18.4133659],[74.0430936,18.4135568],[74.0434313,18.413544],[74.0435987,18.4128416],[74.0440485,18.4122592],[74.0446936,18.4117422],[74.0452183,18.4114143],[74.0461565,18.4113369],[74.0464272,18.4112168],[74.046541,18.4110243],[74.0460991,18.4107856],[74.045052,18.4105492],[74.0449323,18.4104774],[74.0447698,18.4097744],[74.0427925,18.4092948],[74.0408382,18.4095213],[74.0404826,18.4093508],[74.0403506,18.4089691],[74.0403012,18.4083177],[74.041149,18.4068728],[74.0409991,18.4063847],[74.0407315,18.4057751],[74.0403249,18.4058996],[74.0395226,18.4060264],[74.0384436,18.4061477],[74.0378842,18.4057795],[74.037652,18.4054214],[74.0476813,18.4061868],[74.0544738,18.4095993],[74.0572768,18.4093227],[74.0596214,18.4092245],[74.0614939,18.4085155],[74.0632648,18.4073826],[74.0638263,18.4077684],[74.0642162,18.4092128],[74.0651677,18.4085184],[74.0654827,18.4076997],[74.0652114,18.4066324],[74.0645402,18.4060043],[74.0641848,18.4051554],[74.0636886,18.4034983],[74.062353,18.40165],[74.0602395,18.4017812],[74.0596603,18.4013513],[74.0600899,18.400288],[74.0611637,18.3999531],[74.0632682,18.3996497],[74.0653316,18.3996537],[74.0668745,18.3997229],[74.0674948,18.399446],[74.0666754,18.3989737],[74.0654656,18.3986805],[74.0630891,18.3980941],[74.0601386,18.3973287],[74.0602027,18.3967751],[74.061318,18.3963602],[74.063849,18.3960191],[74.0630797,18.3948865],[74.061495,18.3947313],[74.0565231,18.3946244],[74.0548343,18.3937845],[74.05335,18.3927512],[74.0530329,18.3921644],[74.0520978,18.3912813],[74.0519993,18.3897714],[74.0527226,18.3891386],[74.0535746,18.3893203],[74.0562177,18.3888521],[74.0579419,18.3885674],[74.0597596,18.3888125],[74.0579156,18.3872635],[74.0559422,18.3858781],[74.0544835,18.3845949],[74.0568227,18.3812143],[74.0560316,18.3775665],[74.0598138,18.3769908],[74.0625846,18.3765705],[74.0646688,18.3775349],[74.0645028,18.3809299],[74.0668427,18.3834323],[74.0678957,18.3858895],[74.0709871,18.3836431],[74.0712462,18.3812133],[74.0714401,18.3793264],[74.0734253,18.3783015],[74.0750187,18.3789294],[74.0750891,18.3807183],[74.0758462,18.3814892],[74.0765021,18.3817276],[74.0768055,18.3792011],[74.077837,18.3770622],[74.0816151,18.3775705],[74.0804624,18.3821289],[74.0785433,18.3838335],[74.0766827,18.385996],[74.0749678,18.3889872],[74.0738575,18.390334],[74.0734029,18.3919637],[74.0736572,18.3929768],[74.0737199,18.3937684],[74.0740196,18.3943067],[74.0744376,18.3945249],[74.0746895,18.3943999],[74.0748477,18.39392],[74.0753023,18.3933339],[74.0757568,18.3929921],[74.0761796,18.3924731],[74.0766819,18.3914757],[74.0781974,18.3904184],[74.0792748,18.3889997],[74.0812641,18.3885379],[74.0845348,18.3879197],[74.0855614,18.3867039],[74.0871212,18.3855956],[74.0880108,18.3862325],[74.088085,18.3852303],[74.088212,18.3838163],[74.0889479,18.3829498],[74.0888868,18.3812235],[74.0890187,18.3797008],[74.0889242,18.3774689],[74.0905376,18.3777497],[74.091211,18.3775884],[74.0914659,18.3782213],[74.0916565,18.3789255],[74.0927407,18.378932],[74.0930638,18.3785988],[74.0929469,18.3782249],[74.0936073,18.3773049],[74.0929827,18.377018],[74.0924343,18.3749501],[74.0926429,18.3743031],[74.0956762,18.3735724],[74.0961858,18.3726753],[74.096356,18.372372],[74.096342,18.3703977],[74.096337,18.369704],[74.0963328,18.369109],[74.095741,18.3689514],[74.0951091,18.3687523],[74.0947562,18.3682477],[74.0947058,18.3671238],[74.0947037,18.3670761],[74.0954821,18.3655739],[74.092835,18.3635194],[74.0921008,18.3613435],[74.0915836,18.3590744],[74.0942431,18.3577972],[74.0952189,18.3601829],[74.0983783,18.3602047],[74.0994215,18.3611219],[74.0995635,18.3629148],[74.1007452,18.3675337],[74.1000201,18.3701379],[74.0994935,18.3713268],[74.1013009,18.3721147],[74.1051014,18.3739443],[74.1061124,18.3744809],[74.1046516,18.3768594],[74.1017747,18.3790649],[74.1019141,18.3792074],[74.1021609,18.3796248],[74.1022039,18.3801238],[74.1024077,18.3809078],[74.1018444,18.3825419],[74.1009593,18.3843694],[74.1016513,18.3858762],[74.1013348,18.3861206],[74.1009915,18.3864362],[74.100396,18.3865482],[74.1002781,18.3868027],[74.1003155,18.387607],[74.1002834,18.3882383],[74.1014421,18.3883502],[74.1009163,18.3899791],[74.098481,18.3901726],[74.0985883,18.391262],[74.098072,18.3925091],[74.0963754,18.3915369],[74.0953213,18.3927687],[74.0945005,18.3924429],[74.0926122,18.3917303],[74.0902626,18.3905289],[74.0901526,18.3907605],[74.0901071,18.3911957],[74.090209,18.3918015],[74.0911317,18.3921884],[74.0951142,18.395033],[74.0965004,18.3961061],[74.0960755,18.3965013],[74.0953544,18.3967013],[74.0947507,18.396539],[74.0942342,18.3965922],[74.0929807,18.3960685],[74.0921905,18.395123],[74.0912108,18.3945961],[74.0899381,18.3937053],[74.0889591,18.393797],[74.0888893,18.39453],[74.0895867,18.3954972],[74.0890642,18.3961447],[74.0888206,18.3970977],[74.0875181,18.397273],[74.0876166,18.3966463],[74.0872773,18.3964516],[74.0867919,18.3956753],[74.0859282,18.3949372],[74.0840828,18.3936952],[74.0821409,18.3941737],[74.0809822,18.3946216],[74.0808213,18.3950594],[74.0815079,18.3954462],[74.0842974,18.3966883],[74.0846944,18.3967825],[74.0844369,18.3975689],[74.0835356,18.397859],[74.0824547,18.3979914],[74.0818888,18.3979609],[74.081864,18.3983444],[74.0821769,18.398514],[74.0819642,18.3985412],[74.0809057,18.3987075],[74.0799387,18.3986499],[74.0794158,18.3989433],[74.0793729,18.3991825],[74.0797054,18.3992537],[74.0806925,18.3991926],[74.0823233,18.399834],[74.084178,18.4006385],[74.0859362,18.4015855],[74.086175,18.4017276],[74.0792865,18.4025198],[74.0793073,18.402803],[74.0802932,18.4035934],[74.080677,18.4040136],[74.0799426,18.4060349],[74.079611,18.4073899],[74.0804498,18.4079215],[74.0802608,18.4093715],[74.0783376,18.4099099],[74.0776672,18.4092765],[74.0775064,18.4084168],[74.0770238,18.4078375],[74.0757599,18.4076174],[74.0747643,18.4074366],[74.0735498,18.4073838],[74.0725622,18.4071364],[74.071993,18.4071945],[74.0717559,18.4074938],[74.0715499,18.4077769],[74.0720799,18.4084275],[74.0732966,18.4087116],[74.074245,18.409653],[74.0742536,18.4117904],[74.0741222,18.4125273],[74.0743554,18.4132642],[74.0748864,18.4135369],[74.075562,18.4128607],[74.0767631,18.4126484],[74.0780281,18.4130076],[74.0778199,18.4144856],[74.078116,18.414793],[74.0784079,18.4147359],[74.0792919,18.4137667],[74.0804035,18.4128011],[74.0822832,18.4127633],[74.0834514,18.4140768],[74.0834748,18.4153601],[74.0829822,18.4159101],[74.0825857,18.4164599],[74.0827201,18.4168876],[74.0830448,18.4172133],[74.0834968,18.4172541],[74.0844208,18.4164805],[74.0853903,18.4161968],[74.0870932,18.4158737],[74.0895119,18.415431],[74.0884968,18.4148918],[74.0879141,18.4135432],[74.0888244,18.4119833],[74.0907218,18.4107084],[74.0919804,18.410892],[74.0921806,18.41247],[74.0941475,18.4115488],[74.0969888,18.411461],[74.0975543,18.4096838],[74.0983949,18.4089784],[74.0993945,18.4087479],[74.100008,18.4094132],[74.0998943,18.4114372],[74.1025517,18.4114013],[74.107412,18.4078599],[74.1081376,18.4083665],[74.1078674,18.4095462],[74.1071529,18.4108486],[74.1075467,18.4116525],[74.1094173,18.4119119],[74.112037,18.4110542],[74.1134649,18.4107984],[74.1146352,18.4109702],[74.1155499,18.4092348],[74.1148902,18.4025065],[74.1143574,18.4010118],[74.114724,18.3998674],[74.117848,18.3992219],[74.1230874,18.3976833],[74.1231671,18.3976599],[74.1243664,18.4007707],[74.1253379,18.4038975],[74.1232577,18.404328],[74.1216292,18.4046393],[74.1204966,18.40516],[74.122673,18.4066696],[74.1228172,18.4074555],[74.1231781,18.4087314],[74.1218437,18.4090911],[74.1221363,18.410686],[74.1237298,18.4105165],[74.1242562,18.4122338],[74.1249871,18.4121463],[74.127617,18.4113157],[74.1297427,18.4106072],[74.1315182,18.4097639],[74.131333,18.4087212],[74.1331609,18.4075891],[74.1365103,18.4084991],[74.1372945,18.4111325],[74.1367269,18.4191612],[74.1364621,18.4201036],[74.1419219,18.4224533],[74.1419649,18.4252118],[74.1416001,18.4252321],[74.1404307,18.4254255],[74.1394114,18.4253746],[74.1384566,18.4252118],[74.136976,18.4251507],[74.1352165,18.4250896],[74.1341436,18.4253339],[74.1330063,18.4254153],[74.1316974,18.4255477],[74.1306567,18.4257614],[74.1302597,18.4260973],[74.129852,18.4264739],[74.1291332,18.4270948],[74.1272771,18.4280516],[74.1268802,18.4280618],[74.1258931,18.4280618],[74.1250348,18.4279397],[74.1250133,18.4269625],[74.1249597,18.4266266],[74.1249061,18.4261177],[74.1246593,18.42568],[74.1246164,18.4254052],[74.1237044,18.4248962],[74.1233611,18.424886],[74.1231143,18.4244585],[74.1228568,18.4240819],[74.1229749,18.4232269],[74.1236508,18.4225042],[74.123683,18.4223108],[74.1239083,18.4220868],[74.1244018,18.4220156],[74.1246378,18.4219647],[74.1247022,18.4216898],[74.1244876,18.4215677],[74.1241443,18.4213946],[74.1236722,18.4211605],[74.1231251,18.4208959],[74.1226959,18.4206312],[74.1225243,18.4208552],[74.122256,18.4211504],[74.1215265,18.4213845],[74.12099,18.4213845],[74.1205394,18.4210995],[74.1201746,18.4211504],[74.1195631,18.4210486],[74.1193485,18.4206414],[74.1188443,18.4206719],[74.1184044,18.42056],[74.117986,18.4206719],[74.1171813,18.4207126],[74.117192,18.4210689],[74.1173744,18.4226568],[74.1173422,18.4234406],[74.11731,18.4238681],[74.1171706,18.4242448],[74.1165161,18.4247639],[74.1159367,18.4248148],[74.1152179,18.4245908],[74.1148853,18.4242448],[74.1144025,18.4238987],[74.1137802,18.4237053],[74.1134262,18.4236137],[74.1130507,18.4230131],[74.1127717,18.422209],[74.1124177,18.4218832],[74.1122353,18.4220766],[74.1117203,18.4225449],[74.1116345,18.4231353],[74.1115701,18.4236442],[74.1112804,18.4240921],[74.1110015,18.4245094],[74.1105187,18.4252423],[74.1104221,18.4256596],[74.1099822,18.4257818],[74.1096926,18.4257207],[74.1095316,18.4254052],[74.1092741,18.4248148],[74.1090917,18.4241633],[74.1088879,18.4234813],[74.1088343,18.4229215],[74.1086948,18.4226874],[74.1084373,18.4220665],[74.1084158,18.421303],[74.1082656,18.421018],[74.1079759,18.4206923],[74.1080189,18.4202648],[74.108094,18.4199085],[74.1078901,18.4199492],[74.1074824,18.419939],[74.1076004,18.4202749],[74.1077721,18.4212521],[74.1078257,18.4218018],[74.1076541,18.4224126],[74.1076004,18.4232167],[74.1075146,18.4235933],[74.107064,18.4240921],[74.1066885,18.4246926],[74.1057873,18.4253339],[74.1053688,18.4253237],[74.104414,18.4246926],[74.1036737,18.4244076],[74.1029334,18.4239598],[74.1025579,18.4233999],[74.1025257,18.4226568],[74.1029012,18.4222192],[74.1034591,18.4217306],[74.1035771,18.4210893],[74.1031051,18.4212623],[74.1028476,18.4215066],[74.1024506,18.4218527],[74.1022146,18.4220257],[74.1018927,18.4220563],[74.1011953,18.4217204],[74.1008735,18.421527],[74.1007018,18.4212216],[74.1006911,18.4207839],[74.1005194,18.4202851],[74.1000152,18.4203258],[74.1000044,18.4209671],[74.099704,18.4213336],[74.099535,18.4213686],[74.0993607,18.4214048],[74.0989423,18.4213132],[74.0987277,18.4210486],[74.0982342,18.4209773],[74.097687,18.4206618],[74.0970755,18.4203767],[74.0962171,18.4203258],[74.0960777,18.4205192],[74.0963352,18.4207839],[74.0971076,18.4212012],[74.0973437,18.4212623],[74.0978265,18.4216389],[74.0982127,18.4221988],[74.0986526,18.4223413],[74.1002726,18.422494],[74.1005194,18.423064],[74.0987384,18.4234457],[74.0985775,18.4234712],[74.0987867,18.4239801],[74.0992105,18.4244789],[74.0993071,18.4248046],[74.0996504,18.4251201],[74.0997952,18.4256444],[74.1001332,18.4263976],[74.1002083,18.4272781],[74.0996504,18.4274816],[74.0986097,18.4275936],[74.0979016,18.427502],[74.0970647,18.42739],[74.0966356,18.4273086],[74.0959918,18.4272272],[74.0950007,18.4268386],[74.0949665,18.4273215],[74.0953696,18.4274206],[74.0957129,18.4278073],[74.096185,18.4284486],[74.0955949,18.4288252],[74.0957987,18.4289982],[74.0960991,18.429324],[74.0962708,18.4295479],[74.0968287,18.4294156],[74.0976548,18.4294054],[74.0980947,18.4296395],[74.0987706,18.4300263],[74.099468,18.4306472],[74.0994036,18.4314513],[74.099468,18.4316956],[74.0997684,18.4319398],[74.0999937,18.4321129],[74.1002619,18.432408],[74.1005731,18.4326116],[74.1014314,18.4323368],[74.101764,18.4321027],[74.1023219,18.4320009],[74.1028047,18.4318482],[74.1032016,18.4319093],[74.1036844,18.4321841],[74.1041565,18.4327338],[74.1045749,18.4336396],[74.1046929,18.4340977],[74.1049933,18.4343928],[74.106152,18.4349221],[74.1066992,18.4353903],[74.1068602,18.4357873],[74.1068387,18.4365201],[74.1057658,18.4370086],[74.1053581,18.4373649],[74.1048968,18.4375379],[74.1044354,18.4378025],[74.1034055,18.438057],[74.1027832,18.4383725],[74.1025472,18.4385455],[74.1020644,18.4386066],[74.101603,18.4386473],[74.1010558,18.4385964],[74.1005087,18.4383827],[74.0996182,18.4379552],[74.0992534,18.4374768],[74.0983844,18.4370493],[74.0975904,18.4369069],[74.0969682,18.4366524],[74.0967643,18.436113],[74.0966999,18.4355328],[74.0955305,18.4354717],[74.0947044,18.4352478],[74.0942967,18.4349933],[74.0941787,18.4343114],[74.0936208,18.4340569],[74.0931916,18.4334361],[74.0929341,18.4330391],[74.0926337,18.4329679],[74.0923655,18.4333343],[74.0919256,18.4338941],[74.0913999,18.4340061],[74.090091,18.4340977],[74.0890503,18.4341282],[74.0887391,18.433945],[74.0887499,18.4333852],[74.0888357,18.4327745],[74.0891898,18.4323368],[74.0893614,18.4319907],[74.0892595,18.4315327],[74.0893453,18.4311256],[74.089399,18.4305352],[74.0894526,18.429955],[74.0888465,18.4296853],[74.0885568,18.429609],[74.0881812,18.4295225],[74.0876984,18.4294613],[74.0873873,18.4294563],[74.0871335,18.4294255],[74.0867328,18.4294156],[74.086073,18.4301637],[74.0854668,18.4301942],[74.0847909,18.4301688],[74.0842652,18.4306777],[74.0836859,18.4312782],[74.0835357,18.4316447],[74.0831816,18.4331104],[74.0831816,18.4333572],[74.0831816,18.4337821],[74.0832245,18.434291],[74.0830958,18.4350137],[74.0827632,18.4353903],[74.0821087,18.4356448],[74.0815186,18.435431],[74.0811968,18.4351664],[74.080596,18.4347491],[74.0802419,18.4342809],[74.0797377,18.4337109],[74.0794909,18.4333139],[74.0794372,18.4327338],[74.0791154,18.4327134],[74.0789974,18.4324895],[74.0790188,18.4322147],[74.0791476,18.4320518],[74.0793621,18.4318482],[74.0796304,18.4315022],[74.0797484,18.4309322],[74.0798235,18.4307591],[74.0801346,18.4300365],[74.0801883,18.4295581],[74.0807569,18.4290695],[74.0811968,18.4284486],[74.0814114,18.4279091],[74.0813792,18.4274918],[74.0810037,18.4271559],[74.0807783,18.4274104],[74.0803814,18.4275427],[74.0799737,18.4274714],[74.079684,18.4272781],[74.0792334,18.426932],[74.0789437,18.4267691],[74.0786433,18.4270439],[74.0784609,18.4277564],[74.0782678,18.4281331],[74.0779996,18.4284893],[74.0775812,18.4287845],[74.077034,18.4287438],[74.0767014,18.4284282],[74.0765512,18.428072],[74.0760362,18.4278684],[74.0755427,18.4280313],[74.0751672,18.4284079],[74.074974,18.4286522],[74.074738,18.4289474],[74.0742552,18.4286725],[74.0738583,18.4282552],[74.0736222,18.4278073],[74.0736544,18.4272373],[74.0736437,18.4266877],[74.0735578,18.4263721],[74.0728068,18.4260668],[74.0722597,18.4264129],[74.0720773,18.4265045],[74.0714764,18.4266571],[74.0708542,18.426647],[74.0702104,18.4265554],[74.0696847,18.4261991],[74.0693736,18.4259955],[74.0690732,18.425965],[74.0690088,18.4266979],[74.0681183,18.4262296],[74.0681934,18.4254968],[74.0674639,18.425283],[74.0670991,18.4254255],[74.0666592,18.425568],[74.0657151,18.4256698],[74.0650499,18.4256291],[74.0643954,18.4253644],[74.0640521,18.4250387],[74.0640092,18.424713],[74.0638697,18.4243974],[74.0631831,18.4242957],[74.0624213,18.4243058],[74.0618527,18.4245298],[74.0615201,18.4248453],[74.0612948,18.4252932],[74.0611553,18.4255273],[74.0604365,18.4259345],[74.0600395,18.4260464],[74.0591383,18.4261686],[74.0581083,18.426138],[74.057486,18.4259243],[74.057014,18.4255782],[74.0565848,18.4253237],[74.0556407,18.4247334],[74.0548253,18.4248453],[74.0541816,18.4250285],[74.0539455,18.4249573],[74.0536559,18.423461],[74.0533233,18.4230844],[74.053216,18.4228604],[74.0531087,18.4222802],[74.0532482,18.4215372],[74.0532589,18.421242],[74.0533018,18.4205905],[74.0526903,18.4202139],[74.0523577,18.4203767],[74.052068,18.4202648],[74.0517354,18.419939],[74.0516817,18.4195624],[74.0510487,18.4197762],[74.0507698,18.4201121],[74.0508127,18.4204684],[74.0511453,18.4207534],[74.0514564,18.4211504],[74.0515423,18.4216084],[74.0514135,18.4219036],[74.0511453,18.4219545],[74.050802,18.4218832],[74.050641,18.4217916],[74.0501475,18.4210282],[74.0492678,18.4211809],[74.0488064,18.4211198],[74.0485704,18.4210587],[74.0477935,18.4205973],[74.047476,18.4211962],[74.0475243,18.421644],[74.047519,18.4219443],[74.0475029,18.4221479],[74.0474814,18.4223006],[74.0469772,18.4225042],[74.0467787,18.4226976],[74.0466982,18.4229724],[74.0466928,18.423064],[74.0466392,18.423405],[74.0466392,18.4239089],[74.0464675,18.4244229],[74.0462208,18.4247792],[74.0459257,18.4248402],[74.0454966,18.4249166],[74.0450513,18.4249827],[74.0447241,18.4251354],[74.0446329,18.4254102],[74.044885,18.4254459],[74.0452927,18.4257258],[74.0457809,18.4257309],[74.0461403,18.4258327],[74.0463495,18.4260261],[74.0465856,18.4263823],[74.0466607,18.4264637],[74.0474975,18.4268302],[74.0477121,18.4273289],[74.0478623,18.4274613],[74.0486777,18.427502],[74.049418,18.4279091],[74.0495574,18.4284384],[74.0497935,18.4288557],[74.0506732,18.4297209],[74.0510702,18.4300772],[74.0511238,18.4303622],[74.0511775,18.4305657],[74.0512526,18.4311052],[74.0507698,18.4318991],[74.0509522,18.4321129],[74.0518105,18.4322452],[74.0513706,18.4334157],[74.0504801,18.4332936],[74.0504157,18.4337312],[74.0504587,18.4343725],[74.0510273,18.4344335],[74.0509093,18.4350951],[74.0504843,18.4353532],[74.0507333,18.4364397],[74.0512526,18.4364488],[74.051435,18.4362249],[74.0514886,18.4357873],[74.0521645,18.4351766],[74.0527761,18.4352783],[74.0535056,18.4362046],[74.0550613,18.4363878],[74.0550291,18.4369272],[74.0548575,18.437202],[74.0543532,18.4373649],[74.0534735,18.4372326],[74.0526688,18.4372936],[74.0514886,18.4372326],[74.0512848,18.4375277],[74.0510114,18.4376533],[74.0503537,18.4384148],[74.0495896,18.4388203],[74.0497827,18.4400824],[74.0499113,18.4414484],[74.0517453,18.4438176],[74.0516174,18.4444182],[74.0511346,18.4446421],[74.050641,18.4450594],[74.0495896,18.4462501],[74.0454268,18.4481228],[74.0443432,18.4493645],[74.043678,18.4495884],[74.0431738,18.4489879],[74.0418649,18.4487945],[74.0405656,18.4487216],[74.0392363,18.4497614],[74.0395689,18.4508096],[74.0393007,18.4508911],[74.039526,18.4515526],[74.040041,18.4512982],[74.0400624,18.4514712],[74.0404165,18.4514406],[74.0407491,18.4506773],[74.0410387,18.4503008],[74.0413284,18.4506468],[74.0412855,18.4512371],[74.0416181,18.4515119],[74.042412,18.4513592],[74.0425515,18.4519393],[74.041425,18.4522854],[74.0416892,18.4531084],[74.0427902,18.4530199],[74.0430504,18.453125],[74.0441769,18.4531402],[74.0444452,18.4539341],[74.0440214,18.4539646],[74.0440375,18.4541783],[74.0445954,18.4541376],[74.0447348,18.4545396],[74.0447938,18.4545396],[74.0450889,18.4545091],[74.0450942,18.4547279],[74.0436405,18.4547075],[74.0436029,18.4551807],[74.0436459,18.455308],[74.0446812,18.455308],[74.0447456,18.456],[74.0448207,18.4560204],[74.0450084,18.4560254],[74.0452874,18.4561628],[74.0457809,18.4563918],[74.0463281,18.4567022],[74.0464246,18.4571805],[74.0467143,18.4573128],[74.046607,18.4580303],[74.0462261,18.4589564],[74.0461457,18.4592719],[74.0462798,18.4595619],[74.0463495,18.4598367],[74.0469503,18.4600555],[74.0469021,18.4603303],[74.0464568,18.4603506],[74.0462583,18.4602845],[74.0458238,18.4602234],[74.0454966,18.4601674],[74.0447295,18.4601674],[74.0446007,18.4599486],[74.0448207,18.4595263],[74.0449065,18.4594907],[74.0450191,18.459221],[74.0447456,18.4588394],[74.0442842,18.4587579],[74.0436137,18.4586867],[74.0433991,18.4587732],[74.0434152,18.4597247],[74.0428948,18.459684],[74.0419024,18.4594958],[74.0404433,18.4590531],[74.0395099,18.458473],[74.0389842,18.4590225],[74.038834,18.4581321],[74.0384155,18.457898],[74.0384102,18.4582135],[74.0379113,18.4582949],[74.037804,18.4579998],[74.0376002,18.4566462],[74.0375787,18.4561781],[74.037466,18.4559746],[74.0372193,18.4559593],[74.036994,18.456229],[74.0363342,18.4562951],[74.0361679,18.4562442],[74.0359908,18.4561527],[74.0358996,18.4558982],[74.0358943,18.4554911],[74.0358889,18.4550841],[74.0358192,18.4547075],[74.0358353,18.4540969],[74.0358353,18.45399],[74.035626,18.4538221],[74.0352398,18.4541579],[74.0338504,18.4539748],[74.0338719,18.4532267],[74.0339416,18.4529723],[74.0340838,18.4528095],[74.0344781,18.4525143],[74.034757,18.4523668],[74.0348911,18.4521174],[74.0346873,18.451807],[74.0340596,18.4514203],[74.0337056,18.451059],[74.0337247,18.4505844],[74.0327408,18.4500586],[74.027337,18.4459023],[74.0271534,18.4457147],[74.0269692,18.4462311],[74.0264644,18.4469014],[74.0261515,18.4483857],[74.0253843,18.44874],[74.02386,18.4490656],[74.0217805,18.4505307],[74.0207509,18.4513829],[74.017238,18.4526373],[74.0168342,18.4525799],[74.0165818,18.4514978],[74.0163295,18.4511148],[74.0160973,18.4504636],[74.01639,18.4495061],[74.0174702,18.4490273],[74.017773,18.449305],[74.0175812,18.4496018],[74.0175307,18.4502338],[74.0176519,18.4507413],[74.0182979,18.4509041],[74.0197515,18.4499083],[74.0204682,18.4495444],[74.020872,18.44874],[74.0210638,18.4480027],[74.0210941,18.4473324],[74.0212934,18.4462835],[74.0214451,18.445963],[74.021645,18.4456556],[74.0218933,18.4454397],[74.0222932,18.4451062],[74.0221622,18.4441316],[74.0218795,18.4432552],[74.0208384,18.4423853],[74.0205833,18.4420648],[74.0202592,18.4417705],[74.0196663,18.44145],[74.0195008,18.4410968],[74.0192319,18.4403577],[74.0197214,18.4397363],[74.0185907,18.439128],[74.0184459,18.4391149],[74.0180943,18.4393308],[74.017784,18.439612],[74.017584,18.4404362],[74.0172048,18.4412211],[74.0170945,18.4415088],[74.0172117,18.4420583],[74.0181149,18.4426665],[74.0189009,18.4432356],[74.0190113,18.4438373],[74.0187493,18.4445502],[74.0180391,18.4446941],[74.0176323,18.4448184],[74.0172531,18.4450081],[74.016736,18.4454855],[74.0162947,18.44612],[74.0158259,18.4468067],[74.0153433,18.4465778],[74.0141436,18.4465058],[74.0142746,18.4460873],[74.01464,18.4452893],[74.0151226,18.4446026],[74.0147365,18.4446876],[74.0144125,18.4447399],[74.0137299,18.4447072],[74.0133783,18.4448773],[74.0128818,18.4448707],[74.0121441,18.4447334],[74.0117649,18.4443344],[74.0114133,18.4439747],[74.0109306,18.4442625],[74.0106686,18.4443606],[74.0103928,18.4447988],[74.0099033,18.4455836],[74.0096827,18.4461527],[74.0093173,18.4476308],[74.0094651,18.4484919],[74.0094495,18.4489611],[74.0094414,18.4493771],[74.0092759,18.4497041],[74.009007,18.4501031],[74.0086416,18.4503647],[74.0077522,18.4506198],[74.0071041,18.4507309],[74.0064559,18.4507898],[74.0057872,18.450816],[74.0052287,18.4507506],[74.0048219,18.4504563],[74.0045201,18.4499228],[74.0042196,18.4492482],[74.0042688,18.4487595],[74.0040901,18.4486788],[74.0034567,18.448396],[74.0025328,18.4482849],[74.0013883,18.4479775],[74.0013263,18.4473627],[74.0015472,18.4470498],[74.0018434,18.4466301],[74.0025811,18.4449819],[74.0026845,18.4443998],[74.0028017,18.4439943],[74.0030982,18.4436215],[74.0038911,18.4435561],[74.0051115,18.4433533],[74.0058009,18.4432225],[74.0062905,18.4430982],[74.0068558,18.4428824],[74.0073247,18.4425488],[74.0075039,18.4421237],[74.0076143,18.441777],[74.0082072,18.4414631],[74.0087657,18.441208],[74.0088484,18.4409464],[74.0089174,18.4406259],[74.0089243,18.4402138],[74.009007,18.4398606],[74.0085933,18.4397167],[74.0081176,18.4397429],[74.0075384,18.4397036],[74.0069248,18.4395205],[74.0064077,18.4393308],[74.0061526,18.4393897],[74.0057665,18.439684],[74.0057113,18.4399456],[74.0057596,18.4401157],[74.005863,18.4403904],[74.0054424,18.4404558],[74.0049253,18.4404427],[74.0041048,18.440253],[74.0038153,18.4401091],[74.0035602,18.439841],[74.0038497,18.4394027],[74.0038773,18.4392523],[74.004029,18.4389187],[74.0040842,18.438487],[74.0040446,18.4382997],[74.003977,18.4382434],[74.0038917,18.438233],[74.0036084,18.4383431],[74.002981,18.4385459],[74.0026103,18.4389641],[74.0024639,18.4393373],[74.0019192,18.439527],[74.0016296,18.4394747],[74.0014021,18.4391149],[74.0017124,18.4387029],[74.0018572,18.4382777],[74.0017331,18.4378853],[74.0013814,18.4377021],[74.0006437,18.4376629],[73.9998439,18.4374797],[73.9993544,18.4372639],[73.9990441,18.4368126],[73.9989614,18.4359819],[73.9989338,18.4353801],[73.9987614,18.4343597],[73.9987407,18.4339869],[73.9990924,18.433686],[73.9996439,18.4333982],[73.9997887,18.4331562],[74.0000369,18.4328422],[74.0000507,18.4325283],[73.9999956,18.4321096],[73.9998508,18.4316452],[73.9998784,18.431207],[74.0001128,18.4308799],[74.0003403,18.4306117],[74.0009471,18.4304286],[74.0014435,18.430252],[74.0016434,18.4299118],[74.0018365,18.4294409],[74.0021192,18.4293101],[74.0025259,18.4292708],[74.0029465,18.4290746],[74.0034016,18.4288129],[74.0038153,18.4287672],[74.0042289,18.4286625],[74.0047993,18.4285002],[74.0041531,18.4268244],[74.0034931,18.4274197],[74.0032844,18.4276552],[74.0029121,18.4276944],[74.0024846,18.4275636],[74.0021278,18.4273829],[74.0018476,18.4251351],[74.0002699,18.4247441],[73.9980862,18.4253222],[73.9963292,18.4254484],[73.9952147,18.4250025],[73.994872,18.4238228]]]]}},
{"type":"Feature","properties":{"osm_id":"152330033","code":7203,"fclass":"residential","name":"Konark Campus Housing Society"},"geometry":{"type":"MultiPolygon","coordinates":[[[[73.9072293,18.5708022],[73.9110453,18.5704613],[73.9111311,18.5709342],[73.9097632,18.5712851],[73.9098182,18.571805],[73.9073729,18.5719014],[73.9072293,18.5708022]]]]}},
{"type":"Feature","properties":{"osm_id":"152330077","code":7203,"fclass":"residential","name":"Lunkad Queens Land"},"geometry":{"type":"MultiPolygon","coordinates":[[[[73.9098705,18.5683713],[73.910836,18.568351],[73.9109004,18.5695002],[73.9101172,18.5695358],[73.9100367,18.5686764],[73.909908,18.5686764],[73.9098705,18.5683713]]]]}},
{"type":"Feature","properties":{"osm_id":"152331477","code":7202,"fclass":"park","name":"Joggers Park"},"geometry":{"type":"MultiPolygon","coordinates":[[[[73.9154479,18.5659387],[73.9161807,18.5658956],[73.9168967,18.5658451],[73.916966,18.5662913],[73.9170262,18.5667663],[73.9155731,18.5669426],[73.9154479,18.5659387]]]]}},
{"type":"Feature","properties":{"osm_id":"152333025","code":7202,"fclass":"park","name":"Udaan Biodiversity Park"},"geometry":{"type":"MultiPolygon","coordinates":[[[[73.9097345,18.5655412],[73.9097395,18.5654035],[73.9097416,18.5653461],[73.9097447,18.5652615],[73.9097472,18.5651946],[73.9108282,18.5652302],[73.9108187,18.5654888],[73.9108155,18.5655769],[73.9107067,18.5655733],[73.9105278,18.5655674],[73.9098074,18.5655436],[73.9097345,18.5655412]]]]}},
{"type":"Feature","properties":{"osm_id":"152333026","code":7209,"fclass":"commercial","name":"HSBC GLT 1.0"},"geometry":{"type":"MultiPolygon","coordinates":[[[[73.8971839,18.5446368],[73.8971943,18.5446016],[73.8983316,18.5440676],[73.8983946,18.544985],[73.8980025,18.5450366],[73.8979778,18.5449115],[73.8972413,18.5450154],[73.8971839,18.5446368]]]]}},
{"type":"Feature","properties":{"osm_id":"152333169","code":7203,"fclass":"residential","name":"Raheja Woods"},"geometry":{"type":"MultiPolygon","coordinates":[[[[73.8972858,18.5453717],[73.8975969,18.5452954],[73.8975359,18.5449771],[73.8979759,18.5449136],[73.8980009,18.5450387],[73.8984504,18.5449905],[73.8985035,18.5455187],[73.8985247,18.5460333],[73.898523,18.5460976],[73.8986025,18.5467402],[73.8985594,18.5467494],[73.8985397,18.5467535],[73.8983292,18.5467983],[73.898132,18.5459519],[73.8974011,18.5460626],[73.8972858,18.5453717]]]]}},
{"type":"Feature","properties":{"osm_id":"154000899","code":7203,"fclass":"residential","name":"Kunal Icon"},"geometry":{"type":"MultiPolygon","coordinates":[[[[73.7898952,18.5918443],[73.7914403,18.5913544],[73.7918021,18.5926538],[73.7918481,18.5928192],[73.7920263,18.5934593],[73.792122,18.5938029],[73.7908979,18.5940417],[73.7908452,18.594052],[73.7898952,18.5918443]]]]}},
{"type":"Feature","properties":{"osm_id":"157291301","code":7203,"fclass":"residential","name":"Shree Krupa Shrusti Apartment"},"geometry":{"type":"MultiPolygon","coordinates":[[[[73.8475762,18.4419924],[73.8482735,18.4416871],[73.8481394,18.4413257],[73.8483808,18.441224],[73.8488819,18.442311],[73.8477371,18.4424148],[73.8475762,18.4419924]]]]}},
{"type":"Feature","properties":{"osm_id":"158148700","code":7202,"fclass":"park","name":"PCMC Garden"},"geometry":{"type":"MultiPolygon","coordinates":[[[[73.7865161,18.6002279],[73.7866659,18.6002153],[73.7865423,18.5993088],[73.7874238,18.5991464],[73.7874558,18.5991943],[73.7874543,18.6003066],[73.7865315,18.6003862],[73.7865161,18.6002279]]]]}},
{"type":"Feature","properties":{"osm_id":"158889476","code":7212,"fclass":"retail","name":"Inorbit Mall"},"geometry":{"type":"MultiPolygon","coordinates":[[[[73.919942,18.5610659],[73.9199634,18.5597538],[73.9206072,18.559469],[73.9207788,18.5599878],[73.9213045,18.5599674],[73.9213904,18.5607506],[73.9211833,18.5614223],[73.919942,18.5610659]]]]}},
{"type":"Feature","properties":{"osm_id":"159300650","code":7212,"fclass":"retail","name":""},"geometry":{"type":"MultiPolygon","coordinates":[[[[73.8155213,18.4636846],[73.8160015,18.463627],[73.8161134,18.4634978],[73.8162251,18.4624735],[73.8170904,18.4625451],[73.8171159,18.4626784],[73.8173143,18.4627083],[73.8172717,18.4633039],[73.8171943,18.4634211],[73.816835,18.4635126],[73.8164051,18.4635427],[73.816257,18.4636997],[73.8161075,18.4637],[73.8155681,18.4637912],[73.8155213,18.4636846]]]]}},
{"type":"Feature","properties":{"osm_id":"159480632","code":7204,"fclass":"industrial","name":"Gandhi Bhavan Industrial Estate"},"geometry":{"type":"MultiPolygon","coordinates":[[[[73.8023345,18.4962439],[73.8030339,18.4961951],[73.8031562,18.4968197],[73.8024632,18.4969113],[73.8023345,18.4962439]]]]}},
{"type":"Feature","properties":{"osm_id":"160386146","code":7203,"fclass":"residential","name":"Gururaj Society"},"geometry":{"type":"MultiPolygon","coordinates":[[[[73.8564443,18.4755436],[73.8565408,18.473539],[73.8567179,18.4735237],[73.8574903,18.4740122],[73.8574215,18.4741512],[73.8569539,18.4744904],[73.8569954,18.4745724],[73.8570397,18.4747652],[73.8573133,18.4752892],[73.8572382,18.4755742],[73.8564443,18.4755436]]]]}},
{"type":"Feature","properties":{"osm_id":"168415233","code":7203,"fclass":"residential","name":"Lunkad Sky Lounge"},"geometry":{"type":"MultiPolygon","coordinates":[[[[73.9038456,18.5432921],[73.9042847,18.5432914],[73.9042686,18.5436001],[73.9045803,18.5435882],[73.9046216,18.5452674],[73.9039651,18.5453387],[73.9038456,18.5432921]]]]}},
{"type":"Feature","properties":{"osm_id":"168423944","code":7212,"fclass":"retail","name":""},"geometry":{"type":"MultiPolygon","coordinates":[[[[73.8972994,18.5373781],[73.8977646,18.5373718],[73.8977665,18.5374947],[73.8973012,18.537501],[73.8972994,18.5373781]]]]}},
{"type":"Feature","properties":{"osm_id":"168423947","code":7212,"fclass":"retail","name":"Kumar Pacific Mall"},"geometry":{"type":"MultiPolygon","coordinates":[[[[73.8717976,18.5016994],[73.8718166,18.5015242],[73.8719148,18.5009738],[73.8719808,18.5008251],[73.8720878,18.5007223],[73.8722065,18.5006556],[73.872334,18.5006125],[73.872419,18.5006139],[73.8725245,18.5006097],[73.8728851,18.5005444],[73.8728761,18.5017205],[73.8717976,18.5016994]]]]}},
{"type":"Feature","properties":{"osm_id":"169258216","code":7209,"fclass":"commercial","name":"Cerebrum IT Park"},"geometry":{"type":"MultiPolygon","coordinates":[[[[73.9092248,18.5442319],[73.9096829,18.5441771],[73.9116763,18.5439017],[73.9117782,18.5449033],[73.9093952,18.5453504],[73.9092248,18.5442319]]]]}},
{"type":"Feature","properties":{"osm_id":"171853456","code":7209,"fclass":"commercial","name":"Mashal"},"geometry":{"type":"MultiPolygon","coordinates":[[[[73.83039,18.537446],[73.8304008,18.5373258],[73.8304936,18.5373463],[73.8304751,18.5374548],[73.83039,18.537446]]]]}},
{"type":"Feature","properties":{"osm_id":"172105793","code":7203,"fclass":"residential","name":"Shankar Maharaj Vasahat"},"geometry":{"type":"MultiPolygon","coordinates":[[[[73.8551281,18.4705859],[73.8551361,18.4704342],[73.8551763,18.4704003],[73.8552607,18.4701634],[73.8553328,18.4699239],[73.8557199,18.4699725],[73.8559307,18.4700141],[73.8560289,18.4700052],[73.8560299,18.4702573],[73.8560306,18.4704201],[73.8560343,18.4713245],[73.8560432,18.4715529],[73.8560477,18.4716578],[73.8560361,18.4717722],[73.8558564,18.471802],[73.8555671,18.4718089],[73.8552757,18.4718115],[73.8552143,18.4718167],[73.8552051,18.4711031],[73.8551984,18.4705899],[73.8551281,18.4705859]]]]}},
{"type":"Feature","properties":{"osm_id":"172252347","code":7203,"fclass":"residential","name":"Patil Estate"},"geometry":{"type":"MultiPolygon","coordinates":[[[[73.8529712,18.5328669],[73.8536418,18.5321016],[73.853702,18.5320756],[73.853841,18.5321729],[73.8541685,18.5323548],[73.8542644,18.532383],[73.8544298,18.5324363],[73.8548731,18.5325273],[73.8549624,18.5325618],[73.8542975,18.5337474],[73.8529712,18.5328669]]]]}},
{"type":"Feature","properties":{"osm_id":"173256870","code":7213,"fclass":"military","name":""},"geometry":{"type":"MultiPolygon","coordinates":[[[[73.8804492,18.5244062],[73.8810055,18.5243213],[73.882669,18.5239904],[73.8863519,18.5235141],[73.8876874,18.5232678],[73.8875736,18.5237785],[73.8857499,18.5276346],[73.8852235,18.5282312],[73.8808349,18.5282907],[73.8805484,18.5250039],[73.8804492,18.5244062]]]]}},
{"type":"Feature","properties":{"osm_id":"174274776","code":7202,"fclass":"park","name":"Shyama Prasad Mukherjee Udyan"},"geometry":{"type":"MultiPolygon","coordinates":[[[[73.829196,18.4997654],[73.8294336,18.4997345],[73.829514,18.4996963],[73.8295964,18.4996655],[73.8297708,18.4996182],[73.8298876,18.4996128],[73.8299643,18.4996346],[73.830403,18.4999362],[73.8300716,18.5004267],[73.829917,18.5003285],[73.8295313,18.5000833],[73.8294661,18.5000579],[73.8293991,18.500047],[73.8292458,18.5000452],[73.829196,18.4997654]]]]}},
{"type":"Feature","properties":{"osm_id":"177629329","code":7214,"fclass":"quarry","name":""},"geometry":{"type":"MultiPolygon","coordinates":[[[[73.8445339,18.4288543],[73.845354,18.4268535],[73.8450318,18.4251861],[73.8469943,18.4240467],[73.8484003,18.4242968],[73.8496306,18.4274649],[73.8496892,18.4289655],[73.8487518,18.4304661],[73.847258,18.4289377],[73.8448854,18.4294101],[73.8445339,18.4288543]]]]}},
{"type":"Feature","properties":{"osm_id":"178173716","code":7203,"fclass":"residential","name":"Pune Cantonment Reisdences"},"geometry":{"type":"MultiPolygon","coordinates":[[[[73.8829896,18.5094183],[73.8833034,18.508801],[73.8839798,18.5076183],[73.8842505,18.5067142],[73.8843646,18.5066294],[73.8848304,18.5067547],[73.8849276,18.5067585],[73.8886871,18.5065759],[73.8898139,18.5065136],[73.8898706,18.5066849],[73.8900304,18.5072551],[73.8900548,18.5075494],[73.8900524,18.5079576],[73.8900137,18.5089529],[73.890017,18.5098263],[73.8897359,18.5098652],[73.8893005,18.5098896],[73.8889519,18.509972],[73.8877374,18.509957],[73.8849925,18.5096074],[73.8837429,18.5094995],[73.8830691,18.50943],[73.8829896,18.5094183]]]]}},
{"type":"Feature","properties":{"osm_id":"180530246","code":7203,"fclass":"residential","name":"Khan Residency"},"geometry":{"type":"MultiPolygon","coordinates":[[[[73.8619558,18.5153116],[73.8619611,18.515276],[73.8621301,18.5152913],[73.8621247,18.5153218],[73.8619558,18.5153116]]]]}},
{"type":"Feature","properties":{"osm_id":"180659329","code":7202,"fclass":"park","name":"J.J Garden"},"geometry":{"type":"MultiPolygon","coordinates":[[[[73.8771181,18.5177813],[73.8773327,18.5172701],[73.8773935,18.5172119],[73.8774859,18.5171833],[73.8781777,18.5173946],[73.878161,18.5175681],[73.8777753,18.5176439],[73.8773193,18.5177329],[73.8771181,18.5177813]]]]}},
{"type":"Feature","properties":{"osm_id":"180660983","code":7211,"fclass":"recreation_ground","name":"BJ Medical College Ground"},"geometry":{"type":"MultiPolygon","coordinates":[[[[73.8742026,18.5200956],[73.8753323,18.5197409],[73.8753988,18.5197522],[73.875673,18.5206804],[73.8744832,18.5209921],[73.8742026,18.5200956]]]]}},
{"type":"Feature","properties":{"osm_id":"189091200","code":7203,"fclass":"residential","name":"Bramha Majestic"},"geometry":{"type":"MultiPolygon","coordinates":[[[[73.8938659,18.4758721],[73.8939451,18.475836],[73.8941756,18.4757817],[73.894755,18.4757098],[73.8951285,18.4756764],[73.8954211,18.4756406],[73.8954135,18.4758976],[73.8954077,18.4760909],[73.8954065,18.4765121],[73.8954028,18.476676],[73.8954162,18.4770347],[73.8945069,18.4773171],[73.894464,18.4772077],[73.8944077,18.47705],[73.894354,18.4768846],[73.8943191,18.4768083],[73.8941636,18.4768439],[73.8940992,18.4766531],[73.8940295,18.4764038],[73.8939222,18.4760706],[73.8938659,18.4758721]]]]}},
{"type":"Feature","properties":{"osm_id":"189099426","code":7203,"fclass":"residential","name":"Bramha Exuberance"},"geometry":{"type":"MultiPolygon","coordinates":[[[[73.8936985,18.4752211],[73.8937407,18.4751992],[73.8949387,18.4750046],[73.8959017,18.4748444],[73.8963954,18.4747641],[73.8964357,18.4747626],[73.8964547,18.474779],[73.8963604,18.4752627],[73.8963308,18.4753258],[73.8962369,18.4753684],[73.8953035,18.4754676],[73.8951321,18.4754914],[73.8944184,18.4755618],[73.8940572,18.4756394],[73.8938878,18.4756484],[73.8938401,18.4756667],[73.8938062,18.4756153],[73.8937102,18.475262],[73.8936985,18.4752211]]]]}},
{"type":"Feature","properties":{"osm_id":"189099427","code":7203,"fclass":"residential","name":"Kubera Colony"},"geometry":{"type":"MultiPolygon","coordinates":[[[[73.8950923,18.4774724],[73.8951054,18.4773578],[73.8953396,18.4772842],[73.8956949,18.4771725],[73.8960873,18.4770492],[73.8961827,18.4774557],[73.896243,18.4780208],[73.8962196,18.4784614],[73.8955497,18.4784618],[73.8952847,18.4784619],[73.8952609,18.4780088],[73.8952336,18.4779619],[73.8952193,18.4778358],[73.8952139,18.4776825],[73.8951482,18.4776496],[73.8950923,18.4774724]]]]}},
{"type":"Feature","properties":{"osm_id":"189111130","code":7203,"fclass":"residential","name":"Clover Village"},"geometry":{"type":"MultiPolygon","coordinates":[[[[73.8969611,18.4843204],[73.8970631,18.4840355],[73.8970738,18.4837557],[73.8970684,18.4833741],[73.8972194,18.4829126],[73.8974118,18.4825346],[73.897401,18.4823769],[73.8973742,18.4822243],[73.8975405,18.4820309],[73.8977712,18.4818579],[73.8979267,18.4818987],[73.8980126,18.4820004],[73.8981421,18.4822563],[73.8983406,18.4822563],[73.898313,18.4824787],[73.8982701,18.4832469],[73.8980448,18.4832367],[73.8980448,18.4832927],[73.8980348,18.4836758],[73.8980187,18.4841693],[73.8982593,18.4841729],[73.8982701,18.4842899],[73.8982387,18.4852784],[73.8981368,18.4863417],[73.8981038,18.4866658],[73.8973758,18.4866551],[73.897316,18.4866419],[73.8973796,18.4848241],[73.8969611,18.4848292],[73.8969611,18.4843204]]]]}},
{"type":"Feature","properties":{"osm_id":"190031752","code":7203,"fclass":"residential","name":"Clover Highlands"},"geometry":{"type":"MultiPolygon","coordinates":[[[[73.8991821,18.4733408],[73.8993436,18.4728604],[73.8994849,18.4724402],[73.9018238,18.472659],[73.9031464,18.4728167],[73.9056247,18.4730711],[73.9055704,18.4739657],[73.903712,18.4737784],[73.9015825,18.473547],[73.8998365,18.4733917],[73.8991821,18.4733408]]]]}},
{"type":"Feature","properties":{"osm_id":"193889170","code":7201,"fclass":"forest","name":"Redwood natural recreation"},"geometry":{"type":"MultiPolygon","coordinates":[[[[73.8955121,18.4769929],[73.8955239,18.4756711],[73.8962213,18.4754167],[73.8964895,18.4754981],[73.8966977,18.4755187],[73.8969074,18.4755083],[73.897336,18.4753139],[73.8973575,18.4751307],[73.8974541,18.4749272],[73.8976579,18.4748153],[73.8975726,18.4747654],[73.897658,18.474667],[73.8975875,18.4745887],[73.8977099,18.4745494],[73.8977979,18.4744703],[73.8980125,18.4741752],[73.8982378,18.4732899],[73.8984524,18.4724656],[73.8986455,18.4720179],[73.8989561,18.4718744],[73.8988703,18.4717116],[73.8988708,18.4715803],[73.8991068,18.4711936],[73.8993858,18.4707662],[73.8994823,18.4705322],[73.8995362,18.4703024],[73.899551,18.4702759],[73.8995999,18.4702714],[73.9001027,18.4704272],[73.8998953,18.4711655],[73.8995703,18.4718202],[73.8993997,18.4721903],[73.8990689,18.4732484],[73.8991354,18.4733311],[73.9055763,18.4739717],[73.9056208,18.4734012],[73.9056723,18.4726478],[73.9055114,18.4721797],[73.9052968,18.4718541],[73.9050286,18.4713758],[73.9047073,18.470349],[73.9045678,18.4696876],[73.9043425,18.4683239],[73.9042138,18.4676828],[73.9039343,18.4674274],[73.9036661,18.4673765],[73.9030116,18.4673765],[73.9026575,18.4673256],[73.902282,18.4665726],[73.9007805,18.4664719],[73.9005338,18.4660953],[73.9000411,18.4660606],[73.8988801,18.4659789],[73.8988083,18.4659531],[73.8987875,18.4658756],[73.8988172,18.4649454],[73.8990961,18.4649352],[73.8997291,18.465037],[73.9002119,18.4651591],[73.9006625,18.4653931],[73.9006544,18.4651221],[73.9006856,18.4650629],[73.9007473,18.4650297],[73.90092,18.4650166],[73.901789,18.4647826],[73.9019175,18.4646505],[73.9019929,18.4644671],[73.9020031,18.4639064],[73.9020251,18.4631238],[73.9025079,18.4638056],[73.9025288,18.4641608],[73.9025937,18.4643755],[73.9026044,18.4648233],[73.9025508,18.4651082],[73.902443,18.4653209],[73.9026903,18.4654339],[73.9031302,18.4655661],[73.9037948,18.4659213],[73.9041279,18.4661971],[73.9042889,18.4664922],[73.9044605,18.4667263],[73.904879,18.4668484],[73.9052008,18.4670214],[73.9053617,18.4670824],[73.9052759,18.4672554],[73.9051896,18.4675088],[73.9049862,18.4676218],[73.9048253,18.467632],[73.9048468,18.4679067],[73.9048897,18.4681815],[73.9050501,18.4683331],[73.905233,18.4689752],[73.9053068,18.4691733],[73.9053725,18.4694942],[73.90549,18.4697883],[73.9058875,18.4700539],[73.9059304,18.4702065],[73.90593,18.4704386],[73.9059298,18.4705719],[73.9057909,18.4707459],[73.9056514,18.4710715],[73.9056729,18.4713768],[73.9057158,18.4717228],[73.9058875,18.4718449],[73.9061664,18.4718347],[73.9064556,18.4719355],[73.9069384,18.4724137],[73.9074324,18.473239],[73.9077221,18.4737682],[73.9079581,18.4740327],[73.9079581,18.4742159],[73.9078187,18.4745619],[73.9077328,18.4747858],[73.9076786,18.4749679],[73.9074963,18.4751104],[73.9073139,18.4752325],[73.9070456,18.4753953],[73.9070671,18.4754869],[73.9073782,18.4764332],[73.9075397,18.4767395],[73.9075392,18.476881],[73.9073144,18.476882],[73.9070671,18.4768708],[73.9070328,18.4768176],[73.906793,18.4765416],[73.9067372,18.4764775],[73.9066365,18.4763616],[73.9054583,18.4763325],[73.9040528,18.4762816],[73.9024864,18.4761799],[73.9023679,18.4762806],[73.9022289,18.4767701],[73.901928,18.4773084],[73.8964885,18.4768097],[73.896439,18.4768184],[73.8955121,18.4769929]]]]}},
{"type":"Feature","properties":{"osm_id":"193903662","code":7203,"fclass":"residential","name":"Ganga Satellite"},"geometry":{"type":"MultiPolygon","coordinates":[[[[73.8937865,18.4858188],[73.8937939,18.4855083],[73.8946344,18.4855305],[73.8946826,18.4844965],[73.8958894,18.4845231],[73.8959207,18.4845454],[73.8959324,18.4845727],[73.8959369,18.4846147],[73.8959297,18.4846442],[73.8953088,18.4866098],[73.8951371,18.4871135],[73.8949226,18.4873424],[73.8946436,18.487434],[73.8945095,18.4871491],[73.8943808,18.4867879],[73.8943647,18.4866607],[73.8943647,18.4864317],[73.8942627,18.4863045],[73.8941412,18.4861726],[73.894093,18.4861201],[73.8940402,18.4860275],[73.8940078,18.4859798],[73.8939408,18.4859525],[73.8938477,18.4859239],[73.8937999,18.4858856],[73.8937865,18.4858188]]]]}},
{"type":"Feature","properties":{"osm_id":"194600713","code":7203,"fclass":"residential","name":"Paranjpe Gloria"},"geometry":{"type":"MultiPolygon","coordinates":[[[[73.7683855,18.5088394],[73.7690625,18.5087807],[73.7691997,18.5085864],[73.7691781,18.5083566],[73.7690304,18.5083555],[73.7686944,18.5079205],[73.7690751,18.5074364],[73.7693843,18.5076447],[73.7691507,18.5079523],[73.7691463,18.5079917],[73.7692314,18.5080385],[73.7693261,18.5080616],[73.7693949,18.508046],[73.769532,18.5080184],[73.7696416,18.5079724],[73.7696642,18.5079539],[73.7696911,18.507953],[73.769735,18.5079885],[73.7697884,18.5081037],[73.7698449,18.508263],[73.7697601,18.5083626],[73.7698621,18.5084036],[73.7704629,18.5086144],[73.7704231,18.5088904],[73.769949,18.5094366],[73.7689112,18.5094021],[73.7683855,18.5088394]]]]}},
{"type":"Feature","properties":{"osm_id":"194601204","code":7203,"fclass":"residential","name":"Rohan Madhuban"},"geometry":{"type":"MultiPolygon","coordinates":[[[[73.7689123,18.5055957],[73.769439,18.5051549],[73.7696947,18.5050206],[73.7699168,18.5049522],[73.7706075,18.5045788],[73.7707469,18.5045328],[73.7706856,18.5044161],[73.7707464,18.5042977],[73.7715234,18.5037684],[73.7718787,18.5037653],[73.771939,18.5040403],[73.7717876,18.5048225],[73.7717605,18.5049985],[73.7718065,18.5058736],[73.7716217,18.5059432],[73.770579,18.5059992],[73.7703375,18.505806],[73.7701866,18.5057133],[73.7700207,18.5055642],[73.7694058,18.5058811],[73.7691054,18.5058399],[73.7689123,18.5055957]]]]}},
{"type":"Feature","properties":{"osm_id":"197472160","code":7202,"fclass":"park","name":"PCMC Park"},"geometry":{"type":"MultiPolygon","coordinates":[[[[73.7953601,18.5943556],[73.7957582,18.5942834],[73.7957165,18.5940133],[73.795783,18.5940059],[73.7957687,18.5938458],[73.795844,18.5938401],[73.7959215,18.5938343],[73.7959412,18.5939883],[73.7960638,18.594031],[73.7964222,18.5939731],[73.7965087,18.5945388],[73.7966112,18.5952087],[73.7961011,18.5952583],[73.7955193,18.5953277],[73.7953601,18.5943556]]]]}},
{"type":"Feature","properties":{"osm_id":"197472192","code":7203,"fclass":"residential","name":"Roseland Residency"},"geometry":{"type":"MultiPolygon","coordinates":[[[[73.7940925,18.5938641],[73.794616,18.5936498],[73.7947074,18.593634],[73.7952534,18.5936557],[73.7954465,18.5953843],[73.7961011,18.5952583],[73.796367,18.5962843],[73.7959047,18.5964994],[73.7955151,18.5965439],[73.7954808,18.5966722],[73.7952883,18.5966844],[73.7950161,18.5965961],[73.7948653,18.5965447],[73.7946097,18.5965029],[73.7944291,18.5965157],[73.7941899,18.5965326],[73.7941597,18.5959822],[73.7941575,18.5959411],[73.7941543,18.5958828],[73.7941391,18.5956054],[73.7940947,18.5947946],[73.7940925,18.5938641]]]]}},
{"type":"Feature","properties":{"osm_id":"197954178","code":7202,"fclass":"park","name":"Major Tathawade Udyan"},"geometry":{"type":"MultiPolygon","coordinates":[[[[73.8267187,18.4930334],[73.8275935,18.4928175],[73.827665,18.4928556],[73.827723,18.4929445],[73.8279238,18.4935837],[73.8269552,18.4938419],[73.8267187,18.4930334]]]]}},
{"type":"Feature","properties":{"osm_id":"197954183","code":7202,"fclass":"park","name":"Peshve Udyan"},"geometry":{"type":"MultiPolygon","coordinates":[[[[73.8508555,18.5013148],[73.8509565,18.5010274],[73.8509881,18.4997823],[73.8517935,18.4995577],[73.8522127,18.50165],[73.8522143,18.5023015],[73.8521685,18.5027754],[73.8508808,18.5031226],[73.8508555,18.5013148]]]]}},
{"type":"Feature","properties":{"osm_id":"197954184","code":7202,"fclass":"park","name":"Pandit Jeetendra Abhisheki Udyan"},"geometry":{"type":"MultiPolygon","coordinates":[[[[73.8159656,18.4977781],[73.8168998,18.4976703],[73.8169566,18.498694],[73.8163254,18.4987538],[73.8162054,18.4987179],[73.8161044,18.4986581],[73.8160289,18.4985501],[73.8159656,18.4977781]]]]}},
{"type":"Feature","properties":{"osm_id":"197954185","code":7202,"fclass":"park","name":"P L Deshpande Garden"},"geometry":{"type":"MultiPolygon","coordinates":[[[[73.8354038,18.4931838],[73.8360332,18.4924811],[73.8356939,18.492151],[73.8375641,18.4901784],[73.8378409,18.4901784],[73.838073,18.4904747],[73.8386038,18.4923572],[73.8375851,18.4928979],[73.8377488,18.4933024],[73.8382457,18.4934513],[73.8384829,18.4939993],[73.8382557,18.4941952],[73.8379928,18.4938671],[73.8371479,18.4945233],[73.8376281,18.4950702],[73.8374659,18.4951734],[73.8354038,18.4931838]]]]}},
{"type":"Feature","properties":{"osm_id":"197954186","code":7202,"fclass":"park","name":"Tatyasaheb Thorat Udyan"},"geometry":{"type":"MultiPolygon","coordinates":[[[[73.8117634,18.5042204],[73.811893,18.503159],[73.812736,18.5032061],[73.8127602,18.5025083],[73.8131204,18.5025151],[73.8131293,18.502278],[73.8132587,18.5022802],[73.8132568,18.5026411],[73.8135132,18.5026421],[73.8134507,18.5040812],[73.8131829,18.504259],[73.8130007,18.5043323],[73.8126705,18.5045287],[73.8121015,18.5049804],[73.8119866,18.5049616],[73.8120447,18.5042463],[73.8117634,18.5042204]]]]}},
{"type":"Feature","properties":{"osm_id":"197954187","code":7201,"fclass":"forest","name":""},"geometry":{"type":"MultiPolygon","coordinates":[[[[73.8632188,18.5330935],[73.8651292,18.5331273],[73.8659594,18.5335844],[73.866736,18.5345324],[73.8660844,18.5343969],[73.8649595,18.53427],[73.8642811,18.5340415],[73.8635491,18.5336013],[73.8632188,18.5330935]]]]}},
{"type":"Feature","properties":{"osm_id":"199261923","code":7204,"fclass":"industrial","name":"Cummins India Ltd."},"geometry":{"type":"MultiPolygon","coordinates":[[[[73.8042819,18.4965299],[73.8055215,18.4964068],[73.8058226,18.4963396],[73.8059728,18.4962498],[73.8060119,18.4961322],[73.8058328,18.4944641],[73.8080835,18.4942218],[73.8095838,18.498214],[73.8089858,18.4984259],[73.8092971,18.4990704],[73.808495,18.4992404],[73.8086417,18.4999032],[73.8079638,18.4999764],[73.8079648,18.4999818],[73.8082226,18.5013676],[73.8083229,18.5019069],[73.8064875,18.5019103],[73.8063553,18.4999726],[73.8061749,18.4988593],[73.8053935,18.4989252],[73.8045532,18.4991369],[73.8044838,18.4976838],[73.8042819,18.4965299]]]]}},
{"type":"Feature","properties":{"osm_id":"199261924","code":7202,"fclass":"park","name":"Sambhaji Udyan"},"geometry":{"type":"MultiPolygon","coordinates":[[[[73.8458859,18.5189285],[73.8459228,18.5188541],[73.8459921,18.518806],[73.846089,18.5188585],[73.8467953,18.5197208],[73.8478434,18.5206656],[73.8483648,18.521069],[73.8480555,18.5222683],[73.8479309,18.5223165],[73.8462967,18.5204036],[73.8464352,18.5202898],[73.8463838,18.5201766],[73.8464356,18.5201373],[73.8463455,18.5200291],[73.8462931,18.5200677],[73.8460936,18.5198959],[73.8463521,18.5197033],[73.8459043,18.5190467],[73.8458859,18.5189285]]]]}},
{"type":"Feature","properties":{"osm_id":"202301146","code":7204,"fclass":"industrial","name":"Automotive Research Association of India (ARAI)"},"geometry":{"type":"MultiPolygon","coordinates":[[[[73.8131207,18.5225114],[73.8132495,18.5221451],[73.8139898,18.5222977],[73.8144833,18.5226843],[73.8148159,18.5227148],[73.81576,18.5228166],[73.815921,18.5227047],[73.8165218,18.5226233],[73.8168222,18.5228573],[73.8167488,18.5233537],[73.8167149,18.5235592],[73.8159531,18.5244748],[73.8132709,18.5243832],[73.8131207,18.5225114]]]]}},
{"type":"Feature","properties":{"osm_id":"206485492","code":7203,"fclass":"residential","name":"Park Street"},"geometry":{"type":"MultiPolygon","coordinates":[[[[73.7772502,18.5939733],[73.7783671,18.5938382],[73.7786285,18.5936354],[73.7786167,18.5930498],[73.7788365,18.5931512],[73.7792702,18.5931737],[73.7792524,18.5936692],[73.7809456,18.5936917],[73.7809496,18.5965944],[73.7809456,18.5968846],[73.7807971,18.5982642],[73.7810407,18.5983768],[73.7809683,18.5984775],[73.7808917,18.598587],[73.7804169,18.599244],[73.7796364,18.5989272],[73.778465,18.5988339],[73.7777314,18.5987804],[73.7777487,18.5980637],[73.7777576,18.5976977],[73.777761,18.5975567],[73.7777606,18.5975394],[73.7777565,18.5973808],[73.7777471,18.5970161],[73.7776898,18.5965129],[73.7776821,18.5964766],[73.7775123,18.5956772],[73.7772502,18.5939733]]]]}},
{"type":"Feature","properties":{"osm_id":"206485493","code":7203,"fclass":"residential","name":"Topaz Park"},"geometry":{"type":"MultiPolygon","coordinates":[[[[73.775955,18.5955387],[73.7767173,18.5955012],[73.7767463,18.5956799],[73.7767966,18.5956826],[73.7775123,18.5956772],[73.7776821,18.5964766],[73.7776898,18.5965129],[73.7770517,18.5965841],[73.7759728,18.5967044],[73.775955,18.5955387]]]]}},
{"type":"Feature","properties":{"osm_id":"206488892","code":7201,"fclass":"forest","name":""},"geometry":{"type":"MultiPolygon","coordinates":[[[[73.6268463,18.4638068],[73.6351902,18.4640307],[73.6383551,18.4644611],[73.6388344,18.4649482],[73.6393555,18.4654075],[73.639995,18.4652674],[73.6402715,18.4647557],[73.6402881,18.4642235],[73.6413981,18.4632054],[73.6426653,18.4632849],[73.6438139,18.4635671],[73.645114,18.4628017],[73.6463379,18.461772],[73.6472314,18.4603534],[73.6481032,18.4593969],[73.6490581,18.4589278],[73.6494932,18.4574316],[73.649454,18.4564728],[73.6483685,18.4562499],[73.6469556,18.4558656],[73.6456889,18.4560625],[73.64413,18.4567232],[73.6429608,18.4568294],[73.6419216,18.456381],[73.6407202,18.4558436],[73.6389826,18.4537468],[73.6376348,18.45279],[73.6358461,18.4499703],[73.6348034,18.4483513],[73.6348234,18.4468741],[73.6351033,18.4459311],[73.6356523,18.4428022],[73.6360821,18.4404642],[73.6398867,18.4392659],[73.6406521,18.4399507],[73.6418901,18.441197],[73.6425191,18.4418475],[73.6430501,18.4423371],[73.6433263,18.4422875],[73.643386,18.4418475],[73.6431913,18.4404027],[73.6428349,18.4395433],[73.6426784,18.4378194],[73.6435829,18.4366707],[73.6437188,18.4359136],[73.644396,18.4353825],[73.6464434,18.4347722],[73.648166,18.434357],[73.6488866,18.4344987],[73.6493039,18.4349896],[73.6501414,18.4358559],[73.6508091,18.4375422],[73.6513903,18.4386122],[73.6516384,18.4394934],[73.6516247,18.440217],[73.6517261,18.4407329],[73.6519825,18.4412681],[73.652468,18.4411146],[73.6530185,18.4403654],[73.6535323,18.4401178],[73.6539862,18.4405676],[73.6545815,18.4411217],[73.6549685,18.4417122],[73.655227,18.4417609],[73.6551173,18.4411317],[73.6546354,18.44032],[73.6542885,18.4389837],[73.6538518,18.436212],[73.6546027,18.433401],[73.655682,18.4327502],[73.6575382,18.4326367],[73.6594668,18.4342786],[73.6600735,18.435593],[73.6602901,18.4366663],[73.6604525,18.437443],[73.6608261,18.4379958],[73.6612294,18.4381386],[73.6613769,18.4377375],[73.6613945,18.4370899],[73.6613946,18.4360961],[73.661568,18.434853],[73.6616769,18.4337428],[73.6623519,18.4332993],[73.6642269,18.4338376],[73.6652895,18.4347652],[73.6656202,18.4358599],[73.6659804,18.4364483],[73.6665611,18.4364036],[73.6676591,18.4366441],[73.6682151,18.4370791],[73.6685165,18.4373471],[73.6689262,18.4367933],[73.6685979,18.4364253],[73.6679992,18.4360217],[73.6670119,18.435229],[73.666807,18.434193],[73.6667019,18.4327612],[73.6677909,18.4317464],[73.6706945,18.4319355],[73.672016,18.4323628],[73.6731205,18.4329011],[73.6740517,18.4334003],[73.6746905,18.4333623],[73.6753483,18.4331114],[73.6753307,18.4328421],[73.6747067,18.4328194],[73.6739434,18.4325641],[73.6731206,18.4320012],[73.6722763,18.4314959],[73.6711944,18.4310974],[73.6699638,18.4303867],[73.6678501,18.4292285],[73.6670251,18.4273502],[73.6668925,18.4260761],[73.6673921,18.4250818],[73.6676282,18.4236828],[73.6679886,18.4220488],[73.6685375,18.4211618],[73.6698601,18.4217078],[73.6708269,18.4219308],[73.6713302,18.4211344],[73.6714856,18.4204928],[73.6711191,18.419455],[73.6705113,18.4180332],[73.670778,18.4169919],[73.6715201,18.4158998],[73.672377,18.4147779],[73.6732549,18.414389],[73.6743849,18.4146965],[73.6760773,18.4148007],[73.6770801,18.4141001],[73.6779572,18.4127495],[73.6781037,18.4112306],[73.6770445,18.4100331],[73.6756454,18.4091242],[73.6741943,18.4079962],[73.6737715,18.4070955],[73.6736958,18.4059122],[73.6749836,18.4045976],[73.675878,18.4042175],[73.6772751,18.4044831],[73.6784635,18.4054321],[73.679632,18.4065459],[73.6798715,18.4063622],[73.6798687,18.406039],[73.6790949,18.4050058],[73.6782174,18.4040039],[73.6780705,18.4028831],[73.677859,18.4023717],[73.678056,18.4015118],[73.6785929,18.4009035],[73.6800721,18.4012234],[73.682388,18.4023837],[73.6839105,18.4050099],[73.6851938,18.4055987],[73.6871452,18.4053754],[73.6892943,18.4048991],[73.6947013,18.3987581],[73.695077,18.3999663],[73.6983545,18.401927],[73.7013708,18.402481],[73.6992512,18.4053122],[73.700586,18.4119849],[73.7119514,18.4252953],[73.7153255,18.4320344],[73.7401872,18.4354039],[73.7465283,18.4322393],[73.7498381,18.4349427],[73.7498474,18.4363063],[73.7489069,18.4372348],[73.7491393,18.4376295],[73.7495255,18.4378738],[73.7497401,18.4379959],[73.7490857,18.4389119],[73.7494075,18.4394208],[73.750931,18.4404692],[73.7510276,18.4411816],[73.7508988,18.4424946],[73.7512851,18.4450594],[73.7526942,18.4472193],[73.7472021,18.4522266],[73.7394129,18.4546253],[73.7213633,18.4552822],[73.7234914,18.4567941],[73.7392552,18.4572561],[73.7574129,18.470779],[73.7726851,18.4768426],[73.7789011,18.4867929],[73.7792659,18.4900388],[73.7786436,18.490171],[73.7786865,18.4909138],[73.7782359,18.4913106],[73.7784988,18.491448],[73.7787831,18.4914836],[73.7801349,18.4913615],[73.7806821,18.4919211],[73.7809664,18.4922416],[73.7809986,18.4925011],[73.7805372,18.4936559],[73.7802422,18.494419],[73.7802744,18.4949736],[73.7805533,18.4953093],[73.7820983,18.4963268],[73.7817764,18.4968355],[73.7837505,18.4980972],[73.7840938,18.4983414],[73.7844372,18.4981887],[73.7846061,18.4986644],[73.7850058,18.5000354],[73.7844479,18.5001524],[73.7836379,18.5003915],[73.7838256,18.5010172],[73.7842333,18.501063],[73.784641,18.5010071],[73.7855315,18.5018719],[73.7868833,18.5026756],[73.7873994,18.5031512],[73.7875271,18.5037541],[73.7874734,18.5043951],[73.7869048,18.5046698],[73.7853598,18.5050666],[73.784523,18.5058398],[73.7836218,18.506084],[73.7828278,18.5062061],[73.7816262,18.5057991],[73.7808966,18.5061043],[73.7798452,18.5069183],[73.778944,18.507081],[73.7777977,18.5068508],[73.7776136,18.5064909],[73.7772703,18.5061857],[73.7769484,18.5060433],[73.7765729,18.5060229],[73.7764013,18.5058907],[73.77655,18.5058564],[73.7771952,18.5057075],[73.7777316,18.5056872],[73.7782466,18.5054735],[73.7786436,18.5051581],[73.7788367,18.5047614],[73.7794161,18.5043442],[73.780092,18.5039372],[73.780446,18.5025434],[73.7802851,18.5015158],[73.7801885,18.5011292],[73.7801456,18.5005797],[73.7801349,18.4998675],[73.7782895,18.4989213],[73.7770343,18.4982905],[73.7759936,18.4974358],[73.7749529,18.496571],[73.7745598,18.4956476],[73.7742555,18.4950041],[73.774234,18.4942919],[73.774277,18.4933456],[73.7739658,18.4931523],[73.7737083,18.4931218],[73.7734079,18.4932846],[73.7727964,18.4935389],[73.7721419,18.4935898],[73.7711334,18.4933151],[73.7704897,18.4929488],[73.7700605,18.4922976],[73.7698781,18.4908731],[73.7694597,18.4900388],[73.7701034,18.4887974],[73.770597,18.4878308],[73.7692881,18.4869354],[73.7685585,18.486681],[73.7674212,18.486101],[73.7668526,18.4852463],[73.7657368,18.4847273],[73.764739,18.4843101],[73.7639129,18.4833842],[73.7631082,18.4834554],[73.7620997,18.4834758],[73.7617028,18.483374],[73.760705,18.4834147],[73.7605387,18.4836589],[73.7606429,18.4840579],[73.760713,18.4843254],[73.7605575,18.4849007],[73.7604421,18.4849563],[73.7597287,18.4851903],[73.7591869,18.485582],[73.758865,18.4857499],[73.7587202,18.4858364],[73.7581569,18.4858415],[73.7578887,18.4860145],[73.7577116,18.4862892],[73.7575561,18.4864724],[73.7573898,18.4866199],[73.7571055,18.4867624],[73.7567943,18.486915],[73.7563384,18.4870473],[73.7557804,18.4876018],[73.7553352,18.4880495],[73.7550777,18.4881055],[73.7547934,18.4880037],[73.7546647,18.4878104],[73.7545024,18.4876642],[73.7544367,18.4876145],[73.7543495,18.487584],[73.7542221,18.4875866],[73.7540947,18.4876336],[73.7539887,18.4876985],[73.7538761,18.4879122],[73.7537634,18.4882378],[73.7534201,18.4883853],[73.7530768,18.4883929],[73.7528434,18.4883802],[73.7526584,18.4883853],[73.7523419,18.4884616],[73.7520683,18.4885685],[73.7517786,18.4887567],[73.7516445,18.4888635],[73.751446,18.4889704],[73.7513655,18.4889806],[73.7512207,18.4888483],[73.7509578,18.4881411],[73.7504429,18.4875611],[73.7501264,18.4871592],[73.7498742,18.4864876],[73.7497175,18.4843812],[73.7288218,18.4766742],[73.7275308,18.4760773],[73.7146151,18.4701053],[73.7050635,18.4736738],[73.705718,18.4762615],[73.7076685,18.4790863],[73.7044809,18.4832074],[73.7015541,18.4847154],[73.6995875,18.4838362],[73.6975286,18.4827281],[73.696103,18.4809421],[73.6951136,18.4786065],[73.6947075,18.4771697],[73.6943309,18.4777042],[73.6943301,18.4787164],[73.694826,18.4794068],[73.6946345,18.4808467],[73.694031,18.4826879],[73.6934132,18.48387],[73.692006,18.484463],[73.6910157,18.4842641],[73.6903081,18.4830858],[73.6886527,18.4811362],[73.6842483,18.4797059],[73.6830052,18.4741477],[73.6723501,18.4731371],[73.6602744,18.4760005],[73.6445329,18.4729975],[73.6314925,18.4736924],[73.6268463,18.4638068]]]]}},
{"type":"Feature","properties":{"osm_id":"206528537","code":7203,"fclass":"residential","name":"Gera Emerald City South"},"geometry":{"type":"MultiPolygon","coordinates":[[[[73.9512278,18.5540122],[73.9516192,18.5532596],[73.952633,18.5531477],[73.9526655,18.5533127],[73.9526491,18.5535088],[73.9526923,18.553806],[73.9527459,18.5539281],[73.9525847,18.5541038],[73.9520282,18.55407],[73.9512278,18.5540122]]]]}},
{"type":"Feature","properties":{"osm_id":"206530452","code":7209,"fclass":"commercial","name":"EON Free Zone"},"geometry":{"type":"MultiPolygon","coordinates":[[[[73.9488991,18.5496236],[73.9499291,18.5493489],[73.9507874,18.5488098],[73.9518603,18.5489116],[73.9525469,18.5490336],[73.9525904,18.5496968],[73.9526542,18.5503554],[73.9528044,18.5511895],[73.9527508,18.5526033],[73.952633,18.5531477],[73.9516192,18.5532596],[73.9512278,18.5540122],[73.9505299,18.5539866],[73.950208,18.553895],[73.9500793,18.5536916],[73.9497252,18.5524405],[73.9492961,18.5510979],[73.9490171,18.5501215],[73.9488991,18.5496236]]]]}},
{"type":"Feature","properties":{"osm_id":"206536544","code":7211,"fclass":"recreation_ground","name":""},"geometry":{"type":"MultiPolygon","coordinates":[[[[73.9512464,18.5541887],[73.9515065,18.5542132],[73.9517297,18.5542342],[73.9518713,18.5542387],[73.9522661,18.5542546],[73.9526197,18.5542794],[73.9527484,18.5543963],[73.9528021,18.5547167],[73.9528348,18.5550708],[73.9527913,18.5551414],[73.9527114,18.5551394],[73.9523755,18.5551363],[73.9520794,18.5551153],[73.951642,18.5550746],[73.95141,18.5549405],[73.9512464,18.5541887]]]]}},
{"type":"Feature","properties":{"osm_id":"207694361","code":7229,"fclass":"farmland","name":""},"geometry":{"type":"MultiPolygon","coordinates":[[[[73.8514267,18.5490081],[73.8514763,18.5488454],[73.8519606,18.5475148],[73.8534976,18.5472906],[73.8545427,18.5489394],[73.8546495,18.5491238],[73.8545312,18.5492902],[73.8537989,18.5499085],[73.8531887,18.5502086],[73.8527043,18.5503315],[73.852445,18.5503062],[73.8515029,18.5492468],[73.8514267,18.5490081]]]]}},
{"type":"Feature","properties":{"osm_id":"207694362","code":7229,"fclass":"farmland","name":""},"geometry":{"type":"MultiPolygon","coordinates":[[[[73.852477,18.5451153],[73.8526677,18.5449128],[73.8526754,18.5441679],[73.8525228,18.543611],[73.8529118,18.5435966],[73.8529195,18.5433579],[73.8536136,18.5433796],[73.8538195,18.5445367],[73.8538958,18.5451297],[73.8547501,18.5470968],[73.854262,18.5471619],[73.8541323,18.5467858],[73.8539797,18.5468003],[73.8538272,18.5465327],[73.8534229,18.5466846],[73.8526296,18.5454696],[73.852477,18.5451153]]]]}},
{"type":"Feature","properties":{"osm_id":"207694363","code":7229,"fclass":"farmland","name":""},"geometry":{"type":"MultiPolygon","coordinates":[[[[73.8476851,18.5466307],[73.8485241,18.5434632],[73.8501336,18.5434849],[73.850248,18.5443672],[73.8511329,18.5443383],[73.8511558,18.5453362],[73.8513159,18.5456183],[73.8510032,18.5459943],[73.8509269,18.5465078],[73.8506599,18.5466669],[73.8504082,18.5472454],[73.8501336,18.5474262],[73.8499277,18.5473105],[73.8497293,18.5472093],[73.8488979,18.5471731],[73.8486385,18.5471153],[73.8485623,18.5467826],[73.8484402,18.5466886],[73.8482877,18.5466669],[73.8476851,18.5466307]]]]}},
{"type":"Feature","properties":{"osm_id":"207694364","code":7228,"fclass":"farmyard","name":""},"geometry":{"type":"MultiPolygon","coordinates":[[[[73.8427027,18.5387864],[73.8427458,18.5384182],[73.843237,18.5384846],[73.8431948,18.5388389],[73.8427027,18.5387864]]]]}},
{"type":"Feature","properties":{"osm_id":"207694365","code":7229,"fclass":"farmland","name":""},"geometry":{"type":"MultiPolygon","coordinates":[[[[73.8372807,18.5383107],[73.8373562,18.5380448],[73.8375557,18.5378709],[73.8377931,18.5378044],[73.8381652,18.5377584],[73.8383864,18.5376919],[73.8385682,18.5375426],[73.8386408,18.5373228],[73.8386381,18.5371131],[73.8385572,18.5368165],[73.83863,18.5367014],[73.8388727,18.5362616],[73.8389806,18.5359036],[73.8396279,18.5359752],[73.8397303,18.5359573],[73.8398409,18.5358576],[73.8407821,18.5364278],[73.8411893,18.5365889],[73.8414914,18.5366784],[73.8426807,18.5368139],[73.842548,18.5379288],[73.8433124,18.5380562],[73.8438352,18.5380815],[73.8438693,18.5377032],[73.8454308,18.5379103],[73.8459998,18.5379819],[73.846038,18.5375335],[73.8462045,18.5376896],[73.8464148,18.53782],[73.8475891,18.5377565],[73.8475026,18.5392287],[73.8473909,18.5417772],[73.8472818,18.5437606],[73.8472635,18.5439721],[73.8471567,18.5442412],[73.847071,18.5442866],[73.846903,18.5442979],[73.8425038,18.5442818],[73.8427498,18.5427351],[73.8407002,18.542418],[73.8390551,18.5423004],[73.8389252,18.5419944],[73.8389863,18.5413435],[73.8389634,18.5411048],[73.8380785,18.540331],[73.8376056,18.5396657],[73.8373997,18.5392607],[73.8373014,18.5390574],[73.8372807,18.5383107]]]]}},
{"type":"Feature","properties":{"osm_id":"207832296","code":7204,"fclass":"industrial","name":"Bharat Electronics Limited"},"geometry":{"type":"MultiPolygon","coordinates":[[[[73.779112,18.5275083],[73.7814873,18.5259054],[73.7816329,18.5259297],[73.7824845,18.526721],[73.7827499,18.5269605],[73.7832421,18.5272932],[73.7827627,18.5286729],[73.7818725,18.5286567],[73.7818854,18.5289773],[73.781543,18.5289651],[73.7815301,18.5292289],[73.779112,18.5275083]]]]}},
{"type":"Feature","properties":{"osm_id":"207832297","code":7201,"fclass":"forest","name":""},"geometry":{"type":"MultiPolygon","coordinates":[[[[73.7789146,18.5275628],[73.779112,18.5275083],[73.7815301,18.5292289],[73.781543,18.5289651],[73.7818854,18.5289773],[73.7818725,18.5286567],[73.7827627,18.5286729],[73.7832421,18.5272932],[73.7839799,18.527458],[73.7840101,18.5282977],[73.7848703,18.5287969],[73.7859146,18.5294786],[73.786625,18.5294299],[73.7872585,18.5289024],[73.7873441,18.5284641],[73.7872242,18.527409],[73.7876779,18.5272548],[73.7883455,18.5274009],[73.7892604,18.5275557],[73.7897118,18.5276907],[73.7898691,18.528383],[73.7900318,18.529089],[73.790203,18.5297546],[73.7900318,18.530347],[73.7894241,18.5307363],[73.7893984,18.5307528],[73.7891587,18.5310287],[73.7891941,18.5314097],[73.7893213,18.5322246],[73.789757,18.532896],[73.7902957,18.5333953],[73.790272,18.5335008],[73.7902315,18.5334877],[73.790222,18.5334417],[73.7901974,18.5334315],[73.7900732,18.5333659],[73.7899449,18.53333],[73.7896388,18.5332807],[73.7895853,18.5333193],[73.7895211,18.5333355],[73.7894581,18.5332844],[73.7894337,18.5332598],[73.7894027,18.5332691],[73.7893165,18.5332031],[73.7892344,18.5331596],[73.7892376,18.5331162],[73.7891208,18.5328947],[73.7889906,18.5326767],[73.7889297,18.5323485],[73.7888869,18.5316911],[73.7888791,18.5311566],[73.7888405,18.531052],[73.78877,18.5308746],[73.7886226,18.5307593],[73.788449,18.5307265],[73.788217,18.5307766],[73.7880399,18.5309877],[73.7880656,18.5310405],[73.7881704,18.5311094],[73.7880827,18.5311723],[73.7879778,18.5311906],[73.7877934,18.5311381],[73.7875865,18.5310303],[73.7874967,18.5308193],[73.787394,18.5307787],[73.7873041,18.530803],[73.7871501,18.5308644],[73.7869575,18.5309172],[73.7868654,18.5308989],[73.7864481,18.5306732],[73.7861956,18.5305393],[73.7861225,18.5305045],[73.7860562,18.5304416],[73.7859941,18.5304456],[73.7859556,18.5305248],[73.7859877,18.5305836],[73.7859535,18.5306749],[73.7858764,18.5306648],[73.7858401,18.5305836],[73.7857591,18.5305717],[73.7856899,18.5305451],[73.7856142,18.5306225],[73.7855477,18.5306914],[73.7854539,18.5306742],[73.7854236,18.5307545],[73.7853358,18.5307516],[73.7852904,18.5306828],[73.7851179,18.5307574],[73.7848879,18.5308004],[73.7846549,18.530789],[73.7845732,18.5307775],[73.784549,18.5308492],[73.7844824,18.5308492],[73.7844249,18.530809],[73.7843856,18.5307459],[73.7842191,18.5307545],[73.7841223,18.5307516],[73.7839952,18.5307143],[73.7839044,18.5308062],[73.7837833,18.5308693],[73.7837486,18.5309868],[73.7836716,18.5310923],[73.7835945,18.5310842],[73.7834565,18.5311103],[73.7832471,18.5310521],[73.7830716,18.5309019],[73.7829004,18.5308167],[73.7826693,18.5310277],[73.7825024,18.5310237],[73.782165,18.5307767],[73.7819917,18.530366],[73.781782,18.5299764],[73.7814867,18.5296518],[73.7813198,18.5294164],[73.7812042,18.5292419],[73.7809774,18.5293352],[73.7808019,18.5290877],[73.780772,18.5289173],[73.7806222,18.5287752],[73.7803996,18.528621],[73.7801685,18.5285196],[73.7800016,18.5285683],[73.7798475,18.5284871],[73.7794666,18.5281706],[73.7789146,18.5275628]]]]}},
{"type":"Feature","properties":{"osm_id":"207832298","code":7201,"fclass":"forest","name":"Pashan Lake Island"},"geometry":{"type":"MultiPolygon","coordinates":[[[[73.7862595,18.5315025],[73.7862723,18.5314619],[73.7864563,18.5314619],[73.7866232,18.5314781],[73.7867046,18.5315065],[73.7867816,18.531539],[73.7868586,18.5315755],[73.7869442,18.5316039],[73.7870213,18.5316485],[73.7873325,18.5319324],[73.7871796,18.5319173],[73.7871158,18.531881],[73.7870553,18.5318478],[73.7869725,18.5318085],[73.7869186,18.5318514],[73.7868372,18.531888],[73.7866984,18.5319143],[73.7865646,18.5318569],[73.7864658,18.5318266],[73.786367,18.5318659],[73.7863065,18.5316729],[73.7862595,18.5315025]]]]}},
{"type":"Feature","properties":{"osm_id":"207832299","code":7201,"fclass":"forest","name":"Pashan Lake Island"},"geometry":{"type":"MultiPolygon","coordinates":[[[[73.7842358,18.5326263],[73.7842454,18.5325634],[73.7842615,18.5325228],[73.7842764,18.5324761],[73.7844155,18.5322976],[73.7844926,18.532257],[73.7846616,18.5321921],[73.7848328,18.5321698],[73.7848392,18.5321272],[73.7848756,18.5320541],[73.7849334,18.5319912],[73.785004,18.5319446],[73.7851709,18.5318959],[73.7853079,18.5318817],[73.7853485,18.5318695],[73.7853849,18.5318451],[73.7854384,18.5317762],[73.7855497,18.5317133],[73.7856717,18.5316747],[73.7857209,18.5316078],[73.7857573,18.5315895],[73.7858001,18.5315854],[73.7858386,18.5316057],[73.7858493,18.5316463],[73.785875,18.5316828],[73.7859156,18.5317031],[73.7859263,18.5317437],[73.7859391,18.5318715],[73.7859391,18.5321272],[73.7859049,18.5323767],[73.7858707,18.5324072],[73.7857851,18.5323828],[73.7856053,18.5323686],[73.785554,18.5323828],[73.7854341,18.5324437],[73.78534,18.5324518],[73.7851945,18.5325532],[73.7851495,18.5325492],[73.7851131,18.5324295],[73.7851324,18.5323909],[73.7851709,18.5323767],[73.7852116,18.5323727],[73.7852929,18.5323848],[73.7853164,18.5323504],[73.7853229,18.5322246],[73.7853036,18.532182],[73.7852672,18.5321617],[73.7852116,18.532046],[73.7851688,18.5320318],[73.7851281,18.5320521],[73.7851003,18.5320906],[73.7850596,18.532115],[73.785034,18.5321515],[73.7849676,18.5322651],[73.7849548,18.5323077],[73.784989,18.5323382],[73.7850575,18.5324457],[73.7850768,18.5325269],[73.7850596,18.5326932],[73.7849634,18.5329732],[73.7848285,18.5330889],[73.7847879,18.5331132],[73.7847044,18.5331518],[73.7846167,18.533168],[73.7844755,18.5331518],[73.7844391,18.5331274],[73.7842807,18.5329164],[73.7842401,18.5327947],[73.7842358,18.5326263]]]]}},
{"type":"Feature","properties":{"osm_id":"207872399","code":7203,"fclass":"residential","name":"Lokmanya Nagar"},"geometry":{"type":"MultiPolygon","coordinates":[[[[73.8446502,18.5062312],[73.8453879,18.5037695],[73.8454831,18.5032783],[73.8457132,18.5033074],[73.8458167,18.5033692],[73.8463689,18.5037728],[73.8466833,18.5039401],[73.8471051,18.5040492],[73.8472317,18.5040856],[73.847178,18.5044383],[73.8471818,18.5046492],[73.8471742,18.5048637],[73.8468674,18.5057438],[73.8468329,18.5058674],[73.8468214,18.5063801],[73.8447342,18.5062518],[73.8446502,18.5062312]]]]}},
{"type":"Feature","properties":{"osm_id":"207872401","code":7203,"fclass":"residential","name":"PMC Colony, Rajendranagar"},"geometry":{"type":"MultiPolygon","coordinates":[[[[73.8407941,18.5035507],[73.8413597,18.5035507],[73.8413712,18.5031907],[73.8415074,18.5031871],[73.8415879,18.5031635],[73.8416272,18.5030916],[73.8416465,18.5023637],[73.8422351,18.5023766],[73.8422457,18.5021473],[73.8425313,18.5021619],[73.8426023,18.5023019],[73.8426234,18.5024764],[73.8426195,18.5027764],[73.8422131,18.5027619],[73.84219,18.5033328],[73.8416954,18.5033146],[73.8416954,18.5039001],[73.8407981,18.5039037],[73.8407941,18.5035507]]]]}},
{"type":"Feature","properties":{"osm_id":"207872402","code":7203,"fclass":"residential","name":"Phatak Bag"},"geometry":{"type":"MultiPolygon","coordinates":[[[[73.8391335,18.5054697],[73.8391579,18.505282],[73.8392392,18.5051405],[73.8394059,18.5049571],[73.8397354,18.5050403],[73.8410858,18.5050325],[73.8410907,18.5066227],[73.8395527,18.5066414],[73.8395511,18.5062642],[73.8394887,18.5061485],[73.8393721,18.5060585],[73.8391633,18.5060071],[73.8391335,18.5054697]]]]}},
{"type":"Feature","properties":{"osm_id":"207872403","code":7212,"fclass":"retail","name":""},"geometry":{"type":"MultiPolygon","coordinates":[[[[73.8379684,18.5105763],[73.8387206,18.509956],[73.8393226,18.5106433],[73.8392919,18.5107015],[73.8382692,18.5109519],[73.8379684,18.5105763]]]]}},
{"type":"Feature","properties":{"osm_id":"207872404","code":7203,"fclass":"residential","name":"Rajendranagar"},"geometry":{"type":"MultiPolygon","coordinates":[[[[73.8391373,18.5043384],[73.8391521,18.5042232],[73.8394295,18.5040772],[73.8397063,18.5040649],[73.8399723,18.5040966],[73.8403407,18.5040141],[73.8407981,18.5039037],[73.8416954,18.5039001],[73.8416954,18.5033146],[73.84219,18.5033328],[73.8422131,18.5027619],[73.8426195,18.5027764],[73.8426234,18.5024764],[73.8431037,18.5027001],[73.8433966,18.5027824],[73.8437247,18.5028056],[73.8449447,18.5028562],[73.8451096,18.5029435],[73.8451748,18.5031107],[73.8450827,18.5038817],[73.8450252,18.5042162],[73.8447644,18.5050526],[73.8440895,18.504889],[73.8435297,18.5048199],[73.8429775,18.504809],[73.8418654,18.5048453],[73.8398062,18.5048962],[73.8396597,18.5048972],[73.8394808,18.5048549],[73.8392126,18.5046943],[73.8391829,18.5045427],[73.8391373,18.5043384]]]]}},
{"type":"Feature","properties":{"osm_id":"207872436","code":7203,"fclass":"residential","name":""},"geometry":{"type":"MultiPolygon","coordinates":[[[[73.8373912,18.5056086],[73.8373965,18.50473],[73.8386444,18.504746],[73.8386413,18.5051905],[73.8388139,18.505205],[73.8387947,18.5058777],[73.8389098,18.5065105],[73.8385876,18.5075577],[73.8380278,18.5069723],[73.8377747,18.5064996],[73.8373912,18.5056086]]]]}},
{"type":"Feature","properties":{"osm_id":"207872437","code":7209,"fclass":"commercial","name":""},"geometry":{"type":"MultiPolygon","coordinates":[[[[73.8326913,18.5086045],[73.8328792,18.5083645],[73.8327949,18.5083136],[73.8328921,18.5081795],[73.8333463,18.508136],[73.8333514,18.5073043],[73.8344008,18.5078828],[73.8342221,18.5080895],[73.8336752,18.5083355],[73.8335546,18.5084377],[73.8331957,18.5088902],[73.8326913,18.5086045]]]]}},
{"type":"Feature","properties":{"osm_id":"207872438","code":7212,"fclass":"retail","name":""},"geometry":{"type":"MultiPolygon","coordinates":[[[[73.8355015,18.5375415],[73.8359018,18.5372278],[73.8364409,18.5378276],[73.8360405,18.538148],[73.8355015,18.5375415]]]]}},
{"type":"Feature","properties":{"osm_id":"207872439","code":7209,"fclass":"commercial","name":""},"geometry":{"type":"MultiPolygon","coordinates":[[[[73.8333448,18.507141],[73.8336404,18.5066705],[73.8338709,18.5064185],[73.8349365,18.5074778],[73.8347141,18.5078224],[73.8346409,18.507843],[73.8333448,18.507141]]]]}},
{"type":"Feature","properties":{"osm_id":"207872440","code":7209,"fclass":"commercial","name":""},"geometry":{"type":"MultiPolygon","coordinates":[[[[73.8288105,18.5366967],[73.8295008,18.536604],[73.8294818,18.5348251],[73.8292279,18.5346382],[73.8291964,18.5332901],[73.8291909,18.5330541],[73.8291875,18.5329102],[73.8291316,18.5305164],[73.8298957,18.5304837],[73.8301124,18.5368441],[73.8288465,18.5369175],[73.8288105,18.5366967]]]]}},
{"type":"Feature","properties":{"osm_id":"207872441","code":7203,"fclass":"residential","name":""},"geometry":{"type":"MultiPolygon","coordinates":[[[[73.8416465,18.5023637],[73.8418267,18.502154],[73.8421033,18.5020408],[73.842247,18.502028],[73.8422457,18.5021473],[73.8422351,18.5023766],[73.8416465,18.5023637]]]]}},
{"type":"Feature","properties":{"osm_id":"207877492","code":7203,"fclass":"residential","name":""},"geometry":{"type":"MultiPolygon","coordinates":[[[[73.7880746,18.5054942],[73.7887114,18.5054127],[73.7904843,18.5051859],[73.7920833,18.5047575],[73.7916472,18.5056367],[73.7912918,18.5060745],[73.7907935,18.506488],[73.7903904,18.5066999],[73.7895829,18.5069874],[73.7888653,18.5071012],[73.7882908,18.5071343],[73.7881312,18.5059233],[73.7880746,18.5054942]]]]}},
{"type":"Feature","properties":{"osm_id":"207877493","code":7203,"fclass":"residential","name":""},"geometry":{"type":"MultiPolygon","coordinates":[[[[73.7754384,18.5210525],[73.7758281,18.5209585],[73.7787808,18.5202466],[73.7808946,18.52505],[73.7809059,18.5250667],[73.7813073,18.5256618],[73.780366,18.5258705],[73.779739,18.5261457],[73.7790861,18.526524],[73.7785834,18.5268974],[73.7778786,18.5267648],[73.7769822,18.5263619],[73.7767749,18.5261653],[73.7765422,18.525912],[73.7765525,18.5257351],[73.7768376,18.5250767],[73.7770137,18.5248162],[73.7776252,18.5242168],[73.7777807,18.5240448],[73.7777755,18.5237992],[73.7774381,18.5233493],[73.7767423,18.5225937],[73.7762831,18.5214849],[73.7754799,18.5212048],[73.7754384,18.5210525]]]]}},
{"type":"Feature","properties":{"osm_id":"2795352","code":7201,"fclass":"forest","name":""},"geometry":{"type":"MultiPolygon","coordinates":[[[[73.8526341,18.5008837],[73.8526404,18.5008212],[73.8526603,18.5007614],[73.8526929,18.5007068],[73.8527367,18.5006598],[73.8527898,18.5006225],[73.85285,18.5005965],[73.8529145,18.5005829],[73.8529806,18.5005824],[73.8530455,18.5005948],[73.8531061,18.5006198],[73.8531599,18.5006562],[73.8532047,18.5007025],[73.8532382,18.5007565],[73.8532592,18.5008159],[73.8532624,18.5008369],[73.8532667,18.5008782],[73.8532652,18.5008931],[73.8532604,18.5009407],[73.8532405,18.5010005],[73.853208,18.5010551],[73.8531642,18.5011021],[73.853111,18.5011394],[73.8530509,18.5011654],[73.8529863,18.501179],[73.8529202,18.5011795],[73.8528554,18.5011671],[73.8527947,18.5011421],[73.8527409,18.5011057],[73.8526962,18.5010594],[73.8526704,18.5010179],[73.8526626,18.5010054],[73.8526473,18.5009643],[73.8526416,18.500946],[73.8526341,18.5008837]],[[73.852696,18.5008831],[73.8527021,18.5009332],[73.852719,18.5009811],[73.852746,18.5010245],[73.8527819,18.5010617],[73.8528252,18.501091],[73.852874,18.5011111],[73.8529261,18.5011211],[73.8529793,18.5011206],[73.8530312,18.5011097],[73.8530796,18.5010888],[73.8531223,18.5010588],[73.8531576,18.501021],[73.8531838,18.5009771],[73.8531997,18.500929],[73.8532048,18.5008788],[73.8531988,18.5008287],[73.8531819,18.5007809],[73.8531549,18.5007374],[73.8531189,18.5007002],[73.8530756,18.5006709],[73.8530268,18.5006508],[73.8529747,18.5006408],[73.8529216,18.5006413],[73.8528696,18.5006522],[73.8528212,18.5006731],[73.8527785,18.5007031],[73.8527433,18.5007409],[73.8527171,18.5007848],[73.8527011,18.5008329],[73.852696,18.5008831]]]]}},
{"type":"Feature","properties":{"osm_id":"208054718","code":7209,"fclass":"commercial","name":""},"geometry":{"type":"MultiPolygon","coordinates":[[[[73.8902449,18.5476856],[73.8907968,18.5472144],[73.8910727,18.547464],[73.890497,18.5479526],[73.8902449,18.5476856]]]]}},
{"type":"Feature","properties":{"osm_id":"208055625","code":7209,"fclass":"commercial","name":""},"geometry":{"type":"MultiPolygon","coordinates":[[[[73.891535,18.5518686],[73.8928218,18.5518198],[73.89288,18.5518354],[73.8928314,18.5520979],[73.8928,18.552457],[73.8915734,18.5524986],[73.891535,18.5518686]]]]}},
{"type":"Feature","properties":{"osm_id":"208056821","code":7209,"fclass":"commercial","name":""},"geometry":{"type":"MultiPolygon","coordinates":[[[[73.8910515,18.5533633],[73.8912479,18.5533307],[73.8912768,18.5532412],[73.8914446,18.552678],[73.8930909,18.5526404],[73.8931992,18.5542671],[73.8923723,18.554385],[73.8923315,18.5541393],[73.8923315,18.5535189],[73.8910977,18.5536308],[73.8910515,18.5533633]]]]}},
{"type":"Feature","properties":{"osm_id":"5409176","code":7209,"fclass":"commercial","name":""},"geometry":{"type":"MultiPolygon","coordinates":[[[[73.8907483,18.5557791],[73.8910112,18.5556901],[73.8911453,18.5556468],[73.8911802,18.5557562],[73.8912338,18.5557384],[73.8912606,18.5557943],[73.8912016,18.5558121],[73.891207,18.5558859],[73.8908234,18.5559977],[73.8907854,18.5558869],[73.8907483,18.5557791]]],[[[73.8908404,18.5564982],[73.8915529,18.5562974],[73.8916665,18.5566576],[73.8909354,18.5568648],[73.8908404,18.5564982]]]]}},
{"type":"Feature","properties":{"osm_id":"208056824","code":7209,"fclass":"commercial","name":""},"geometry":{"type":"MultiPolygon","coordinates":[[[[73.8953089,18.5524916],[73.8954671,18.5524789],[73.8958802,18.5524611],[73.8962557,18.5524509],[73.8962557,18.5526874],[73.896194,18.5531222],[73.8960545,18.5531171],[73.8953357,18.55314],[73.8953089,18.5524916]]]]}},
{"type":"Feature","properties":{"osm_id":"208058066","code":7212,"fclass":"retail","name":""},"geometry":{"type":"MultiPolygon","coordinates":[[[[73.9156457,18.5616816],[73.9159681,18.5616548],[73.9159701,18.5616033],[73.9164034,18.5615899],[73.9164236,18.5615364],[73.9165002,18.5610339],[73.9165325,18.5606105],[73.9177084,18.5610184],[73.917656,18.5614291],[73.9178828,18.5614711],[73.9178953,18.561545],[73.9178902,18.561631],[73.9178429,18.5618296],[73.917731,18.5620971],[73.917597,18.5623388],[73.9174489,18.5625384],[73.9172614,18.5627409],[73.9169793,18.562997],[73.9167564,18.5631426],[73.9165047,18.5632491],[73.9162699,18.563294],[73.916023,18.5633112],[73.9157545,18.5633361],[73.9156961,18.5631737],[73.9156457,18.5616816]]]]}},
{"type":"Feature","properties":{"osm_id":"208060308","code":7203,"fclass":"residential","name":"Nyati Meadows"},"geometry":{"type":"MultiPolygon","coordinates":[[[[73.9139343,18.5463279],[73.9143341,18.54628],[73.9145738,18.5462513],[73.9145834,18.5463308],[73.9149214,18.5491277],[73.914835,18.5493463],[73.9142347,18.5493183],[73.9140901,18.5478788],[73.9139343,18.5463279]]]]}},
{"type":"Feature","properties":{"osm_id":"208089914","code":7211,"fclass":"recreation_ground","name":"Mitramandal Colony Ground"},"geometry":{"type":"MultiPolygon","coordinates":[[[[73.8522839,18.4953244],[73.8531018,18.495213],[73.8532787,18.4962562],[73.8526521,18.4963883],[73.8522839,18.4953244]]]]}},
{"type":"Feature","properties":{"osm_id":"208588899","code":7203,"fclass":"residential","name":""},"geometry":{"type":"MultiPolygon","coordinates":[[[[73.8362696,18.5138464],[73.8363353,18.5133834],[73.8363781,18.5131043],[73.8369443,18.5122051],[73.8372353,18.5117559],[73.8391647,18.5127274],[73.8389394,18.5131311],[73.8389363,18.5132706],[73.8391543,18.514119],[73.8385998,18.5141482],[73.8384552,18.5141033],[73.8372931,18.5138701],[73.8362696,18.5138464]]]]}},
{"type":"Feature","properties":{"osm_id":"208588900","code":7203,"fclass":"residential","name":""},"geometry":{"type":"MultiPolygon","coordinates":[[[[73.8243388,18.5143985],[73.8251962,18.5142432],[73.8260435,18.514055],[73.8287093,18.513484],[73.8286506,18.514202],[73.8286739,18.5145923],[73.8286993,18.5148041],[73.8286883,18.5150104],[73.8287702,18.5153198],[73.8275064,18.5156214],[73.8260192,18.5159697],[73.8259946,18.5159755],[73.8250103,18.5161503],[73.824987,18.5161544],[73.8248362,18.5155291],[73.8246703,18.5150602],[73.8246067,18.5149333],[73.8243388,18.5143985]]]]}},
{"type":"Feature","properties":{"osm_id":"208588901","code":7203,"fclass":"residential","name":""},"geometry":{"type":"MultiPolygon","coordinates":[[[[73.8287411,18.5136692],[73.8288717,18.5132583],[73.8304486,18.5129094],[73.830599,18.5132091],[73.8306542,18.5134418],[73.8306816,18.5137096],[73.8307499,18.5140885],[73.8309179,18.5144557],[73.8312058,18.5147676],[73.8289218,18.5153007],[73.8287756,18.5146856],[73.8287417,18.5144266],[73.8287613,18.5142077],[73.8287411,18.5136692]]]]}},
{"type":"Feature","properties":{"osm_id":"208588902","code":7203,"fclass":"residential","name":""},"geometry":{"type":"MultiPolygon","coordinates":[[[[73.830862,18.5041059],[73.8310701,18.5038862],[73.8316363,18.5034194],[73.831802,18.5033224],[73.8319397,18.5039792],[73.8321048,18.5039484],[73.8322051,18.5044671],[73.8331467,18.5044776],[73.8331511,18.5047462],[73.8331953,18.5049981],[73.8332573,18.5051828],[73.8328449,18.5055329],[73.8327291,18.5055745],[73.8325913,18.5055686],[73.8324755,18.5055122],[73.8315863,18.5047945],[73.830862,18.5041059]]]]}},
{"type":"Feature","properties":{"osm_id":"208588903","code":7203,"fclass":"residential","name":""},"geometry":{"type":"MultiPolygon","coordinates":[[[[73.834069,18.5048359],[73.8341269,18.5046964],[73.8343209,18.5047706],[73.8345964,18.5047499],[73.8348593,18.5048063],[73.8352599,18.5050853],[73.8353131,18.5052544],[73.8355115,18.5055266],[73.8355547,18.5055863],[73.8357632,18.5059752],[73.8358132,18.5061843],[73.83565,18.5065866],[73.8345244,18.5069017],[73.8341093,18.506507],[73.834069,18.5048359]]]]}},
{"type":"Feature","properties":{"osm_id":"208588904","code":7203,"fclass":"residential","name":""},"geometry":{"type":"MultiPolygon","coordinates":[[[[73.8296886,18.5106155],[73.8308609,18.5085903],[73.8371936,18.5117306],[73.8368555,18.5122575],[73.836399,18.5129686],[73.8362551,18.5133602],[73.8361918,18.5138946],[73.8353453,18.513958],[73.8346353,18.5140729],[73.8328409,18.5144849],[73.8318095,18.5146927],[73.8313975,18.5147409],[73.8310626,18.5144085],[73.8309218,18.5141176],[73.8307183,18.5131412],[73.8305274,18.5128296],[73.8303365,18.512699],[73.8301143,18.5125803],[73.8300329,18.5124615],[73.8300548,18.5122567],[73.830153,18.5118078],[73.8298306,18.5108136],[73.8296886,18.5106155]]]]}},
{"type":"Feature","properties":{"osm_id":"208588905","code":7203,"fclass":"residential","name":""},"geometry":{"type":"MultiPolygon","coordinates":[[[[73.8240176,18.5132282],[73.8240388,18.5127439],[73.8241593,18.5118213],[73.8245558,18.5110662],[73.8248891,18.5104314],[73.8255224,18.5096462],[73.8258071,18.5090875],[73.8261146,18.5084727],[73.8264589,18.5076001],[73.8264401,18.5071608],[73.8261834,18.5068403],[73.8260777,18.5063141],[73.8275895,18.5069582],[73.8273615,18.507377],[73.8257201,18.5103923],[73.8268376,18.5104007],[73.8277386,18.5103504],[73.8288186,18.510237],[73.8290255,18.5104186],[73.8292156,18.5105506],[73.8294773,18.5107371],[73.8289618,18.5121222],[73.8276046,18.5121985],[73.8268321,18.5123868],[73.8262956,18.5125648],[73.8260274,18.5126055],[73.8254412,18.5126902],[73.8254794,18.5128922],[73.8248496,18.5130091],[73.8248926,18.5132295],[73.8245515,18.5134791],[73.8241221,18.5137937],[73.8241093,18.5137487],[73.8240433,18.5135176],[73.8240176,18.5132282]]]]}},
{"type":"Feature","properties":{"osm_id":"208588906","code":7211,"fclass":"recreation_ground","name":""},"geometry":{"type":"MultiPolygon","coordinates":[[[[73.8249235,18.5127353],[73.8251301,18.5121299],[73.8253304,18.5121922],[73.8252959,18.5126789],[73.8249235,18.5127353]]]]}},
{"type":"Feature","properties":{"osm_id":"208958215","code":7202,"fclass":"park","name":"Raja Mantri Udyan"},"geometry":{"type":"MultiPolygon","coordinates":[[[[73.8328165,18.5062674],[73.8329586,18.5059879],[73.8332457,18.5060689],[73.8337823,18.5063608],[73.833598,18.5066185],[73.8328165,18.5062674]]]]}},
{"type":"Feature","properties":{"osm_id":"208958216","code":7202,"fclass":"park","name":"Sachin Tendulkar Jogging Park"},"geometry":{"type":"MultiPolygon","coordinates":[[[[73.8399506,18.5043924],[73.8400685,18.5043117],[73.8403555,18.5042264],[73.840707,18.5041618],[73.8407058,18.5044547],[73.8399566,18.5044755],[73.8399506,18.5043924]]]]}},
{"type":"Feature","properties":{"osm_id":"208958226","code":7211,"fclass":"recreation_ground","name":""},"geometry":{"type":"MultiPolygon","coordinates":[[[[73.8303202,18.5055627],[73.8303645,18.5055468],[73.8303718,18.5055237],[73.8303597,18.5054972],[73.8303935,18.5054811],[73.8306878,18.5054972],[73.8306878,18.5056148],[73.8307608,18.5056171],[73.8307462,18.5057901],[73.8306927,18.5058939],[73.8306221,18.5059239],[73.8304908,18.5059239],[73.8304428,18.5058966],[73.8303202,18.5055627]]]]}},
{"type":"Feature","properties":{"osm_id":"208958233","code":7202,"fclass":"park","name":""},"geometry":{"type":"MultiPolygon","coordinates":[[[[73.8298015,18.5054914],[73.8298827,18.5053058],[73.8303597,18.5054972],[73.8303718,18.5055237],[73.8303645,18.5055468],[73.8303202,18.5055627],[73.8300617,18.505669],[73.8299814,18.5055837],[73.8298015,18.5054914]]]]}},
{"type":"Feature","properties":{"osm_id":"209172237","code":7211,"fclass":"recreation_ground","name":""},"geometry":{"type":"MultiPolygon","coordinates":[[[[73.8121908,18.498825],[73.8122315,18.4987919],[73.8123797,18.4987947],[73.8124117,18.498825],[73.8124612,18.4998645],[73.8124321,18.4999003],[73.8123739,18.4999251],[73.81231,18.4999251],[73.8122634,18.4999003],[73.8122535,18.499873],[73.8121908,18.498825]]]]}},
{"type":"Feature","properties":{"osm_id":"209748923","code":7211,"fclass":"recreation_ground","name":"Ideal Colony Ground"},"geometry":{"type":"MultiPolygon","coordinates":[[[[73.8166289,18.5086152],[73.816763,18.5078889],[73.8177881,18.5080951],[73.8176452,18.5088168],[73.8166289,18.5086152]]]]}},
{"type":"Feature","properties":{"osm_id":"209748924","code":7204,"fclass":"industrial","name":"Vanaz"},"geometry":{"type":"MultiPolygon","coordinates":[[[[73.8042696,18.5069534],[73.804308,18.5057995],[73.8057289,18.5057464],[73.8057787,18.5071086],[73.8042696,18.5069534]]]]}},
{"type":"Feature","properties":{"osm_id":"209749013","code":7211,"fclass":"recreation_ground","name":""},"geometry":{"type":"MultiPolygon","coordinates":[[[[73.814726,18.5080808],[73.8148128,18.5077641],[73.8152075,18.5078613],[73.8151207,18.508178],[73.814726,18.5080808]]]]}},
{"type":"Feature","properties":{"osm_id":"210212287","code":7202,"fclass":"park","name":""},"geometry":{"type":"MultiPolygon","coordinates":[[[[73.8213929,18.5317142],[73.8216446,18.5315701],[73.8230026,18.5316623],[73.823015,18.5317449],[73.8218091,18.5325529],[73.8217418,18.532534],[73.821672,18.5324513],[73.8213929,18.5317142]]]]}},
{"type":"Feature","properties":{"osm_id":"210344036","code":7229,"fclass":"farmland","name":"Indian Agricultural Research Institute"},"geometry":{"type":"MultiPolygon","coordinates":[[[[73.8047775,18.5528151],[73.8050425,18.5511973],[73.8051422,18.5511525],[73.8059856,18.550773],[73.8078067,18.5504757],[73.8079723,18.5504579],[73.8080866,18.5504309],[73.8081812,18.550407],[73.808362,18.5503618],[73.8084401,18.5504419],[73.8084969,18.5504424],[73.808564,18.5503389],[73.8092734,18.5502219],[73.8092427,18.5512307],[73.8094643,18.5512511],[73.809449,18.5520798],[73.8081747,18.552179],[73.8076145,18.552249],[73.807199,18.5523103],[73.8071959,18.5523745],[73.8050135,18.5527721],[73.8047775,18.5528151]]]]}},
{"type":"Feature","properties":{"osm_id":"210344040","code":7209,"fclass":"commercial","name":"westend"},"geometry":{"type":"MultiPolygon","coordinates":[[[[73.8065443,18.5605411],[73.8070363,18.5605604],[73.8073495,18.5605824],[73.807373,18.5626395],[73.8073724,18.5627163],[73.8066371,18.5627311],[73.8065443,18.5605411]]]]}},
{"type":"Feature","properties":{"osm_id":"210344042","code":7211,"fclass":"recreation_ground","name":""},"geometry":{"type":"MultiPolygon","coordinates":[[[[73.8107123,18.5514302],[73.8107677,18.5513096],[73.811097,18.5512323],[73.8112699,18.5512478],[73.8114231,18.5513498],[73.811547,18.5515136],[73.8115307,18.5518011],[73.8114785,18.5519464],[73.8112633,18.5521844],[73.8111329,18.5522061],[73.8108721,18.552169],[73.8108716,18.5520472],[73.8108726,18.5516994],[73.8108721,18.5514271],[73.8107123,18.5514302]]]]}},
{"type":"Feature","properties":{"osm_id":"210344050","code":7211,"fclass":"recreation_ground","name":"C Sectore - Abhimanshree Society Playground"},"geometry":{"type":"MultiPolygon","coordinates":[[[[73.8173375,18.5448958],[73.8173709,18.544485],[73.8185182,18.5445687],[73.8184849,18.5449794],[73.8173375,18.5448958]]]]}},
{"type":"Feature","properties":{"osm_id":"210344051","code":7211,"fclass":"recreation_ground","name":"A Sector Abhimanshree Society Playground"},"geometry":{"type":"MultiPolygon","coordinates":[[[[73.8179583,18.5415705],[73.8180056,18.5411308],[73.8187177,18.5411998],[73.8186704,18.5416394],[73.8179583,18.5415705]]]]}},
{"type":"Feature","properties":{"osm_id":"210604941","code":7202,"fclass":"park","name":"Kakasaheb Gadgil Udyan"},"geometry":{"type":"MultiPolygon","coordinates":[[[[73.8538739,18.4750389],[73.8539659,18.4749882],[73.8541681,18.4749295],[73.854688,18.4749533],[73.8543854,18.475624],[73.8542918,18.475662],[73.8538739,18.4750389]]]]}},
{"type":"Feature","properties":{"osm_id":"210605039","code":7202,"fclass":"park","name":"Walvekar Garden"},"geometry":{"type":"MultiPolygon","coordinates":[[[[73.8551442,18.4841853],[73.8551534,18.4840248],[73.8551502,18.4831306],[73.8554569,18.4831195],[73.8554515,18.483371],[73.8561911,18.4833663],[73.8561978,18.4836521],[73.8554933,18.4842077],[73.8553826,18.4841923],[73.8551442,18.4841853]]]]}},
{"type":"Feature","properties":{"osm_id":"210718054","code":7202,"fclass":"park","name":""},"geometry":{"type":"MultiPolygon","coordinates":[[[[73.845846,18.505414],[73.845848,18.505346],[73.8459918,18.504875],[73.846567,18.5049922],[73.8464556,18.5055508],[73.8464039,18.5056206],[73.8463303,18.5056546],[73.84623,18.5056508],[73.8460858,18.5056206],[73.8459425,18.5055659],[73.8458798,18.5054876],[73.845846,18.505414]]]]}},
{"type":"Feature","properties":{"osm_id":"210718055","code":7202,"fclass":"park","name":"Vijayanagar Colony Udyan"},"geometry":{"type":"MultiPolygon","coordinates":[[[[73.8512187,18.5050526],[73.8512245,18.5050127],[73.8512371,18.5049743],[73.8512562,18.5049384],[73.8512812,18.5049059],[73.8513116,18.5048778],[73.8513464,18.5048548],[73.8513847,18.5048376],[73.8514255,18.5048266],[73.8514677,18.5048221],[73.85151,18.5048242],[73.8515515,18.504833],[73.8515908,18.504848],[73.851627,18.504869],[73.851659,18.5048954],[73.851686,18.5049264],[73.8517073,18.5049612],[73.8517222,18.5049989],[73.8517305,18.5050383],[73.8517317,18.5050786],[73.8517259,18.5051184],[73.8517134,18.5051568],[73.8516943,18.5051927],[73.8516692,18.5052252],[73.8516388,18.5052533],[73.851604,18.5052763],[73.8515657,18.5052935],[73.8515249,18.5053045],[73.8514828,18.505309],[73.8514404,18.5053069],[73.851399,18.5052981],[73.8513596,18.5052831],[73.8513235,18.5052621],[73.8512914,18.5052357],[73.8512644,18.5052047],[73.8512431,18.5051699],[73.8512282,18.5051322],[73.85122,18.5050928],[73.8512187,18.5050526]]]]}},
{"type":"Feature","properties":{"osm_id":"210718059","code":7202,"fclass":"park","name":""},"geometry":{"type":"MultiPolygon","coordinates":[[[[73.8376484,18.4975257],[73.8383213,18.4975371],[73.8383477,18.4978903],[73.8376532,18.4978789],[73.8376484,18.4975257]]]]}},
{"type":"Feature","properties":{"osm_id":"211397750","code":7203,"fclass":"residential","name":"Aditya Shagun Society"},"geometry":{"type":"MultiPolygon","coordinates":[[[[73.7762322,18.5197447],[73.7765192,18.5193505],[73.7766319,18.5191674],[73.7767338,18.5189309],[73.7768303,18.5186715],[73.7768947,18.5184273],[73.7769269,18.5181602],[73.7771308,18.5180331],[73.7774285,18.5183281],[73.7774625,18.5183954],[73.7775787,18.5188113],[73.7781304,18.5189168],[73.7781492,18.5195195],[73.7779542,18.5195082],[73.7778568,18.519545],[73.7778005,18.5196085],[73.7773722,18.5195616],[73.7773311,18.5197713],[73.7766775,18.5197066],[73.7765353,18.51991],[73.7762322,18.5197447]]]]}},
{"type":"Feature","properties":{"osm_id":"213830185","code":7209,"fclass":"commercial","name":"Marketyard"},"geometry":{"type":"MultiPolygon","coordinates":[[[[73.8624748,18.4820892],[73.8653627,18.4822636],[73.8653501,18.4848955],[73.8669466,18.4849193],[73.8669592,18.4826362],[73.8704972,18.4825107],[73.8705176,18.4828713],[73.8705182,18.4831001],[73.8705796,18.4839197],[73.8713417,18.4838729],[73.8700438,18.4893579],[73.8673322,18.489036],[73.8665845,18.4890052],[73.8661767,18.489064],[73.8634632,18.4893928],[73.8633566,18.4884554],[73.8633545,18.4871811],[73.8633023,18.4865092],[73.8630787,18.4846463],[73.8629658,18.4844976],[73.86283,18.4832228],[73.8626837,18.4832308],[73.8624748,18.4820892]]]]}},
{"type":"Feature","properties":{"osm_id":"213830187","code":7209,"fclass":"commercial","name":""},"geometry":{"type":"MultiPolygon","coordinates":[[[[73.8700195,18.4901332],[73.8714238,18.4843938],[73.8718375,18.4844612],[73.8713695,18.4858207],[73.8703915,18.4902085],[73.8700195,18.4901332]]]]}},
{"type":"Feature","properties":{"osm_id":"213842796","code":7202,"fclass":"park","name":""},"geometry":{"type":"MultiPolygon","coordinates":[[[[73.8752314,18.4845352],[73.8758207,18.484143],[73.8758492,18.4849766],[73.8752314,18.4845352]]]]}},
{"type":"Feature","properties":{"osm_id":"213842797","code":7202,"fclass":"park","name":"Bhimale garden"},"geometry":{"type":"MultiPolygon","coordinates":[[[[73.8742497,18.4878208],[73.8744405,18.4865918],[73.8753178,18.4871825],[73.8742497,18.4878208]]]]}},
{"type":"Feature","properties":{"osm_id":"215535662","code":7202,"fclass":"park","name":"V. D. Vartak Udyan"},"geometry":{"type":"MultiPolygon","coordinates":[[[[73.8474291,18.5183461],[73.8480263,18.518248],[73.8481815,18.5190172],[73.8480239,18.5190372],[73.8474291,18.5183461]]]]}},
{"type":"Feature","properties":{"osm_id":"215535675","code":7204,"fclass":"industrial","name":""},"geometry":{"type":"MultiPolygon","coordinates":[[[[73.822883,18.5015565],[73.8229322,18.5012265],[73.8237036,18.5011611],[73.8247672,18.5009619],[73.8246112,18.5014273],[73.8244069,18.5017223],[73.8240873,18.5020365],[73.8239991,18.502208],[73.8230514,18.5019908],[73.8231305,18.5015959],[73.822883,18.5015565]]]]}},
{"type":"Feature","properties":{"osm_id":"215535676","code":7204,"fclass":"industrial","name":""},"geometry":{"type":"MultiPolygon","coordinates":[[[[73.8171809,18.502284],[73.8173771,18.5017135],[73.8176105,18.5015941],[73.8183251,18.5013453],[73.8198136,18.5012933],[73.819502,18.5030302],[73.8186736,18.5027453],[73.818681,18.5027237],[73.8186056,18.5026983],[73.8185981,18.5027195],[73.8182397,18.5026004],[73.8183182,18.5022295],[73.8182778,18.502185],[73.8180836,18.5020975],[73.8178667,18.502033],[73.817734,18.5024459],[73.8171809,18.502284]]]]}},
{"type":"Feature","properties":{"osm_id":"215535677","code":7204,"fclass":"industrial","name":""},"geometry":{"type":"MultiPolygon","coordinates":[[[[73.8272711,18.5051608],[73.827437,18.5046279],[73.827667,18.5020659],[73.8284696,18.5024624],[73.8282055,18.5041687],[73.8281378,18.5042458],[73.8279753,18.5049586],[73.8279922,18.5050388],[73.8282529,18.5050741],[73.8283274,18.5051062],[73.8283467,18.5054664],[73.8283735,18.505968],[73.8283755,18.5060064],[73.8283782,18.5060566],[73.8283342,18.5064997],[73.8283137,18.5065425],[73.8280001,18.5065121],[73.8279009,18.5061991],[73.8277959,18.5056585],[73.8274824,18.5053612],[73.8272711,18.5051608]]]]}},
{"type":"Feature","properties":{"osm_id":"215535686","code":7202,"fclass":"park","name":""},"geometry":{"type":"MultiPolygon","coordinates":[[[[73.8512636,18.5036173],[73.851272,18.5035743],[73.8512953,18.5035366],[73.8513308,18.5035088],[73.8513743,18.5034941],[73.8514204,18.5034944],[73.8514636,18.5035097],[73.8514987,18.503538],[73.8515214,18.5035761],[73.8515291,18.5036192],[73.8515208,18.5036622],[73.8514974,18.5036999],[73.8514619,18.5037277],[73.8514185,18.5037424],[73.8513724,18.503742],[73.8513292,18.5037268],[73.8512941,18.5036985],[73.8512713,18.5036604],[73.8512636,18.5036173]]]]}},
{"type":"Feature","properties":{"osm_id":"215535687","code":7202,"fclass":"park","name":""},"geometry":{"type":"MultiPolygon","coordinates":[[[[73.8501506,18.5050868],[73.850155,18.5050175],[73.8501794,18.5049755],[73.8502702,18.5049272],[73.8505714,18.5049398],[73.850567,18.5053263],[73.8503433,18.505299],[73.8502215,18.5052506],[73.8501728,18.5051792],[73.8501506,18.5050868]]]]}},
{"type":"Feature","properties":{"osm_id":"215586286","code":7204,"fclass":"industrial","name":"Kirloskar Oil Engines"},"geometry":{"type":"MultiPolygon","coordinates":[[[[73.8378422,18.5716598],[73.8426802,18.569386],[73.8431163,18.5725636],[73.8381566,18.5735298],[73.8378422,18.5716598]]]]}},
{"type":"Feature","properties":{"osm_id":"215586289","code":7209,"fclass":"commercial","name":""},"geometry":{"type":"MultiPolygon","coordinates":[[[[73.8426412,18.5059099],[73.8435666,18.5059833],[73.8444727,18.5061056],[73.8444179,18.5064144],[73.843515,18.5063257],[73.8426541,18.5062676],[73.8426412,18.5059099]]]]}},
{"type":"Feature","properties":{"osm_id":"215732323","code":7202,"fclass":"park","name":"Yashwant Nagar Society"},"geometry":{"type":"MultiPolygon","coordinates":[[[[73.8342834,18.5398859],[73.8348086,18.5395397],[73.8351694,18.5398919],[73.8345545,18.5402462],[73.8342834,18.5398859]]]]}},
{"type":"Feature","properties":{"osm_id":"215732324","code":7202,"fclass":"park","name":"Midori park"},"geometry":{"type":"MultiPolygon","coordinates":[[[[73.8255756,18.5240186],[73.8258568,18.5240186],[73.8258568,18.5244284],[73.8255756,18.5244284],[73.8255756,18.5240186]]]]}},
{"type":"Feature","properties":{"osm_id":"215732325","code":7211,"fclass":"recreation_ground","name":"Kapila Society Ground"},"geometry":{"type":"MultiPolygon","coordinates":[[[[73.8253189,18.5256412],[73.8253566,18.5252996],[73.8259651,18.5253599],[73.8259275,18.5257015],[73.8253189,18.5256412]]]]}},
{"type":"Feature","properties":{"osm_id":"215732327","code":7202,"fclass":"park","name":""},"geometry":{"type":"MultiPolygon","coordinates":[[[[73.8365673,18.5402888],[73.8370007,18.5400519],[73.837101,18.540228],[73.8370882,18.5403495],[73.8369665,18.5404568],[73.8367851,18.5404912],[73.8366399,18.5404345],[73.8365673,18.5402888]]]]}},
{"type":"Feature","properties":{"osm_id":"215776183","code":7211,"fclass":"recreation_ground","name":""},"geometry":{"type":"MultiPolygon","coordinates":[[[[73.8432177,18.5038384],[73.8436827,18.5038589],[73.8436667,18.5041887],[73.8432261,18.5041681],[73.8432177,18.5038384]]]]}},
{"type":"Feature","properties":{"osm_id":"215776185","code":7202,"fclass":"park","name":""},"geometry":{"type":"MultiPolygon","coordinates":[[[[73.8062215,18.5088222],[73.8063164,18.5084854],[73.8069648,18.5086803],[73.8069258,18.5087899],[73.8062215,18.5088222]]]]}},
{"type":"Feature","properties":{"osm_id":"215776186","code":7211,"fclass":"recreation_ground","name":""},"geometry":{"type":"MultiPolygon","coordinates":[[[[73.8434315,18.5046289],[73.8434417,18.5044399],[73.843814,18.5044649],[73.8437875,18.5046906],[73.8434315,18.5046289]]]]}},
{"type":"Feature","properties":{"osm_id":"215804388","code":7202,"fclass":"park","name":"Kamalnayan Bajaj Udyan"},"geometry":{"type":"MultiPolygon","coordinates":[[[[73.8519481,18.544892],[73.8524752,18.5456296],[73.8521072,18.5464092],[73.8520132,18.5463765],[73.8519481,18.544892]]]]}},
{"type":"Feature","properties":{"osm_id":"215804485","code":7211,"fclass":"recreation_ground","name":""},"geometry":{"type":"MultiPolygon","coordinates":[[[[73.8509722,18.5253767],[73.8509884,18.5250139],[73.8516178,18.5250314],[73.8516362,18.5253724],[73.8509722,18.5253767]]]]}},
{"type":"Feature","properties":{"osm_id":"215998960","code":7202,"fclass":"park","name":""},"geometry":{"type":"MultiPolygon","coordinates":[[[[73.8142183,18.5510587],[73.8142306,18.5508136],[73.8142931,18.5505756],[73.8144034,18.5503537],[73.8145572,18.5501564],[73.8146174,18.5501409],[73.8146784,18.550149],[73.8148462,18.5503091],[73.8149778,18.5504972],[73.8150683,18.550706],[73.8151141,18.5509275],[73.8151136,18.5511532],[73.8150666,18.5513745],[73.8149751,18.5515829],[73.8148425,18.5517704],[73.814686,18.5519189],[73.814647,18.5519179],[73.8144776,18.5517424],[73.8143443,18.5515322],[73.8142567,18.5513013],[73.8142183,18.5510587]]]]}},
{"type":"Feature","properties":{"osm_id":"215998963","code":7202,"fclass":"park","name":""},"geometry":{"type":"MultiPolygon","coordinates":[[[[73.8123406,18.5330859],[73.8125952,18.5326574],[73.8128211,18.5321692],[73.8133532,18.5324486],[73.8126552,18.5329286],[73.8123406,18.5330859]]]]}},
{"type":"Feature","properties":{"osm_id":"216815537","code":7202,"fclass":"park","name":"D. V. Bal Udyan"},"geometry":{"type":"MultiPolygon","coordinates":[[[[73.8153727,18.5113008],[73.8156157,18.5112673],[73.8155848,18.5116213],[73.8153727,18.5113008]]]]}},
{"type":"Feature","properties":{"osm_id":"217112832","code":7202,"fclass":"park","name":""},"geometry":{"type":"MultiPolygon","coordinates":[[[[73.8134807,18.5658168],[73.8135024,18.5653285],[73.8140203,18.5653491],[73.8139986,18.5658374],[73.8134807,18.5658168]]]]}},
{"type":"Feature","properties":{"osm_id":"217271099","code":7202,"fclass":"park","name":"Jijamata Udyan"},"geometry":{"type":"MultiPolygon","coordinates":[[[[73.856755,18.5186058],[73.8567928,18.5186128],[73.8568903,18.5186654],[73.8569563,18.5187262],[73.8570022,18.5188023],[73.8570008,18.5188452],[73.856756,18.5188407],[73.856755,18.5186058]]]]}},
{"type":"Feature","properties":{"osm_id":"217278888","code":7202,"fclass":"park","name":"Shri Samarth Ramdas Udyan"},"geometry":{"type":"MultiPolygon","coordinates":[[[[73.8318652,18.5269125],[73.8326586,18.5267687],[73.8328709,18.5269037],[73.8327799,18.5269369],[73.8328802,18.5272466],[73.8319678,18.5274281],[73.8318652,18.5269125]]]]}},
{"type":"Feature","properties":{"osm_id":"217278889","code":7202,"fclass":"park","name":""},"geometry":{"type":"MultiPolygon","coordinates":[[[[73.8266983,18.5318438],[73.826982,18.5318421],[73.8269892,18.5329564],[73.8268574,18.5329571],[73.826856,18.5327357],[73.826704,18.5327366],[73.8266983,18.5318438]]]]}},
{"type":"Feature","properties":{"osm_id":"217295652","code":7202,"fclass":"park","name":"Yashwantrao Chavan Udyan Seven Wonders"},"geometry":{"type":"MultiPolygon","coordinates":[[[[73.8532681,18.4925609],[73.8541317,18.4925128],[73.8541769,18.4929743],[73.8542011,18.4932212],[73.8542118,18.4933304],[73.8537274,18.4933345],[73.8537254,18.4934902],[73.8532844,18.4935483],[73.8532681,18.4925609]]]]}},
{"type":"Feature","properties":{"osm_id":"217295654","code":7202,"fclass":"park","name":"Adhyapak Ground"},"geometry":{"type":"MultiPolygon","coordinates":[[[[73.8507059,18.4839316],[73.8507988,18.4832041],[73.851321,18.4832716],[73.8512527,18.484021],[73.8507059,18.4839316]]]]}},
{"type":"Feature","properties":{"osm_id":"217295656","code":7211,"fclass":"recreation_ground","name":"Phulora Grounds"},"geometry":{"type":"MultiPolygon","coordinates":[[[[73.8466298,18.4905149],[73.8469277,18.489337],[73.8476629,18.4895425],[73.847423,18.4907058],[73.8466298,18.4905149]]]]}},
{"type":"Feature","properties":{"osm_id":"217302728","code":7209,"fclass":"commercial","name":""},"geometry":{"type":"MultiPolygon","coordinates":[[[[73.8576032,18.4892043],[73.8576305,18.4882594],[73.858195,18.4882741],[73.8581677,18.489219],[73.8576032,18.4892043]]]]}},
{"type":"Feature","properties":{"osm_id":"217302729","code":7202,"fclass":"park","name":""},"geometry":{"type":"MultiPolygon","coordinates":[[[[73.8649525,18.4949733],[73.8649583,18.4949409],[73.8649707,18.4949102],[73.8649891,18.4948824],[73.8650129,18.4948585],[73.8650412,18.4948395],[73.8650728,18.4948261],[73.8651066,18.4948188],[73.8651412,18.4948179],[73.8651754,18.4948234],[73.8652077,18.4948352],[73.865237,18.4948527],[73.8652622,18.4948752],[73.8652822,18.494902],[73.8652964,18.4949321],[73.865304,18.494964],[73.865305,18.4949969],[73.8652992,18.4950293],[73.8652868,18.49506],[73.8652684,18.4950878],[73.8652446,18.4951116],[73.8652163,18.4951306],[73.8651847,18.495144],[73.8651509,18.4951513],[73.8651163,18.4951522],[73.8650821,18.4951467],[73.8650498,18.495135],[73.8650205,18.4951175],[73.8649953,18.4950949],[73.8649753,18.4950681],[73.8649611,18.4950381],[73.8649535,18.4950061],[73.8649525,18.4949733]]]]}},
{"type":"Feature","properties":{"osm_id":"217302730","code":7202,"fclass":"park","name":"Pujari Garden"},"geometry":{"type":"MultiPolygon","coordinates":[[[[73.865548,18.4929535],[73.8655759,18.4928526],[73.8657507,18.4926435],[73.8659737,18.4925786],[73.8662018,18.492456],[73.8662879,18.4924633],[73.8662819,18.4930333],[73.8663357,18.4931267],[73.8663805,18.4932032],[73.8664504,18.4934394],[73.866436,18.4935974],[73.866273,18.4936025],[73.8662784,18.4938659],[73.865892,18.4939005],[73.8655753,18.4936037],[73.865548,18.4929535]]]]}},
{"type":"Feature","properties":{"osm_id":"217318331","code":7202,"fclass":"park","name":""},"geometry":{"type":"MultiPolygon","coordinates":[[[[73.8576268,18.5033565],[73.8582464,18.5028022],[73.8583123,18.5029273],[73.8583695,18.5033148],[73.8576268,18.5033565]]]]}},
{"type":"Feature","properties":{"osm_id":"217318332","code":7202,"fclass":"park","name":"Kalmadi Udyan"},"geometry":{"type":"MultiPolygon","coordinates":[[[[73.8674204,18.5026421],[73.8674966,18.5019854],[73.8678012,18.5020172],[73.8677249,18.5026739],[73.8674204,18.5026421]]]]}},
{"type":"Feature","properties":{"osm_id":"217736672","code":7202,"fclass":"park","name":"SRPF Group 1, Ground 442"},"geometry":{"type":"MultiPolygon","coordinates":[[[[73.9058072,18.4942855],[73.9058285,18.4942041],[73.9058731,18.4941318],[73.9059374,18.4940743],[73.9060161,18.4940363],[73.906103,18.4940209],[73.9061909,18.4940293],[73.9062728,18.4940609],[73.906342,18.494113],[73.9063928,18.4941815],[73.9064213,18.4942609],[73.906425,18.4943446],[73.9064037,18.494426],[73.9063591,18.4944983],[73.9062948,18.4945558],[73.906216,18.4945938],[73.9061292,18.4946092],[73.9060412,18.4946008],[73.9059594,18.4945692],[73.9058902,18.4945171],[73.9058394,18.4944485],[73.9058109,18.4943692],[73.9058072,18.4942855]]]]}},
{"type":"Feature","properties":{"osm_id":"217736673","code":7202,"fclass":"park","name":""},"geometry":{"type":"MultiPolygon","coordinates":[[[[73.8967974,18.4955634],[73.8969528,18.4949115],[73.8970208,18.4949899],[73.8970743,18.4953745],[73.8967974,18.4955634]]]]}},
{"type":"Feature","properties":{"osm_id":"217773610","code":7202,"fclass":"park","name":"Maharana Pratap Udyan"},"geometry":{"type":"MultiPolygon","coordinates":[[[[73.8528255,18.508366],[73.8528833,18.50817],[73.852997,18.5080132],[73.8531003,18.507927],[73.853586,18.5079407],[73.8535839,18.508464],[73.8530239,18.5084542],[73.8530239,18.5084052],[73.8528813,18.5083973],[73.8528771,18.5083679],[73.8528255,18.508366]]]]}},
{"type":"Feature","properties":{"osm_id":"218059629","code":7209,"fclass":"commercial","name":""},"geometry":{"type":"MultiPolygon","coordinates":[[[[73.8562669,18.514411],[73.8562785,18.5135172],[73.8570724,18.5135169],[73.8572388,18.513594],[73.8570013,18.5141133],[73.8566055,18.514755],[73.8563168,18.5146974],[73.8562669,18.514411]]]]}},
{"type":"Feature","properties":{"osm_id":"218059630","code":7212,"fclass":"retail","name":""},"geometry":{"type":"MultiPolygon","coordinates":[[[[73.8558159,18.5134364],[73.8558471,18.5128554],[73.8558973,18.5124583],[73.8559021,18.511857],[73.8563332,18.5118704],[73.8566343,18.5119493],[73.8568888,18.5120747],[73.8569207,18.5123996],[73.856851,18.5134709],[73.8558159,18.5134364]]]]}},
{"type":"Feature","properties":{"osm_id":"218078557","code":7211,"fclass":"recreation_ground","name":"Police Parade Ground"},"geometry":{"type":"MultiPolygon","coordinates":[[[[73.8442987,18.5306795],[73.8443097,18.5300459],[73.8443264,18.5299409],[73.8443517,18.5298448],[73.8443954,18.5297549],[73.8444559,18.5296741],[73.8445312,18.5296055],[73.8446187,18.5295513],[73.8447152,18.5295134],[73.8448263,18.5294865],[73.8450792,18.5294857],[73.8457269,18.5294838],[73.8457562,18.5309764],[73.8449285,18.5311855],[73.8448239,18.5311835],[73.8446766,18.5311349],[73.8445271,18.5310256],[73.8442987,18.5306795]]]]}},
{"type":"Feature","properties":{"osm_id":"218078581","code":7209,"fclass":"commercial","name":""},"geometry":{"type":"MultiPolygon","coordinates":[[[[73.8493797,18.5220869],[73.8494556,18.5215725],[73.850538,18.5216431],[73.8505529,18.5218685],[73.8504514,18.5220385],[73.8495907,18.5221955],[73.8493797,18.5220869]]]]}},
{"type":"Feature","properties":{"osm_id":"218110076","code":7211,"fclass":"recreation_ground","name":""},"geometry":{"type":"MultiPolygon","coordinates":[[[[73.8442678,18.528766],[73.8457162,18.5287474],[73.8457261,18.5294422],[73.8442777,18.5294608],[73.8442678,18.528766]]]]}},
{"type":"Feature","properties":{"osm_id":"218110078","code":7218,"fclass":"grass","name":""},"geometry":{"type":"MultiPolygon","coordinates":[[[[73.849175,18.5297639],[73.84918,18.5297136],[73.8491952,18.5296791],[73.8492533,18.5296112],[73.8492864,18.5295922],[73.8493382,18.5295801],[73.8493916,18.5295759],[73.849422,18.5295828],[73.8494628,18.5296022],[73.8494948,18.5296292],[73.8495201,18.5296706],[73.8495355,18.529719],[73.8495404,18.5297637],[73.8495379,18.5298086],[73.8495221,18.5298924],[73.8494428,18.5299176],[73.8493961,18.5299266],[73.8493489,18.5299287],[73.8492962,18.5299212],[73.8492493,18.5299036],[73.8492164,18.5298774],[73.8491902,18.5298421],[73.8491785,18.5298147],[73.849175,18.5297639]]]]}},
{"type":"Feature","properties":{"osm_id":"218193803","code":7201,"fclass":"forest","name":""},"geometry":{"type":"MultiPolygon","coordinates":[[[[73.8402659,18.4907811],[73.8404378,18.4896311],[73.8409072,18.4895134],[73.840581,18.4886043],[73.8413497,18.487957],[73.842011,18.4886632],[73.8418607,18.4889354],[73.8418106,18.4890952],[73.8419381,18.4897993],[73.8420797,18.4900064],[73.8423503,18.4902355],[73.8425113,18.4905195],[73.8426562,18.4909624],[73.8428913,18.4912434],[73.8431232,18.4912831],[73.8434743,18.4912709],[73.8437609,18.4912923],[73.8439252,18.4913595],[73.8440701,18.4915],[73.844083,18.4917352],[73.8440669,18.49223],[73.8441217,18.4927462],[73.8441893,18.4930455],[73.8443503,18.4932135],[73.8445693,18.4932502],[73.8447916,18.4933387],[73.8445275,18.493577],[73.8445777,18.493713],[73.8450544,18.494159],[73.84575,18.494556],[73.8462618,18.4948089],[73.8471092,18.4955212],[73.8479208,18.4967307],[73.8487099,18.4963123],[73.8488934,18.4964681],[73.8491769,18.4963917],[73.8494538,18.4978303],[73.8494524,18.4984845],[73.8490406,18.4985187],[73.8489647,18.4981303],[73.8486069,18.4982654],[73.8483126,18.4983113],[73.8480231,18.4984627],[73.8475523,18.4985801],[73.8471448,18.4985359],[73.8466663,18.4983594],[73.8452772,18.4971227],[73.8447766,18.4961013],[73.8450884,18.4958522],[73.8453042,18.4955904],[73.8443396,18.4946815],[73.8438719,18.4952343],[73.8427167,18.4943265],[73.8424701,18.4940901],[73.8421475,18.4938583],[73.8415927,18.4932644],[73.8409192,18.4926012],[73.8402682,18.4919759],[73.8402659,18.4907811]]]]}},
{"type":"Feature","properties":{"osm_id":"218229455","code":7218,"fclass":"grass","name":""},"geometry":{"type":"MultiPolygon","coordinates":[[[[73.8373612,18.4914121],[73.8373633,18.4914002],[73.8373704,18.491386],[73.8373786,18.4913805],[73.8373896,18.4913793],[73.8374046,18.4913816],[73.8374138,18.4913874],[73.8374229,18.4913984],[73.8374254,18.4914115],[73.837422,18.4914295],[73.8374116,18.4914411],[73.837397,18.4914454],[73.8373863,18.4914445],[73.837374,18.4914367],[73.8373646,18.4914245],[73.8373612,18.4914121]]]]}},
{"type":"Feature","properties":{"osm_id":"218229456","code":7218,"fclass":"grass","name":""},"geometry":{"type":"MultiPolygon","coordinates":[[[[73.8374761,18.4913721],[73.8374771,18.4913521],[73.8374872,18.4913294],[73.8374985,18.4913155],[73.8375092,18.4913062],[73.8375232,18.4913013],[73.8375376,18.4913042],[73.8375535,18.4913161],[73.8375578,18.491332],[73.8375581,18.4913613],[73.8375541,18.4913784],[73.8375431,18.4913924],[73.8375238,18.4914057],[73.8375034,18.4914089],[73.8374875,18.4914031],[73.8374786,18.4913886],[73.8374761,18.4913721]]]]}},
{"type":"Feature","properties":{"osm_id":"218229457","code":7218,"fclass":"grass","name":""},"geometry":{"type":"MultiPolygon","coordinates":[[[[73.8372007,18.4913477],[73.8372053,18.4913329],[73.8372117,18.4913207],[73.8372242,18.4913045],[73.8372361,18.4913013],[73.8372456,18.491306],[73.8372536,18.4913152],[73.8372572,18.4913349],[73.8372609,18.4913463],[73.8372679,18.4913561],[73.8372771,18.4913683],[73.8372786,18.4913782],[73.8372765,18.4913906],[73.8372686,18.4913996],[73.8372502,18.4914031],[73.8372322,18.491399],[73.8372135,18.4913848],[73.8372022,18.4913608],[73.8372007,18.4913477]]]]}},
{"type":"Feature","properties":{"osm_id":"218229459","code":7201,"fclass":"forest","name":""},"geometry":{"type":"MultiPolygon","coordinates":[[[[73.8183787,18.4971046],[73.8188706,18.4971046],[73.8188309,18.4963632],[73.8192636,18.4962142],[73.8190816,18.4958747],[73.8192667,18.4958194],[73.8199055,18.4967186],[73.8201819,18.4968557],[73.8202776,18.4970348],[73.8204195,18.4973121],[73.8207521,18.4975258],[73.8213958,18.4976885],[73.8210847,18.497892],[73.8210275,18.4978728],[73.8209757,18.4978555],[73.8208207,18.4978035],[73.8206666,18.4977518],[73.8205192,18.4977072],[73.8201204,18.4975686],[73.8195576,18.4973546],[73.819157,18.4973065],[73.8183914,18.4971863],[73.8183787,18.4971046]]]]}},
{"type":"Feature","properties":{"osm_id":"2890063","code":7218,"fclass":"grass","name":""},"geometry":{"type":"MultiPolygon","coordinates":[[[[73.8122686,18.5025544],[73.8122757,18.5023586],[73.8126174,18.5023696],[73.8126103,18.5025655],[73.8122686,18.5025544]],[[73.8123153,18.5024277],[73.8123172,18.5024411],[73.8123244,18.5024527],[73.8123358,18.5024609],[73.8123495,18.5024643],[73.8123636,18.5024624],[73.8123759,18.5024556],[73.8123844,18.5024449],[73.812388,18.5024318],[73.8123861,18.5024185],[73.8123789,18.5024068],[73.8123676,18.5023987],[73.8123538,18.5023953],[73.8123398,18.5023971],[73.8123275,18.5024039],[73.8123189,18.5024147],[73.8123153,18.5024277]]]]}},
{"type":"Feature","properties":{"osm_id":"218229464","code":7201,"fclass":"forest","name":""},"geometry":{"type":"MultiPolygon","coordinates":[[[[73.8182436,18.5025978],[73.8183241,18.5022329],[73.8186359,18.5024074],[73.8196579,18.5028486],[73.8196132,18.5030696],[73.8195044,18.5030265],[73.8186754,18.5027433],[73.8186828,18.5027234],[73.8186047,18.5026966],[73.8185977,18.5027167],[73.8182436,18.5025978]]]]}},
{"type":"Feature","properties":{"osm_id":"218405558","code":7218,"fclass":"grass","name":""},"geometry":{"type":"MultiPolygon","coordinates":[[[[73.8518963,18.5444903],[73.8520545,18.5447853],[73.8519091,18.5447194],[73.8519025,18.5446011],[73.8518963,18.5444903]]]]}},
{"type":"Feature","properties":{"osm_id":"218405563","code":7202,"fclass":"park","name":""},"geometry":{"type":"MultiPolygon","coordinates":[[[[73.8491665,18.5413421],[73.8495326,18.5401162],[73.8495903,18.5400305],[73.8496944,18.5399686],[73.8498063,18.5399141],[73.8499108,18.53988],[73.8500331,18.5398826],[73.8501571,18.5399069],[73.8502553,18.5399471],[73.8500406,18.5400073],[73.8501117,18.5403097],[73.8506877,18.540165],[73.8507119,18.5402624],[73.8506847,18.5403456],[73.8506892,18.5404273],[73.8507618,18.5405477],[73.8508087,18.5406566],[73.8508072,18.5407441],[73.8507497,18.5408444],[73.8506348,18.5409361],[73.8503884,18.5409677],[73.8504307,18.5412028],[73.8492274,18.5413788],[73.8491907,18.5413785],[73.8491703,18.5413683],[73.8491665,18.5413421]]]]}},
{"type":"Feature","properties":{"osm_id":"218422373","code":7206,"fclass":"cemetery","name":"Vaikuntha Smashanbhoomi"},"geometry":{"type":"MultiPolygon","coordinates":[[[[73.8390657,18.5080832],[73.839602,18.5069104],[73.8410986,18.5069072],[73.8410965,18.5079753],[73.8407533,18.5079728],[73.8407626,18.5088838],[73.8403041,18.5088824],[73.8402024,18.508844],[73.8390657,18.5080832]]]]}},
{"type":"Feature","properties":{"osm_id":"218422393","code":7209,"fclass":"commercial","name":""},"geometry":{"type":"MultiPolygon","coordinates":[[[[73.8417016,18.5172659],[73.842052,18.5159193],[73.8420843,18.5158672],[73.8421237,18.5158388],[73.842217,18.5158389],[73.8422648,18.5158786],[73.8430489,18.5170193],[73.8431082,18.5171056],[73.8430618,18.5172426],[73.8419024,18.5174767],[73.8417518,18.5173565],[73.8417016,18.5172659]]]]}},
{"type":"Feature","properties":{"osm_id":"218422394","code":7209,"fclass":"commercial","name":""},"geometry":{"type":"MultiPolygon","coordinates":[[[[73.8412843,18.519769],[73.8416398,18.5177151],[73.84169,18.517597],[73.8430922,18.5173069],[73.843166,18.5173069],[73.8432101,18.517306],[73.8432472,18.517313],[73.843286,18.5173209],[73.8433229,18.5173389],[73.844287,18.5184208],[73.8430786,18.519017],[73.8413588,18.5198135],[73.8412843,18.519769]]]]}},
{"type":"Feature","properties":{"osm_id":"218422395","code":7218,"fclass":"grass","name":""},"geometry":{"type":"MultiPolygon","coordinates":[[[[73.8437707,18.53612],[73.8437846,18.5360934],[73.8440695,18.5358259],[73.8441201,18.535795],[73.8441722,18.5357919],[73.8442081,18.5358043],[73.844508,18.5361613],[73.8445145,18.5362],[73.8445015,18.5362201],[73.8444787,18.536234],[73.843812,18.5361629],[73.843778,18.5361485],[73.8437707,18.53612]]]]}},
{"type":"Feature","properties":{"osm_id":"218422401","code":7218,"fclass":"grass","name":""},"geometry":{"type":"MultiPolygon","coordinates":[[[[73.8442394,18.5130454],[73.8442451,18.513039],[73.8442587,18.5130376],[73.8443181,18.5130576],[73.8442862,18.5131034],[73.8442394,18.5130543],[73.8442394,18.5130454]]]]}},
{"type":"Feature","properties":{"osm_id":"218422402","code":7209,"fclass":"commercial","name":""},"geometry":{"type":"MultiPolygon","coordinates":[[[[73.8442577,18.512961],[73.8442795,18.5128744],[73.8447614,18.512903],[73.8454158,18.5129746],[73.8455163,18.5129824],[73.8453306,18.513351],[73.8452965,18.5134333],[73.845212,18.5133885],[73.8448106,18.5132147],[73.8442577,18.512961]]]]}},
{"type":"Feature","properties":{"osm_id":"218422403","code":7209,"fclass":"commercial","name":""},"geometry":{"type":"MultiPolygon","coordinates":[[[[73.8427222,18.5162692],[73.8431049,18.516128],[73.8434464,18.5160455],[73.8438072,18.5166541],[73.8441441,18.5164884],[73.8444195,18.5169171],[73.8441015,18.517139],[73.8443008,18.5175051],[73.8439307,18.5177246],[73.8427222,18.5162692]]]]}},
{"type":"Feature","properties":{"osm_id":"218422404","code":7201,"fclass":"forest","name":""},"geometry":{"type":"MultiPolygon","coordinates":[[[[73.8394344,18.51086],[73.8396774,18.5106729],[73.8399016,18.5109671],[73.840867,18.5125053],[73.8406894,18.512758],[73.840551,18.5126351],[73.8403734,18.5123507],[73.8400507,18.5118418],[73.8397247,18.5112809],[73.8395605,18.5110176],[73.8394344,18.51086]]]]}},
{"type":"Feature","properties":{"osm_id":"218422406","code":7201,"fclass":"forest","name":""},"geometry":{"type":"MultiPolygon","coordinates":[[[[73.8407943,18.5128476],[73.8409545,18.5126379],[73.8411138,18.5128365],[73.8413977,18.5131068],[73.8415953,18.5132547],[73.8425575,18.5139601],[73.8424815,18.5140504],[73.842199,18.5138578],[73.8418246,18.513605],[73.8416727,18.5135313],[73.8414528,18.5134136],[73.8411259,18.5131618],[73.841183,18.513081],[73.8410705,18.5129918],[73.840961,18.5129291],[73.8407943,18.5128476]]]]}},
{"type":"Feature","properties":{"osm_id":"218422408","code":7211,"fclass":"recreation_ground","name":""},"geometry":{"type":"MultiPolygon","coordinates":[[[[73.8405705,18.5066545],[73.8410542,18.5066492],[73.8410569,18.5068803],[73.8405733,18.5068855],[73.8405705,18.5066545]]]]}},
{"type":"Feature","properties":{"osm_id":"218422409","code":7201,"fclass":"forest","name":""},"geometry":{"type":"MultiPolygon","coordinates":[[[[73.8382017,18.5093742],[73.8382821,18.5092732],[73.8387537,18.5096957],[73.8394992,18.5104769],[73.8393645,18.5106479],[73.8382017,18.5093742]]]]}},
{"type":"Feature","properties":{"osm_id":"218681373","code":7218,"fclass":"grass","name":""},"geometry":{"type":"MultiPolygon","coordinates":[[[[73.900279,18.485821],[73.9004127,18.4853995],[73.9003964,18.4857154],[73.900279,18.485821]]]]}},
{"type":"Feature","properties":{"osm_id":"218681374","code":7218,"fclass":"grass","name":""},"geometry":{"type":"MultiPolygon","coordinates":[[[[73.9003105,18.4861107],[73.9003778,18.4860547],[73.9003238,18.4863184],[73.9003105,18.4861107]]]]}},
{"type":"Feature","properties":{"osm_id":"218691369","code":7206,"fclass":"cemetery","name":"Thosar Paga"},"geometry":{"type":"MultiPolygon","coordinates":[[[[73.840694,18.5094746],[73.8407728,18.5094462],[73.8408477,18.5094455],[73.8420201,18.5094668],[73.8424945,18.5095106],[73.8424254,18.5101476],[73.8413869,18.5104395],[73.840694,18.5094746]]]]}},
{"type":"Feature","properties":{"osm_id":"218691424","code":7204,"fclass":"industrial","name":"CTR"},"geometry":{"type":"MultiPolygon","coordinates":[[[[73.9196488,18.5626185],[73.9199562,18.5616164],[73.9212436,18.5620157],[73.9209822,18.5630027],[73.9196488,18.5626185]]]]}},
{"type":"Feature","properties":{"osm_id":"218691425","code":7209,"fclass":"commercial","name":"Panchshil Business Park"},"geometry":{"type":"MultiPolygon","coordinates":[[[[73.914192,18.5642516],[73.9178729,18.5639745],[73.9179073,18.5645182],[73.9142305,18.5646885],[73.9142202,18.5645907],[73.914192,18.5642516]]]]}},
{"type":"Feature","properties":{"osm_id":"218691426","code":7202,"fclass":"park","name":"Marutrao Gayakwad Udyan"},"geometry":{"type":"MultiPolygon","coordinates":[[[[73.8096329,18.5618876],[73.8099546,18.5618662],[73.8099433,18.5620347],[73.8104342,18.5620534],[73.8104483,18.5618823],[73.8107361,18.5618742],[73.8107756,18.562345],[73.8100082,18.5624466],[73.8099771,18.5622781],[73.8096893,18.5623209],[73.8096329,18.5618876]]]]}},
{"type":"Feature","properties":{"osm_id":"218691427","code":7201,"fclass":"forest","name":""},"geometry":{"type":"MultiPolygon","coordinates":[[[[73.8369937,18.5053006],[73.8369951,18.5052141],[73.8370273,18.5047524],[73.8373652,18.5047448],[73.8373826,18.5056172],[73.8377541,18.5065011],[73.8380268,18.5069938],[73.8385969,18.5075611],[73.8389181,18.5065117],[73.8388141,18.5058882],[73.8390272,18.5061352],[73.8391716,18.5063817],[73.8392248,18.5065432],[73.8392111,18.5069786],[73.8391412,18.5072382],[73.8389301,18.5076805],[73.8388082,18.5078822],[73.8386131,18.5080698],[73.838414,18.5079051],[73.8382235,18.5077423],[73.8380572,18.5075236],[73.837675,18.5069704],[73.8373746,18.5064477],[73.8372767,18.5062213],[73.8370058,18.5053705],[73.8369937,18.5053006]]]]}},
{"type":"Feature","properties":{"osm_id":"218691429","code":7201,"fclass":"forest","name":""},"geometry":{"type":"MultiPolygon","coordinates":[[[[73.7888054,18.4972811],[73.7898349,18.4971717],[73.7903551,18.4971286],[73.7910202,18.4969716],[73.7913745,18.4969358],[73.7917172,18.4967844],[73.7919902,18.4968449],[73.7924752,18.4967485],[73.7930474,18.4966714],[73.7934516,18.496652],[73.7935669,18.4966427],[73.7936676,18.4968589],[73.7937518,18.4971608],[73.7937435,18.4972341],[73.7927938,18.4972947],[73.7919138,18.4973746],[73.790761,18.4974799],[73.7903678,18.4975011],[73.7901111,18.4975141],[73.7898587,18.4975683],[73.789454,18.4976501],[73.7891519,18.4977381],[73.7890459,18.4976176],[73.7888054,18.4972811]]]]}},
{"type":"Feature","properties":{"osm_id":"218691430","code":7211,"fclass":"recreation_ground","name":""},"geometry":{"type":"MultiPolygon","coordinates":[[[[73.9012122,18.5483653],[73.9019156,18.5483116],[73.9019797,18.5488055],[73.9015082,18.5488374],[73.9012295,18.5486466],[73.9012122,18.5483653]]]]}},
{"type":"Feature","properties":{"osm_id":"218691431","code":7201,"fclass":"forest","name":""},"geometry":{"type":"MultiPolygon","coordinates":[[[[73.7931363,18.495379],[73.7931799,18.495244],[73.7936155,18.4950099],[73.794057,18.4947482],[73.7944375,18.4946105],[73.7945972,18.4947427],[73.7946669,18.4949383],[73.7950938,18.4951889],[73.7953872,18.4951118],[73.795785,18.4946794],[73.7962701,18.4946518],[73.7966389,18.4942993],[73.7969293,18.4937457],[73.7971268,18.4934427],[73.7972343,18.4934289],[73.7981346,18.4934675],[73.7982711,18.4933133],[73.7985732,18.4930626],[73.7988781,18.492823],[73.7990959,18.4927844],[73.7992122,18.4928077],[73.799398,18.492845],[73.8001789,18.4930752],[73.8014727,18.4934958],[73.801867,18.4934491],[73.8041014,18.4928414],[73.8055636,18.4925181],[73.807379,18.4925259],[73.8083976,18.4925415],[73.808066,18.4940665],[73.8056584,18.4943502],[73.8056015,18.4935632],[73.8046663,18.4936844],[73.8046082,18.4939544],[73.8043701,18.4941251],[73.803917,18.4941967],[73.8035046,18.4940645],[73.8031735,18.4939544],[73.8021454,18.494037],[73.80146,18.4939103],[73.8008559,18.4938662],[73.8007937,18.493945],[73.8007443,18.4940579],[73.800146,18.4938954],[73.8001344,18.4935318],[73.7998237,18.4933473],[73.799449,18.4932977],[73.7990598,18.4931462],[73.7988333,18.4931379],[73.7985254,18.4933858],[73.7983189,18.4936869],[73.7980806,18.4938466],[73.7946316,18.4959852],[73.7947656,18.4962091],[73.7939791,18.4961647],[73.793975,18.4960634],[73.793677,18.496042],[73.7937869,18.4957095],[73.7936678,18.4955938],[73.7933135,18.4954644],[73.7931363,18.495379]]]]}},
{"type":"Feature","properties":{"osm_id":"218691432","code":7202,"fclass":"park","name":"Kalyani Nagar Joggers Park"},"geometry":{"type":"MultiPolygon","coordinates":[[[[73.9022158,18.5499841],[73.9024012,18.5499442],[73.9023684,18.5497201],[73.9033253,18.5494296],[73.9035876,18.5508827],[73.9024152,18.5509588],[73.9022158,18.5499841]]]]}},
{"type":"Feature","properties":{"osm_id":"218691434","code":7202,"fclass":"park","name":"Damodar Wagaskar Garden"},"geometry":{"type":"MultiPolygon","coordinates":[[[[73.8973243,18.5378184],[73.8984008,18.5377996],[73.8984028,18.5380184],[73.8985898,18.5380052],[73.8986177,18.5384976],[73.8973601,18.5385598],[73.8973243,18.5378184]]]]}},
{"type":"Feature","properties":{"osm_id":"218691435","code":7201,"fclass":"forest","name":""},"geometry":{"type":"MultiPolygon","coordinates":[[[[73.7882337,18.4965737],[73.7883053,18.4965058],[73.7885458,18.4962777],[73.7890305,18.4959505],[73.7894494,18.4956857],[73.7899176,18.4950624],[73.790583,18.4943769],[73.791002,18.4939484],[73.7916742,18.4933951],[73.7930125,18.4926105],[73.7939312,18.4919207],[73.7947232,18.4914087],[73.7957664,18.4912763],[73.7965879,18.4909569],[73.7972532,18.4906141],[73.7975325,18.489874],[73.7978673,18.4896605],[73.798907,18.489655],[73.7999758,18.4892308],[73.8004753,18.4886083],[73.8013466,18.4884155],[73.8024503,18.4879253],[73.8034203,18.4875011],[73.8038211,18.4873083],[73.8046285,18.4869667],[73.8048724,18.4883549],[73.8044891,18.4886634],[73.8041115,18.4889554],[73.8036236,18.4889774],[73.8032054,18.4889885],[73.8028743,18.4891207],[73.8020869,18.4897446],[73.8017058,18.4899719],[73.8012038,18.4903874],[73.8008701,18.4905775],[73.8007825,18.4906849],[73.8007108,18.4907227],[73.8006306,18.4907282],[73.8005003,18.4907411],[73.8003657,18.4907539],[73.8001215,18.49076],[73.7998653,18.4907642],[73.7996061,18.4908042],[73.7994301,18.4908775],[73.7992669,18.4909307],[73.799165,18.4909702],[73.7990545,18.4910017],[73.7988047,18.4910405],[73.7985996,18.4910861],[73.7983141,18.4910931],[73.7980626,18.4911082],[73.7979177,18.4911475],[73.7976996,18.4911796],[73.7975235,18.49122],[73.7973517,18.4913249],[73.7970629,18.4914613],[73.7967667,18.4916055],[73.7965898,18.4916947],[73.7963197,18.4918317],[73.796041,18.4919727],[73.7958208,18.4920737],[73.7956325,18.4921181],[73.7952863,18.4921842],[73.7951756,18.4922055],[73.7950627,18.4922874],[73.7949232,18.4923981],[73.7946683,18.4925617],[73.794411,18.4926579],[73.7942625,18.4927206],[73.794164,18.4928686],[73.7939216,18.4929972],[73.7935889,18.4931452],[73.7932727,18.4934217],[73.7930139,18.4937139],[73.7928085,18.4939281],[73.7926443,18.4941696],[73.7923485,18.4943215],[73.792213,18.4945435],[73.7919132,18.4949058],[73.7916462,18.4952564],[73.7912683,18.4954979],[73.7908658,18.495716],[73.7905865,18.4958406],[73.7903483,18.4961133],[73.7901963,18.4963431],[73.7897363,18.4966002],[73.7895145,18.4967053],[73.7893954,18.4969118],[73.7894118,18.4970092],[73.7893009,18.4970987],[73.78919,18.4970832],[73.7890257,18.4970403],[73.7887141,18.4971481],[73.7885468,18.497206],[73.7883163,18.496867],[73.7882337,18.4965737]]]]}},
{"type":"Feature","properties":{"osm_id":"218697381","code":7201,"fclass":"forest","name":""},"geometry":{"type":"MultiPolygon","coordinates":[[[[73.818157,18.5012557],[73.8182449,18.5009168],[73.8184179,18.5008631],[73.8185881,18.5006882],[73.8186959,18.5004543],[73.8195098,18.5005672],[73.8196062,18.5002176],[73.820111,18.5002445],[73.8200174,18.5007555],[73.820094,18.5011777],[73.8188206,18.5011777],[73.8183102,18.5012046],[73.818157,18.5012557]]]]}},
{"type":"Feature","properties":{"osm_id":"218819616","code":7219,"fclass":"heath","name":"Olympus Health Club"},"geometry":{"type":"MultiPolygon","coordinates":[[[[73.812981,18.4968238],[73.8131096,18.4968038],[73.8131035,18.496769],[73.8132226,18.4967504],[73.8132354,18.4968243],[73.8132009,18.4968297],[73.8132176,18.4969265],[73.8130045,18.4969597],[73.812981,18.4968238]]]]}},
{"type":"Feature","properties":{"osm_id":"218834869","code":7218,"fclass":"grass","name":""},"geometry":{"type":"MultiPolygon","coordinates":[[[[73.8522908,18.4683035],[73.8526177,18.4682821],[73.8525839,18.4683657],[73.8522908,18.4683035]]]]}},
{"type":"Feature","properties":{"osm_id":"218834875","code":7218,"fclass":"grass","name":""},"geometry":{"type":"MultiPolygon","coordinates":[[[[73.8529211,18.468215],[73.8530687,18.4681149],[73.8529949,18.4682763],[73.8529601,18.4682394],[73.8529211,18.468215]]]]}},
{"type":"Feature","properties":{"osm_id":"218834879","code":7204,"fclass":"industrial","name":"Sudarshan Chemicals"},"geometry":{"type":"MultiPolygon","coordinates":[[[[73.862565,18.5309131],[73.863948,18.5307946],[73.863873,18.5327003],[73.8633835,18.5325617],[73.8626205,18.5318405],[73.862565,18.5309131]]]]}},
{"type":"Feature","properties":{"osm_id":"218834882","code":7218,"fclass":"grass","name":""},"geometry":{"type":"MultiPolygon","coordinates":[[[[73.8528053,18.468601],[73.8528442,18.468601],[73.852877,18.4685932],[73.8529109,18.4685747],[73.8529314,18.4688061],[73.8528053,18.468601]]]]}},
{"type":"Feature","properties":{"osm_id":"218834893","code":7202,"fclass":"park","name":""},"geometry":{"type":"MultiPolygon","coordinates":[[[[73.8605167,18.4721852],[73.8607738,18.4710647],[73.8610806,18.471128],[73.8608235,18.4722485],[73.8605167,18.4721852]]]]}},
{"type":"Feature","properties":{"osm_id":"218859883","code":7202,"fclass":"park","name":"Chima Udyan"},"geometry":{"type":"MultiPolygon","coordinates":[[[[73.8833926,18.5447835],[73.8834955,18.5444361],[73.8841267,18.5445003],[73.8844325,18.544686],[73.8843776,18.5449959],[73.8843353,18.5450213],[73.8842705,18.5450427],[73.8841972,18.545056],[73.8841084,18.5450654],[73.8835349,18.5449839],[73.8834631,18.5449585],[73.8834236,18.5449198],[73.8834067,18.5448917],[73.883394,18.5448463],[73.8833926,18.5447835]]]]}},
{"type":"Feature","properties":{"osm_id":"218859886","code":7202,"fclass":"park","name":"Ram Manohar Lohia Udyan"},"geometry":{"type":"MultiPolygon","coordinates":[[[[73.9267958,18.5023845],[73.9268687,18.5011622],[73.9268859,18.5008739],[73.9278457,18.500656],[73.9283888,18.5019883],[73.9276118,18.5021547],[73.9267958,18.5023845]]]]}},
{"type":"Feature","properties":{"osm_id":"218881240","code":7202,"fclass":"park","name":"Shrimant Bhairavsingh Ghorpade Udyan"},"geometry":{"type":"MultiPolygon","coordinates":[[[[73.86166,18.5026113],[73.8617419,18.5021175],[73.8618254,18.5019979],[73.8625525,18.5011966],[73.8626491,18.5011796],[73.8627686,18.5012137],[73.8629111,18.501324],[73.8627522,18.5018861],[73.8627391,18.5020228],[73.8628374,18.5022806],[73.8627817,18.5025368],[73.862672,18.5028675],[73.86166,18.5026113]]]]}},
{"type":"Feature","properties":{"osm_id":"219767496","code":7202,"fclass":"park","name":"Chhatrapati Shivaji Maharaj Udyan"},"geometry":{"type":"MultiPolygon","coordinates":[[[[73.8526449,18.5043048],[73.8534423,18.504235],[73.8534759,18.5042489],[73.8535075,18.5042849],[73.8535117,18.5043307],[73.8535075,18.5045462],[73.8532319,18.5045322],[73.8532193,18.5047138],[73.8526449,18.5043487],[73.8526449,18.5043048]]]]}},
{"type":"Feature","properties":{"osm_id":"219798481","code":7209,"fclass":"commercial","name":"Dr. Babasaheb Ambedkar Sanskrutik Bhavan"},"geometry":{"type":"MultiPolygon","coordinates":[[[[73.8676384,18.5251273],[73.8676391,18.5249499],[73.8679597,18.5249512],[73.867959,18.5251192],[73.8679387,18.5251198],[73.8678522,18.5251673],[73.8678519,18.5251902],[73.8677014,18.5251886],[73.8677012,18.5251764],[73.8676827,18.5251768],[73.8676661,18.5251715],[73.8676549,18.5251609],[73.867649,18.5251465],[73.8676473,18.5251278],[73.8676384,18.5251273]]]]}},
{"type":"Feature","properties":{"osm_id":"220551773","code":7203,"fclass":"residential","name":"Swaroop Park Co-op Hsg Society"},"geometry":{"type":"MultiPolygon","coordinates":[[[[73.8025073,18.49717],[73.803419,18.4970665],[73.8036875,18.4968809],[73.8038578,18.4978427],[73.8026256,18.4979699],[73.8025073,18.49717]]]]}},
{"type":"Feature","properties":{"osm_id":"220554673","code":7203,"fclass":"residential","name":"Athashri"},"geometry":{"type":"MultiPolygon","coordinates":[[[[73.7884803,18.5487901],[73.790685,18.5484697],[73.7907894,18.548955],[73.7907977,18.5489936],[73.7903846,18.5490617],[73.7898627,18.5491477],[73.7885768,18.5493597],[73.7884803,18.5487901]]]]}},
{"type":"Feature","properties":{"osm_id":"220554804","code":7203,"fclass":"residential","name":"Ojas Apartments"},"geometry":{"type":"MultiPolygon","coordinates":[[[[73.7918648,18.54833],[73.7922615,18.5482694],[73.7924067,18.5482468],[73.792515,18.5482241],[73.7929172,18.5481396],[73.7929391,18.548135],[73.7930262,18.5485947],[73.7919561,18.5487722],[73.7918875,18.5484005],[73.7918692,18.5483407],[73.7918648,18.54833]]]]}},
{"type":"Feature","properties":{"osm_id":"220554862","code":7203,"fclass":"residential","name":"Woodland Apartments"},"geometry":{"type":"MultiPolygon","coordinates":[[[[73.8026182,18.4980097],[73.803878,18.497869],[73.8036944,18.4968531],[73.8040615,18.4967841],[73.8043207,18.4978794],[73.8044025,18.4990824],[73.8027475,18.4991514],[73.8026182,18.4980097]]]]}},
{"type":"Feature","properties":{"osm_id":"220559105","code":7201,"fclass":"forest","name":""},"geometry":{"type":"MultiPolygon","coordinates":[[[[73.900094,18.4892041],[73.9003944,18.4864777],[73.9006841,18.4857553],[73.9010274,18.4857044],[73.9011808,18.4858723],[73.90136,18.4861928],[73.9014168,18.4863607],[73.9012634,18.4864167],[73.9011776,18.4868033],[73.9011057,18.4874189],[73.9011883,18.4875558],[73.9016711,18.4875456],[73.9019393,18.4874947],[73.9019823,18.4873731],[73.9021754,18.4873833],[73.9017709,18.4891894],[73.9016604,18.4891533],[73.9016282,18.4889701],[73.9015102,18.4888887],[73.9012849,18.4889599],[73.901213,18.4890876],[73.9011561,18.4892855],[73.9007699,18.4894076],[73.9004588,18.4894076],[73.90033,18.4893262],[73.900094,18.4892041]]]]}},
{"type":"Feature","properties":{"osm_id":"220559106","code":7201,"fclass":"forest","name":""},"geometry":{"type":"MultiPolygon","coordinates":[[[[73.8991713,18.4871696],[73.8993215,18.4871086],[73.8995897,18.4869559],[73.8998365,18.4867524],[73.9000296,18.4865795],[73.9001476,18.4865184],[73.9001905,18.4865896],[73.8998687,18.4893669],[73.8997185,18.4894483],[73.8995039,18.4894382],[73.8993784,18.4893725],[73.8993215,18.4891227],[73.899196,18.4876224],[73.8991713,18.4871696]]]]}},
{"type":"Feature","properties":{"osm_id":"220562522","code":7201,"fclass":"forest","name":""},"geometry":{"type":"MultiPolygon","coordinates":[[[[73.894939,18.4838423],[73.8951107,18.48371],[73.8952609,18.4836083],[73.895395,18.4835879],[73.8958564,18.4836337],[73.89591,18.4834404],[73.89591,18.4832979],[73.8958671,18.48313],[73.8959583,18.4830537],[73.8962587,18.4830588],[73.8963016,18.4830079],[73.8963713,18.4827892],[73.8964625,18.4826009],[73.8965484,18.4824279],[73.8965323,18.4822244],[73.896425,18.4821277],[73.8964196,18.4819955],[73.8969826,18.4819548],[73.8977336,18.4817869],[73.8977605,18.4818276],[73.8973903,18.4825399],[73.8971757,18.4829723],[73.8970824,18.4834506],[73.8970416,18.4838779],[73.8970041,18.4840458],[73.896661,18.4840458],[73.8967469,18.4839746],[73.8967576,18.4839186],[73.8968539,18.483766],[73.8968324,18.4834149],[73.8968271,18.4833132],[73.8967683,18.4832877],[73.8965352,18.4832572],[73.8963314,18.4832572],[73.8961568,18.4832623],[73.8960709,18.4832725],[73.896028,18.4833742],[73.8960388,18.4835879],[73.8960227,18.4836897],[73.8960021,18.4838326],[73.8959905,18.4839237],[73.8960066,18.4840051],[73.896087,18.4840153],[73.8960739,18.4840814],[73.8960202,18.4840814],[73.8959022,18.4840916],[73.8955696,18.4839695],[73.8951375,18.483939],[73.8949444,18.4839339],[73.894939,18.4838423]]]]}},
{"type":"Feature","properties":{"osm_id":"220562525","code":7202,"fclass":"park","name":"Queen park"},"geometry":{"type":"MultiPolygon","coordinates":[[[[73.8965838,18.4774517],[73.8965879,18.4773736],[73.8965901,18.4773331],[73.8968083,18.4773387],[73.8968056,18.4774608],[73.8965838,18.4774517]]]]}},
{"type":"Feature","properties":{"osm_id":"220562868","code":7202,"fclass":"park","name":"Garware Balbhavan"},"geometry":{"type":"MultiPolygon","coordinates":[[[[73.8538917,18.5029522],[73.8539631,18.5019966],[73.8542123,18.5019723],[73.8543259,18.5027472],[73.8542801,18.5029435],[73.8538917,18.5029522]]]]}},
{"type":"Feature","properties":{"osm_id":"220562882","code":7202,"fclass":"park","name":"Ramchandra Keshav Taware Udyan"},"geometry":{"type":"MultiPolygon","coordinates":[[[[73.8520961,18.4987351],[73.8522723,18.4983689],[73.852969,18.4984671],[73.8530005,18.4981778],[73.8531335,18.4981907],[73.8531598,18.4981118],[73.8534377,18.4981409],[73.8534016,18.4985146],[73.8537513,18.4985715],[73.8541795,18.4985753],[73.8549148,18.4985753],[73.8551229,18.4985546],[73.8554936,18.49847],[73.8558266,18.4983892],[73.8566709,18.4982407],[73.8567561,18.4985151],[73.855363,18.498883],[73.8550805,18.4989296],[73.8544718,18.4990105],[73.854213,18.4990186],[73.8536839,18.4990133],[73.8520961,18.4987351]]]]}},
{"type":"Feature","properties":{"osm_id":"220566715","code":7203,"fclass":"residential","name":"Jasminum"},"geometry":{"type":"MultiPolygon","coordinates":[[[[73.9204629,18.513661],[73.9221053,18.5094739],[73.922179,18.5093855],[73.9235311,18.5092847],[73.9235789,18.5093378],[73.9237085,18.5107554],[73.9228049,18.5108149],[73.9227513,18.5108946],[73.9228437,18.512409],[73.9229148,18.5135742],[73.922351,18.5135884],[73.9221629,18.5136008],[73.9204629,18.513661]]]]}},
{"type":"Feature","properties":{"osm_id":"223673901","code":7202,"fclass":"park","name":"Baludyan"},"geometry":{"type":"MultiPolygon","coordinates":[[[[73.9458479,18.4868235],[73.9459152,18.4868326],[73.9459104,18.4867051],[73.9459488,18.4867096],[73.9460352,18.4867096],[73.9461168,18.4867233],[73.9461696,18.4867688],[73.9461552,18.4868872],[73.9460976,18.4869919],[73.945968,18.4870329],[73.9458527,18.4868644],[73.9458479,18.4868235]]]]}},
{"type":"Feature","properties":{"osm_id":"223964768","code":7202,"fclass":"park","name":""},"geometry":{"type":"MultiPolygon","coordinates":[[[[73.8680368,18.4642099],[73.8680421,18.4640089],[73.8680663,18.4640013],[73.8683828,18.4639962],[73.8684203,18.4640038],[73.8684294,18.4641996],[73.8684096,18.4642125],[73.8682175,18.4642228],[73.8680529,18.4642252],[73.8680368,18.4642099]]]]}},
{"type":"Feature","properties":{"osm_id":"223964778","code":7211,"fclass":"recreation_ground","name":"VIT Play Ground"},"geometry":{"type":"MultiPolygon","coordinates":[[[[73.8679804,18.4634289],[73.8679885,18.4633271],[73.8680743,18.4632533],[73.8681923,18.4632228],[73.8682229,18.4632279],[73.8683157,18.4632355],[73.8683157,18.46364],[73.8682257,18.4636689],[73.8681776,18.4636997],[73.8681458,18.4637391],[73.8681414,18.4638512],[73.867982,18.4638522],[73.8679804,18.4634289]]]]}},
{"type":"Feature","properties":{"osm_id":"224711847","code":7212,"fclass":"retail","name":"Amanora Town Centre"},"geometry":{"type":"MultiPolygon","coordinates":[[[[73.9332836,18.5179721],[73.9368526,18.5179268],[73.9369378,18.5191732],[73.9369475,18.5193147],[73.9350939,18.5193798],[73.9350931,18.5192656],[73.9333319,18.5193249],[73.9332836,18.5179721]]]]}},
{"type":"Feature","properties":{"osm_id":"225783633","code":7203,"fclass":"residential","name":"Park Royale"},"geometry":{"type":"MultiPolygon","coordinates":[[[[73.7848686,18.5973798],[73.7848918,18.5973852],[73.7858779,18.5972897],[73.785884,18.5973262],[73.7859239,18.5975671],[73.7860528,18.5983436],[73.7859616,18.5983791],[73.7860689,18.5989943],[73.7851586,18.5991509],[73.7851389,18.5991534],[73.7848686,18.5973798]]]]}},
{"type":"Feature","properties":{"osm_id":"225783635","code":7203,"fclass":"residential","name":"Siddhivinayak Ginger"},"geometry":{"type":"MultiPolygon","coordinates":[[[[73.7993837,18.5894833],[73.8001703,18.5893921],[73.8001821,18.5897513],[73.8002113,18.5904135],[73.8002332,18.5908891],[73.8002559,18.5913909],[73.8002645,18.5918588],[73.8002154,18.5918931],[73.7999767,18.5919014],[73.7996416,18.5919164],[73.7993837,18.5894833]]]]}},
{"type":"Feature","properties":{"osm_id":"225783637","code":7203,"fclass":"residential","name":"Planet Millenium"},"geometry":{"type":"MultiPolygon","coordinates":[[[[73.8001739,18.5881133],[73.8004314,18.5880523],[73.8005277,18.5880489],[73.8007211,18.5880421],[73.8007401,18.5886902],[73.8007446,18.5888426],[73.8008633,18.5928871],[73.8003867,18.5929445],[73.8003318,18.5918889],[73.8001739,18.5881133]]]]}},
{"type":"Feature","properties":{"osm_id":"227926125","code":7202,"fclass":"park","name":"Parimal Udyan"},"geometry":{"type":"MultiPolygon","coordinates":[[[[73.8301151,18.5303965],[73.8307092,18.5303825],[73.8314953,18.5303433],[73.832445,18.530312],[73.8324243,18.5304774],[73.8315052,18.5305194],[73.8307043,18.530539],[73.8301221,18.5305418],[73.8301151,18.5303965]]]]}},
{"type":"Feature","properties":{"osm_id":"229844582","code":7201,"fclass":"forest","name":""},"geometry":{"type":"MultiPolygon","coordinates":[[[[73.8833198,18.4740607],[73.8840817,18.4739609],[73.8841036,18.4741112],[73.8833417,18.474211],[73.8833198,18.4740607]]]]}},
{"type":"Feature","properties":{"osm_id":"229873843","code":7209,"fclass":"commercial","name":""},"geometry":{"type":"MultiPolygon","coordinates":[[[[73.8974011,18.5460626],[73.898132,18.5459519],[73.8983292,18.5467983],[73.8984138,18.5471417],[73.8976026,18.5473106],[73.8974011,18.5460626]]]]}},
{"type":"Feature","properties":{"osm_id":"231526357","code":7203,"fclass":"residential","name":"Rajgruhi Residency"},"geometry":{"type":"MultiPolygon","coordinates":[[[[73.8778299,18.4602462],[73.8778942,18.4598731],[73.8800717,18.4601956],[73.880131,18.4601855],[73.8801191,18.4603009],[73.880132,18.4604677],[73.8801893,18.4604849],[73.8801577,18.4605972],[73.8801524,18.4607131],[73.8793663,18.4607041],[73.8793899,18.4604708],[73.8789861,18.4604081],[73.8783705,18.4603214],[73.878091,18.4602821],[73.8778299,18.4602462]]]]}},
{"type":"Feature","properties":{"osm_id":"232445443","code":7203,"fclass":"residential","name":"Ashoka Mews"},"geometry":{"type":"MultiPolygon","coordinates":[[[[73.8873732,18.466126],[73.8890357,18.4673928],[73.888934,18.4685154],[73.8877418,18.4684454],[73.8875267,18.4679329],[73.8873732,18.466126]]]]}},
{"type":"Feature","properties":{"osm_id":"232745958","code":7202,"fclass":"park","name":"Shri Sant Jnaneshwar Udyan"},"geometry":{"type":"MultiPolygon","coordinates":[[[[73.8167916,18.5145513],[73.8167958,18.513882],[73.8170869,18.513882],[73.8168506,18.5145644],[73.8168199,18.5145686],[73.8167916,18.5145513]]]]}},
{"type":"Feature","properties":{"osm_id":"233735597","code":7212,"fclass":"retail","name":"DRDO Shopping Complex"},"geometry":{"type":"MultiPolygon","coordinates":[[[[73.7947812,18.5372725],[73.7953409,18.5363346],[73.7961498,18.5375094],[73.7961302,18.5375743],[73.7960813,18.5376022],[73.7960095,18.5376053],[73.7947812,18.5372725]]]]}},
{"type":"Feature","properties":{"osm_id":"234755869","code":7203,"fclass":"residential","name":"Rambaug Colony"},"geometry":{"type":"MultiPolygon","coordinates":[[[[73.8107575,18.5131255],[73.8110392,18.5093346],[73.8110876,18.5090344],[73.8111266,18.5090592],[73.8113822,18.5092405],[73.8118134,18.509386],[73.8120502,18.5094298],[73.8138864,18.5096296],[73.8148191,18.5097883],[73.8154838,18.5100124],[73.8163829,18.5104788],[73.817011,18.5107291],[73.8176792,18.5108351],[73.8174155,18.5130046],[73.8172271,18.5135487],[73.8171187,18.5138618],[73.8167634,18.5148879],[73.8176716,18.5151245],[73.8176028,18.515598],[73.8172914,18.5155912],[73.8160361,18.5155891],[73.8153593,18.5155823],[73.8145137,18.515583],[73.8145113,18.515391],[73.8144676,18.5118183],[73.8138083,18.5116023],[73.8114528,18.5132107],[73.8110272,18.5129152],[73.8107575,18.5131255]]]]}},
{"type":"Feature","properties":{"osm_id":"234757470","code":7203,"fclass":"residential","name":"Ideal Colony"},"geometry":{"type":"MultiPolygon","coordinates":[[[[73.8153766,18.5097266],[73.8160233,18.5075064],[73.8162648,18.5062623],[73.8186853,18.506737],[73.8182796,18.5084042],[73.8179176,18.5103154],[73.8178058,18.5108286],[73.8173709,18.5107779],[73.8162278,18.510381],[73.8156315,18.5100793],[73.815697,18.5099286],[73.8153766,18.5097266]]]]}},
{"type":"Feature","properties":{"osm_id":"234816391","code":7209,"fclass":"commercial","name":"Suzlon Energy Ltd."},"geometry":{"type":"MultiPolygon","coordinates":[[[[73.933976,18.5127578],[73.9342925,18.5114759],[73.9355584,18.5113965],[73.9369693,18.511308],[73.9370981,18.512539],[73.933976,18.5127578]]]]}},
{"type":"Feature","properties":{"osm_id":"236155899","code":7203,"fclass":"residential","name":"Karishma"},"geometry":{"type":"MultiPolygon","coordinates":[[[[73.8214623,18.5037391],[73.8219075,18.5021672],[73.8237153,18.5026021],[73.8230917,18.5036844],[73.8229294,18.5039324],[73.822055,18.5037823],[73.8214623,18.5037391]]]]}},
{"type":"Feature","properties":{"osm_id":"236155929","code":7202,"fclass":"park","name":""},"geometry":{"type":"MultiPolygon","coordinates":[[[[73.8219623,18.5033513],[73.821988,18.5032681],[73.8221919,18.5026062],[73.8229729,18.5028227],[73.8229573,18.5028734],[73.8227433,18.5035678],[73.8223397,18.5034559],[73.82203,18.5033701],[73.8219623,18.5033513]]]]}},
{"type":"Feature","properties":{"osm_id":"238842701","code":7209,"fclass":"commercial","name":""},"geometry":{"type":"MultiPolygon","coordinates":[[[[73.8448904,18.5315659],[73.8482854,18.5306938],[73.8486738,18.5306048],[73.8487301,18.5305919],[73.8495675,18.5304135],[73.8496392,18.5304562],[73.8464244,18.5314897],[73.8496885,18.5305182],[73.8497348,18.5305992],[73.8497264,18.530671],[73.849728,18.5311341],[73.8496637,18.5311922],[73.8495435,18.5315288],[73.8494182,18.5318885],[73.8490995,18.5328451],[73.8482944,18.5324928],[73.8480738,18.53235],[73.8479129,18.5321445],[73.8475078,18.5324488],[73.8471364,18.5322045],[73.84683,18.5321059],[73.846301,18.5319907],[73.8461016,18.531977],[73.8453211,18.5319606],[73.8448904,18.5315659]]]]}},
{"type":"Feature","properties":{"osm_id":"238842702","code":7209,"fclass":"commercial","name":""},"geometry":{"type":"MultiPolygon","coordinates":[[[[73.849853,18.5304957],[73.8498951,18.5304093],[73.8499721,18.5302997],[73.8505454,18.5301371],[73.8512815,18.5299487],[73.8514896,18.5306451],[73.8523924,18.5304032],[73.8522636,18.5300133],[73.8523972,18.5299758],[73.8523022,18.5296921],[73.8527245,18.5295665],[73.8528897,18.5295458],[73.8530798,18.5296064],[73.8532248,18.5296906],[73.85339,18.5298073],[73.8534601,18.5298694],[73.8529894,18.530357],[73.8523214,18.5309389],[73.8513195,18.5309024],[73.8511129,18.5309987],[73.8508361,18.5315135],[73.8500948,18.5312862],[73.8499616,18.5312264],[73.8498846,18.5311533],[73.8498671,18.5310802],[73.849853,18.5304957]]]]}},
{"type":"Feature","properties":{"osm_id":"239336972","code":7209,"fclass":"commercial","name":"Sylvania"},"geometry":{"type":"MultiPolygon","coordinates":[[[[73.9265485,18.5187411],[73.9286352,18.5186292],[73.9286621,18.5196516],[73.9265753,18.5194176],[73.9265485,18.5187411]]]]}},
{"type":"Feature","properties":{"osm_id":"242659633","code":7203,"fclass":"residential","name":"Swapnashilpa Housing Society"},"geometry":{"type":"MultiPolygon","coordinates":[[[[73.8227207,18.4993283],[73.823315,18.498395],[73.8239868,18.4986972],[73.824055,18.4987303],[73.8242626,18.4988244],[73.8244316,18.498901],[73.8242853,18.4995564],[73.8242467,18.4998558],[73.8235864,18.4996393],[73.8228168,18.4993615],[73.8227207,18.4993283]]]]}},
{"type":"Feature","properties":{"osm_id":"242682771","code":7202,"fclass":"park","name":""},"geometry":{"type":"MultiPolygon","coordinates":[[[[73.8197207,18.6193363],[73.8200899,18.6192754],[73.8201537,18.6196229],[73.8197845,18.6196838],[73.8197207,18.6193363]]]]}},
{"type":"Feature","properties":{"osm_id":"242682772","code":7202,"fclass":"park","name":"BD Garden"},"geometry":{"type":"MultiPolygon","coordinates":[[[[73.8180468,18.6179843],[73.8188968,18.6178485],[73.8190111,18.6184909],[73.8181611,18.6186267],[73.8180468,18.6179843]]]]}},
{"type":"Feature","properties":{"osm_id":"242682774","code":7202,"fclass":"park","name":"Vallabh Bhai Park"},"geometry":{"type":"MultiPolygon","coordinates":[[[[73.8194128,18.6176732],[73.8201105,18.6175745],[73.8202108,18.6185755],[73.8195786,18.6186686],[73.8194128,18.6176732]]]]}},
{"type":"Feature","properties":{"osm_id":"243776676","code":7202,"fclass":"park","name":""},"geometry":{"type":"MultiPolygon","coordinates":[[[[73.9505211,18.5515767],[73.9505328,18.5514746],[73.9505773,18.5513865],[73.9506672,18.5512826],[73.9510035,18.5509884],[73.9510687,18.5509673],[73.9511236,18.5509688],[73.9511718,18.550991],[73.9511967,18.5510183],[73.9512158,18.5510687],[73.9512151,18.551134],[73.9510253,18.5515287],[73.9509492,18.5516421],[73.9508748,18.5517097],[73.9507773,18.5517516],[73.9507035,18.5517562],[73.9506196,18.5517357],[73.9505682,18.5516931],[73.9505369,18.5516481],[73.9505286,18.5516103],[73.9505211,18.5515767]]]]}},
{"type":"Feature","properties":{"osm_id":"244024631","code":7202,"fclass":"park","name":""},"geometry":{"type":"MultiPolygon","coordinates":[[[[73.8047188,18.6144598],[73.8047267,18.6143978],[73.8047503,18.6143693],[73.8047843,18.6143469],[73.8048314,18.6143383],[73.805152,18.6143172],[73.8051717,18.6143283],[73.8051835,18.6143544],[73.8052424,18.6147401],[73.8047581,18.6148877],[73.8047188,18.6144598]]]]}},
{"type":"Feature","properties":{"osm_id":"244024632","code":7202,"fclass":"park","name":""},"geometry":{"type":"MultiPolygon","coordinates":[[[[73.7997713,18.6163376],[73.8004631,18.6162755],[73.8004908,18.6167736],[73.7998314,18.6168368],[73.7997901,18.6165748],[73.7997713,18.6163376]]]]}},
{"type":"Feature","properties":{"osm_id":"244024634","code":7202,"fclass":"park","name":"Hemu Kalani Udyan"},"geometry":{"type":"MultiPolygon","coordinates":[[[[73.8019929,18.615857],[73.8028906,18.6157658],[73.8025315,18.6160482],[73.8024575,18.6160868],[73.8020225,18.6162236],[73.8019929,18.615857]]]]}},
{"type":"Feature","properties":{"osm_id":"244386572","code":7202,"fclass":"park","name":"Shivaji Park"},"geometry":{"type":"MultiPolygon","coordinates":[[[[73.8237854,18.5725359],[73.8243694,18.5725289],[73.8243931,18.5730668],[73.8237872,18.5730929],[73.8237854,18.5725359]]]]}},
{"type":"Feature","properties":{"osm_id":"245590249","code":7203,"fclass":"residential","name":"The Palladium"},"geometry":{"type":"MultiPolygon","coordinates":[[[[73.8218769,18.4980708],[73.8220303,18.497998],[73.8224614,18.497988],[73.8225752,18.4987932],[73.8222498,18.4987932],[73.8219457,18.4988133],[73.821924,18.4985788],[73.8219156,18.4984888],[73.8218951,18.4982677],[73.8218769,18.4980708]]]]}},
{"type":"Feature","properties":{"osm_id":"246996059","code":7202,"fclass":"park","name":"Pimple Gurav Dinosaur Park"},"geometry":{"type":"MultiPolygon","coordinates":[[[[73.8165098,18.5929856],[73.8170038,18.5911196],[73.8170268,18.591106],[73.8170798,18.5911044],[73.8172767,18.5912087],[73.8178671,18.5915912],[73.8179178,18.5916677],[73.8179501,18.5917617],[73.8181731,18.5924508],[73.8182172,18.592576],[73.8182938,18.5927151],[73.8185545,18.5931405],[73.8186395,18.5932792],[73.8165245,18.5930288],[73.8165098,18.5929856]]]]}},
{"type":"Feature","properties":{"osm_id":"247000954","code":7204,"fclass":"industrial","name":""},"geometry":{"type":"MultiPolygon","coordinates":[[[[73.821786,18.5771084],[73.8232707,18.5762416],[73.8243984,18.5762109],[73.8244145,18.5767473],[73.8264391,18.5767907],[73.8268676,18.5770167],[73.827874,18.5771125],[73.827866,18.5787178],[73.8277183,18.5790932],[73.8274671,18.579752],[73.82741,18.5801069],[73.8267898,18.5803046],[73.8257666,18.5805268],[73.8252007,18.5806026],[73.8246176,18.5805701],[73.8244433,18.5804347],[73.8234944,18.5803805],[73.8230628,18.5797466],[73.822777,18.5798712],[73.8225684,18.5795],[73.8223683,18.578075],[73.821786,18.5771084]]]]}},
{"type":"Feature","properties":{"osm_id":"247009988","code":7202,"fclass":"park","name":"Pankunwar Firodiya Udyan"},"geometry":{"type":"MultiPolygon","coordinates":[[[[73.8329819,18.535895],[73.8332705,18.5358836],[73.8332881,18.5362855],[73.8329995,18.5362969],[73.8329819,18.535895]]]]}},
{"type":"Feature","properties":{"osm_id":"247452854","code":7203,"fclass":"residential","name":"Supreme Pallacio"},"geometry":{"type":"MultiPolygon","coordinates":[[[[73.7814567,18.5586335],[73.7823719,18.5585996],[73.7823523,18.5594239],[73.7823393,18.5598191],[73.7819657,18.5598052],[73.7820071,18.5594115],[73.7816261,18.559393],[73.7815805,18.5590935],[73.7814567,18.559075],[73.7814567,18.5586335]]]]}},
{"type":"Feature","properties":{"osm_id":"248228807","code":7203,"fclass":"residential","name":"National Water Academy Colony"},"geometry":{"type":"MultiPolygon","coordinates":[[[[73.7909008,18.4496877],[73.7924614,18.4496229],[73.7926395,18.4506436],[73.7928907,18.4522659],[73.7926743,18.4521347],[73.7921316,18.4516098],[73.7918958,18.4513086],[73.7915943,18.4508645],[73.7909008,18.4496877]]]]}},
{"type":"Feature","properties":{"osm_id":"248446112","code":7202,"fclass":"park","name":"Sitangan Udyan"},"geometry":{"type":"MultiPolygon","coordinates":[[[[73.8196144,18.5953104],[73.8200777,18.5951598],[73.8206932,18.597675],[73.8201538,18.5977785],[73.8196144,18.5953104]]]]}},
{"type":"Feature","properties":{"osm_id":"249148063","code":7218,"fclass":"grass","name":""},"geometry":{"type":"MultiPolygon","coordinates":[[[[73.8276444,18.5109907],[73.8279754,18.5109466],[73.828017,18.5112371],[73.8278798,18.5112836],[73.8278038,18.5112929],[73.8276763,18.5112952],[73.8276444,18.5109907]]]]}},
{"type":"Feature","properties":{"osm_id":"250296669","code":7211,"fclass":"recreation_ground","name":""},"geometry":{"type":"MultiPolygon","coordinates":[[[[73.8544032,18.4686515],[73.8544385,18.468435],[73.8547371,18.4684788],[73.8547018,18.4686953],[73.8544032,18.4686515]]]]}},
{"type":"Feature","properties":{"osm_id":"250302787","code":7202,"fclass":"park","name":"Pimple Nilakh Park"},"geometry":{"type":"MultiPolygon","coordinates":[[[[73.794145,18.5724609],[73.7941475,18.572443],[73.7941878,18.5721578],[73.7942312,18.571846],[73.7945617,18.5719183],[73.7946669,18.5719739],[73.7947117,18.5720235],[73.7947397,18.5720544],[73.794837,18.5722682],[73.7949664,18.5725526],[73.7950128,18.5726545],[73.794145,18.5724609]]]]}},
{"type":"Feature","properties":{"osm_id":"251469131","code":7209,"fclass":"commercial","name":"Seasons Mall"},"geometry":{"type":"MultiPolygon","coordinates":[[[[73.9300085,18.5197954],[73.9300192,18.5194749],[73.930164,18.5185949],[73.9325405,18.5184932],[73.9323849,18.5200192],[73.9300085,18.5197954]]]]}},
{"type":"Feature","properties":{"osm_id":"251618640","code":7202,"fclass":"park","name":""},"geometry":{"type":"MultiPolygon","coordinates":[[[[73.8117868,18.5291926],[73.8119356,18.528708],[73.8121015,18.5286845],[73.8121492,18.5287008],[73.8124047,18.5289611],[73.8122979,18.5293372],[73.8117868,18.5291926]]]]}},
{"type":"Feature","properties":{"osm_id":"251878752","code":7204,"fclass":"industrial","name":"Ayurveda Rasashala"},"geometry":{"type":"MultiPolygon","coordinates":[[[[73.8365826,18.5111311],[73.8368147,18.5106323],[73.8369703,18.5104918],[73.8374222,18.5104239],[73.8375531,18.5103138],[73.8376692,18.5104239],[73.8381087,18.5110046],[73.8378223,18.5111451],[73.8377013,18.511206],[73.8376148,18.5111521],[73.8371234,18.511405],[73.8365826,18.5111311]]]]}},
{"type":"Feature","properties":{"osm_id":"3379356","code":7203,"fclass":"residential","name":"Sankul Condominium"},"geometry":{"type":"MultiPolygon","coordinates":[[[[73.8316004,18.5012149],[73.8317615,18.5011872],[73.8317675,18.5012185],[73.8317234,18.501226],[73.8317564,18.5013988],[73.8321076,18.5013385],[73.8320542,18.5010586],[73.8323299,18.5010113],[73.8323379,18.5010536],[73.8323646,18.501049],[73.8324105,18.5012894],[73.8323796,18.5012947],[73.8323985,18.5014624],[73.8316478,18.5015741],[73.8316004,18.5012149]],[[73.8321529,18.5011267],[73.8321901,18.5013083],[73.8323169,18.5012849],[73.8322797,18.5011033],[73.8321529,18.5011267]]]]}},
{"type":"Feature","properties":{"osm_id":"253984586","code":7202,"fclass":"park","name":"Laxmibai Barne Udyan"},"geometry":{"type":"MultiPolygon","coordinates":[[[[73.7670363,18.6071341],[73.7671058,18.6071115],[73.7678172,18.6069365],[73.7678863,18.6071283],[73.7679395,18.6071925],[73.7679581,18.6072149],[73.7680648,18.6072397],[73.7682563,18.6071799],[73.7683456,18.6073531],[73.7686807,18.6072643],[73.7686913,18.6073052],[73.7686963,18.6073247],[73.7687961,18.60771],[73.767812,18.6079453],[73.76757,18.6080032],[73.7674282,18.6077264],[73.7670363,18.6071341]]]]}},
{"type":"Feature","properties":{"osm_id":"254156531","code":7203,"fclass":"residential","name":"Orange Habitat"},"geometry":{"type":"MultiPolygon","coordinates":[[[[73.9478942,18.5326952],[73.9481038,18.5326527],[73.9485663,18.5347462],[73.9483663,18.5347805],[73.9478942,18.5326952]]]]}},
{"type":"Feature","properties":{"osm_id":"254641401","code":7204,"fclass":"industrial","name":"Padumjee Paper Mill"},"geometry":{"type":"MultiPolygon","coordinates":[[[[73.7678869,18.6207429],[73.7703741,18.6206776],[73.770708,18.6205511],[73.7726607,18.6221808],[73.7725346,18.6222808],[73.7724967,18.6231125],[73.7724857,18.6242234],[73.7712668,18.6238612],[73.771114,18.6227756],[73.768011,18.6228408],[73.7678869,18.6207429]]]]}},
{"type":"Feature","properties":{"osm_id":"255661328","code":7209,"fclass":"commercial","name":""},"geometry":{"type":"MultiPolygon","coordinates":[[[[73.8332987,18.5043573],[73.8333042,18.5041306],[73.8333657,18.5037132],[73.8335577,18.5037098],[73.8335958,18.5037991],[73.8340141,18.5041684],[73.834246,18.5042869],[73.8345521,18.5043745],[73.8347006,18.5044638],[73.8344271,18.5044672],[73.8342315,18.5044827],[73.8340866,18.5045067],[73.8339308,18.5045428],[73.8334527,18.5049396],[73.833373,18.5048022],[73.8333205,18.5045497],[73.8332987,18.5043573]]]]}},
{"type":"Feature","properties":{"osm_id":"256157757","code":7203,"fclass":"residential","name":"Khadak Police Line"},"geometry":{"type":"MultiPolygon","coordinates":[[[[73.8580696,18.5086686],[73.8580957,18.5075614],[73.8591982,18.5075712],[73.8592686,18.5085129],[73.8583954,18.5086736],[73.8580696,18.5086686]]]]}},
{"type":"Feature","properties":{"osm_id":"256157764","code":7203,"fclass":"residential","name":""},"geometry":{"type":"MultiPolygon","coordinates":[[[[73.8536954,18.5054566],[73.8552989,18.5041116],[73.8581602,18.5014877],[73.8582975,18.5016179],[73.8586337,18.5014901],[73.8588132,18.5024909],[73.8589765,18.5038522],[73.8590119,18.5041871],[73.8589806,18.5043727],[73.8585252,18.5043063],[73.8584582,18.5046724],[73.8574157,18.5047235],[73.8575838,18.5055341],[73.8576615,18.5060364],[73.8570692,18.5060355],[73.8570753,18.5066257],[73.8545685,18.5066241],[73.8545759,18.5073464],[73.8537695,18.5073513],[73.8537699,18.5067543],[73.854088,18.5067464],[73.8540695,18.505682],[73.8539355,18.5055258],[73.8537028,18.5057116],[73.8536954,18.5054566]]]]}},
{"type":"Feature","properties":{"osm_id":"256157765","code":7203,"fclass":"residential","name":""},"geometry":{"type":"MultiPolygon","coordinates":[[[[73.8537765,18.5078679],[73.8546663,18.5078567],[73.8547079,18.5085154],[73.8542039,18.5085122],[73.8537808,18.5080796],[73.8537765,18.5078679]]]]}},
{"type":"Feature","properties":{"osm_id":"256431153","code":7203,"fclass":"residential","name":""},"geometry":{"type":"MultiPolygon","coordinates":[[[[73.9296344,18.5149677],[73.9301848,18.5149433],[73.930248,18.5150077],[73.9303347,18.5150877],[73.9304542,18.5151632],[73.930563,18.5152195],[73.9306433,18.5152406],[73.9306802,18.5160848],[73.930619,18.5161288],[73.9305842,18.5161712],[73.9305527,18.5162199],[73.9305229,18.516256],[73.9296649,18.5162984],[73.9296605,18.5161067],[73.9296547,18.5158552],[73.9296344,18.5149677]]]]}},
{"type":"Feature","properties":{"osm_id":"256431154","code":7203,"fclass":"residential","name":""},"geometry":{"type":"MultiPolygon","coordinates":[[[[73.9308332,18.5152369],[73.9309503,18.5151681],[73.9310369,18.5151081],[73.9311283,18.5150148],[73.9312079,18.5148927],[73.932255,18.5148305],[73.9323487,18.5149016],[73.9324775,18.5148927],[73.9328433,18.5161624],[73.9310112,18.5161926],[73.9309808,18.5161526],[73.9309357,18.516102],[73.9308824,18.5160621],[73.9308473,18.5160371],[73.9308332,18.5152369]]]]}},
{"type":"Feature","properties":{"osm_id":"256431155","code":7209,"fclass":"commercial","name":"Famic Technologies Pvt Ltd"},"geometry":{"type":"MultiPolygon","coordinates":[[[[73.9229795,18.5109922],[73.9240853,18.5109478],[73.9246606,18.5109247],[73.9247601,18.5109207],[73.9248248,18.5109181],[73.9259323,18.5108736],[73.9260406,18.5129136],[73.925909,18.5129309],[73.9257799,18.5129558],[73.9256526,18.5129883],[73.9255276,18.5130284],[73.9254057,18.5130757],[73.925287,18.5131303],[73.9251723,18.5131919],[73.9250618,18.51326],[73.9249561,18.5133348],[73.9248556,18.5134156],[73.9247605,18.5135023],[73.9246715,18.5135944],[73.9245886,18.5136917],[73.9245124,18.5137936],[73.9244431,18.5139001],[73.924381,18.5140103],[73.9243263,18.514124],[73.9242793,18.5142408],[73.92424,18.5143602],[73.9242088,18.5144816],[73.9241856,18.5146047],[73.9241604,18.5147982],[73.9231499,18.5148364],[73.9230983,18.5139808],[73.9230646,18.5132794],[73.9229954,18.5113515],[73.9229795,18.5109922]]]]}},
{"type":"Feature","properties":{"osm_id":"256431156","code":7209,"fclass":"commercial","name":""},"geometry":{"type":"MultiPolygon","coordinates":[[[[73.9261729,18.5105409],[73.9262594,18.5104652],[73.9286085,18.5103693],[73.9286723,18.5103667],[73.9286738,18.5104038],[73.9286716,18.5105506],[73.9287138,18.5115445],[73.9287234,18.5116786],[73.9287438,18.5122493],[73.9288458,18.5146498],[73.9283187,18.5146627],[73.9283037,18.5145552],[73.9282907,18.5144383],[73.9282567,18.5143184],[73.9282147,18.5142007],[73.928165,18.5140858],[73.9281078,18.5139742],[73.9280434,18.5138661],[73.9279719,18.5137619],[73.9278937,18.5136625],[73.927809,18.5135677],[73.9277182,18.5134783],[73.9276217,18.5133944],[73.9275198,18.5133164],[73.927413,18.5132446],[73.9273016,18.5131793],[73.9271861,18.5131208],[73.927067,18.5130693],[73.9269447,18.5130249],[73.9268197,18.5129879],[73.9266924,18.5129586],[73.9265636,18.5129368],[73.9264334,18.5129227],[73.9262877,18.5129179],[73.9262359,18.5123541],[73.9261729,18.5105409]]]]}},
{"type":"Feature","properties":{"osm_id":"256431157","code":7209,"fclass":"commercial","name":""},"geometry":{"type":"MultiPolygon","coordinates":[[[[73.9264738,18.5169273],[73.9264828,18.516905],[73.9265117,18.5168897],[73.9266152,18.5168755],[73.9267465,18.5168502],[73.9268758,18.5168171],[73.9270026,18.5167764],[73.9271265,18.5167283],[73.927247,18.5166729],[73.9273636,18.5166103],[73.9274757,18.516541],[73.9275831,18.5164652],[73.9276854,18.516383],[73.9277815,18.5162969],[73.9277818,18.516295],[73.9278723,18.5162014],[73.9279565,18.5161026],[73.9280338,18.5159989],[73.9281042,18.515891],[73.9281673,18.515779],[73.928223,18.5156634],[73.9282708,18.5155448],[73.9283106,18.5154236],[73.9283424,18.5153002],[73.9283659,18.5151752],[73.928381,18.5150491],[73.9294224,18.5149856],[73.9295415,18.5171463],[73.926493,18.5172744],[73.9264738,18.5169273]]]]}},
{"type":"Feature","properties":{"osm_id":"256431158","code":7209,"fclass":"commercial","name":""},"geometry":{"type":"MultiPolygon","coordinates":[[[[73.9236867,18.5152381],[73.9237816,18.5152335],[73.9241581,18.5152151],[73.9241898,18.5152301],[73.9242052,18.5152596],[73.9242096,18.5153555],[73.9242477,18.5154766],[73.9242906,18.5155984],[73.9243334,18.5157144],[73.9243871,18.5158271],[73.9244595,18.5159377],[73.9245341,18.5160395],[73.9246141,18.5161398],[73.9247007,18.5162443],[73.9247935,18.5163253],[73.9249002,18.5164081],[73.9250027,18.5164893],[73.9251089,18.5165643],[73.9252245,18.5166355],[73.9253314,18.5166939],[73.9254532,18.516745],[73.9255642,18.5168024],[73.9256919,18.5168401],[73.925822,18.5168703],[73.9259539,18.5168926],[73.9260869,18.516907],[73.9262002,18.516911],[73.9262207,18.5169294],[73.9262688,18.5180144],[73.9238121,18.5181042],[73.9238113,18.5180852],[73.9237886,18.5175666],[73.9237475,18.516729],[73.9236867,18.5152381]]]]}},
{"type":"Feature","properties":{"osm_id":"256431159","code":7203,"fclass":"residential","name":""},"geometry":{"type":"MultiPolygon","coordinates":[[[[73.9238319,18.5091791],[73.9247975,18.5091893],[73.9248941,18.5091885],[73.9251294,18.5091864],[73.9258838,18.5090875],[73.9259428,18.5106161],[73.9259334,18.5106485],[73.9259106,18.510674],[73.9258785,18.5106822],[73.9240009,18.5107655],[73.9239674,18.5107604],[73.9239406,18.5107477],[73.9239164,18.5107236],[73.923899,18.5106924],[73.9238319,18.5091791]]]]}},
{"type":"Feature","properties":{"osm_id":"256444969","code":7202,"fclass":"park","name":"Ambedkar Park"},"geometry":{"type":"MultiPolygon","coordinates":[[[[73.8688453,18.4653554],[73.8690227,18.4652881],[73.8691824,18.4652689],[73.8692419,18.4652388],[73.8693534,18.4651859],[73.8696182,18.4651703],[73.8696208,18.4653806],[73.8694142,18.4653818],[73.8693078,18.4654263],[73.8691621,18.4658361],[73.8691342,18.465865],[73.8690949,18.4658698],[73.8689822,18.4658638],[73.8688846,18.4658277],[73.8688747,18.4657812],[73.8688453,18.4653554]]]]}},
{"type":"Feature","properties":{"osm_id":"256703148","code":7203,"fclass":"residential","name":"Kshipra Sahanivas"},"geometry":{"type":"MultiPolygon","coordinates":[[[[73.8201955,18.4922374],[73.8202054,18.4922019],[73.8202309,18.4921789],[73.8208652,18.4919082],[73.8213691,18.49392],[73.8205075,18.4940804],[73.8201992,18.4922764],[73.8201955,18.4922374]]]]}},
{"type":"Feature","properties":{"osm_id":"256713947","code":7202,"fclass":"park","name":""},"geometry":{"type":"MultiPolygon","coordinates":[[[[73.8292862,18.5291323],[73.8294471,18.5291196],[73.8295115,18.5298164],[73.8292916,18.5298164],[73.8292862,18.5291323]]]]}},
{"type":"Feature","properties":{"osm_id":"256949150","code":7203,"fclass":"residential","name":"Nyati Estate"},"geometry":{"type":"MultiPolygon","coordinates":[[[[73.9201996,18.4649972],[73.9207996,18.4649576],[73.9212577,18.4651279],[73.9213513,18.4650236],[73.9214362,18.464989],[73.9215512,18.4648873],[73.9219475,18.464537],[73.9220779,18.4646656],[73.9221771,18.4646953],[73.9228826,18.4649204],[73.9222866,18.4653882],[73.9219944,18.4655218],[73.9206535,18.4662246],[73.9204604,18.4663632],[73.9204083,18.4663236],[73.9202726,18.4655565],[73.9201996,18.4649972]]]]}},
{"type":"Feature","properties":{"osm_id":"256949435","code":7203,"fclass":"residential","name":"Nyati Garden"},"geometry":{"type":"MultiPolygon","coordinates":[[[[73.9214279,18.4660042],[73.9218648,18.4657812],[73.9223372,18.4655386],[73.9224177,18.465592],[73.9225115,18.4657701],[73.9222004,18.4666733],[73.9218732,18.4667852],[73.9214279,18.4660042]]]]}},
{"type":"Feature","properties":{"osm_id":"257203328","code":7202,"fclass":"park","name":""},"geometry":{"type":"MultiPolygon","coordinates":[[[[73.8312412,18.5152386],[73.8312477,18.5151473],[73.8312658,18.5150635],[73.831309,18.5148843],[73.8313874,18.5148876],[73.8313398,18.515079],[73.831323,18.5151569],[73.8313177,18.5152308],[73.8313424,18.515311],[73.8313769,18.5153782],[73.8314231,18.5154388],[73.8314918,18.5154839],[73.8318913,18.515671],[73.831967,18.5157083],[73.832017,18.5157515],[73.8320638,18.5158121],[73.8320924,18.5158621],[73.8321046,18.515924],[73.8321093,18.5159942],[73.8321045,18.5160555],[73.8320903,18.516147],[73.8320608,18.5162191],[73.8318496,18.5165575],[73.8318286,18.5166056],[73.8318113,18.5166714],[73.8318077,18.5167287],[73.8318182,18.5167946],[73.8320338,18.5174985],[73.8320779,18.517587],[73.8321285,18.5176589],[73.8325919,18.5182335],[73.8326495,18.5183215],[73.832688,18.5184006],[73.8327267,18.5184906],[73.8327635,18.5186137],[73.832774,18.5186813],[73.8327071,18.5187043],[73.8326892,18.5186285],[73.8326549,18.518514],[73.8326185,18.5184292],[73.8325827,18.5183556],[73.8325295,18.5182744],[73.8320668,18.5177007],[73.8320118,18.5176225],[73.8319627,18.517524],[73.831744,18.51681],[73.8317316,18.5167319],[73.8317361,18.5166605],[73.8317565,18.516583],[73.8317816,18.5165253],[73.8319924,18.5161875],[73.8320166,18.5161285],[73.8320292,18.5160477],[73.8320333,18.5159938],[73.8320292,18.5159329],[73.8320201,18.5158864],[73.8319996,18.5158506],[73.8319604,18.5157998],[73.8319233,18.5157678],[73.831857,18.5157351],[73.8314532,18.515546],[73.8313693,18.5154909],[73.8313117,18.5154153],[73.8312714,18.515337],[73.8312412,18.5152386]]]]}},
{"type":"Feature","properties":{"osm_id":"257203329","code":7202,"fclass":"park","name":""},"geometry":{"type":"MultiPolygon","coordinates":[[[[73.8327406,18.5187647],[73.8328496,18.518732],[73.8328883,18.5187419],[73.8333578,18.5187776],[73.8334758,18.518796],[73.8335822,18.518822],[73.833736,18.5188757],[73.8342506,18.5191197],[73.8343492,18.5191638],[73.8344268,18.5191738],[73.8345587,18.5191862],[73.8346594,18.5192075],[73.8349245,18.5192726],[73.8350268,18.5192965],[73.8351299,18.5193029],[73.8352953,18.5192888],[73.8356488,18.5192576],[73.8357691,18.5192319],[73.835854,18.5191852],[73.8359471,18.5191279],[73.8360382,18.5190809],[73.8361223,18.5190568],[73.8362158,18.5190388],[73.8363167,18.5190433],[73.8364103,18.5190632],[73.8365625,18.519093],[73.8366415,18.5190977],[73.8370746,18.5190931],[73.8371772,18.5190931],[73.837379,18.5191054],[73.8374938,18.5191208],[73.8376251,18.51915],[73.8377548,18.5191869],[73.8378825,18.5192359],[73.8380349,18.5193135],[73.8381059,18.5193794],[73.838179,18.5194637],[73.8382252,18.5195618],[73.8383161,18.5198196],[73.8382476,18.5198224],[73.8381546,18.5195883],[73.838114,18.5195019],[73.83805,18.519428],[73.8379895,18.519372],[73.8378502,18.519301],[73.8377296,18.5192547],[73.8376056,18.5192194],[73.8374798,18.5191915],[73.8373713,18.519177],[73.8371748,18.5191649],[73.8370751,18.5191649],[73.8366395,18.5191696],[73.8365523,18.5191644],[73.8363944,18.5191334],[73.8363066,18.5191148],[73.8362217,18.519111],[73.8361409,18.5191266],[73.8360675,18.5191476],[73.8359859,18.5191897],[73.8358936,18.5192465],[73.8357971,18.5192996],[73.8356607,18.5193287],[73.8353022,18.5193603],[73.8351308,18.519375],[73.8350103,18.5193833],[73.8348544,18.519379],[73.8346746,18.5193563],[73.8345579,18.5193348],[73.8344321,18.5193014],[73.8343186,18.5192611],[73.834221,18.519186],[73.8337058,18.5189417],[73.8335596,18.5188906],[73.8334602,18.5188664],[73.8333486,18.518849],[73.8328823,18.5188135],[73.8327963,18.5187973],[73.8327406,18.5187647]]]]}},
{"type":"Feature","properties":{"osm_id":"257626683","code":7209,"fclass":"commercial","name":"Commerzone"},"geometry":{"type":"MultiPolygon","coordinates":[[[[73.8827943,18.5593454],[73.884908,18.5590233],[73.885075,18.5610376],[73.8848903,18.5636479],[73.8848804,18.5638383],[73.8848663,18.5639006],[73.884823,18.5639473],[73.884199,18.5640793],[73.8834153,18.5642452],[73.8833994,18.5641198],[73.8833777,18.5639489],[73.883335,18.5636117],[73.8827943,18.5593454]]]]}},
{"type":"Feature","properties":{"osm_id":"257752108","code":7202,"fclass":"park","name":"Garden"},"geometry":{"type":"MultiPolygon","coordinates":[[[[73.8942186,18.5799182],[73.8942279,18.5795523],[73.8942607,18.5795213],[73.8945431,18.5795228],[73.8945773,18.5795465],[73.8945651,18.5799205],[73.8942186,18.5799182]]]]}},
{"type":"Feature","properties":{"osm_id":"257752109","code":7202,"fclass":"park","name":""},"geometry":{"type":"MultiPolygon","coordinates":[[[[73.8962484,18.5801776],[73.8964669,18.5801621],[73.8965647,18.5802209],[73.8967278,18.5802255],[73.8967312,18.5802928],[73.8967506,18.5806799],[73.8967653,18.5807324],[73.8969528,18.5810246],[73.8963136,18.5810076],[73.8962484,18.5801776]]]]}},
{"type":"Feature","properties":{"osm_id":"258099111","code":7202,"fclass":"park","name":"Anand Park"},"geometry":{"type":"MultiPolygon","coordinates":[[[[73.8826339,18.5807944],[73.8826821,18.5807757],[73.882776,18.5808308],[73.8827896,18.5808237],[73.8830714,18.5813321],[73.8832667,18.5815652],[73.8829701,18.5816004],[73.882928,18.5815887],[73.8829046,18.5815535],[73.882886,18.5814645],[73.8828601,18.5813356],[73.8827896,18.5810931],[73.8826339,18.5807944]]]]}},
{"type":"Feature","properties":{"osm_id":"258099112","code":7202,"fclass":"park","name":"Gokul Nagar Park"},"geometry":{"type":"MultiPolygon","coordinates":[[[[73.8872157,18.5856821],[73.8877635,18.5855854],[73.8878877,18.5862175],[73.8875848,18.5863239],[73.8875287,18.5862981],[73.8873024,18.5860143],[73.8873501,18.5859466],[73.8872157,18.5856821]]]]}},
{"type":"Feature","properties":{"osm_id":"258300410","code":7203,"fclass":"residential","name":""},"geometry":{"type":"MultiPolygon","coordinates":[[[[73.8611522,18.4688148],[73.861535,18.4664495],[73.8631644,18.4667076],[73.8631349,18.4668939],[73.8628485,18.4671867],[73.862822,18.4675894],[73.8635992,18.4676388],[73.8635608,18.4678313],[73.8640309,18.4679076],[73.8638772,18.4689008],[73.8613641,18.4688311],[73.8611522,18.4688148]]]]}},
{"type":"Feature","properties":{"osm_id":"259865798","code":7202,"fclass":"park","name":"Vrunda-Kerur garden"},"geometry":{"type":"MultiPolygon","coordinates":[[[[73.8028617,18.5096204],[73.8028641,18.5094998],[73.8028713,18.509329],[73.803205,18.5093267],[73.8032026,18.5096227],[73.8028617,18.5096204]]]]}},
{"type":"Feature","properties":{"osm_id":"259865842","code":7202,"fclass":"park","name":"Rajpath Society ground"},"geometry":{"type":"MultiPolygon","coordinates":[[[[73.8014597,18.5101622],[73.8015188,18.5094846],[73.8015326,18.5091639],[73.8020384,18.5091971],[73.8019732,18.5101885],[73.8014597,18.5101622]]]]}},
{"type":"Feature","properties":{"osm_id":"259866051","code":7202,"fclass":"park","name":"Shikshaknagar ground"},"geometry":{"type":"MultiPolygon","coordinates":[[[[73.8007995,18.5106289],[73.8014558,18.510207],[73.8014597,18.5101622],[73.8019732,18.5101885],[73.8019446,18.5107268],[73.8007995,18.5106289]]]]}},
{"type":"Feature","properties":{"osm_id":"259938508","code":7203,"fclass":"residential","name":"Dwarkadeesh Residency"},"geometry":{"type":"MultiPolygon","coordinates":[[[[73.7885199,18.5952996],[73.7897859,18.5944709],[73.7901506,18.5949997],[73.790553,18.5957928],[73.7903351,18.5958875],[73.7902955,18.5959047],[73.7902804,18.5958774],[73.7898878,18.5951674],[73.7889168,18.5956555],[73.7885199,18.5952996]]]]}},
{"type":"Feature","properties":{"osm_id":"260316662","code":7209,"fclass":"commercial","name":"Business Bay"},"geometry":{"type":"MultiPolygon","coordinates":[[[[73.8893852,18.5502171],[73.8912811,18.5500662],[73.8914783,18.5524524],[73.8896719,18.5525421],[73.8896157,18.5523433],[73.8893852,18.5502171]]]]}},
{"type":"Feature","properties":{"osm_id":"260467924","code":7203,"fclass":"residential","name":""},"geometry":{"type":"MultiPolygon","coordinates":[[[[73.8300297,18.5823644],[73.8300778,18.5822661],[73.8308802,18.5822295],[73.8319782,18.5821793],[73.831669,18.5832058],[73.8315284,18.5835364],[73.8310238,18.5848972],[73.8306912,18.584908],[73.8306252,18.5849023],[73.8305571,18.5848937],[73.8305209,18.5848832],[73.8304329,18.5848092],[73.8302701,18.5846674],[73.8302151,18.5845791],[73.8301801,18.5845011],[73.8301408,18.5843722],[73.8300297,18.5823644]]]]}},
{"type":"Feature","properties":{"osm_id":"260467925","code":7203,"fclass":"residential","name":""},"geometry":{"type":"MultiPolygon","coordinates":[[[[73.828136,18.5824409],[73.8297053,18.5822898],[73.8297822,18.5823979],[73.8298628,18.5842338],[73.8285792,18.5843038],[73.8285136,18.5842697],[73.828136,18.5824409]]]]}},
{"type":"Feature","properties":{"osm_id":"260467927","code":7202,"fclass":"park","name":""},"geometry":{"type":"MultiPolygon","coordinates":[[[[73.8281586,18.58592],[73.8296494,18.5857028],[73.8297323,18.586489],[73.829693,18.5865759],[73.8296297,18.5866855],[73.8295162,18.5867848],[73.8289531,18.5868944],[73.8281586,18.58592]]]]}},
{"type":"Feature","properties":{"osm_id":"260477804","code":7204,"fclass":"industrial","name":"Hindustan Antibiotics"},"geometry":{"type":"MultiPolygon","coordinates":[[[[73.8040647,18.6214561],[73.8049393,18.6204172],[73.8050482,18.6202878],[73.8054964,18.6198358],[73.8058866,18.6194741],[73.807468,18.6182029],[73.8105467,18.616099],[73.8106749,18.6162456],[73.8124855,18.6178761],[73.8110251,18.619586],[73.8109045,18.6195821],[73.8104223,18.6201237],[73.8104136,18.6201662],[73.8104165,18.6202018],[73.810457,18.6202415],[73.8073152,18.6239276],[73.8063044,18.623159],[73.8040647,18.6214561]]]]}},
{"type":"Feature","properties":{"osm_id":"260477805","code":7204,"fclass":"industrial","name":"Indian Card Clothing"},"geometry":{"type":"MultiPolygon","coordinates":[[[[73.8110565,18.6163635],[73.8127943,18.6149703],[73.8141344,18.6159787],[73.8126171,18.6177646],[73.8110565,18.6163635]]]]}},
{"type":"Feature","properties":{"osm_id":"260477843","code":7209,"fclass":"commercial","name":"ICC Devi Gurav Tech Park"},"geometry":{"type":"MultiPolygon","coordinates":[[[[73.8128209,18.6149541],[73.8134016,18.6144716],[73.8133249,18.6142909],[73.8140002,18.6138317],[73.8151687,18.6147272],[73.8141496,18.6159552],[73.8128209,18.6149541]]]]}},
{"type":"Feature","properties":{"osm_id":"260477845","code":7202,"fclass":"park","name":""},"geometry":{"type":"MultiPolygon","coordinates":[[[[73.7982254,18.6061962],[73.7987457,18.6056398],[73.7988445,18.6055918],[73.7989379,18.6056095],[73.7989966,18.6056752],[73.7990019,18.6057941],[73.7990073,18.6059281],[73.799082,18.6062923],[73.7982708,18.6070915],[73.7982254,18.6061962]]]]}},
{"type":"Feature","properties":{"osm_id":"260482561","code":7203,"fclass":"residential","name":"Hindustan Antibiotics Colony"},"geometry":{"type":"MultiPolygon","coordinates":[[[[73.808411,18.6234981],[73.810663,18.620886],[73.8109013,18.6208011],[73.8110767,18.620774],[73.8115895,18.6202194],[73.8119726,18.620606],[73.8120756,18.6206999],[73.8139337,18.6222063],[73.8149042,18.6228935],[73.8176782,18.6250727],[73.8162234,18.626775],[73.8168597,18.6272528],[73.8158029,18.628433],[73.8147785,18.6285071],[73.8107445,18.6253253],[73.8106043,18.6246713],[73.8103024,18.6246253],[73.8100813,18.6247505],[73.808411,18.6234981]]]]}},
{"type":"Feature","properties":{"osm_id":"263797371","code":7229,"fclass":"farmland","name":"Military Farm"},"geometry":{"type":"MultiPolygon","coordinates":[[[[73.8026787,18.6035113],[73.8054117,18.6035309],[73.8070282,18.6034305],[73.8082737,18.6035812],[73.8088434,18.6041149],[73.8084327,18.6049123],[73.8094198,18.6053329],[73.8101816,18.6057536],[73.8109236,18.605741],[73.8112761,18.6055408],[73.8115478,18.6052611],[73.8120631,18.6051634],[73.8126721,18.6053987],[73.8133561,18.6054076],[73.8138011,18.6055097],[73.8142086,18.6055274],[73.8157264,18.6055541],[73.8159841,18.6060691],[73.8160918,18.6065308],[73.8161668,18.6073388],[73.8161996,18.6077562],[73.8160497,18.6081024],[73.8158763,18.6083999],[73.8158529,18.608613],[73.8159279,18.608795],[73.8161668,18.6088749],[73.816579,18.6089238],[73.8169959,18.6090214],[73.8171927,18.6091102],[73.8170756,18.6108816],[73.8173098,18.6110415],[73.8173835,18.6111473],[73.8113925,18.6151363],[73.8104485,18.6138964],[73.808312,18.6153655],[73.8078946,18.6147816],[73.8075758,18.6149495],[73.8064067,18.6132651],[73.8063257,18.6131122],[73.8046952,18.6119179],[73.8042514,18.6117139],[73.8037976,18.6106873],[73.803768,18.6087971],[73.8033487,18.6087105],[73.8028498,18.6086883],[73.8026787,18.6035113]]]]}},
{"type":"Feature","properties":{"osm_id":"263813850","code":7203,"fclass":"residential","name":"DSK Vishwa"},"geometry":{"type":"MultiPolygon","coordinates":[[[[73.791414,18.4419604],[73.7915495,18.4417283],[73.7944147,18.4420933],[73.7970696,18.4428947],[73.797873,18.4404509],[73.7976907,18.4404559],[73.7976477,18.4399827],[73.7977148,18.4396748],[73.7994125,18.4395279],[73.7996603,18.4389834],[73.8007126,18.4393297],[73.8003352,18.4404039],[73.8000501,18.4412152],[73.7992321,18.4411317],[73.7992458,18.4416292],[73.8002325,18.4418107],[73.7999719,18.4432202],[73.8001704,18.4432467],[73.8002241,18.4435214],[73.8005232,18.4436799],[73.8004995,18.4441923],[73.8001376,18.4447749],[73.7995489,18.4446194],[73.7994551,18.4449194],[73.7981575,18.4447521],[73.7980892,18.4457724],[73.7980872,18.4458022],[73.79649,18.4458177],[73.7963166,18.4456868],[73.7962845,18.4455186],[73.7962869,18.4450889],[73.794629,18.4448497],[73.7947385,18.4442137],[73.7945726,18.4441861],[73.7941401,18.4441143],[73.7942695,18.443348],[73.7940973,18.443319],[73.7941139,18.4432057],[73.7937556,18.4431504],[73.7937713,18.4427579],[73.7937053,18.4427379],[73.7936372,18.4427172],[73.7936747,18.4424958],[73.7941731,18.4425528],[73.7942066,18.4423484],[73.791414,18.4419604]]]]}},
{"type":"Feature","properties":{"osm_id":"263825711","code":7202,"fclass":"park","name":"Gool Poonawala Udyan"},"geometry":{"type":"MultiPolygon","coordinates":[[[[73.8766012,18.496209],[73.8771633,18.4958676],[73.8771811,18.4958568],[73.8772147,18.496877],[73.8770465,18.4969691],[73.8766012,18.496209]]]]}},
{"type":"Feature","properties":{"osm_id":"263825712","code":7204,"fclass":"industrial","name":"Gultekdi Industrial Estate"},"geometry":{"type":"MultiPolygon","coordinates":[[[[73.8664319,18.4963733],[73.8664743,18.4951035],[73.8672101,18.4951188],[73.8672196,18.4944123],[73.8690853,18.494487],[73.8691765,18.4945683],[73.8691643,18.496425],[73.8664319,18.4963733]]]]}},
{"type":"Feature","properties":{"osm_id":"263825713","code":7203,"fclass":"residential","name":"Khilarewadi"},"geometry":{"type":"MultiPolygon","coordinates":[[[[73.8356021,18.5084992],[73.8363497,18.5080822],[73.8363095,18.5080175],[73.8364009,18.5079282],[73.8362374,18.5075447],[73.8364729,18.5074816],[73.8371267,18.5083958],[73.8368192,18.5086847],[73.8368746,18.5092705],[73.8367989,18.509486],[73.8362798,18.5090546],[73.8361133,18.5085939],[73.8358489,18.5087277],[73.8356021,18.5084992]]]]}},
{"type":"Feature","properties":{"osm_id":"263825740","code":7203,"fclass":"residential","name":""},"geometry":{"type":"MultiPolygon","coordinates":[[[[73.8686063,18.4965693],[73.8689884,18.4965737],[73.8691755,18.4966161],[73.8692363,18.4973711],[73.8692303,18.4980255],[73.869001,18.4982605],[73.8687824,18.4982587],[73.8686063,18.4965693]]]]}},
{"type":"Feature","properties":{"osm_id":"264444878","code":7209,"fclass":"commercial","name":"Chitrashala"},"geometry":{"type":"MultiPolygon","coordinates":[[[[73.8454801,18.513468],[73.8456198,18.5130135],[73.8472491,18.5131779],[73.8471873,18.5137822],[73.8462534,18.5136923],[73.8454801,18.513468]]]]}},
{"type":"Feature","properties":{"osm_id":"264444879","code":7209,"fclass":"commercial","name":"Chitrashala"},"geometry":{"type":"MultiPolygon","coordinates":[[[[73.8461801,18.5127651],[73.8462229,18.5124103],[73.8473119,18.5125392],[73.8472411,18.5130616],[73.8462657,18.5129522],[73.8462825,18.5127774],[73.8461801,18.5127651]]]]}},
{"type":"Feature","properties":{"osm_id":"18350463","code":7203,"fclass":"residential","name":"Akashganga"},"geometry":{"type":"MultiPolygon","coordinates":[[[[73.8232165,18.5592051],[73.8238396,18.5588379],[73.824625,18.5596978],[73.8252367,18.5602532],[73.8245847,18.5604881],[73.8246103,18.5611651],[73.8243134,18.5612218],[73.8239391,18.5612009],[73.8232884,18.5612165],[73.8232165,18.5592051]]]]}},
{"type":"Feature","properties":{"osm_id":"264891322","code":7211,"fclass":"recreation_ground","name":"University Ground"},"geometry":{"type":"MultiPolygon","coordinates":[[[[73.8223319,18.5564306],[73.822782,18.5563377],[73.8228089,18.5560923],[73.8233761,18.5559791],[73.823788,18.5559149],[73.824058,18.5558851],[73.825916,18.5558169],[73.8256968,18.5577867],[73.824445,18.557684],[73.8238978,18.5576078],[73.8237844,18.5576922],[73.8235974,18.5578315],[73.8234699,18.5578315],[73.8231146,18.5578315],[73.8230531,18.5577488],[73.8228357,18.5574567],[73.8227994,18.5574079],[73.8223319,18.5564306]]]]}},
{"type":"Feature","properties":{"osm_id":"265013890","code":7209,"fclass":"commercial","name":""},"geometry":{"type":"MultiPolygon","coordinates":[[[[73.9220107,18.517325],[73.9220427,18.5173251],[73.9220186,18.5168342],[73.9220174,18.5168158],[73.9237475,18.516729],[73.9237886,18.5175666],[73.9236113,18.5175722],[73.9234566,18.517578],[73.9229439,18.5176176],[73.9229466,18.5176939],[73.9220229,18.5177294],[73.9220218,18.517682],[73.9220121,18.5174168],[73.9220107,18.517325]]]]}},
{"type":"Feature","properties":{"osm_id":"265013898","code":7218,"fclass":"grass","name":""},"geometry":{"type":"MultiPolygon","coordinates":[[[[73.9218982,18.5121751],[73.9218989,18.5120771],[73.9219954,18.5120778],[73.9219947,18.5121757],[73.9218982,18.5121751]]]]}},
{"type":"Feature","properties":{"osm_id":"265013899","code":7218,"fclass":"grass","name":""},"geometry":{"type":"MultiPolygon","coordinates":[[[[73.9216944,18.5119624],[73.9217747,18.5117385],[73.9216987,18.5117142],[73.921855,18.5113284],[73.9220238,18.5113236],[73.9220298,18.5115133],[73.922083,18.5115118],[73.9220873,18.5116478],[73.9220375,18.5116492],[73.9220461,18.5119208],[73.9217718,18.5119287],[73.9217537,18.5119808],[73.9216944,18.5119624]]]]}},
{"type":"Feature","properties":{"osm_id":"265090735","code":7209,"fclass":"commercial","name":""},"geometry":{"type":"MultiPolygon","coordinates":[[[[73.9208781,18.5203175],[73.9208888,18.5198496],[73.9218625,18.5198724],[73.9218651,18.5199188],[73.9218963,18.5199193],[73.9218949,18.5199868],[73.9220181,18.5199869],[73.9220155,18.5203334],[73.9220154,18.5203506],[73.9208781,18.5203175]]]]}},
{"type":"Feature","properties":{"osm_id":"265090736","code":7209,"fclass":"commercial","name":""},"geometry":{"type":"MultiPolygon","coordinates":[[[[73.9208888,18.5198496],[73.9209049,18.5191679],[73.9218759,18.5191807],[73.9219403,18.519407],[73.9220395,18.5194045],[73.9220288,18.5196461],[73.9219429,18.5196512],[73.9218625,18.5198724],[73.9208888,18.5198496]]]]}},
{"type":"Feature","properties":{"osm_id":"265090737","code":7209,"fclass":"commercial","name":""},"geometry":{"type":"MultiPolygon","coordinates":[[[[73.9218625,18.5198724],[73.9219429,18.5196512],[73.9220288,18.5196461],[73.9220181,18.5199869],[73.9218949,18.5199868],[73.9218963,18.5199193],[73.9218651,18.5199188],[73.9218625,18.5198724]]]]}},
{"type":"Feature","properties":{"osm_id":"265090738","code":7209,"fclass":"commercial","name":""},"geometry":{"type":"MultiPolygon","coordinates":[[[[73.9218759,18.5191807],[73.9220422,18.5191781],[73.9220411,18.5192731],[73.9220395,18.5194045],[73.9219403,18.519407],[73.9218759,18.5191807]]]]}},
{"type":"Feature","properties":{"osm_id":"265090739","code":7218,"fclass":"grass","name":""},"geometry":{"type":"MultiPolygon","coordinates":[[[[73.9209881,18.5195647],[73.9210256,18.5195666],[73.9210256,18.5195374],[73.9210592,18.5195386],[73.9210618,18.5195094],[73.9216948,18.5195272],[73.9216935,18.519559],[73.9217257,18.519559],[73.921727,18.5195882],[73.9217726,18.5195895],[73.9217874,18.5196378],[73.9218035,18.5196378],[73.9218021,18.5196734],[73.9217914,18.5197103],[73.921774,18.5197434],[73.9217431,18.5197675],[73.9217029,18.5197879],[73.921672,18.5197968],[73.9216318,18.5197955],[73.9215876,18.5197841],[73.9215192,18.5197726],[73.9214588,18.519765],[73.9213918,18.519765],[73.9213301,18.5197663],[73.9212724,18.5197764],[73.9212308,18.5197853],[73.9211906,18.5197841],[73.9211423,18.5197739],[73.9210913,18.5197497],[73.9210364,18.5197014],[73.9210069,18.5196531],[73.9209934,18.5196111],[73.9209881,18.5195647]]]]}},
{"type":"Feature","properties":{"osm_id":"265090740","code":7218,"fclass":"grass","name":""},"geometry":{"type":"MultiPolygon","coordinates":[[[[73.9209988,18.5193924],[73.9210095,18.5193606],[73.9210243,18.5193237],[73.9210538,18.5192868],[73.9210887,18.5192538],[73.921141,18.5192245],[73.921196,18.5192131],[73.9212509,18.5192144],[73.9212952,18.5192233],[73.9213596,18.5192398],[73.921436,18.5192436],[73.9215138,18.5192398],[73.9215795,18.519236],[73.9216399,18.5192245],[73.9216989,18.5192296],[73.9217445,18.5192423],[73.921782,18.5192741],[73.9218021,18.5193059],[73.9218129,18.5193479],[73.9218129,18.5193924],[73.9217954,18.5193873],[73.9217793,18.519442],[73.921723,18.5194433],[73.921723,18.51947],[73.9216908,18.5194687],[73.9216908,18.5194954],[73.9210659,18.5194801],[73.9210645,18.5194483],[73.921031,18.5194445],[73.9210337,18.5194191],[73.9209988,18.5194204],[73.9209988,18.5193924]]]]}},
{"type":"Feature","properties":{"osm_id":"265093809","code":7218,"fclass":"grass","name":""},"geometry":{"type":"MultiPolygon","coordinates":[[[[73.9242491,18.5164251],[73.924302,18.5163992],[73.9243234,18.516389],[73.9243529,18.5163814],[73.9243744,18.5163623],[73.9243972,18.5163598],[73.9244387,18.5163598],[73.9244696,18.51637],[73.9244924,18.5163458],[73.9245192,18.5163674],[73.924546,18.5163954],[73.9245635,18.5164463],[73.9246037,18.5164386],[73.9246091,18.5164895],[73.9246077,18.5165505],[73.9246506,18.5165696],[73.9246131,18.5166459],[73.9245179,18.5166192],[73.9244589,18.516623],[73.9244066,18.5166332],[73.9243837,18.5166536],[73.9242491,18.5164251]]]]}},
{"type":"Feature","properties":{"osm_id":"265093810","code":7218,"fclass":"grass","name":""},"geometry":{"type":"MultiPolygon","coordinates":[[[[73.9245807,18.5168453],[73.9246037,18.5168176],[73.9246238,18.5167998],[73.9246533,18.5167883],[73.9246989,18.5167845],[73.9246936,18.5167413],[73.9246748,18.5167019],[73.9247552,18.5166637],[73.92477,18.5166955],[73.9248411,18.5166904],[73.9248987,18.5167044],[73.9248907,18.5167286],[73.9249296,18.51674],[73.9249685,18.5167642],[73.9249993,18.5167858],[73.9249738,18.5168176],[73.9249859,18.5168443],[73.9249886,18.5168824],[73.9249645,18.5169359],[73.9249309,18.5169931],[73.9248926,18.5170469],[73.9245807,18.5168453]]]]}},
{"type":"Feature","properties":{"osm_id":"265093812","code":7209,"fclass":"commercial","name":""},"geometry":{"type":"MultiPolygon","coordinates":[[[[73.9210136,18.5168837],[73.9210485,18.5168557],[73.9218046,18.5168268],[73.9220174,18.5168158],[73.9220186,18.5168342],[73.9220427,18.5173251],[73.9220107,18.517325],[73.9220121,18.5174168],[73.9220218,18.517682],[73.9220229,18.5177294],[73.9229466,18.5176939],[73.9229439,18.5176176],[73.9234566,18.517578],[73.9234383,18.5179926],[73.923449,18.5180435],[73.9234737,18.518293],[73.9233599,18.5182979],[73.9233585,18.5182688],[73.9232561,18.5182733],[73.9232576,18.5183052],[73.923155,18.5183097],[73.9230697,18.5183165],[73.9226756,18.5183313],[73.9224437,18.5183817],[73.9224019,18.5183589],[73.9223467,18.5183436],[73.9211477,18.5183665],[73.9211182,18.5183665],[73.9210994,18.5183512],[73.9212657,18.5182775],[73.9210136,18.5168837]]]]}},
{"type":"Feature","properties":{"osm_id":"265094356","code":7218,"fclass":"grass","name":""},"geometry":{"type":"MultiPolygon","coordinates":[[[[73.9293988,18.5095651],[73.9294055,18.5095307],[73.9294297,18.5095218],[73.9294632,18.5095396],[73.9294806,18.5096821],[73.9294726,18.5097189],[73.9294565,18.5097291],[73.9294337,18.5097139],[73.9294163,18.5096846],[73.9294082,18.5096274],[73.9293988,18.5095651]]]]}},
{"type":"Feature","properties":{"osm_id":"265094357","code":7202,"fclass":"park","name":""},"geometry":{"type":"MultiPolygon","coordinates":[[[[73.9295235,18.5096248],[73.9295799,18.5096287],[73.9296255,18.5096274],[73.9296603,18.5096159],[73.9296701,18.509594],[73.9296791,18.509574],[73.9296885,18.5095345],[73.929708,18.5095217],[73.9297193,18.5095142],[73.9297716,18.5095091],[73.9298159,18.5095269],[73.9298508,18.5095638],[73.9298548,18.5096159],[73.9298414,18.5096554],[73.9298172,18.5096884],[73.9297757,18.5097266],[73.92971,18.5097495],[73.9296308,18.5097431],[73.9295718,18.5097202],[73.9295249,18.5096973],[73.9295235,18.5096248]]]]}},
{"type":"Feature","properties":{"osm_id":"265152062","code":7202,"fclass":"park","name":"BHO"},"geometry":{"type":"MultiPolygon","coordinates":[[[[73.9199079,18.5168618],[73.9210078,18.5168125],[73.9210937,18.5168379],[73.9211124,18.5169091],[73.9211741,18.5182139],[73.921158,18.5182698],[73.9211124,18.5183029],[73.919994,18.5184122],[73.9199079,18.5168618]]]]}},
{"type":"Feature","properties":{"osm_id":"265156189","code":7218,"fclass":"grass","name":""},"geometry":{"type":"MultiPolygon","coordinates":[[[[73.9241714,18.5140846],[73.924288,18.5138697],[73.9242921,18.5139116],[73.9242907,18.5139485],[73.92428,18.5139879],[73.9242626,18.5140184],[73.9242331,18.5140528],[73.9241995,18.5140744],[73.9241714,18.5140846]]]]}},
{"type":"Feature","properties":{"osm_id":"265156191","code":7218,"fclass":"grass","name":""},"geometry":{"type":"MultiPolygon","coordinates":[[[[73.9240775,18.5135886],[73.9242507,18.5133275],[73.9242974,18.5133546],[73.9243269,18.5133673],[73.9243591,18.5133686],[73.924398,18.5133572],[73.9244289,18.5133419],[73.9244503,18.5133661],[73.9244691,18.5133991],[73.9244785,18.513436],[73.9244382,18.5134538],[73.9244409,18.5134818],[73.9244463,18.5135123],[73.9244463,18.5135377],[73.9244423,18.5135657],[73.9243926,18.5135632],[73.9243913,18.5135924],[73.9243819,18.5136217],[73.924347,18.5136598],[73.9243135,18.5136408],[73.9242894,18.5136535],[73.9242639,18.5136598],[73.9242384,18.5136598],[73.9242156,18.513656],[73.9241995,18.5136509],[73.9240775,18.5135886]]]]}},
{"type":"Feature","properties":{"osm_id":"265156197","code":7218,"fclass":"grass","name":""},"geometry":{"type":"MultiPolygon","coordinates":[[[[73.9244288,18.5131394],[73.9247215,18.5129466],[73.9248003,18.5130685],[73.9247977,18.5131168],[73.9247856,18.5131588],[73.9248084,18.513188],[73.9247869,18.5132058],[73.9247668,18.5132185],[73.9247467,18.5132325],[73.9247226,18.5132402],[73.9247038,18.5132478],[73.9247145,18.5132859],[73.9246931,18.5132923],[73.9246689,18.5132948],[73.9246381,18.5132936],[73.9246072,18.513291],[73.9245938,18.5132872],[73.9245737,18.5133292],[73.9245496,18.5133266],[73.9245214,18.5133177],[73.9244999,18.5133012],[73.9244825,18.5132847],[73.9244905,18.5132669],[73.9244892,18.513244],[73.9244838,18.5132198],[73.9244718,18.5131944],[73.9244288,18.5131394]]]]}},
{"type":"Feature","properties":{"osm_id":"265157630","code":7218,"fclass":"grass","name":""},"geometry":{"type":"MultiPolygon","coordinates":[[[[73.9244302,18.5137027],[73.9244316,18.5136942],[73.9244358,18.5136865],[73.9244422,18.5136805],[73.9244504,18.5136767],[73.9244594,18.5136755],[73.9244683,18.5136771],[73.9244766,18.5136816],[73.9244829,18.5136884],[73.9244865,18.5136967],[73.9244869,18.5137058],[73.9244842,18.5137144],[73.9244786,18.5137218],[73.9244708,18.5137269],[73.9244616,18.5137293],[73.9244521,18.5137287],[73.9244433,18.5137252],[73.9244363,18.5137191],[73.9244317,18.5137112],[73.9244302,18.5137027]]]]}},
{"type":"Feature","properties":{"osm_id":"265157631","code":7218,"fclass":"grass","name":""},"geometry":{"type":"MultiPolygon","coordinates":[[[[73.9244818,18.5136537],[73.924483,18.5136452],[73.9244871,18.5136376],[73.9244936,18.5136316],[73.9245017,18.513628],[73.9245107,18.5136271],[73.9245196,18.513629],[73.9245272,18.5136335],[73.9245329,18.5136401],[73.924536,18.513648],[73.9245362,18.5136565],[73.9245335,18.5136647],[73.9245282,18.5136715],[73.9245208,18.5136764],[73.9245122,18.5136787],[73.9245032,18.5136783],[73.9244949,18.5136751],[73.9244881,18.5136696],[73.9244835,18.5136622],[73.9244818,18.5136537]]]]}},
{"type":"Feature","properties":{"osm_id":"265157632","code":7218,"fclass":"grass","name":""},"geometry":{"type":"MultiPolygon","coordinates":[[[[73.9245176,18.5135969],[73.9245186,18.5135886],[73.9245223,18.5135811],[73.9245283,18.5135751],[73.9245361,18.5135712],[73.9245447,18.5135698],[73.9245534,18.5135711],[73.9245615,18.5135752],[73.9245678,18.5135815],[73.9245714,18.5135895],[73.924572,18.5135982],[73.9245696,18.5136066],[73.9245644,18.5136138],[73.9245569,18.5136189],[73.9245481,18.5136214],[73.924539,18.513621],[73.9245305,18.5136177],[73.9245239,18.5136122],[73.9245194,18.513605],[73.9245176,18.5135969]]]]}},
{"type":"Feature","properties":{"osm_id":"265157633","code":7218,"fclass":"grass","name":""},"geometry":{"type":"MultiPolygon","coordinates":[[[[73.9245541,18.5135229],[73.9245554,18.5135188],[73.9245581,18.5135154],[73.9245619,18.513513],[73.9245663,18.513512],[73.9245708,18.5135125],[73.9245746,18.5135142],[73.9245776,18.513517],[73.9245796,18.5135205],[73.9245803,18.5135244],[73.9245796,18.5135284],[73.9245776,18.5135319],[73.9245746,18.5135347],[73.9245708,18.5135364],[73.9245666,18.5135369],[73.9245625,18.5135361],[73.9245588,18.5135341],[73.924556,18.5135312],[73.9245543,18.5135272],[73.9245541,18.5135229]]]]}},
{"type":"Feature","properties":{"osm_id":"265157634","code":7218,"fclass":"grass","name":""},"geometry":{"type":"MultiPolygon","coordinates":[[[[73.924669,18.5134086],[73.9246703,18.513404],[73.924673,18.5134002],[73.924677,18.5133974],[73.9246817,18.513396],[73.9246867,18.5133963],[73.9246912,18.513398],[73.9246947,18.513401],[73.9246971,18.5134048],[73.924698,18.5134091],[73.9246974,18.5134135],[73.9246954,18.5134175],[73.9246922,18.5134207],[73.9246881,18.5134227],[73.9246835,18.5134234],[73.9246789,18.5134227],[73.9246748,18.5134207],[73.9246715,18.5134175],[73.9246695,18.5134132],[73.924669,18.5134086]]]]}},
{"type":"Feature","properties":{"osm_id":"265157635","code":7218,"fclass":"grass","name":""},"geometry":{"type":"MultiPolygon","coordinates":[[[[73.9247299,18.5133874],[73.9247312,18.5133799],[73.9247349,18.5133732],[73.9247407,18.5133679],[73.924748,18.5133646],[73.924756,18.5133637],[73.9247638,18.5133653],[73.9247711,18.5133694],[73.9247765,18.5133755],[73.9247794,18.513383],[73.9247796,18.513391],[73.9247769,18.5133986],[73.9247717,18.5134049],[73.9247646,18.5134092],[73.9247564,18.513411],[73.9247481,18.5134102],[73.9247408,18.513407],[73.924735,18.5134017],[73.9247312,18.513395],[73.9247299,18.5133874]]]]}},
{"type":"Feature","properties":{"osm_id":"265157636","code":7218,"fclass":"grass","name":""},"geometry":{"type":"MultiPolygon","coordinates":[[[[73.9247877,18.5133458],[73.9247878,18.5133384],[73.9247903,18.5133313],[73.924795,18.5133253],[73.9248015,18.513321],[73.924809,18.5133189],[73.9248173,18.5133192],[73.924825,18.5133221],[73.9248313,18.5133273],[73.9248354,18.5133341],[73.9248369,18.5133418],[73.9248356,18.5133496],[73.9248317,18.5133565],[73.9248256,18.5133619],[73.924818,18.513365],[73.9248097,18.5133655],[73.9248017,18.5133634],[73.9247949,18.513359],[73.9247902,18.5133529],[73.9247877,18.5133458]]]]}},
{"type":"Feature","properties":{"osm_id":"265157637","code":7218,"fclass":"grass","name":""},"geometry":{"type":"MultiPolygon","coordinates":[[[[73.9248383,18.5132941],[73.9248395,18.513286],[73.9248433,18.5132787],[73.9248494,18.5132728],[73.924857,18.5132691],[73.9248656,18.5132679],[73.9248741,18.5132692],[73.9248821,18.5132734],[73.9248882,18.5132798],[73.9248917,18.5132877],[73.9248923,18.5132963],[73.9248898,18.5133046],[73.9248845,18.5133117],[73.9248771,18.5133167],[73.9248683,18.513319],[73.9248592,18.5133185],[73.9248508,18.5133152],[73.9248441,18.5133094],[73.9248399,18.5133022],[73.9248383,18.5132941]]]]}},
{"type":"Feature","properties":{"osm_id":"265157641","code":7218,"fclass":"grass","name":""},"geometry":{"type":"MultiPolygon","coordinates":[[[[73.9274512,18.5129467],[73.9275049,18.5128259],[73.9275064,18.5128176],[73.9278173,18.5129747],[73.927757,18.5130625],[73.9277731,18.5131031],[73.9277302,18.5131248],[73.9276698,18.5131375],[73.9275826,18.513121],[73.9275156,18.513079],[73.92747,18.513009],[73.9274512,18.5129467]]]]}},
{"type":"Feature","properties":{"osm_id":"265157642","code":7218,"fclass":"grass","name":""},"geometry":{"type":"MultiPolygon","coordinates":[[[[73.9278616,18.5132901],[73.9278723,18.5132138],[73.9279233,18.5132252],[73.9280306,18.5131502],[73.9281955,18.5133893],[73.9280869,18.5134605],[73.9280306,18.5134516],[73.9279675,18.5134351],[73.9279233,18.5134007],[73.9278831,18.513346],[73.9278616,18.5132901]]]]}},
{"type":"Feature","properties":{"osm_id":"265157643","code":7218,"fclass":"grass","name":""},"geometry":{"type":"MultiPolygon","coordinates":[[[[73.9274131,18.5131305],[73.9274155,18.5131236],[73.9274201,18.5131178],[73.9274264,18.5131137],[73.9274338,18.5131116],[73.9274414,18.513112],[73.9274486,18.5131145],[73.9274548,18.5131194],[73.9274589,18.513126],[73.9274604,18.5131335],[73.9274593,18.513141],[73.9274555,18.5131477],[73.9274497,18.5131529],[73.9274423,18.513156],[73.9274343,18.5131565],[73.9274266,18.5131545],[73.9274202,18.5131504],[73.9274156,18.5131446],[73.9274132,18.5131377],[73.9274131,18.5131305]]]]}},
{"type":"Feature","properties":{"osm_id":"265157644","code":7218,"fclass":"grass","name":""},"geometry":{"type":"MultiPolygon","coordinates":[[[[73.9274667,18.513176],[73.9274682,18.5131686],[73.927472,18.513162],[73.9274778,18.5131568],[73.9274851,18.5131537],[73.9274934,18.5131529],[73.9275016,18.5131547],[73.9275086,18.513159],[73.9275138,18.5131653],[73.9275164,18.5131728],[73.9275163,18.5131808],[73.9275135,18.5131883],[73.9275082,18.5131944],[73.927501,18.5131985],[73.9274928,18.5132002],[73.9274845,18.5131992],[73.927477,18.5131957],[73.9274714,18.5131903],[73.9274678,18.5131835],[73.9274667,18.513176]]]]}},
{"type":"Feature","properties":{"osm_id":"265157645","code":7218,"fclass":"grass","name":""},"geometry":{"type":"MultiPolygon","coordinates":[[[[73.9275276,18.5132095],[73.9275285,18.5132021],[73.9275316,18.5131953],[73.9275367,18.5131897],[73.9275434,18.5131857],[73.9275522,18.5131838],[73.9275612,18.5131848],[73.9275692,18.5131886],[73.9275755,18.5131948],[73.9275791,18.5132027],[73.9275796,18.5132112],[73.9275771,18.5132194],[73.9275718,18.5132263],[73.9275642,18.5132311],[73.9275555,18.5132332],[73.9275465,18.5132323],[73.9275384,18.5132285],[73.9275328,18.5132233],[73.9275291,18.5132167],[73.9275276,18.5132095]]]]}},
{"type":"Feature","properties":{"osm_id":"265157646","code":7218,"fclass":"grass","name":""},"geometry":{"type":"MultiPolygon","coordinates":[[[[73.9276087,18.5132235],[73.92761,18.5132195],[73.9276126,18.513216],[73.9276161,18.5132135],[73.9276204,18.5132122],[73.927625,18.5132122],[73.9276295,18.5132137],[73.9276331,18.5132166],[73.9276355,18.5132203],[73.9276365,18.5132247],[73.9276359,18.5132291],[73.9276338,18.5132331],[73.9276305,18.5132362],[73.9276262,18.5132381],[73.9276216,18.5132385],[73.927617,18.5132374],[73.9276131,18.513235],[73.9276103,18.5132317],[73.9276088,18.5132277],[73.9276087,18.5132235]]]]}},
{"type":"Feature","properties":{"osm_id":"265157647","code":7218,"fclass":"grass","name":""},"geometry":{"type":"MultiPolygon","coordinates":[[[[73.9277518,18.5133403],[73.9277522,18.5133358],[73.9277541,18.5133317],[73.9277574,18.5133284],[73.9277617,18.5133264],[73.9277665,18.5133259],[73.9277711,18.513327],[73.9277748,18.5133292],[73.9277776,18.5133324],[73.9277791,18.5133363],[73.9277794,18.5133404],[73.9277782,18.5133444],[73.9277758,18.5133479],[73.9277724,18.5133504],[73.9277683,18.5133519],[73.927764,18.5133521],[73.9277598,18.5133509],[73.9277558,18.5133483],[73.9277531,18.5133446],[73.9277518,18.5133403]]]]}},
{"type":"Feature","properties":{"osm_id":"265157648","code":7218,"fclass":"grass","name":""},"geometry":{"type":"MultiPolygon","coordinates":[[[[73.927773,18.513407],[73.9277739,18.513399],[73.9277775,18.5133917],[73.9277834,18.513386],[73.9277911,18.5133825],[73.9277995,18.5133816],[73.9278078,18.5133834],[73.9278147,18.5133874],[73.9278199,18.5133934],[73.9278228,18.5134006],[73.9278231,18.5134083],[73.9278208,18.5134157],[73.9278161,18.513422],[73.9278096,18.5134266],[73.9278018,18.513429],[73.9277937,18.5134289],[73.927786,18.5134263],[73.9277796,18.5134216],[73.927775,18.5134148],[73.927773,18.513407]]]]}},
{"type":"Feature","properties":{"osm_id":"265157649","code":7218,"fclass":"grass","name":""},"geometry":{"type":"MultiPolygon","coordinates":[[[[73.9278155,18.5134633],[73.9278157,18.513455],[73.9278186,18.5134473],[73.9278242,18.5134409],[73.9278316,18.5134366],[73.9278401,18.5134349],[73.9278487,18.5134359],[73.9278562,18.5134395],[73.9278622,18.5134451],[73.927866,18.5134523],[73.9278671,18.5134602],[73.9278655,18.513468],[73.9278613,18.513475],[73.927855,18.5134803],[73.9278472,18.5134834],[73.9278388,18.513484],[73.9278307,18.513482],[73.9278236,18.5134776],[73.9278183,18.5134711],[73.9278155,18.5134633]]]]}},
{"type":"Feature","properties":{"osm_id":"265157650","code":7218,"fclass":"grass","name":""},"geometry":{"type":"MultiPolygon","coordinates":[[[[73.9278683,18.5135052],[73.9278685,18.513497],[73.9278716,18.5134893],[73.9278772,18.513483],[73.9278847,18.5134787],[73.9278932,18.5134771],[73.9279018,18.5134782],[73.9279096,18.5134819],[73.9279156,18.5134879],[73.9279192,18.5134952],[73.9279201,18.5135031],[73.9279183,18.5135109],[73.9279139,18.5135178],[73.9279075,18.513523],[73.9278996,18.5135259],[73.9278912,18.5135264],[73.9278831,18.5135242],[73.9278761,18.5135197],[73.9278709,18.5135131],[73.9278683,18.5135052]]]]}},
{"type":"Feature","properties":{"osm_id":"265157651","code":7218,"fclass":"grass","name":""},"geometry":{"type":"MultiPolygon","coordinates":[[[[73.9269557,18.5169545],[73.9269678,18.5168923],[73.926961,18.5168809],[73.926959,18.5168688],[73.9269651,18.516858],[73.9269731,18.5168542],[73.9269852,18.5168535],[73.9269932,18.5168567],[73.9269986,18.5168643],[73.9270013,18.5168739],[73.9269979,18.516884],[73.9269885,18.5168917],[73.9269778,18.5169545],[73.9269557,18.5169545]]]]}},
{"type":"Feature","properties":{"osm_id":"265157652","code":7218,"fclass":"grass","name":""},"geometry":{"type":"MultiPolygon","coordinates":[[[[73.927073,18.5168446],[73.927075,18.5168344],[73.9270831,18.5168255],[73.9270952,18.5168249],[73.9271086,18.5168275],[73.9271139,18.5168357],[73.9271159,18.5168472],[73.9271159,18.5168522],[73.927154,18.5168954],[73.927135,18.5169063],[73.9270992,18.5168637],[73.9270864,18.5168624],[73.9270771,18.5168561],[73.927073,18.5168446]]]]}},
{"type":"Feature","properties":{"osm_id":"265157653","code":7218,"fclass":"grass","name":""},"geometry":{"type":"MultiPolygon","coordinates":[[[[73.9271394,18.5168586],[73.9272045,18.5168141],[73.9272387,18.5167868],[73.9272702,18.5167537],[73.9273017,18.5167238],[73.9273453,18.5166965],[73.9273969,18.5166748],[73.9274459,18.5166679],[73.9274787,18.5167106],[73.9271649,18.5168892],[73.9271394,18.5168586]]]]}},
{"type":"Feature","properties":{"osm_id":"265157654","code":7218,"fclass":"grass","name":""},"geometry":{"type":"MultiPolygon","coordinates":[[[[73.926668,18.5169545],[73.9266821,18.5169381],[73.9267009,18.5169279],[73.9267364,18.5169203],[73.9267847,18.5169196],[73.9268001,18.5169216],[73.9268021,18.5169057],[73.9268759,18.5169107],[73.9268712,18.5169545],[73.926668,18.5169545]]]]}},
{"type":"Feature","properties":{"osm_id":"265157655","code":7218,"fclass":"grass","name":""},"geometry":{"type":"MultiPolygon","coordinates":[[[[73.9276246,18.5167108],[73.9276393,18.5167019],[73.9276339,18.5166167],[73.9276634,18.5165747],[73.9276916,18.516548],[73.9277292,18.5165213],[73.9277788,18.5164984],[73.9278351,18.5164781],[73.9278753,18.5164755],[73.9279035,18.5164793],[73.9278955,18.5165175],[73.9278914,18.5165505],[73.9278968,18.5165709],[73.9279102,18.516576],[73.9279169,18.5165862],[73.927882,18.5166116],[73.9278351,18.5166383],[73.9277573,18.5166612],[73.9277944,18.5167117],[73.9276718,18.5167832],[73.9276246,18.5167108]]]]}},
{"type":"Feature","properties":{"osm_id":"265157656","code":7218,"fclass":"grass","name":""},"geometry":{"type":"MultiPolygon","coordinates":[[[[73.9279867,18.5163865],[73.9279907,18.5163407],[73.9280041,18.516286],[73.9280282,18.5162326],[73.9280711,18.5161792],[73.9281154,18.5161347],[73.9281811,18.5161309],[73.9282598,18.5161762],[73.9281277,18.516381],[73.9280859,18.5163712],[73.9280349,18.5163725],[73.9279867,18.5163865]]]]}},
{"type":"Feature","properties":{"osm_id":"265157657","code":7218,"fclass":"grass","name":""},"geometry":{"type":"MultiPolygon","coordinates":[[[[73.9275726,18.5165368],[73.9275736,18.516529],[73.9275773,18.5165218],[73.9275831,18.5165162],[73.9275905,18.5165125],[73.9275987,18.5165113],[73.9276069,18.5165127],[73.9276142,18.5165164],[73.9276201,18.5165225],[73.9276236,18.51653],[73.9276242,18.5165382],[73.927622,18.5165462],[73.927617,18.516553],[73.92761,18.5165578],[73.9276017,18.5165602],[73.927593,18.5165599],[73.927585,18.5165568],[73.9275784,18.5165514],[73.9275743,18.5165445],[73.9275726,18.5165368]]]]}},
{"type":"Feature","properties":{"osm_id":"265157658","code":7218,"fclass":"grass","name":""},"geometry":{"type":"MultiPolygon","coordinates":[[[[73.9276201,18.5164896],[73.927621,18.516481],[73.9276249,18.5164732],[73.9276314,18.5164672],[73.9276396,18.5164635],[73.9276482,18.5164627],[73.9276565,18.5164645],[73.9276639,18.5164687],[73.9276694,18.5164749],[73.9276725,18.5164825],[73.927673,18.5164906],[73.9276707,18.5164984],[73.9276658,18.5165052],[73.927659,18.5165101],[73.9276509,18.5165127],[73.9276423,18.5165127],[73.9276342,18.5165101],[73.9276273,18.5165052],[73.9276223,18.516498],[73.9276201,18.5164896]]]]}},
{"type":"Feature","properties":{"osm_id":"265157659","code":7218,"fclass":"grass","name":""},"geometry":{"type":"MultiPolygon","coordinates":[[[[73.9276746,18.5164432],[73.9276767,18.5164357],[73.927681,18.5164292],[73.9276872,18.5164241],[73.9276948,18.5164211],[73.9277041,18.5164204],[73.927713,18.5164228],[73.9277207,18.5164279],[73.927726,18.5164352],[73.9277284,18.5164437],[73.9277276,18.5164525],[73.9277237,18.5164605],[73.9277171,18.5164668],[73.9277087,18.5164706],[73.9276994,18.5164715],[73.9276904,18.5164693],[73.9276827,18.5164644],[73.9276777,18.5164582],[73.9276749,18.5164509],[73.9276746,18.5164432]]]]}},
{"type":"Feature","properties":{"osm_id":"265157661","code":7218,"fclass":"grass","name":""},"geometry":{"type":"MultiPolygon","coordinates":[[[[73.9279216,18.5162145],[73.9279232,18.5162068],[73.9279273,18.5162],[73.9279335,18.5161949],[73.9279411,18.5161919],[73.9279494,18.5161915],[73.9279573,18.5161937],[73.927964,18.5161982],[73.9279687,18.5162044],[73.9279711,18.5162118],[73.9279709,18.5162195],[73.9279681,18.5162267],[73.9279629,18.5162326],[73.927956,18.5162367],[73.9279481,18.5162385],[73.92794,18.5162377],[73.9279326,18.5162345],[73.9279267,18.5162292],[73.9279229,18.5162223],[73.9279216,18.5162145]]]]}},
{"type":"Feature","properties":{"osm_id":"265157662","code":7218,"fclass":"grass","name":""},"geometry":{"type":"MultiPolygon","coordinates":[[[[73.927957,18.5161508],[73.9279596,18.5161426],[73.9279649,18.5161356],[73.9279721,18.5161305],[73.9279807,18.5161278],[73.9279898,18.5161278],[73.9279983,18.5161305],[73.9280056,18.5161357],[73.928011,18.5161433],[73.9280135,18.5161522],[73.9280126,18.5161614],[73.9280086,18.5161698],[73.9280018,18.5161763],[73.927993,18.5161804],[73.9279834,18.5161814],[73.9279739,18.5161792],[73.9279658,18.5161742],[73.9279602,18.5161674],[73.9279572,18.5161593],[73.927957,18.5161508]]]]}},
{"type":"Feature","properties":{"osm_id":"265157663","code":7218,"fclass":"grass","name":""},"geometry":{"type":"MultiPolygon","coordinates":[[[[73.9280088,18.5161011],[73.9280108,18.5160929],[73.9280154,18.5160856],[73.9280223,18.5160801],[73.9280307,18.5160771],[73.9280396,18.5160767],[73.9280484,18.5160791],[73.9280559,18.5160842],[73.9280612,18.5160913],[73.9280637,18.5160996],[73.9280633,18.5161083],[73.9280598,18.5161164],[73.9280538,18.5161229],[73.9280458,18.5161272],[73.9280368,18.5161288],[73.9280278,18.5161275],[73.9280196,18.5161235],[73.9280135,18.5161173],[73.9280097,18.5161096],[73.9280088,18.5161011]]]]}},
{"type":"Feature","properties":{"osm_id":"265157664","code":7218,"fclass":"grass","name":""},"geometry":{"type":"MultiPolygon","coordinates":[[[[73.9281938,18.5159796],[73.9281988,18.5159456],[73.9282102,18.51591],[73.928223,18.5158782],[73.9282451,18.5158496],[73.928282,18.5158082],[73.9283142,18.5157644],[73.9283437,18.5157103],[73.9283645,18.5156773],[73.9284107,18.5156938],[73.9282535,18.5160035],[73.9281938,18.5159796]]]]}},
{"type":"Feature","properties":{"osm_id":"265157665","code":7218,"fclass":"grass","name":""},"geometry":{"type":"MultiPolygon","coordinates":[[[[73.9283189,18.5156518],[73.9283202,18.5156404],[73.9283269,18.5156302],[73.9283383,18.5156258],[73.9283504,18.5156283],[73.9283571,18.5156347],[73.9283604,18.5156486],[73.9283611,18.515655],[73.9284195,18.5156753],[73.9284107,18.5156938],[73.9283645,18.5156773],[73.9283484,18.515662],[73.928335,18.5156645],[73.9283249,18.5156607],[73.9283189,18.5156518]]]]}},
{"type":"Feature","properties":{"osm_id":"265157666","code":7218,"fclass":"grass","name":""},"geometry":{"type":"MultiPolygon","coordinates":[[[[73.9283913,18.5153918],[73.928402,18.5152563],[73.9284252,18.5151549],[73.9284438,18.5155025],[73.928406,18.5155049],[73.9284007,18.5154744],[73.9283913,18.5153918]]]]}},
{"type":"Feature","properties":{"osm_id":"265157667","code":7218,"fclass":"grass","name":""},"geometry":{"type":"MultiPolygon","coordinates":[[[[73.928343,18.5155386],[73.9283437,18.5155247],[73.9283504,18.5155132],[73.9283658,18.5155075],[73.9283792,18.51551],[73.928406,18.5155049],[73.9284438,18.5155025],[73.9284449,18.5155227],[73.9283839,18.5155304],[73.9283786,18.5155399],[73.9283678,18.5155482],[73.9283517,18.5155475],[73.928343,18.5155386]]]]}},
{"type":"Feature","properties":{"osm_id":"265157668","code":7218,"fclass":"grass","name":""},"geometry":{"type":"MultiPolygon","coordinates":[[[[73.9284252,18.5151549],[73.9284516,18.515133],[73.9284537,18.5151537],[73.9284252,18.5151549]]]]}},
{"type":"Feature","properties":{"osm_id":"265157669","code":7218,"fclass":"grass","name":""},"geometry":{"type":"MultiPolygon","coordinates":[[[[73.9284416,18.515098],[73.9284435,18.5150925],[73.9284469,18.5150878],[73.9284534,18.5150831],[73.9284617,18.5150802],[73.9284683,18.5150811],[73.9284738,18.5150827],[73.9284779,18.515087],[73.9284798,18.5150923],[73.9284797,18.5151003],[73.9284775,18.5151075],[73.9284755,18.5151114],[73.9284725,18.5151145],[73.9284683,18.515117],[73.9284693,18.5151279],[73.9284718,18.5151529],[73.9284537,18.5151537],[73.9284516,18.515133],[73.9284507,18.5151194],[73.928447,18.5151149],[73.9284443,18.5151101],[73.9284422,18.5151046],[73.9284416,18.515098]]]]}},
{"type":"Feature","properties":{"osm_id":"265157670","code":7218,"fclass":"grass","name":""},"geometry":{"type":"MultiPolygon","coordinates":[[[[73.9284693,18.5151279],[73.9284879,18.5151158],[73.9285207,18.5151056],[73.9285247,18.5151506],[73.9284718,18.5151529],[73.9284693,18.5151279]]]]}},
{"type":"Feature","properties":{"osm_id":"265157671","code":7218,"fclass":"grass","name":""},"geometry":{"type":"MultiPolygon","coordinates":[[[[73.9285111,18.515085],[73.9285117,18.5150801],[73.9285136,18.5150763],[73.9285168,18.5150725],[73.9285213,18.5150698],[73.9285246,18.5150684],[73.9285303,18.5150677],[73.928535,18.5150685],[73.9285391,18.5150709],[73.9285417,18.5150741],[73.9285436,18.5150785],[73.9285443,18.515083],[73.9285436,18.5150873],[73.9285417,18.5150914],[73.9285396,18.5150941],[73.9285359,18.5150963],[73.9285361,18.5151011],[73.9285385,18.51515],[73.9285247,18.5151506],[73.9285207,18.5151056],[73.92852,18.5150978],[73.9285161,18.5150951],[73.9285124,18.5150908],[73.9285111,18.515085]]]]}},
{"type":"Feature","properties":{"osm_id":"265157672","code":7218,"fclass":"grass","name":""},"geometry":{"type":"MultiPolygon","coordinates":[[[[73.9285361,18.5151011],[73.9285677,18.5150978],[73.9285746,18.5150965],[73.9285771,18.515092],[73.9285798,18.5150881],[73.9285828,18.5150844],[73.9285863,18.5150812],[73.9285907,18.5150782],[73.9285946,18.5150768],[73.9285994,18.5150765],[73.9286033,18.5150776],[73.9286085,18.5150811],[73.928612,18.5150847],[73.9286147,18.5150889],[73.9286167,18.5150938],[73.9286163,18.5150995],[73.9286157,18.5151038],[73.9286133,18.5151078],[73.9286068,18.5151121],[73.9286009,18.5151135],[73.9286019,18.5151473],[73.9285385,18.51515],[73.9285361,18.5151011]]]]}},
{"type":"Feature","properties":{"osm_id":"265157673","code":7218,"fclass":"grass","name":""},"geometry":{"type":"MultiPolygon","coordinates":[[[[73.928637,18.5150942],[73.9286518,18.5150926],[73.9286677,18.5150967],[73.9286796,18.515097],[73.9287028,18.5151037],[73.9287319,18.5151123],[73.9287333,18.5151126],[73.9287462,18.5151171],[73.9287554,18.5151203],[73.9287678,18.5151282],[73.9287786,18.5151397],[73.9286407,18.5151456],[73.928637,18.5150942]]]]}}
]
}
