{
"type": "FeatureCollection",
"name": "gis_osm_roads_free",
"crs": { "type": "name", "properties": { "name": "urn:ogc:def:crs:OGC::CRS84" } },
"features": [
{"type":"Feature","properties":{"osm_id":"22840770","code":5112,"fclass":"trunk","name":"Katraj - Dehu Road Bypass","ref":"NH48","oneway":"F","maxspeed":80,"layer":0,"bridge":"F","tunnel":"F"},"geometry":{"type":"LineString","coordinates":[[73.8120693,18.4715447],[73.8118489,18.4717592],[73.8109578,18.472757],[73.8108845,18.4728391],[73.8106689,18.4730806],[73.8100979,18.4737488],[73.8100308,18.4738318],[73.8098055,18.4740963]]}},
{"type":"Feature","properties":{"osm_id":"22840788","code":5112,"fclass":"trunk","name":"","ref":"NH60","oneway":"B","maxspeed":50,"layer":0,"bridge":"F","tunnel":"F"},"geometry":{"type":"LineString","coordinates":[[73.860518,18.4381648],[73.860565,18.4377567],[73.8605824,18.4375074],[73.8605896,18.4373482],[73.8605998,18.4371206],[73.8605999,18.4368668],[73.8605867,18.4366433],[73.860561,18.4364832],[73.8605301,18.4363303],[73.8605083,18.4362229],[73.8604555,18.436005],[73.8603799,18.4357427],[73.8602713,18.4354666],[73.860252,18.4354245],[73.860143,18.4351868],[73.8600073,18.4349258],[73.8595779,18.4341371],[73.8595222,18.4340315],[73.8594143,18.4338267],[73.8591461,18.4331854],[73.858847,18.4326065],[73.8585372,18.432099],[73.8585002,18.4320278],[73.8584033,18.4318416],[73.8583566,18.4317649],[73.8581805,18.4314754],[73.8577442,18.4308538],[73.857467,18.4304589],[73.8572498,18.4301382],[73.857062,18.4298049],[73.8569896,18.4296319],[73.8569598,18.4294696],[73.8569598,18.4293177],[73.8570158,18.4290243],[73.8570491,18.4289297],[73.8571518,18.4286387],[73.8573539,18.4282513],[73.8574762,18.4280546],[73.8581559,18.4270457],[73.8584138,18.4267054],[73.8585546,18.4265163]]}},
{"type":"Feature","properties":{"osm_id":"22840813","code":5114,"fclass":"secondary","name":"","ref":"","oneway":"F","maxspeed":0,"layer":0,"bridge":"F","tunnel":"F"},"geometry":{"type":"LineString","coordinates":[[73.8580091,18.5240493],[73.8580783,18.5239653]]}},
{"type":"Feature","properties":{"osm_id":"22840815","code":5122,"fclass":"residential","name":"","ref":"","oneway":"B","maxspeed":0,"layer":0,"bridge":"F","tunnel":"F"},"geometry":{"type":"LineString","coordinates":[[73.8889212,18.510184],[73.8889568,18.5104559],[73.8890621,18.5113335],[73.8892136,18.5125965]]}},
{"type":"Feature","properties":{"osm_id":"22840820","code":5115,"fclass":"tertiary","name":"Prabhat Path","ref":"","oneway":"B","maxspeed":0,"layer":0,"bridge":"F","tunnel":"F"},"geometry":{"type":"LineString","coordinates":[[73.8414998,18.5138464],[73.8413582,18.513872],[73.8408589,18.5139622],[73.8405961,18.5140023],[73.8402509,18.5140331],[73.8401003,18.5140466],[73.8394209,18.5141123],[73.8391719,18.5141364],[73.8386575,18.5141621],[73.8385844,18.5141657],[73.8385008,18.5141501],[73.8383718,18.5141261],[73.8382063,18.5140953],[73.83749,18.513962],[73.8372884,18.5139297],[73.8368567,18.5139265],[73.836739,18.5139256],[73.8365564,18.5139243],[73.8362069,18.5139216],[73.8355252,18.5139677],[73.8352942,18.5139928],[73.8350467,18.5140303],[73.8348069,18.5140666],[73.8346355,18.5140926],[73.8345234,18.5141155],[73.8341093,18.5142002],[73.8338015,18.5142631],[73.8329891,18.5144904],[73.8329125,18.5145118],[73.8327499,18.5145503],[73.8325649,18.5145942],[73.8324632,18.5146142],[73.8323727,18.514632],[73.8318803,18.5147286],[73.8313974,18.5147794],[73.8304978,18.5149947],[73.828981,18.5153696]]}},
{"type":"Feature","properties":{"osm_id":"22840829","code":5112,"fclass":"trunk","name":"Bajirao Road","ref":"NH60;NH65","oneway":"F","maxspeed":0,"layer":0,"bridge":"F","tunnel":"F"},"geometry":{"type":"LineString","coordinates":[[73.8535751,18.5054946],[73.8535898,18.5056506],[73.8536222,18.5056995]]}},
{"type":"Feature","properties":{"osm_id":"22840837","code":5115,"fclass":"tertiary","name":"General Vaidya Marg","ref":"","oneway":"B","maxspeed":30,"layer":0,"bridge":"F","tunnel":"F"},"geometry":{"type":"LineString","coordinates":[[73.8791729,18.5285156],[73.879282,18.5285141]]}},
{"type":"Feature","properties":{"osm_id":"22840856","code":5122,"fclass":"residential","name":"","ref":"","oneway":"B","maxspeed":0,"layer":0,"bridge":"F","tunnel":"F"},"geometry":{"type":"LineString","coordinates":[[73.8826371,18.5104454],[73.882743,18.5104359],[73.882989,18.5104137],[73.8832086,18.5104016],[73.8833866,18.5103917],[73.8834511,18.5103881],[73.8837474,18.5103716],[73.8840198,18.5103564],[73.8847861,18.5103137],[73.8850318,18.5103],[73.8852434,18.5102864],[73.8856015,18.5102532],[73.885712,18.5102408]]}},
{"type":"Feature","properties":{"osm_id":"22840866","code":5122,"fclass":"residential","name":"Aravind Ranade Path","ref":"","oneway":"F","maxspeed":0,"layer":0,"bridge":"F","tunnel":"F"},"geometry":{"type":"LineString","coordinates":[[73.8418664,18.5163955],[73.8417795,18.5163724],[73.8413194,18.5162502],[73.8408584,18.5161344]]}},
{"type":"Feature","properties":{"osm_id":"22840867","code":5122,"fclass":"residential","name":"Bhalba Kelkar Path","ref":"","oneway":"B","maxspeed":0,"layer":0,"bridge":"F","tunnel":"F"},"geometry":{"type":"LineString","coordinates":[[73.8392602,18.5160393],[73.8391671,18.5156369],[73.8391286,18.515431],[73.8391405,18.5151323],[73.8391907,18.5147926],[73.8392447,18.5144902],[73.8391719,18.5141364]]}},
{"type":"Feature","properties":{"osm_id":"22840870","code":5115,"fclass":"tertiary","name":"Bana Marg (Mayo Road)","ref":"","oneway":"F","maxspeed":0,"layer":0,"bridge":"F","tunnel":"F"},"geometry":{"type":"LineString","coordinates":[[73.8838158,18.5213891],[73.8838517,18.5214049],[73.8839114,18.5214337],[73.884492,18.5216343],[73.8846271,18.521693],[73.8847767,18.5217623],[73.8849489,18.5218637],[73.8851537,18.522005],[73.8854124,18.5221836]]}},
{"type":"Feature","properties":{"osm_id":"22840876","code":5122,"fclass":"residential","name":"Omkareshwar Path","ref":"","oneway":"B","maxspeed":0,"layer":0,"bridge":"F","tunnel":"F"},"geometry":{"type":"LineString","coordinates":[[73.8499303,18.5198468],[73.8499853,18.5198618],[73.8500573,18.5198655],[73.8501464,18.5198694],[73.8502958,18.5198581],[73.8508329,18.5198487],[73.8509404,18.5198374],[73.8510037,18.5198089],[73.8513531,18.5195476],[73.8514254,18.5195238],[73.8515268,18.5195054],[73.8516163,18.5194923],[73.8517516,18.5194791],[73.8519058,18.5194629]]}},
{"type":"Feature","properties":{"osm_id":"22840877","code":5122,"fclass":"residential","name":"","ref":"","oneway":"B","maxspeed":0,"layer":0,"bridge":"F","tunnel":"F"},"geometry":{"type":"LineString","coordinates":[[73.8477955,18.516113],[73.8478571,18.5157614],[73.8478734,18.5156386],[73.8479238,18.5152584]]}},
{"type":"Feature","properties":{"osm_id":"22840885","code":5115,"fclass":"tertiary","name":"Sqn Ldr Sureshchandra Bhagwat Marg","ref":"","oneway":"B","maxspeed":0,"layer":0,"bridge":"F","tunnel":"F"},"geometry":{"type":"LineString","coordinates":[[73.8375006,18.5298547],[73.8377588,18.529697],[73.8382822,18.5294497],[73.8387944,18.5292012],[73.8390866,18.5290594],[73.8393026,18.5289579],[73.8395095,18.5288607],[73.8397722,18.5287373],[73.8398356,18.5287075],[73.8402592,18.528512],[73.8403965,18.5284486],[73.8405446,18.5283803],[73.8405913,18.5283621],[73.8407652,18.5282881],[73.840875,18.5282685],[73.8409434,18.5282562],[73.8410206,18.5282589],[73.8410716,18.5282607],[73.8411003,18.5282617],[73.8421459,18.5282965],[73.8425645,18.5283105]]}},
{"type":"Feature","properties":{"osm_id":"22840888","code":5114,"fclass":"secondary","name":"His Highness The Prince Aga Khan Marg","ref":"","oneway":"F","maxspeed":0,"layer":0,"bridge":"F","tunnel":"F"},"geometry":{"type":"LineString","coordinates":[[73.8737018,18.5283672],[73.8737738,18.5283637],[73.8739294,18.5283562],[73.8740217,18.5283509],[73.8741968,18.5283332],[73.874366,18.5282936],[73.8747693,18.5281341],[73.8749765,18.5280438],[73.875153,18.5280043],[73.8753182,18.527995],[73.875513,18.5280223],[73.8756098,18.5280359],[73.875637,18.5280397],[73.8758855,18.5280776],[73.8760893,18.5281151],[73.8762043,18.5281428]]}},
{"type":"Feature","properties":{"osm_id":"22840890","code":5115,"fclass":"tertiary","name":"C. V. Joshi Marg","ref":"","oneway":"F","maxspeed":0,"layer":0,"bridge":"F","tunnel":"F"},"geometry":{"type":"LineString","coordinates":[[73.8500273,18.5080676],[73.8501104,18.5081819],[73.8501854,18.5082073],[73.8503985,18.5082245]]}},
{"type":"Feature","properties":{"osm_id":"22840894","code":5115,"fclass":"tertiary","name":"Dr. Ketkar Path","ref":"","oneway":"B","maxspeed":0,"layer":0,"bridge":"F","tunnel":"F"},"geometry":{"type":"LineString","coordinates":[[73.8340207,18.5101168],[73.8339902,18.5101769],[73.8338911,18.5103722]]}},
{"type":"Feature","properties":{"osm_id":"22840896","code":5122,"fclass":"residential","name":"Gurudwara Road","ref":"","oneway":"B","maxspeed":0,"layer":0,"bridge":"F","tunnel":"F"},"geometry":{"type":"LineString","coordinates":[[73.8861643,18.5134251],[73.8862004,18.5134168],[73.8863719,18.5133746],[73.8864652,18.5133303],[73.8869036,18.5130869],[73.8871518,18.512949],[73.8873556,18.5128758],[73.8875511,18.5128284],[73.8875928,18.5128227],[73.8877683,18.5127984],[73.8882009,18.5127388],[73.888847,18.5126373],[73.8892136,18.5125965],[73.8893157,18.51262],[73.8894111,18.5126966],[73.8894969,18.5127958],[73.8896072,18.5129516],[73.8901136,18.5137199],[73.8901811,18.513833],[73.8902486,18.5139718],[73.8903345,18.5141894],[73.8905165,18.5146427],[73.8906312,18.5147913],[73.8907213,18.5148809],[73.890836,18.5149642],[73.8909913,18.5150495],[73.8911466,18.5151093],[73.8914572,18.5151669]]}},
{"type":"Feature","properties":{"osm_id":"22840898","code":5115,"fclass":"tertiary","name":"Gurudwara Road","ref":"","oneway":"B","maxspeed":0,"layer":0,"bridge":"F","tunnel":"F"},"geometry":{"type":"LineString","coordinates":[[73.8812575,18.5140136],[73.882011,18.5141326],[73.8828707,18.5142684],[73.8834498,18.5143599]]}},
{"type":"Feature","properties":{"osm_id":"22840904","code":5122,"fclass":"residential","name":"","ref":"","oneway":"B","maxspeed":0,"layer":0,"bridge":"F","tunnel":"F"},"geometry":{"type":"LineString","coordinates":[[73.8466767,18.5102348],[73.8476366,18.5103599],[73.8477379,18.5103685]]}},
{"type":"Feature","properties":{"osm_id":"22840906","code":5113,"fclass":"primary","name":"Sambhaji Bridge","ref":"","oneway":"F","maxspeed":0,"layer":0,"bridge":"F","tunnel":"F"},"geometry":{"type":"LineString","coordinates":[[73.8435407,18.5130608],[73.8436545,18.5129713],[73.8437732,18.5128789],[73.8437766,18.5128754],[73.8438536,18.5128013]]}},
{"type":"Feature","properties":{"osm_id":"22840911","code":5115,"fclass":"tertiary","name":"Narsimha Chintaman Kelkar Marg","ref":"","oneway":"F","maxspeed":0,"layer":0,"bridge":"F","tunnel":"F"},"geometry":{"type":"LineString","coordinates":[[73.8439554,18.5128496],[73.8441106,18.5130559],[73.8443831,18.5134183],[73.8447087,18.5138185]]}},
{"type":"Feature","properties":{"osm_id":"22840916","code":5115,"fclass":"tertiary","name":"","ref":"","oneway":"B","maxspeed":0,"layer":0,"bridge":"F","tunnel":"F"},"geometry":{"type":"LineString","coordinates":[[73.8343093,18.527162],[73.8338876,18.527152],[73.8336484,18.5272201],[73.8334952,18.5272567],[73.8334189,18.5272384],[73.8333639,18.5272033],[73.8333367,18.5271795],[73.832998,18.5268973],[73.8319779,18.5262391],[73.831348,18.5258288]]}},
{"type":"Feature","properties":{"osm_id":"22840920","code":5115,"fclass":"tertiary","name":"Chaturshringi Road","ref":"","oneway":"B","maxspeed":40,"layer":0,"bridge":"F","tunnel":"F"},"geometry":{"type":"LineString","coordinates":[[73.8485482,18.52536],[73.8484913,18.5253885],[73.8482905,18.5254892],[73.8477667,18.5257318],[73.8472708,18.526002],[73.8472262,18.5260263],[73.8470396,18.5260862],[73.8467692,18.5261729],[73.8466426,18.5262135],[73.846524,18.5262299],[73.8464167,18.5262448],[73.8462718,18.5262648],[73.8458582,18.526322],[73.8455844,18.5263407],[73.8452653,18.5263624],[73.8449937,18.5263809],[73.8445615,18.5264104],[73.8441665,18.5264373],[73.8438461,18.5264774],[73.8436223,18.5265286],[73.8434212,18.5265745],[73.8433949,18.5265805],[73.8433676,18.5265868],[73.8433209,18.5265975],[73.8431444,18.5266378],[73.8428801,18.5267035],[73.8428312,18.5267179]]}},
{"type":"Feature","properties":{"osm_id":"22840921","code":5122,"fclass":"residential","name":"","ref":"","oneway":"B","maxspeed":0,"layer":0,"bridge":"F","tunnel":"F"},"geometry":{"type":"LineString","coordinates":[[73.8938127,18.5164911],[73.8947072,18.517294],[73.8957357,18.518239],[73.8957863,18.5183389],[73.8958239,18.5184875],[73.8959406,18.5200422],[73.8960913,18.5217659]]}},
{"type":"Feature","properties":{"osm_id":"22840963","code":5115,"fclass":"tertiary","name":"Apte Path","ref":"","oneway":"B","maxspeed":0,"layer":0,"bridge":"F","tunnel":"F"},"geometry":{"type":"LineString","coordinates":[[73.8424544,18.517397],[73.8424678,18.5174462],[73.8425696,18.5178189],[73.8427003,18.5181364],[73.8427537,18.5182549],[73.842814,18.5184017],[73.8428779,18.5185223],[73.8429309,18.5186223],[73.8431391,18.5190151],[73.8432845,18.5193973],[73.8433205,18.5194921],[73.84336,18.519596],[73.8434309,18.5197824],[73.843475,18.5198959],[73.8435319,18.5200421],[73.8435739,18.5201538],[73.8436175,18.5202699],[73.8437166,18.5205337],[73.8437452,18.5206131],[73.8438616,18.5209358],[73.8438712,18.5209625],[73.8439151,18.5210969],[73.8439339,18.5211573],[73.8440106,18.5214031],[73.8441209,18.5217604],[73.8441662,18.521907],[73.8442394,18.5221442],[73.8444254,18.522739],[73.8445656,18.5232123]]}},
{"type":"Feature","properties":{"osm_id":"22840971","code":5122,"fclass":"residential","name":"","ref":"","oneway":"B","maxspeed":0,"layer":0,"bridge":"F","tunnel":"F"},"geometry":{"type":"LineString","coordinates":[[73.8905165,18.5146427],[73.8905396,18.5147297],[73.8906425,18.5153078],[73.8907818,18.5163306],[73.8907983,18.5164514],[73.891008,18.5179913],[73.8910214,18.5181706],[73.8910635,18.518737],[73.8910943,18.5191503],[73.8910968,18.5195162],[73.8910628,18.5203119],[73.891004,18.5208615],[73.8909833,18.5210548],[73.8909553,18.5213156]]}},
{"type":"Feature","properties":{"osm_id":"22840989","code":5115,"fclass":"tertiary","name":"General Bhagat Marg","ref":"","oneway":"B","maxspeed":0,"layer":0,"bridge":"F","tunnel":"F"},"geometry":{"type":"LineString","coordinates":[[73.8839685,18.5073502],[73.8838783,18.5075751],[73.8838389,18.5076703],[73.8838256,18.5077023],[73.883756,18.5078259],[73.8833625,18.5084908],[73.8832524,18.5086769],[73.8829462,18.5091793],[73.8829124,18.5092398],[73.8828762,18.5093046],[73.8828304,18.509418],[73.8827949,18.5095217],[73.8827824,18.509555],[73.8827536,18.5096683],[73.8825712,18.5103779]]}},
{"type":"Feature","properties":{"osm_id":"22841005","code":5115,"fclass":"tertiary","name":"","ref":"","oneway":"B","maxspeed":0,"layer":0,"bridge":"F","tunnel":"F"},"geometry":{"type":"LineString","coordinates":[[73.8825549,18.5105176],[73.8825407,18.5106679],[73.8825418,18.5107426],[73.8826116,18.5117895]]}},
{"type":"Feature","properties":{"osm_id":"22841012","code":5114,"fclass":"secondary","name":"Maneckji Mehta Road","ref":"","oneway":"B","maxspeed":0,"layer":0,"bridge":"F","tunnel":"F"},"geometry":{"type":"LineString","coordinates":[[73.8829788,18.5237029],[73.8833745,18.5236393],[73.8848856,18.5234185],[73.8857827,18.5232874],[73.8859905,18.5232763],[73.8863262,18.5232578],[73.8875024,18.5231928]]}},
{"type":"Feature","properties":{"osm_id":"22841026","code":5122,"fclass":"residential","name":"","ref":"","oneway":"B","maxspeed":0,"layer":0,"bridge":"F","tunnel":"F"},"geometry":{"type":"LineString","coordinates":[[73.8944511,18.4415009],[73.8950396,18.4415653]]}},
{"type":"Feature","properties":{"osm_id":"22841032","code":5141,"fclass":"service","name":"","ref":"","oneway":"B","maxspeed":0,"layer":0,"bridge":"F","tunnel":"F"},"geometry":{"type":"LineString","coordinates":[[73.8650351,18.5526822],[73.8649319,18.552575],[73.8648678,18.552508],[73.8646363,18.5522663],[73.8639582,18.5515583],[73.8638651,18.5514325],[73.8637367,18.5513055],[73.8635487,18.5511054],[73.8630394,18.5506499],[73.8629615,18.5505729],[73.8628966,18.5505088],[73.8625454,18.5501195],[73.8623073,18.5498864],[73.8608139,18.5484239]]}},
{"type":"Feature","properties":{"osm_id":"22841037","code":5113,"fclass":"primary","name":"","ref":"","oneway":"F","maxspeed":0,"layer":0,"bridge":"F","tunnel":"F"},"geometry":{"type":"LineString","coordinates":[[73.8576827,18.5281618],[73.8579817,18.5282488],[73.8593128,18.5284254]]}},
{"type":"Feature","properties":{"osm_id":"22841041","code":5122,"fclass":"residential","name":"Rajendra Sinhji Road","ref":"","oneway":"B","maxspeed":0,"layer":0,"bridge":"F","tunnel":"F"},"geometry":{"type":"LineString","coordinates":[[73.880703,18.5198081],[73.8807431,18.5198795],[73.8812072,18.5207038],[73.8813668,18.5209872],[73.8817012,18.5215812],[73.8818145,18.521808],[73.8818521,18.5218584],[73.8820078,18.5221309],[73.8822022,18.5224712],[73.8822961,18.5226381],[73.8824944,18.5229902],[73.8826415,18.5232515],[73.8827683,18.5234769],[73.8828581,18.5236363]]}},
{"type":"Feature","properties":{"osm_id":"22841044","code":5115,"fclass":"tertiary","name":"Dhole Patil Road","ref":"","oneway":"B","maxspeed":0,"layer":0,"bridge":"F","tunnel":"F"},"geometry":{"type":"LineString","coordinates":[[73.8746404,18.5348573],[73.8749793,18.5348864],[73.875276,18.5349],[73.8753426,18.534903],[73.8757162,18.5349201],[73.8759037,18.5349159],[73.8762582,18.5349081],[73.8767104,18.5348981],[73.8768582,18.5348948],[73.8770705,18.5348901],[73.8771137,18.5348892],[73.877482,18.5348821],[73.8776185,18.5348795],[73.87801,18.5348449],[73.8782494,18.5348221],[73.8786203,18.5347936],[73.8787914,18.5347771]]}},
{"type":"Feature","properties":{"osm_id":"22841045","code":5115,"fclass":"tertiary","name":"Richardson Road","ref":"","oneway":"F","maxspeed":0,"layer":0,"bridge":"F","tunnel":"F"},"geometry":{"type":"LineString","coordinates":[[73.8856129,18.5280904],[73.8856366,18.5280452],[73.8856738,18.5279675],[73.8860319,18.5272201],[73.8862104,18.5268476],[73.8862987,18.5266633],[73.8872798,18.5246051],[73.8873897,18.5243745],[73.8875411,18.5240746],[73.887819,18.5235243]]}},
{"type":"Feature","properties":{"osm_id":"22841046","code":5122,"fclass":"residential","name":"Bharatiya Vidyabhavan Marg","ref":"","oneway":"B","maxspeed":0,"layer":0,"bridge":"F","tunnel":"F"},"geometry":{"type":"LineString","coordinates":[[73.8296211,18.5316641],[73.8295756,18.531666],[73.8294346,18.5316719],[73.8293551,18.5316752],[73.8291663,18.5316832],[73.8291361,18.5316845],[73.8287585,18.5317004]]}},
{"type":"Feature","properties":{"osm_id":"22841048","code":5115,"fclass":"tertiary","name":"Janawadi Road","ref":"","oneway":"B","maxspeed":0,"layer":0,"bridge":"F","tunnel":"F"},"geometry":{"type":"LineString","coordinates":[[73.8235085,18.5292303],[73.8247569,18.5292762],[73.8248141,18.5292783],[73.8251564,18.5292543],[73.8253465,18.5292409],[73.8256606,18.5292214],[73.8260254,18.5291987],[73.8262253,18.5291863],[73.8265368,18.5291669],[73.826614,18.5291621],[73.8270698,18.5291338]]}},
{"type":"Feature","properties":{"osm_id":"22841049","code":5113,"fclass":"primary","name":"Underpass","ref":"","oneway":"F","maxspeed":0,"layer":0,"bridge":"F","tunnel":"F"},"geometry":{"type":"LineString","coordinates":[[73.8633042,18.5287852],[73.8632329,18.5294901]]}},
{"type":"Feature","properties":{"osm_id":"22841055","code":5122,"fclass":"residential","name":"Nyaymurti Ranade Path","ref":"","oneway":"B","maxspeed":0,"layer":0,"bridge":"F","tunnel":"F"},"geometry":{"type":"LineString","coordinates":[[73.8553706,18.5268581],[73.8557933,18.5270655],[73.8560211,18.5271774],[73.8565768,18.5274717],[73.8569738,18.5276969],[73.8570411,18.5277354],[73.8572391,18.5278487],[73.8573666,18.5279217],[73.8575593,18.5280539]]}},
{"type":"Feature","properties":{"osm_id":"22841057","code":5114,"fclass":"secondary","name":"South Main Road","ref":"","oneway":"B","maxspeed":0,"layer":0,"bridge":"F","tunnel":"F"},"geometry":{"type":"LineString","coordinates":[[73.8971603,18.5328972],[73.8968547,18.5329072],[73.8966247,18.5329148],[73.8959682,18.5329364],[73.8958974,18.5329414],[73.895736,18.5329528],[73.8954776,18.5329711],[73.8951253,18.5329961],[73.8945335,18.533038],[73.8936467,18.5331007],[73.8934397,18.5331142],[73.8918576,18.5332176],[73.8917776,18.5332187],[73.8915348,18.533222],[73.8908806,18.5332156]]}},
{"type":"Feature","properties":{"osm_id":"22841059","code":5141,"fclass":"service","name":"","ref":"","oneway":"B","maxspeed":0,"layer":0,"bridge":"F","tunnel":"F"},"geometry":{"type":"LineString","coordinates":[[73.8608139,18.5484239],[73.8601782,18.5478006],[73.8596244,18.5472577],[73.8593244,18.5469635],[73.8592485,18.5468521]]}},
{"type":"Feature","properties":{"osm_id":"22841073","code":5114,"fclass":"secondary","name":"Ghorpadi Road","ref":"","oneway":"B","maxspeed":0,"layer":0,"bridge":"F","tunnel":"F"},"geometry":{"type":"LineString","coordinates":[[73.8890516,18.5232627],[73.8891488,18.5233139],[73.8892897,18.5233814],[73.8912125,18.5242403],[73.8914226,18.5243131],[73.8923214,18.5246247],[73.892573,18.5247119],[73.8932748,18.5249552]]}},
{"type":"Feature","properties":{"osm_id":"22841085","code":5122,"fclass":"residential","name":"","ref":"","oneway":"B","maxspeed":0,"layer":0,"bridge":"F","tunnel":"F"},"geometry":{"type":"LineString","coordinates":[[73.8326835,18.5292886],[73.8326004,18.5298094],[73.8325872,18.529914],[73.8325745,18.5300095],[73.8325788,18.5300786],[73.832534,18.5304858],[73.8324577,18.5310964],[73.8323574,18.5316994]]}},
{"type":"Feature","properties":{"osm_id":"22841088","code":5141,"fclass":"service","name":"","ref":"","oneway":"B","maxspeed":0,"layer":0,"bridge":"F","tunnel":"F"},"geometry":{"type":"LineString","coordinates":[[73.8616124,18.5434889],[73.861885,18.5437396],[73.8625718,18.5443713],[73.8637014,18.5454104]]}},
{"type":"Feature","properties":{"osm_id":"22841089","code":5114,"fclass":"secondary","name":"Range Hills Road","ref":"","oneway":"F","maxspeed":0,"layer":0,"bridge":"F","tunnel":"F"},"geometry":{"type":"LineString","coordinates":[[73.8350247,18.5396382],[73.8350441,18.5396718],[73.8351986,18.5398059],[73.8356743,18.5402449],[73.8365438,18.5410491],[73.8368371,18.5412778],[73.8372913,18.5416784],[73.8375284,18.5418874],[73.8378839,18.5422451],[73.8381521,18.5426255],[73.8384108,18.5430155],[73.8384244,18.543036],[73.8385254,18.54325],[73.8386094,18.5434281],[73.838656,18.5435864],[73.8387218,18.5438098],[73.8387376,18.5439206],[73.8387842,18.5442465]]}},
{"type":"Feature","properties":{"osm_id":"22841090","code":5122,"fclass":"residential","name":"Victoria Road","ref":"","oneway":"B","maxspeed":0,"layer":0,"bridge":"F","tunnel":"F"},"geometry":{"type":"LineString","coordinates":[[73.8965412,18.51623],[73.8965743,18.5165961],[73.8966118,18.5170101],[73.896639,18.5173111],[73.8968793,18.5199671],[73.8970137,18.5214524],[73.8970354,18.5216924]]}},
{"type":"Feature","properties":{"osm_id":"22841095","code":5114,"fclass":"secondary","name":"Veer Santaji Ghorpade Marg","ref":"","oneway":"F","maxspeed":0,"layer":0,"bridge":"F","tunnel":"F"},"geometry":{"type":"LineString","coordinates":[[73.8551021,18.5214938],[73.855175,18.5215324]]}},
{"type":"Feature","properties":{"osm_id":"22841096","code":5115,"fclass":"tertiary","name":"Laxmi Path","ref":"","oneway":"F","maxspeed":0,"layer":0,"bridge":"F","tunnel":"F"},"geometry":{"type":"LineString","coordinates":[[73.8618252,18.5161016],[73.8614848,18.5160607],[73.8613748,18.5160475],[73.861056,18.515999],[73.8608461,18.5159729],[73.8607057,18.5159349],[73.8604658,18.5159313],[73.8601542,18.515988],[73.8599443,18.5160215],[73.8593601,18.5159957],[73.8591744,18.5159878],[73.8591111,18.5159796],[73.8590468,18.5159712],[73.8586678,18.5159219],[73.8584267,18.5158948],[73.8580115,18.5158481],[73.8568892,18.5157451],[73.8566591,18.5157161],[73.8563559,18.5156781],[73.8562866,18.5156694]]}},
{"type":"Feature","properties":{"osm_id":"22841099","code":5112,"fclass":"trunk","name":"","ref":"NH65","oneway":"F","maxspeed":0,"layer":0,"bridge":"F","tunnel":"F"},"geometry":{"type":"LineString","coordinates":[[73.8980784,18.5071993],[73.8981602,18.5070791],[73.8982594,18.5069437],[73.8983466,18.5068458]]}},
{"type":"Feature","properties":{"osm_id":"22841107","code":5114,"fclass":"secondary","name":"Handewadi Road","ref":"","oneway":"B","maxspeed":0,"layer":0,"bridge":"F","tunnel":"F"},"geometry":{"type":"LineString","coordinates":[[73.9330051,18.4554585],[73.9329272,18.4553448],[73.9328569,18.4552155],[73.9327643,18.4550316],[73.9326482,18.4547806],[73.9325867,18.454591],[73.9325634,18.4544244],[73.9325479,18.4541701],[73.9325457,18.4537302],[73.9325618,18.4535496],[73.9325763,18.4534954],[73.9325906,18.453442],[73.9327039,18.4531441],[73.9327546,18.4529779],[73.9327919,18.452835],[73.9328173,18.4526688],[73.9328346,18.4525536],[73.9328452,18.4524825],[73.9328596,18.4523444],[73.9328562,18.4522175],[73.9328308,18.4520827],[73.9328041,18.4517779],[73.9328023,18.4517001],[73.9328059,18.4516173],[73.9328101,18.45154],[73.9328148,18.4513947],[73.9328803,18.4493877],[73.9329062,18.4485925],[73.9329172,18.4478695],[73.9329184,18.4477687],[73.9329292,18.4476915],[73.9329621,18.4476075],[73.9330076,18.447528],[73.9330734,18.4474423],[73.9331521,18.4473379],[73.9331817,18.4472825],[73.9331995,18.4472327],[73.9332147,18.4471733],[73.9332845,18.4469057],[73.9333222,18.4467611],[73.9333605,18.4466839],[73.9334263,18.4465987],[73.9335089,18.446509],[73.933558,18.4464296],[73.9335951,18.4463535],[73.9336226,18.4462615],[73.9337174,18.4459656],[73.9337809,18.4458187],[73.9338673,18.4456653],[73.9339341,18.4455449],[73.9340272,18.4454204],[73.9341305,18.445312],[73.9342685,18.4452036],[73.9344933,18.4450808],[73.9346671,18.4449635],[73.9347535,18.4449001],[73.9348203,18.444819],[73.9348711,18.4447259],[73.9349168,18.4446287],[73.935042,18.4442514],[73.9350606,18.4441888],[73.9350707,18.4441246],[73.9350815,18.4438416],[73.9350768,18.4437269],[73.9350756,18.4435668],[73.9350971,18.4434635],[73.9351246,18.4434044],[73.9351689,18.4433488],[73.9352192,18.4433079],[73.9352719,18.443284],[73.9353329,18.4432704],[73.9354191,18.4432704],[73.9357579,18.4432818],[73.9358895,18.4432829],[73.9361685,18.4432613],[73.9363301,18.4432363],[73.9364055,18.443217]]}},
{"type":"Feature","properties":{"osm_id":"22841125","code":5122,"fclass":"residential","name":"Abhimanyu Marg","ref":"","oneway":"B","maxspeed":0,"layer":0,"bridge":"F","tunnel":"F"},"geometry":{"type":"LineString","coordinates":[[73.8823228,18.5285032],[73.8822255,18.5278545],[73.8821095,18.5270809],[73.8820775,18.5268765],[73.8818512,18.5252962],[73.8818193,18.5250732],[73.8817624,18.5246758],[73.8817566,18.5246351],[73.8817464,18.5245645],[73.8816692,18.5240251]]}},
{"type":"Feature","properties":{"osm_id":"22841127","code":5141,"fclass":"service","name":"","ref":"","oneway":"B","maxspeed":0,"layer":0,"bridge":"F","tunnel":"F"},"geometry":{"type":"LineString","coordinates":[[73.8637119,18.5455671],[73.8630041,18.5462557],[73.8624283,18.5468158],[73.8620707,18.547172],[73.8608139,18.5484239]]}},
{"type":"Feature","properties":{"osm_id":"22841130","code":5115,"fclass":"tertiary","name":"Pankunwar Firodiya Path","ref":"","oneway":"B","maxspeed":0,"layer":0,"bridge":"F","tunnel":"F"},"geometry":{"type":"LineString","coordinates":[[73.8338317,18.5362745],[73.8329282,18.5363527],[73.8317869,18.5364807],[73.8312774,18.5364834]]}},
{"type":"Feature","properties":{"osm_id":"22841135","code":5115,"fclass":"tertiary","name":"Harikrushna Mandir Path","ref":"","oneway":"B","maxspeed":0,"layer":0,"bridge":"F","tunnel":"F"},"geometry":{"type":"LineString","coordinates":[[73.8374077,18.5300307],[73.8373722,18.5302869],[73.8373609,18.530355],[73.8373101,18.5307066],[73.8372873,18.5308643],[73.8371669,18.5316744],[73.8371936,18.5317972],[73.837227,18.5319509],[73.8372636,18.5320509],[73.8372941,18.5320894],[73.8373434,18.5321517],[73.8375671,18.5324344],[73.8379235,18.5328989],[73.8379901,18.5329857],[73.8381402,18.5331814],[73.8383336,18.5334334],[73.8384631,18.5336023]]}},
{"type":"Feature","properties":{"osm_id":"22841137","code":5114,"fclass":"secondary","name":"Mohammadwadi Road","ref":"","oneway":"B","maxspeed":0,"layer":0,"bridge":"F","tunnel":"F"},"geometry":{"type":"LineString","coordinates":[[73.9198606,18.4672398],[73.919862,18.4674497],[73.9198955,18.4675392],[73.9199584,18.4677075],[73.9200327,18.467906],[73.9200511,18.4679553],[73.920122,18.4681655],[73.9201711,18.4682684],[73.920227,18.4683279],[73.9202864,18.4683571],[73.9203583,18.4683701],[73.9205882,18.4683731],[73.9207702,18.4683755],[73.9208535,18.4683874],[73.9209368,18.4684069],[73.9210076,18.4684357],[73.9211214,18.468482],[73.9211964,18.4685126],[73.9212642,18.4685486],[73.9212918,18.4685749],[73.9213093,18.4685915],[73.9213497,18.4686504],[73.921365,18.4686938],[73.9213699,18.4687078],[73.9213795,18.4687698],[73.921389,18.4689427],[73.9213961,18.469071],[73.9213994,18.4691303],[73.9214462,18.4695449],[73.9214553,18.469764],[73.9214776,18.4698236],[73.9215031,18.4700494],[73.9215133,18.4700948],[73.9215385,18.4701349],[73.9215685,18.4701721],[73.9215973,18.4702079],[73.9217,18.4703183],[73.921765,18.4704114],[73.9218723,18.4706105],[73.9219306,18.4707119],[73.9219351,18.4707198],[73.9220252,18.4708302],[73.9221154,18.4709103],[73.9222283,18.4709883],[73.9223219,18.4710532],[73.9224329,18.4711765],[73.9224417,18.4711863],[73.9224764,18.4712248],[73.9229062,18.4717009],[73.92297,18.4717724],[73.9229957,18.4718012],[73.9231612,18.4720484],[73.9232465,18.4722224],[73.9232866,18.4722893],[73.9233994,18.4725257],[73.9235214,18.4727671],[73.9235867,18.472918],[73.9237864,18.4733268],[73.9238674,18.4734924],[73.9239001,18.4735593],[73.9240002,18.4737642],[73.9240151,18.4737902],[73.9240625,18.4739068],[73.9241386,18.4740942],[73.9241995,18.4742522],[73.9243074,18.4745187],[73.924427,18.4748227],[73.9245314,18.4750651],[73.9245787,18.4751748],[73.9246059,18.4752686],[73.9246546,18.4754365],[73.9246747,18.4755275],[73.924694,18.4756148],[73.924769,18.4759542],[73.9247909,18.4760532],[73.924817,18.4761505],[73.9248254,18.4761875],[73.9248371,18.4762207],[73.9248463,18.4762443],[73.9249084,18.4764237],[73.9249826,18.4766346],[73.9250202,18.4767306],[73.925054,18.4768476],[73.9250679,18.4768868],[73.9251293,18.4770604],[73.9251689,18.4771723],[73.9251853,18.4772187],[73.9252256,18.4773324],[73.9253296,18.4776263],[73.9253473,18.4776764],[73.9254329,18.4778692],[73.92552,18.4780223],[73.9256133,18.4781747],[73.925754,18.4783391],[73.9257833,18.478383],[73.9259445,18.4785412],[73.9261543,18.4787356],[73.9262411,18.478802],[73.9263278,18.4788682],[73.9264537,18.478962],[73.9265084,18.4790007],[73.9272808,18.4795472],[73.9274134,18.479648],[73.9275589,18.4797606]]}},
{"type":"Feature","properties":{"osm_id":"22841162","code":5122,"fclass":"residential","name":"","ref":"","oneway":"B","maxspeed":0,"layer":0,"bridge":"F","tunnel":"F"},"geometry":{"type":"LineString","coordinates":[[73.8833745,18.5236393],[73.8833837,18.5235705],[73.8834137,18.5235333],[73.8839294,18.5232241],[73.8854823,18.5223062]]}},
{"type":"Feature","properties":{"osm_id":"22841163","code":5114,"fclass":"secondary","name":"","ref":"","oneway":"F","maxspeed":0,"layer":0,"bridge":"F","tunnel":"F"},"geometry":{"type":"LineString","coordinates":[[73.8890953,18.5229928],[73.8889821,18.5229869],[73.8887745,18.5230491],[73.8886592,18.523066],[73.8885707,18.5230757],[73.8884251,18.5230801],[73.888114,18.5231019],[73.888034,18.5231104]]}},
{"type":"Feature","properties":{"osm_id":"22841167","code":5122,"fclass":"residential","name":"","ref":"","oneway":"B","maxspeed":0,"layer":0,"bridge":"F","tunnel":"F"},"geometry":{"type":"LineString","coordinates":[[73.8345972,18.5271645],[73.8347995,18.5265287],[73.8347524,18.5261009],[73.8355229,18.5254637],[73.8357128,18.5252493],[73.8360897,18.5247503],[73.836107,18.5247389],[73.8361266,18.5247325],[73.8361472,18.5247329],[73.8361654,18.5247409],[73.8362925,18.524914],[73.8369258,18.5258398],[73.8370398,18.5260085],[73.8373242,18.5264294],[73.8374386,18.5265988]]}},
{"type":"Feature","properties":{"osm_id":"22841172","code":5114,"fclass":"secondary","name":"Vinod Pathak Path","ref":"","oneway":"F","maxspeed":0,"layer":0,"bridge":"F","tunnel":"F"},"geometry":{"type":"LineString","coordinates":[[73.8762516,18.5222059],[73.8763574,18.5221435],[73.8768088,18.5219071],[73.8773133,18.5216428],[73.8774496,18.521583],[73.8775598,18.5215347]]}},
{"type":"Feature","properties":{"osm_id":"22841173","code":5115,"fclass":"tertiary","name":"Narsimha Chintaman Kelkar Marg","ref":"","oneway":"B","maxspeed":0,"layer":0,"bridge":"F","tunnel":"F"},"geometry":{"type":"LineString","coordinates":[[73.8479629,18.5161515],[73.8490922,18.516199],[73.8493425,18.5162095],[73.8495487,18.5162182],[73.8497093,18.5162574],[73.8497813,18.5162908],[73.849865,18.5163296],[73.8499846,18.5164029]]}},
{"type":"Feature","properties":{"osm_id":"22841184","code":5115,"fclass":"tertiary","name":"Ghole Road","ref":"","oneway":"F","maxspeed":40,"layer":0,"bridge":"F","tunnel":"F"},"geometry":{"type":"LineString","coordinates":[[73.8433945,18.5243172],[73.8432615,18.524345],[73.8431831,18.5243614],[73.842851,18.5244308],[73.8425006,18.5244898],[73.8422251,18.5245362],[73.8420764,18.5245612],[73.8417199,18.5246213],[73.8413694,18.5246803]]}},
{"type":"Feature","properties":{"osm_id":"22841192","code":5122,"fclass":"residential","name":"","ref":"","oneway":"B","maxspeed":0,"layer":0,"bridge":"F","tunnel":"F"},"geometry":{"type":"LineString","coordinates":[[73.8920553,18.5150762],[73.8925839,18.5155018],[73.8938127,18.5164911]]}},
{"type":"Feature","properties":{"osm_id":"22841193","code":5114,"fclass":"secondary","name":"Congress Bhavan Path","ref":"","oneway":"F","maxspeed":0,"layer":0,"bridge":"F","tunnel":"F"},"geometry":{"type":"LineString","coordinates":[[73.8482131,18.5227648],[73.8482624,18.5227635],[73.8483035,18.5227535],[73.8483418,18.5227441],[73.8488083,18.5225763],[73.848898,18.5225475],[73.8492018,18.5224502],[73.8492155,18.5224458],[73.8492696,18.5224284]]}},
{"type":"Feature","properties":{"osm_id":"22841195","code":5115,"fclass":"tertiary","name":"Maharshi Vitthal Ramji Shinde Bridge","ref":"","oneway":"F","maxspeed":0,"layer":0,"bridge":"F","tunnel":"F"},"geometry":{"type":"LineString","coordinates":[[73.8496595,18.5201314],[73.8496806,18.5200453],[73.8497179,18.5198316]]}},
{"type":"Feature","properties":{"osm_id":"22841203","code":5122,"fclass":"residential","name":"Dagadi Pool Road","ref":"","oneway":"B","maxspeed":0,"layer":0,"bridge":"F","tunnel":"F"},"geometry":{"type":"LineString","coordinates":[[73.8582903,18.5219205],[73.8582513,18.5223972],[73.8582525,18.5225398],[73.8582562,18.5228551],[73.8582584,18.523036],[73.8582659,18.5230992],[73.8582827,18.5232396],[73.8582986,18.5233256],[73.8582148,18.52357],[73.8581479,18.5237654]]}},
{"type":"Feature","properties":{"osm_id":"22841204","code":5122,"fclass":"residential","name":"Jijamata Road","ref":"","oneway":"B","maxspeed":0,"layer":0,"bridge":"F","tunnel":"F"},"geometry":{"type":"LineString","coordinates":[[73.8916265,18.5221507],[73.8917239,18.5221331],[73.8920058,18.5220821],[73.8921873,18.5220681],[73.8932782,18.5219839],[73.8936288,18.5219568],[73.8939658,18.5219364],[73.8951129,18.5218422],[73.8960913,18.5217659],[73.8966153,18.5217251],[73.8970354,18.5216924]]}},
{"type":"Feature","properties":{"osm_id":"22841209","code":5141,"fclass":"service","name":"","ref":"","oneway":"B","maxspeed":0,"layer":0,"bridge":"F","tunnel":"F"},"geometry":{"type":"LineString","coordinates":[[73.8666089,18.5428122],[73.8661956,18.5432025],[73.8658156,18.5435614],[73.8650478,18.5442864],[73.8645567,18.5447426],[73.8642458,18.5450543],[73.8639027,18.5453983]]}},
{"type":"Feature","properties":{"osm_id":"22841216","code":5113,"fclass":"primary","name":"Senapati Bapat Marg","ref":"","oneway":"F","maxspeed":0,"layer":0,"bridge":"F","tunnel":"F"},"geometry":{"type":"LineString","coordinates":[[73.8304234,18.5201833],[73.8302938,18.5202453],[73.8294777,18.5205285],[73.829382,18.52057],[73.8292861,18.5206224],[73.8292483,18.5206493],[73.8291886,18.5206918],[73.82909,18.5207933],[73.829041,18.5208676],[73.8290127,18.5209316],[73.8289984,18.5209641],[73.8289798,18.5210623],[73.8289789,18.5211549],[73.8289899,18.5212616],[73.8291173,18.5219004],[73.829231,18.5223142],[73.8294036,18.522884],[73.829432,18.5229905],[73.8294522,18.5231225],[73.8294728,18.5232943],[73.8294984,18.5235344],[73.8295143,18.5237423],[73.8295266,18.5239301],[73.8295383,18.5241092],[73.8295926,18.5249367],[73.8296156,18.5252209],[73.8296562,18.5259049],[73.8296831,18.5263591],[73.8297461,18.5273664],[73.8297543,18.5274981],[73.8297729,18.5277958],[73.8297743,18.5278181],[73.8297805,18.527917],[73.829849,18.5290132],[73.8298899,18.5299592],[73.8299107,18.5304405],[73.8299747,18.5316066],[73.8299763,18.5316491],[73.8299773,18.5316753],[73.8299868,18.5319365],[73.8300907,18.5347237],[73.8301231,18.5354632],[73.8301553,18.5361996],[73.8301668,18.5364561],[73.8301875,18.5369159],[73.8301841,18.5372569],[73.8301784,18.5373522],[73.8301638,18.5375249],[73.830068,18.5379647],[73.8300454,18.5380682],[73.8299548,18.5384908],[73.8299295,18.5386317],[73.8298583,18.5389871],[73.8298506,18.5390134],[73.8297066,18.5395084],[73.82968,18.5395795],[73.8296605,18.5396777],[73.8296475,18.5397552],[73.8296287,18.539864],[73.8296299,18.5399353],[73.8296399,18.5399877],[73.8296605,18.5400723],[73.8297011,18.5401685],[73.8297585,18.5402587],[73.8298173,18.540329],[73.829877,18.5403782],[73.8301256,18.5405409],[73.8303464,18.5406855]]}},
{"type":"Feature","properties":{"osm_id":"22841224","code":5115,"fclass":"tertiary","name":"","ref":"","oneway":"B","maxspeed":0,"layer":0,"bridge":"F","tunnel":"F"},"geometry":{"type":"LineString","coordinates":[[73.8374386,18.5265988],[73.8370528,18.5268346],[73.8368608,18.526952],[73.8367345,18.5269959],[73.836357,18.5271272],[73.8362624,18.5271331],[73.8359608,18.527152],[73.8355843,18.5271543],[73.8351215,18.5271571],[73.8347598,18.5271622],[73.8345972,18.5271645],[73.8343093,18.527162]]}},
{"type":"Feature","properties":{"osm_id":"22841229","code":5115,"fclass":"tertiary","name":"Agarwal Marg","ref":"","oneway":"B","maxspeed":0,"layer":0,"bridge":"F","tunnel":"F"},"geometry":{"type":"LineString","coordinates":[[73.8553528,18.5215211],[73.855451,18.521525],[73.8555553,18.5215504],[73.8557383,18.5216235],[73.855859,18.5216616],[73.8559945,18.5216941],[73.8561393,18.5217055],[73.8563908,18.5217146],[73.8565345,18.5217465],[73.8565948,18.5217578],[73.8567517,18.5217853],[73.8570956,18.5218131],[73.8574898,18.5218312],[73.8575533,18.5218411],[73.8578226,18.5218588],[73.8582903,18.5219205],[73.8584935,18.5219528],[73.8589567,18.5219955],[73.8590012,18.521996],[73.8597049,18.5220039],[73.8599397,18.5220127],[73.8603423,18.5220323],[73.860638,18.5220492],[73.860776,18.5220575],[73.8609452,18.5220676]]}},
{"type":"Feature","properties":{"osm_id":"22841232","code":5115,"fclass":"tertiary","name":"Kahun Road","ref":"","oneway":"B","maxspeed":0,"layer":0,"bridge":"F","tunnel":"F"},"geometry":{"type":"LineString","coordinates":[[73.8854124,18.5221836],[73.8854823,18.5223062],[73.8856621,18.5226215],[73.8859905,18.5232763]]}},
{"type":"Feature","properties":{"osm_id":"22841235","code":5114,"fclass":"secondary","name":"","ref":"","oneway":"F","maxspeed":0,"layer":0,"bridge":"F","tunnel":"F"},"geometry":{"type":"LineString","coordinates":[[73.8762787,18.5277276],[73.876253,18.5278341],[73.8762349,18.5279226],[73.8762166,18.52805]]}},
{"type":"Feature","properties":{"osm_id":"22841242","code":5115,"fclass":"tertiary","name":"","ref":"","oneway":"F","maxspeed":0,"layer":0,"bridge":"F","tunnel":"F"},"geometry":{"type":"LineString","coordinates":[[73.8458817,18.5237287],[73.8458114,18.5236092],[73.8457229,18.5235009],[73.8457014,18.5234802],[73.8456026,18.5233804],[73.8454826,18.5232915],[73.8454538,18.5232741],[73.8453594,18.5232168],[73.8451998,18.5231758],[73.8450284,18.5231574],[73.8449392,18.5231605],[73.844784,18.5231659],[73.8445656,18.5232123]]}},
{"type":"Feature","properties":{"osm_id":"22841247","code":5122,"fclass":"residential","name":"","ref":"","oneway":"B","maxspeed":0,"layer":0,"bridge":"F","tunnel":"F"},"geometry":{"type":"LineString","coordinates":[[73.8374386,18.5265988],[73.8377209,18.5270271],[73.837806,18.5271562]]}},
{"type":"Feature","properties":{"osm_id":"22841249","code":5115,"fclass":"tertiary","name":"Bana Marg (Mayo Road)","ref":"","oneway":"F","maxspeed":0,"layer":0,"bridge":"F","tunnel":"F"},"geometry":{"type":"LineString","coordinates":[[73.8823382,18.5189541],[73.8823799,18.5190246],[73.8825382,18.5192919],[73.8828266,18.5197791],[73.8829946,18.5200627],[73.8830919,18.5202271],[73.8831469,18.52032],[73.8833054,18.5205875],[73.8833846,18.5207213],[73.8837268,18.5212992],[73.8837651,18.5213462],[73.8838158,18.5213891]]}},
{"type":"Feature","properties":{"osm_id":"22841250","code":5115,"fclass":"tertiary","name":"Bharatiya Vidyabhavan Marg","ref":"","oneway":"B","maxspeed":0,"layer":0,"bridge":"F","tunnel":"F"},"geometry":{"type":"LineString","coordinates":[[73.8304243,18.5316376],[73.8306525,18.5316493],[73.8308195,18.5316515],[73.8314984,18.5316595],[73.8318287,18.5316634],[73.8323574,18.5316994],[73.8327601,18.5319451],[73.8333791,18.5323227],[73.833483,18.5323861],[73.8336516,18.5324834],[73.8338155,18.532578],[73.8341983,18.5327989]]}},
{"type":"Feature","properties":{"osm_id":"22841267","code":5122,"fclass":"residential","name":"Lane 1","ref":"","oneway":"B","maxspeed":0,"layer":0,"bridge":"F","tunnel":"F"},"geometry":{"type":"LineString","coordinates":[[73.8875017,18.5330296],[73.8875597,18.5333661],[73.8877295,18.5342383],[73.887769,18.5344915],[73.8878095,18.5347509],[73.8878319,18.5348946],[73.887919,18.5356659],[73.8880597,18.5368287],[73.8880701,18.5370051],[73.8881069,18.5375343],[73.8881467,18.5381066],[73.8881519,18.538182],[73.8881714,18.5384619],[73.8881669,18.5387219],[73.8881661,18.5387675],[73.8881629,18.5389557],[73.888153,18.5395248],[73.8881518,18.5395968]]}},
{"type":"Feature","properties":{"osm_id":"22841268","code":5115,"fclass":"tertiary","name":"Laxmi Path","ref":"","oneway":"F","maxspeed":0,"layer":0,"bridge":"F","tunnel":"F"},"geometry":{"type":"LineString","coordinates":[[73.8562866,18.5156694],[73.8562054,18.5156448],[73.8561582,18.5156305],[73.8560286,18.5155897],[73.8558664,18.5155044],[73.8555238,18.5152814],[73.8551984,18.5150696],[73.8549798,18.5150076],[73.8549032,18.5149638],[73.8544921,18.5147235],[73.8544373,18.5146973],[73.854369,18.5146564],[73.8541435,18.5145717],[73.8540108,18.5145414],[73.8537421,18.5145251]]}},
{"type":"Feature","properties":{"osm_id":"22841269","code":5114,"fclass":"secondary","name":"Lokmanya Tilak Marg","ref":"","oneway":"F","maxspeed":0,"layer":0,"bridge":"F","tunnel":"F"},"geometry":{"type":"LineString","coordinates":[[73.8536461,18.5054335],[73.8539292,18.5051831],[73.854793,18.5044263],[73.8553653,18.5039616],[73.8558739,18.5035032],[73.8561469,18.5032572],[73.8562636,18.5031475],[73.8568439,18.5026017],[73.8575931,18.5018972],[73.85769,18.5018093],[73.8583493,18.501211],[73.8583765,18.5011872],[73.8584601,18.5011158]]}},
{"type":"Feature","properties":{"osm_id":"22841271","code":5114,"fclass":"secondary","name":"Bund Garden Road","ref":"","oneway":"F","maxspeed":0,"layer":0,"bridge":"F","tunnel":"F"},"geometry":{"type":"LineString","coordinates":[[73.8793168,18.5295622],[73.8793387,18.5293526],[73.8793341,18.5291448],[73.8792954,18.5286996],[73.879282,18.5285141]]}},
{"type":"Feature","properties":{"osm_id":"22841285","code":5114,"fclass":"secondary","name":"Bund Garden Road","ref":"","oneway":"F","maxspeed":0,"layer":0,"bridge":"F","tunnel":"F"},"geometry":{"type":"LineString","coordinates":[[73.8792757,18.5283747],[73.879266,18.5281604],[73.8792501,18.5278016],[73.8792388,18.5274127],[73.8792274,18.526749],[73.8792184,18.5266154],[73.8792095,18.5264821],[73.8788566,18.5250643],[73.8787668,18.5247116],[73.8787503,18.5246464],[73.8787327,18.5245561],[73.8786888,18.5243301],[73.8782731,18.5230025],[73.878174,18.5227079],[73.878074,18.52249],[73.8778882,18.5220855],[73.8778331,18.5219656],[73.8776586,18.5216686],[73.8775598,18.5215347],[73.8774971,18.5214715]]}},
{"type":"Feature","properties":{"osm_id":"22841289","code":5112,"fclass":"trunk","name":"Shivaji Road","ref":"NH60;NH65","oneway":"F","maxspeed":0,"layer":0,"bridge":"F","tunnel":"F"},"geometry":{"type":"LineString","coordinates":[[73.8512688,18.5274241],[73.8511886,18.5274507],[73.8511303,18.5274672],[73.8511208,18.5274688],[73.8510305,18.5274835],[73.8509232,18.5275018],[73.8508039,18.527551],[73.8506705,18.5276295],[73.8505399,18.5277603],[73.8504224,18.5279081],[73.8503419,18.5280343],[73.8502456,18.5281933],[73.8501582,18.5283743],[73.8500743,18.5285654],[73.8499789,18.5288329],[73.8499519,18.5289578]]}},
{"type":"Feature","properties":{"osm_id":"22841293","code":5113,"fclass":"primary","name":"Kondhwa Main Road","ref":"","oneway":"F","maxspeed":0,"layer":0,"bridge":"F","tunnel":"F"},"geometry":{"type":"LineString","coordinates":[[73.8889796,18.4699298],[73.8890034,18.4696049],[73.8890265,18.469466],[73.8890483,18.4685568],[73.8890686,18.4683527],[73.8890947,18.4679807]]}},
{"type":"Feature","properties":{"osm_id":"22841300","code":5113,"fclass":"primary","name":"Kondhwa Main Road","ref":"","oneway":"F","maxspeed":0,"layer":0,"bridge":"F","tunnel":"F"},"geometry":{"type":"LineString","coordinates":[[73.8894752,18.4631939],[73.8894812,18.463346],[73.8895727,18.4636644],[73.8896358,18.4638769],[73.8896989,18.4640895],[73.8897162,18.4641424],[73.8897405,18.4642165],[73.8897532,18.4643213],[73.8897315,18.4644638],[73.8897076,18.4646098],[73.8897043,18.4646298],[73.8894392,18.4658772],[73.8893476,18.4663084],[73.8892884,18.4666007],[73.8892611,18.4667351],[73.8892379,18.4668906]]}},
{"type":"Feature","properties":{"osm_id":"22841310","code":5114,"fclass":"secondary","name":"Vinod Pathak Path","ref":"","oneway":"F","maxspeed":0,"layer":0,"bridge":"F","tunnel":"F"},"geometry":{"type":"LineString","coordinates":[[73.8712306,18.5220423],[73.8715736,18.5219872],[73.8718304,18.5219552],[73.8719928,18.5219717],[73.8721865,18.5220037],[73.8724511,18.5220728],[73.8725112,18.5220885],[73.8728028,18.5221647],[73.8729194,18.5221973],[73.8729929,18.5222178],[73.8732209,18.5222815],[73.8733175,18.5223084],[73.8736961,18.5224141],[73.873968,18.52249]]}},
{"type":"Feature","properties":{"osm_id":"22841313","code":5113,"fclass":"primary","name":"","ref":"","oneway":"F","maxspeed":0,"layer":0,"bridge":"F","tunnel":"F"},"geometry":{"type":"LineString","coordinates":[[73.8913531,18.4518535],[73.891383,18.4517442],[73.8914133,18.4516803],[73.8914837,18.4514049],[73.8915025,18.4513553],[73.8915545,18.451187],[73.8915646,18.4511545],[73.8919168,18.4502053],[73.891983,18.4500021],[73.8920347,18.4498704],[73.892078,18.4497599],[73.8923289,18.4489555],[73.8924183,18.4486608],[73.8924472,18.4485656],[73.8925563,18.448269],[73.892695,18.447905],[73.8928345,18.4474339],[73.8929158,18.4472008],[73.8930115,18.4467437],[73.8930271,18.4466691],[73.8930841,18.4464042],[73.8931385,18.4461515],[73.8932978,18.4455224],[73.8933217,18.4454282],[73.8935485,18.4446334],[73.8937652,18.4438569],[73.8938823,18.443318],[73.8938944,18.4431337]]}},
{"type":"Feature","properties":{"osm_id":"22841320","code":5112,"fclass":"trunk","name":"Shivaji Road","ref":"NH60;NH65","oneway":"B","maxspeed":45,"layer":1,"bridge":"T","tunnel":"F"},"geometry":{"type":"LineString","coordinates":[[73.8542993,18.5233981],[73.8537138,18.5247342]]}},
{"type":"Feature","properties":{"osm_id":"22841323","code":5112,"fclass":"trunk","name":"Shivaji Bridge","ref":"NH60;NH65","oneway":"B","maxspeed":0,"layer":1,"bridge":"T","tunnel":"F"},"geometry":{"type":"LineString","coordinates":[[73.855011,18.5217641],[73.8546359,18.5226008],[73.8544456,18.5230547],[73.8542993,18.5233981]]}},
{"type":"Feature","properties":{"osm_id":"22841336","code":5115,"fclass":"tertiary","name":"Mirza Ghalib Marg","ref":"","oneway":"F","maxspeed":0,"layer":0,"bridge":"F","tunnel":"F"},"geometry":{"type":"LineString","coordinates":[[73.8576283,18.5126408],[73.8577009,18.5126629],[73.8577623,18.5126815],[73.8581712,18.5127229],[73.8585031,18.5127671],[73.8591266,18.5128515],[73.8596197,18.5129182],[73.8597995,18.5129665],[73.8599558,18.5130241],[73.8601245,18.513058],[73.8603116,18.5131098],[73.8604328,18.5131434],[73.8608182,18.5131751],[73.8614253,18.5131641],[73.8618362,18.5131039],[73.8624535,18.5130361],[73.8628505,18.5129984],[73.8631801,18.5129062],[73.8634234,18.512842],[73.8636235,18.5127088],[73.86372,18.5126446],[73.8639953,18.5125251],[73.8640566,18.5124984]]}},
{"type":"Feature","properties":{"osm_id":"22841339","code":5112,"fclass":"trunk","name":"Shivaji Road","ref":"NH60;NH65","oneway":"F","maxspeed":15,"layer":0,"bridge":"F","tunnel":"F"},"geometry":{"type":"LineString","coordinates":[[73.8562138,18.518542],[73.8562142,18.5185095],[73.8562164,18.5183421],[73.8562211,18.5181816],[73.856232,18.5178104],[73.8562412,18.5175013],[73.8562437,18.5174088],[73.8562463,18.5172658],[73.8562528,18.5169354],[73.8562542,18.516866]]}},
{"type":"Feature","properties":{"osm_id":"22841346","code":5112,"fclass":"trunk","name":"Satara Road","ref":"NH60","oneway":"F","maxspeed":30,"layer":0,"bridge":"F","tunnel":"F"},"geometry":{"type":"LineString","coordinates":[[73.8575631,18.4683442],[73.8575181,18.4686587],[73.8575033,18.4687626],[73.8574917,18.468823],[73.8574462,18.4690597],[73.8574161,18.469216],[73.8573624,18.4694526],[73.8572574,18.4698116],[73.857229,18.4698959],[73.8571037,18.4702905],[73.8570224,18.4705369],[73.8569776,18.4706875],[73.8569524,18.4707488],[73.8568774,18.4709316],[73.8568299,18.4710634],[73.8568159,18.4711021],[73.8567969,18.4711549],[73.8567558,18.4712887],[73.8566972,18.4714794],[73.8566791,18.4715382],[73.8565504,18.471957],[73.8565133,18.4720775],[73.856432,18.4723653],[73.8564069,18.4724475],[73.85639,18.4725492],[73.8562721,18.4732581],[73.8562646,18.4735247]]}},
{"type":"Feature","properties":{"osm_id":"22841352","code":5112,"fclass":"trunk","name":"Jagannath Shankarsheth Marg","ref":"NH65","oneway":"B","maxspeed":0,"layer":0,"bridge":"F","tunnel":"F"},"geometry":{"type":"LineString","coordinates":[[73.8784427,18.5027321],[73.878116,18.5026782],[73.8779893,18.502647],[73.8775639,18.5025421],[73.8765353,18.5023046]]}},
{"type":"Feature","properties":{"osm_id":"22841354","code":5113,"fclass":"primary","name":"Tanaji Malusare Path","ref":"","oneway":"F","maxspeed":0,"layer":0,"bridge":"F","tunnel":"F"},"geometry":{"type":"LineString","coordinates":[[73.8456423,18.5012279],[73.8458628,18.501227],[73.8459008,18.5012294],[73.8459562,18.501233],[73.8462138,18.5012496],[73.8463011,18.5012552],[73.8465063,18.5012628],[73.846676,18.501269],[73.84693,18.5012612],[73.8470374,18.5012496],[73.8471893,18.5012193],[73.8473877,18.5011658],[73.8474395,18.501151],[73.8475912,18.5011077],[73.8476486,18.5010913],[73.8478521,18.5010332],[73.8483585,18.500904],[73.8485663,18.500848],[73.8487288,18.50079],[73.8488575,18.5007256],[73.8492802,18.5004533],[73.8495156,18.5003006],[73.8496631,18.500198],[73.8498646,18.5000578],[73.8501113,18.4998861],[73.8504239,18.499672],[73.8508468,18.4993285]]}},
{"type":"Feature","properties":{"osm_id":"22841358","code":5112,"fclass":"trunk","name":"Solapur Road","ref":"NH65","oneway":"F","maxspeed":0,"layer":0,"bridge":"F","tunnel":"F"},"geometry":{"type":"LineString","coordinates":[[73.8793253,18.5070124],[73.8796821,18.506938],[73.8801577,18.5068388],[73.8803129,18.5068064],[73.8807286,18.5067197],[73.8817031,18.5065575],[73.8821358,18.5065077],[73.8822311,18.5065024],[73.8831912,18.5064166],[73.8839033,18.5064063]]}},
{"type":"Feature","properties":{"osm_id":"22841370","code":5113,"fclass":"primary","name":"Chimaji Appa Peshwe Path","ref":"","oneway":"F","maxspeed":0,"layer":0,"bridge":"F","tunnel":"F"},"geometry":{"type":"LineString","coordinates":[[73.8540449,18.5013062],[73.8540373,18.5012114],[73.8540248,18.5010541],[73.8540059,18.5009261],[73.8540124,18.5007097],[73.8540165,18.5005715],[73.8540167,18.5005647],[73.8540177,18.5004983],[73.8540187,18.5004378],[73.8540068,18.5002509],[73.8539997,18.5001621],[73.8539865,18.5000989],[73.8539325,18.4998392],[73.8539289,18.4998223],[73.8538981,18.4996771]]}},
{"type":"Feature","properties":{"osm_id":"22841372","code":5112,"fclass":"trunk","name":"","ref":"NH65","oneway":"F","maxspeed":0,"layer":0,"bridge":"F","tunnel":"F"},"geometry":{"type":"LineString","coordinates":[[73.8835761,18.5059746],[73.8832856,18.5056138],[73.8831723,18.5054767],[73.8830376,18.505363],[73.8828414,18.5052467],[73.8828141,18.5052245],[73.8827302,18.5051808],[73.8825574,18.5050889],[73.8822856,18.5049443],[73.8815317,18.5045744],[73.8813701,18.5044951],[73.8809907,18.5042676],[73.8808972,18.5042115],[73.8808657,18.5041879],[73.8807175,18.5040769],[73.8804309,18.5038622],[73.8803118,18.5037731],[73.8802208,18.5036899],[73.8795133,18.5031085],[73.8794247,18.5030343],[73.8793686,18.5030042],[73.87877,18.5028385]]}},
{"type":"Feature","properties":{"osm_id":"22841391","code":5113,"fclass":"primary","name":"Koregaon Road","ref":"","oneway":"F","maxspeed":30,"layer":0,"bridge":"F","tunnel":"F"},"geometry":{"type":"LineString","coordinates":[[73.8854145,18.5413611],[73.8854225,18.5412667],[73.8854316,18.5410752],[73.8854374,18.5409481],[73.8855028,18.5395027]]}},
{"type":"Feature","properties":{"osm_id":"22841398","code":5112,"fclass":"trunk","name":"","ref":"NH753F","oneway":"F","maxspeed":0,"layer":0,"bridge":"F","tunnel":"F"},"geometry":{"type":"LineString","coordinates":[[73.8596991,18.5296667],[73.8595451,18.5296573],[73.8594713,18.5296476],[73.8594278,18.5296419],[73.8593026,18.5296137],[73.859277,18.5296075],[73.8591964,18.5295879],[73.859096,18.5295562],[73.8589714,18.529516],[73.8587893,18.5294605],[73.8587423,18.5294506],[73.8586814,18.5294327],[73.8584726,18.5294148],[73.8582752,18.5294271],[73.8578868,18.5295055]]}},
{"type":"Feature","properties":{"osm_id":"22841404","code":5112,"fclass":"trunk","name":"Satara Road","ref":"NH60","oneway":"F","maxspeed":60,"layer":0,"bridge":"F","tunnel":"F"},"geometry":{"type":"LineString","coordinates":[[73.8584544,18.4480926],[73.8584,18.4482814],[73.85839,18.4483162]]}},
{"type":"Feature","properties":{"osm_id":"22841433","code":5115,"fclass":"tertiary","name":"West Street Genba Moze Road","ref":"","oneway":"B","maxspeed":0,"layer":0,"bridge":"F","tunnel":"F"},"geometry":{"type":"LineString","coordinates":[[73.8979729,18.5609332],[73.8979329,18.5608463],[73.8978024,18.5605626],[73.897746,18.56044],[73.8975214,18.5599516],[73.8975008,18.5598718],[73.897493,18.5598416],[73.89748,18.5597564],[73.8974717,18.5597025],[73.897429,18.559342],[73.8973758,18.5588927],[73.8973608,18.5587661],[73.8973428,18.5586137],[73.8973271,18.5584815],[73.897242,18.5577631],[73.8971875,18.5574804],[73.8971244,18.5571532],[73.8970721,18.5568822],[73.8970202,18.5566325],[73.8969824,18.5564173],[73.8969521,18.5562599],[73.8969128,18.5560565],[73.8969,18.5559901],[73.8968844,18.5558755],[73.8968528,18.5556885],[73.8968332,18.555581],[73.8968098,18.5554629],[73.8967984,18.5553801],[73.896794,18.5553486],[73.8967902,18.5552529],[73.8967873,18.5551803],[73.8967897,18.5550294],[73.8967973,18.5545424],[73.8967981,18.5544901],[73.8968038,18.5541306],[73.8968043,18.5540979],[73.8968068,18.5539415],[73.8968074,18.5539042],[73.8968208,18.553628],[73.896855,18.5532005],[73.8968788,18.552902],[73.8968994,18.5526443],[73.896914,18.5524621]]}},
{"type":"Feature","properties":{"osm_id":"22841436","code":5122,"fclass":"residential","name":"","ref":"","oneway":"B","maxspeed":0,"layer":0,"bridge":"F","tunnel":"F"},"geometry":{"type":"LineString","coordinates":[[73.8850438,18.5504031],[73.8849672,18.5504869],[73.8844919,18.5510064],[73.8843561,18.5511876],[73.8839588,18.5518026],[73.8839189,18.5518455],[73.8838465,18.5519234],[73.8835496,18.5524207],[73.8833084,18.552885],[73.883273,18.5529626],[73.8831569,18.5532177],[73.883122,18.553309],[73.8831073,18.5534162]]}},
{"type":"Feature","properties":{"osm_id":"22841466","code":5115,"fclass":"tertiary","name":"","ref":"","oneway":"F","maxspeed":50,"layer":0,"bridge":"F","tunnel":"F"},"geometry":{"type":"LineString","coordinates":[[73.8626176,18.5561154],[73.8626911,18.5561274],[73.8627632,18.5561174],[73.8628402,18.5560939],[73.8629234,18.5560482],[73.8629782,18.5559933],[73.8630198,18.5559362],[73.8630838,18.5557999]]}},
{"type":"Feature","properties":{"osm_id":"22841469","code":5115,"fclass":"tertiary","name":"","ref":"","oneway":"F","maxspeed":0,"layer":0,"bridge":"F","tunnel":"F"},"geometry":{"type":"LineString","coordinates":[[73.8608566,18.5562087],[73.8611262,18.5561306],[73.8617131,18.5559366],[73.8618245,18.5559081],[73.8619053,18.555897],[73.8620156,18.5558929],[73.8620995,18.5559071],[73.8622311,18.555943],[73.8623331,18.5559809],[73.8624658,18.556047],[73.8625126,18.5560704]]}},
{"type":"Feature","properties":{"osm_id":"22841481","code":5113,"fclass":"primary","name":"National Games Marg","ref":"","oneway":"F","maxspeed":0,"layer":0,"bridge":"F","tunnel":"F"},"geometry":{"type":"LineString","coordinates":[[73.8944704,18.5652337],[73.89442,18.5651013],[73.8940318,18.5646024],[73.8937585,18.5642468],[73.8936721,18.5641174],[73.8935727,18.5639562],[73.8931842,18.5632318],[73.8931476,18.5631638],[73.8924661,18.5618922],[73.8923596,18.5616611],[73.8923119,18.5615397],[73.8923047,18.5615214],[73.8922722,18.5614387],[73.8920627,18.5608596],[73.8919629,18.5605837],[73.8918531,18.5602608],[73.8918042,18.5601171],[73.8916273,18.5595438],[73.8915914,18.5594273],[73.8915142,18.5591793],[73.8914066,18.5588336],[73.8912683,18.5583468],[73.8911982,18.5581004],[73.8911778,18.5580285],[73.8910006,18.5574284],[73.8908498,18.5569175],[73.8907174,18.5564691],[73.8906647,18.5562907],[73.8905972,18.5560455],[73.8904951,18.5557266],[73.8903285,18.5551753]]}},
{"type":"Feature","properties":{"osm_id":"22841499","code":5112,"fclass":"trunk","name":"Deccan College Road","ref":"NH753F","oneway":"F","maxspeed":60,"layer":0,"bridge":"F","tunnel":"F"},"geometry":{"type":"LineString","coordinates":[[73.8835394,18.5451447],[73.8835877,18.5451502],[73.8836609,18.5451586],[73.8838456,18.5451748],[73.8841136,18.5451921],[73.8841999,18.5451822],[73.8843047,18.5451618]]}},
{"type":"Feature","properties":{"osm_id":"22841500","code":5115,"fclass":"tertiary","name":"Elphinstone Road","ref":"","oneway":"B","maxspeed":0,"layer":0,"bridge":"F","tunnel":"F"},"geometry":{"type":"LineString","coordinates":[[73.8552554,18.5567395],[73.8563117,18.5548682],[73.8563475,18.5548048],[73.8563704,18.5547643],[73.8565231,18.5544937],[73.856605,18.5543108],[73.8566284,18.5541792],[73.8567564,18.5527887]]}},
{"type":"Feature","properties":{"osm_id":"22841551","code":5115,"fclass":"tertiary","name":"","ref":"","oneway":"F","maxspeed":0,"layer":0,"bridge":"F","tunnel":"F"},"geometry":{"type":"LineString","coordinates":[[73.8797485,18.5529533],[73.8797364,18.5528221],[73.8796482,18.5524937],[73.8794551,18.5519456],[73.8793735,18.5517173],[73.8792015,18.5512363],[73.8791743,18.5511602],[73.8789662,18.5506083],[73.8789567,18.5505831],[73.8789321,18.5505179],[73.8788873,18.5504158],[73.8787664,18.55014],[73.8787182,18.5500301],[73.8774028,18.5455743],[73.877309,18.5452136],[73.8771609,18.5448887]]}},
{"type":"Feature","properties":{"osm_id":"22841568","code":5141,"fclass":"service","name":"","ref":"","oneway":"B","maxspeed":0,"layer":0,"bridge":"F","tunnel":"F"},"geometry":{"type":"LineString","coordinates":[[73.9322077,18.5633407],[73.932204,18.5634657],[73.9322024,18.5634898]]}},
{"type":"Feature","properties":{"osm_id":"22841607","code":5114,"fclass":"secondary","name":"Loop Road","ref":"","oneway":"F","maxspeed":0,"layer":0,"bridge":"F","tunnel":"F"},"geometry":{"type":"LineString","coordinates":[[73.8895378,18.5526155],[73.8890991,18.5526629],[73.8885902,18.552718],[73.8880635,18.552775],[73.886898,18.5529011],[73.8866142,18.5529431],[73.8852832,18.5531413],[73.8848386,18.5532065],[73.8847983,18.5532138],[73.8844795,18.5532715],[73.8841506,18.5533319],[73.8838892,18.5533468],[73.883122,18.553309],[73.8830166,18.5533038],[73.8825088,18.5532341],[73.8823558,18.553213],[73.882261,18.5532061],[73.8806098,18.5529732],[73.8801847,18.5529148],[73.8799307,18.5528799],[73.8797364,18.5528221],[73.8796186,18.552794]]}},
{"type":"Feature","properties":{"osm_id":"22841612","code":5141,"fclass":"service","name":"","ref":"","oneway":"B","maxspeed":0,"layer":0,"bridge":"F","tunnel":"F"},"geometry":{"type":"LineString","coordinates":[[73.9166076,18.5778957],[73.9149939,18.578091],[73.9138641,18.5786639],[73.91372,18.5786735]]}},
{"type":"Feature","properties":{"osm_id":"22841623","code":5115,"fclass":"tertiary","name":"South Street","ref":"","oneway":"B","maxspeed":0,"layer":0,"bridge":"F","tunnel":"F"},"geometry":{"type":"LineString","coordinates":[[73.897242,18.5577631],[73.8963864,18.5578547],[73.8963061,18.5578633],[73.8959247,18.5579041],[73.8948008,18.5580245],[73.8946807,18.558063],[73.894064,18.5582804],[73.8932361,18.5585723],[73.8928974,18.5586917]]}},
{"type":"Feature","properties":{"osm_id":"22841638","code":5141,"fclass":"service","name":"","ref":"","oneway":"B","maxspeed":0,"layer":0,"bridge":"F","tunnel":"F"},"geometry":{"type":"LineString","coordinates":[[73.9174659,18.577253],[73.9173714,18.5774157]]}},
{"type":"Feature","properties":{"osm_id":"22841639","code":5141,"fclass":"service","name":"","ref":"","oneway":"B","maxspeed":0,"layer":0,"bridge":"F","tunnel":"F"},"geometry":{"type":"LineString","coordinates":[[73.9173714,18.5774157],[73.9171397,18.5776028],[73.9166076,18.5778957]]}},
{"type":"Feature","properties":{"osm_id":"22841645","code":5115,"fclass":"tertiary","name":"Viman Nagar Road","ref":"","oneway":"F","maxspeed":0,"layer":0,"bridge":"F","tunnel":"F"},"geometry":{"type":"LineString","coordinates":[[73.9182925,18.5651316],[73.9182745,18.5649296],[73.9181549,18.563631],[73.9181548,18.5634468],[73.9181549,18.5634254],[73.9181567,18.5631157],[73.9181692,18.5624256],[73.9181723,18.5623181],[73.9181978,18.561424],[73.9182174,18.5613039],[73.9182347,18.5612213],[73.9182533,18.5611359],[73.9182794,18.5610157]]}},
{"type":"Feature","properties":{"osm_id":"22841648","code":5141,"fclass":"service","name":"","ref":"","oneway":"B","maxspeed":0,"layer":0,"bridge":"F","tunnel":"F"},"geometry":{"type":"LineString","coordinates":[[73.9175976,18.5722388],[73.9175778,18.5727432],[73.9175713,18.5730055],[73.9175581,18.5735377],[73.9175507,18.5738364],[73.9175405,18.5742468],[73.9175371,18.5743851],[73.9175308,18.5746359],[73.9175213,18.5750184],[73.9175137,18.5753247],[73.9175115,18.5754145],[73.9174659,18.577253]]}},
{"type":"Feature","properties":{"osm_id":"22841719","code":5115,"fclass":"tertiary","name":"","ref":"","oneway":"B","maxspeed":0,"layer":0,"bridge":"F","tunnel":"F"},"geometry":{"type":"LineString","coordinates":[[73.8968038,18.5541306],[73.8965477,18.5541238],[73.8960476,18.5541106],[73.895944,18.5541143],[73.8958754,18.5541266],[73.8956894,18.5541663],[73.8954625,18.5542148],[73.8953856,18.5542226],[73.8953368,18.5542222],[73.895284,18.5542217],[73.894925,18.5542362],[73.8932094,18.5543054],[73.8930566,18.554321],[73.8928839,18.5543433],[73.8926577,18.5543886],[73.8925427,18.5544116],[73.8919941,18.5545268],[73.8918904,18.5545431],[73.8918717,18.5545469],[73.8918303,18.5545542],[73.8916306,18.5545966],[73.8913977,18.5546407],[73.8905994,18.5548005],[73.890273,18.5548692]]}},
{"type":"Feature","properties":{"osm_id":"22841755","code":5112,"fclass":"trunk","name":"Nagar Road","ref":"NH753F","oneway":"F","maxspeed":0,"layer":0,"bridge":"F","tunnel":"F"},"geometry":{"type":"LineString","coordinates":[[73.9032112,18.5542099],[73.9031475,18.5541943],[73.9029908,18.5541484],[73.9026819,18.5540579],[73.9025776,18.5540279]]}},
{"type":"Feature","properties":{"osm_id":"22841776","code":5141,"fclass":"service","name":"Sindh Socity Road","ref":"","oneway":"B","maxspeed":0,"layer":0,"bridge":"F","tunnel":"F"},"geometry":{"type":"LineString","coordinates":[[73.814673,18.5532748],[73.8146606,18.5539639]]}},
{"type":"Feature","properties":{"osm_id":"22841779","code":5122,"fclass":"residential","name":"Indira Vasahat Road","ref":"","oneway":"B","maxspeed":0,"layer":0,"bridge":"F","tunnel":"F"},"geometry":{"type":"LineString","coordinates":[[73.8168326,18.5533098],[73.8168104,18.5534876],[73.8167895,18.5536553],[73.8167633,18.5537434],[73.8167093,18.5539251],[73.8166831,18.5541107],[73.8166235,18.5544865],[73.816664,18.5548288],[73.8166697,18.5548774],[73.8167023,18.5551535],[73.8167093,18.5552124],[73.8167597,18.5555008],[73.8167848,18.5555243],[73.8169276,18.5556578],[73.8169718,18.5556877],[73.8174125,18.5558792],[73.8174409,18.5558915],[73.8176097,18.5559649],[73.8176909,18.5559987],[73.8180465,18.5561466],[73.8181188,18.5561742],[73.8181761,18.556204]]}},
{"type":"Feature","properties":{"osm_id":"22841782","code":5142,"fclass":"track","name":"","ref":"","oneway":"B","maxspeed":0,"layer":0,"bridge":"F","tunnel":"F"},"geometry":{"type":"LineString","coordinates":[[73.8109122,18.6135913],[73.8118484,18.6129028],[73.8119055,18.6129028],[73.8134699,18.613515],[73.813571,18.6135275],[73.8136809,18.6134941],[73.8137951,18.6134108],[73.8139225,18.6131901],[73.8142255,18.6130611],[73.8147093,18.6128619],[73.8150063,18.6127291],[73.81531,18.6125362],[73.8155035,18.6123875],[73.8155369,18.6123274],[73.8155369,18.612182],[73.8153967,18.6107273],[73.8153567,18.6099494]]}},
{"type":"Feature","properties":{"osm_id":"22841784","code":5141,"fclass":"service","name":"","ref":"","oneway":"B","maxspeed":0,"layer":0,"bridge":"F","tunnel":"F"},"geometry":{"type":"LineString","coordinates":[[73.8055924,18.5804803],[73.8083772,18.5790433],[73.8086608,18.5788969]]}},
{"type":"Feature","properties":{"osm_id":"22841785","code":5113,"fclass":"primary","name":"Aundh Ravet Road","ref":"","oneway":"F","maxspeed":0,"layer":0,"bridge":"F","tunnel":"F"},"geometry":{"type":"LineString","coordinates":[[73.7946512,18.5846238],[73.7950213,18.5843947],[73.7954943,18.5840643],[73.7961314,18.5836078],[73.7965241,18.5832737],[73.7969729,18.582851],[73.7973994,18.5824538],[73.7976112,18.5822634],[73.797687,18.5822076],[73.7977146,18.5821904],[73.7978022,18.5821203],[73.7978606,18.5820559],[73.7981444,18.5817954],[73.7995725,18.5804502]]}},
{"type":"Feature","properties":{"osm_id":"22841790","code":5141,"fclass":"service","name":"Lane No. 3","ref":"","oneway":"B","maxspeed":0,"layer":0,"bridge":"F","tunnel":"F"},"geometry":{"type":"LineString","coordinates":[[73.8146606,18.5539639],[73.8146654,18.5553956],[73.8146673,18.5559828],[73.8146885,18.5566691],[73.8147178,18.5576169],[73.8147382,18.5582435],[73.8149749,18.5598168]]}},
{"type":"Feature","properties":{"osm_id":"22841805","code":5122,"fclass":"residential","name":"","ref":"","oneway":"B","maxspeed":0,"layer":0,"bridge":"F","tunnel":"F"},"geometry":{"type":"LineString","coordinates":[[73.8080287,18.6156168],[73.8091548,18.6148257],[73.8093837,18.6146649],[73.8109122,18.6135913]]}},
{"type":"Feature","properties":{"osm_id":"22841810","code":5122,"fclass":"residential","name":"","ref":"","oneway":"B","maxspeed":0,"layer":0,"bridge":"F","tunnel":"F"},"geometry":{"type":"LineString","coordinates":[[73.8082797,18.6137632],[73.8076074,18.614157]]}},
{"type":"Feature","properties":{"osm_id":"22841812","code":5115,"fclass":"tertiary","name":"","ref":"","oneway":"F","maxspeed":0,"layer":0,"bridge":"F","tunnel":"F"},"geometry":{"type":"LineString","coordinates":[[73.7654153,18.4662339],[73.7653003,18.4660869],[73.7651526,18.465969],[73.7649818,18.4658956],[73.7648031,18.4658457],[73.7646208,18.4658424],[73.7644439,18.4658795],[73.7642928,18.4659385],[73.7641641,18.4660137],[73.7640921,18.4660875],[73.7639858,18.4662199],[73.7639162,18.4663821],[73.7638696,18.4665613],[73.7638769,18.4667483],[73.7639305,18.4669233],[73.7640463,18.4671147],[73.7642112,18.4672641],[73.7644101,18.4673537],[73.7646815,18.4674125],[73.764964,18.4673794],[73.7652147,18.4672678],[73.7653115,18.4671815],[73.7653826,18.4670676],[73.7654484,18.4669545],[73.7655105,18.4667753],[73.7655246,18.4665876],[73.7654836,18.466408],[73.7654153,18.4662339]]}},
{"type":"Feature","properties":{"osm_id":"22841814","code":5115,"fclass":"tertiary","name":"NDA Road","ref":"","oneway":"F","maxspeed":27,"layer":0,"bridge":"F","tunnel":"F"},"geometry":{"type":"LineString","coordinates":[[73.7652147,18.4672678],[73.7658171,18.4678588],[73.7673712,18.4693558],[73.7685095,18.4705155],[73.7688628,18.4708777],[73.7702722,18.4722291],[73.7704824,18.4724229],[73.7707087,18.4726315],[73.7715732,18.4735201],[73.7719093,18.4738674],[73.7727905,18.474755],[73.7732859,18.4757664],[73.7738176,18.477074]]}},
{"type":"Feature","properties":{"osm_id":"22841815","code":5115,"fclass":"tertiary","name":"Nanasaheb Sutar Path","ref":"","oneway":"B","maxspeed":0,"layer":0,"bridge":"F","tunnel":"F"},"geometry":{"type":"LineString","coordinates":[[73.8077317,18.5064058],[73.8077191,18.5068397],[73.8077089,18.5071912],[73.8076731,18.5073824]]}},
{"type":"Feature","properties":{"osm_id":"22841817","code":5115,"fclass":"tertiary","name":"Nanasaheb Sutar Path","ref":"","oneway":"B","maxspeed":0,"layer":0,"bridge":"F","tunnel":"F"},"geometry":{"type":"LineString","coordinates":[[73.8077739,18.50407],[73.8077458,18.5044845],[73.8077402,18.5054832],[73.8077369,18.5056862],[73.8077317,18.5064058]]}},
{"type":"Feature","properties":{"osm_id":"22841819","code":5115,"fclass":"tertiary","name":"Chhatrapati Rajaram Maharaj Path","ref":"","oneway":"B","maxspeed":0,"layer":0,"bridge":"F","tunnel":"F"},"geometry":{"type":"LineString","coordinates":[[73.8183674,18.5026978],[73.818325,18.5028109],[73.8183106,18.5028804],[73.8183015,18.5029247],[73.8181749,18.5035373],[73.8181582,18.5036376],[73.8181013,18.5038997],[73.8180374,18.5041943],[73.8179379,18.504604],[73.8179239,18.5046615],[73.817896,18.5047765],[73.8178455,18.5049842],[73.8175443,18.5061213],[73.8175276,18.5061814]]}},
{"type":"Feature","properties":{"osm_id":"22841820","code":5115,"fclass":"tertiary","name":"","ref":"","oneway":"B","maxspeed":0,"layer":0,"bridge":"F","tunnel":"F"},"geometry":{"type":"LineString","coordinates":[[73.8111604,18.504926],[73.8112165,18.5049346],[73.8114238,18.5049663],[73.8116404,18.5049995],[73.8117831,18.5050213],[73.811926,18.5050527]]}},
{"type":"Feature","properties":{"osm_id":"22841822","code":5114,"fclass":"secondary","name":"Pashan-Bavdhan Road","ref":"","oneway":"B","maxspeed":0,"layer":0,"bridge":"F","tunnel":"F"},"geometry":{"type":"LineString","coordinates":[[73.7789941,18.520512],[73.7790868,18.5207272],[73.7793769,18.5213788],[73.77966,18.5220363],[73.7798508,18.5224794],[73.7799955,18.5228063],[73.780137,18.5231258],[73.7801579,18.523173],[73.7802455,18.5233709],[73.7803841,18.5236431],[73.7805496,18.5240483]]}},
{"type":"Feature","properties":{"osm_id":"22841827","code":5141,"fclass":"service","name":"NCL Internal Road","ref":"","oneway":"B","maxspeed":0,"layer":0,"bridge":"F","tunnel":"F"},"geometry":{"type":"LineString","coordinates":[[73.8134526,18.5457247],[73.8134111,18.5475232],[73.8133908,18.548403],[73.8133886,18.5484994]]}},
{"type":"Feature","properties":{"osm_id":"22841828","code":5141,"fclass":"service","name":"Sindh Socity Road","ref":"","oneway":"B","maxspeed":0,"layer":0,"bridge":"F","tunnel":"F"},"geometry":{"type":"LineString","coordinates":[[73.8146482,18.5483522],[73.8146174,18.5500705]]}},
{"type":"Feature","properties":{"osm_id":"22841830","code":5114,"fclass":"secondary","name":"Pashan-Bavdhan Road","ref":"","oneway":"B","maxspeed":0,"layer":0,"bridge":"F","tunnel":"F"},"geometry":{"type":"LineString","coordinates":[[73.7886929,18.5262764],[73.7890802,18.5263169],[73.7893343,18.5263453],[73.7896259,18.5264436],[73.7899137,18.5265859],[73.790445,18.5269376],[73.7905658,18.5270413],[73.7908337,18.5273786],[73.7909925,18.5276478],[73.7911305,18.5279081],[73.7913318,18.5284591],[73.7915294,18.5290083],[73.7919654,18.5302831],[73.7921498,18.5307959],[73.7923,18.5312345],[73.7923837,18.5314562],[73.792465,18.5316618],[73.7925836,18.531874],[73.7929165,18.5323342],[73.7930792,18.5325468],[73.7938407,18.5335801],[73.7943007,18.534217],[73.7945129,18.5345193],[73.7947043,18.5348344],[73.7950023,18.53534],[73.7953508,18.5359736],[73.7961856,18.5374236]]}},
{"type":"Feature","properties":{"osm_id":"22841840","code":5115,"fclass":"tertiary","name":"Gandhibhavan Marg","ref":"","oneway":"B","maxspeed":0,"layer":0,"bridge":"F","tunnel":"F"},"geometry":{"type":"LineString","coordinates":[[73.8038826,18.4960687],[73.8039015,18.4964799],[73.8039071,18.4965079],[73.8039239,18.4965926],[73.8040047,18.4966841],[73.804128,18.4967713],[73.8041953,18.4968457],[73.8042334,18.4969563],[73.8042547,18.4970722],[73.8042695,18.4971526],[73.8043661,18.4976769],[73.8043745,18.4978224],[73.804388,18.4980583],[73.80444,18.4985846],[73.8044633,18.4989912],[73.804475,18.4991712]]}},
{"type":"Feature","properties":{"osm_id":"22841843","code":5115,"fclass":"tertiary","name":"Dhondiba Bhiva Sutar Path","ref":"","oneway":"B","maxspeed":0,"layer":0,"bridge":"F","tunnel":"F"},"geometry":{"type":"LineString","coordinates":[[73.8076095,18.5040799],[73.8077739,18.50407]]}},
{"type":"Feature","properties":{"osm_id":"22841844","code":5115,"fclass":"tertiary","name":"G. A. Kulkarni Path","ref":"","oneway":"B","maxspeed":0,"layer":0,"bridge":"F","tunnel":"F"},"geometry":{"type":"LineString","coordinates":[[73.823576,18.4977715],[73.8234978,18.4978945]]}},
{"type":"Feature","properties":{"osm_id":"22841847","code":5113,"fclass":"primary","name":"","ref":"SH59","oneway":"B","maxspeed":0,"layer":0,"bridge":"F","tunnel":"F"},"geometry":{"type":"LineString","coordinates":[[73.7504503,18.4388686],[73.7513531,18.43858],[73.7520991,18.4384081],[73.7524384,18.4383369],[73.7527174,18.4382974],[73.7527824,18.4382853],[73.7533417,18.4381575],[73.7537688,18.4380143],[73.7538211,18.4379946],[73.7540437,18.4378814],[73.7540933,18.4378509],[73.7543736,18.4376161],[73.7546063,18.4374132],[73.7546861,18.4373451],[73.7549007,18.4371428],[73.7555719,18.4365423],[73.7556001,18.4365245],[73.755818,18.436424],[73.7558609,18.4364107],[73.7559085,18.4364011],[73.7561828,18.4363763],[73.7564959,18.4363553],[73.7565576,18.4363496],[73.7569083,18.4363203],[73.7569586,18.4363235],[73.757147,18.4363719],[73.7572047,18.4363954],[73.7582749,18.4369476],[73.7583111,18.4369717],[73.7585532,18.4371918],[73.758574,18.4372198],[73.7585894,18.4372523],[73.7589019,18.437861],[73.7589173,18.4378986],[73.7590038,18.4381505],[73.7590145,18.4381855],[73.7590611,18.4384921],[73.7590648,18.4386015],[73.7590568,18.4386982],[73.7589227,18.4392758],[73.7589052,18.4393687],[73.7588809,18.4398275],[73.7589052,18.4404513],[73.7589401,18.4405735],[73.7589991,18.4406727],[73.7591064,18.4408101],[73.7596819,18.4413218],[73.7598793,18.4416312],[73.7599057,18.4418025],[73.7598964,18.4418755],[73.7598118,18.442207],[73.7597877,18.4423075],[73.7597823,18.4425467],[73.7598106,18.4428607],[73.7598427,18.4429589],[73.7602054,18.4439029],[73.760536,18.4448507],[73.7605923,18.444955],[73.760646,18.4450365],[73.7610242,18.4454665],[73.7611154,18.4455581],[73.7612602,18.4456853],[73.7613192,18.4457667],[73.761346,18.4458507],[73.7614641,18.4468608],[73.7615231,18.4471636],[73.7616143,18.4475885],[73.7616438,18.4476661],[73.7616853,18.4477666],[73.7617993,18.4479638],[73.7618825,18.4481266],[73.7620273,18.4482984]]}},
{"type":"Feature","properties":{"osm_id":"22841849","code":5113,"fclass":"primary","name":"Sinhagad Road","ref":"","oneway":"B","maxspeed":0,"layer":0,"bridge":"F","tunnel":"F"},"geometry":{"type":"LineString","coordinates":[[73.8000706,18.4566224],[73.7998697,18.4565577],[73.7997197,18.4565093],[73.7996235,18.4564783],[73.7994548,18.4564116],[73.7993486,18.4563591],[73.7992256,18.4562883],[73.7991331,18.4562332],[73.7990071,18.4561581],[73.7986846,18.455966],[73.7985671,18.455896],[73.7981789,18.4556648],[73.7973173,18.4551515],[73.7969903,18.4549567],[73.796946,18.454936],[73.7965976,18.4547293],[73.7964817,18.4546606]]}},
{"type":"Feature","properties":{"osm_id":"22841858","code":5114,"fclass":"secondary","name":"Balbhim Mokate Path","ref":"","oneway":"F","maxspeed":0,"layer":0,"bridge":"F","tunnel":"F"},"geometry":{"type":"LineString","coordinates":[[73.8154312,18.5019524],[73.815329,18.5020396],[73.8152117,18.5020615],[73.8152001,18.5020629],[73.8150964,18.5020757],[73.8150449,18.502082],[73.8144844,18.5020686],[73.8144112,18.5021063]]}},
{"type":"Feature","properties":{"osm_id":"22841861","code":5115,"fclass":"tertiary","name":"","ref":"","oneway":"B","maxspeed":0,"layer":0,"bridge":"F","tunnel":"F"},"geometry":{"type":"LineString","coordinates":[[73.8076095,18.5040799],[73.8073536,18.5041089],[73.8069035,18.50416],[73.8060502,18.5042006],[73.8054773,18.5042278],[73.8039771,18.5043491],[73.8036755,18.5043767]]}},
{"type":"Feature","properties":{"osm_id":"22841871","code":5122,"fclass":"residential","name":"","ref":"","oneway":"B","maxspeed":0,"layer":0,"bridge":"F","tunnel":"F"},"geometry":{"type":"LineString","coordinates":[[73.8096945,18.4453719],[73.8096949,18.4452994],[73.8097791,18.4450392],[73.8098233,18.4449608],[73.8099207,18.4447517],[73.8100179,18.4445697],[73.8101281,18.4443633],[73.8102791,18.4442137],[73.81037,18.4441835],[73.810408,18.4441368],[73.8104821,18.4440194],[73.8105114,18.443973],[73.8105939,18.4438793],[73.810674,18.4437523],[73.810861,18.4432807],[73.8109339,18.4430968],[73.8111468,18.4425484]]}},
{"type":"Feature","properties":{"osm_id":"22841875","code":5113,"fclass":"primary","name":"","ref":"SH59","oneway":"B","maxspeed":0,"layer":0,"bridge":"F","tunnel":"F"},"geometry":{"type":"LineString","coordinates":[[73.7495102,18.4391532],[73.7496113,18.439104],[73.7498095,18.4390076],[73.7498607,18.4389892],[73.7504503,18.4388686]]}},
{"type":"Feature","properties":{"osm_id":"22841877","code":5114,"fclass":"secondary","name":"Dhayari Road","ref":"","oneway":"B","maxspeed":0,"layer":0,"bridge":"F","tunnel":"F"},"geometry":{"type":"LineString","coordinates":[[73.8101045,18.4468605],[73.8100447,18.4466458],[73.8100275,18.4465838],[73.809981,18.4464171],[73.8098814,18.446154],[73.8098517,18.4460949],[73.8097929,18.4459276],[73.8097633,18.445849],[73.8097384,18.4457034],[73.8096945,18.4453719]]}},
{"type":"Feature","properties":{"osm_id":"22841891","code":5115,"fclass":"tertiary","name":"","ref":"","oneway":"B","maxspeed":0,"layer":0,"bridge":"F","tunnel":"F"},"geometry":{"type":"LineString","coordinates":[[73.8036755,18.5043767],[73.8036977,18.5049907],[73.8035825,18.505067],[73.8030271,18.5053779],[73.802539,18.5056511]]}},
{"type":"Feature","properties":{"osm_id":"22841892","code":5115,"fclass":"tertiary","name":"Nanasaheb Dharmadhikari Path","ref":"","oneway":"B","maxspeed":0,"layer":0,"bridge":"F","tunnel":"F"},"geometry":{"type":"LineString","coordinates":[[73.8019889,18.5027236],[73.8020235,18.5029711],[73.8020879,18.5033217],[73.8021188,18.5034897],[73.8021993,18.5038064],[73.8023226,18.5043037],[73.8023371,18.5044628],[73.8023977,18.5049955],[73.8024332,18.5051602],[73.802539,18.5056511]]}},
{"type":"Feature","properties":{"osm_id":"22841893","code":5114,"fclass":"secondary","name":"ITI Road","ref":"","oneway":"F","maxspeed":30,"layer":0,"bridge":"F","tunnel":"F"},"geometry":{"type":"LineString","coordinates":[[73.8094698,18.5500876],[73.8094906,18.5501437],[73.8095159,18.5503925],[73.8095119,18.5508229],[73.8095034,18.5517273],[73.809501,18.551989],[73.8094993,18.5521661],[73.8094944,18.5526926],[73.8094834,18.5532078],[73.8094832,18.5532963],[73.8094375,18.5537264],[73.8093766,18.5541136],[73.809365,18.5542546],[73.8093402,18.5545554],[73.8092728,18.5548592],[73.8092469,18.5551432],[73.8092453,18.5551611],[73.8091986,18.5553786],[73.8091652,18.55574],[73.8091554,18.5560086],[73.8091498,18.5561616],[73.8091427,18.5566027],[73.8091422,18.5566317],[73.8090738,18.5573428],[73.8090643,18.5574601],[73.8090481,18.5576503],[73.8090455,18.5578953],[73.8090358,18.5587997],[73.8090348,18.5588953],[73.809031,18.5592494],[73.8090298,18.5593615],[73.8090472,18.5597813],[73.8090516,18.5598315],[73.809055,18.5598713],[73.8090869,18.5600928],[73.8091061,18.5602378],[73.8091174,18.560304],[73.8091383,18.5604276],[73.8091597,18.5605538]]}},
{"type":"Feature","properties":{"osm_id":"22841894","code":5114,"fclass":"secondary","name":"Pashan-Sus Road","ref":"","oneway":"B","maxspeed":0,"layer":0,"bridge":"F","tunnel":"F"},"geometry":{"type":"LineString","coordinates":[[73.7939186,18.5375432],[73.7939219,18.5376073],[73.7938851,18.5380429],[73.7938761,18.538202],[73.7938662,18.5383784],[73.7938679,18.5385208],[73.793872,18.5388626],[73.7938964,18.5394431],[73.7938996,18.5395721],[73.7939096,18.5399779],[73.7939028,18.540032],[73.7938792,18.5401127],[73.7938389,18.5401992],[73.7937992,18.5402657]]}},
{"type":"Feature","properties":{"osm_id":"22841898","code":5122,"fclass":"residential","name":"Ramnagar-Highway Link Road","ref":"","oneway":"B","maxspeed":0,"layer":0,"bridge":"F","tunnel":"F"},"geometry":{"type":"LineString","coordinates":[[73.7785436,18.5277119],[73.7784741,18.5277578],[73.7784334,18.5277847],[73.7779008,18.5281428]]}},
{"type":"Feature","properties":{"osm_id":"22841899","code":5141,"fclass":"service","name":"Sindh Socity Road","ref":"","oneway":"B","maxspeed":0,"layer":0,"bridge":"F","tunnel":"F"},"geometry":{"type":"LineString","coordinates":[[73.8146529,18.5519812],[73.8147735,18.5519191],[73.814883,18.5518019],[73.8150213,18.5516064],[73.8151167,18.551389],[73.8151657,18.5511582],[73.815166,18.5510238],[73.8151662,18.5509228],[73.8151184,18.5506917],[73.8150241,18.5504739],[73.8148868,18.5502778],[73.8146987,18.5500982],[73.8146174,18.5500705]]}},
{"type":"Feature","properties":{"osm_id":"22841900","code":5141,"fclass":"service","name":"Sindh Socity Road","ref":"","oneway":"B","maxspeed":0,"layer":0,"bridge":"F","tunnel":"F"},"geometry":{"type":"LineString","coordinates":[[73.8146174,18.5500705],[73.8145297,18.5501085],[73.8143584,18.5503282],[73.8142438,18.5505589],[73.8142231,18.5506387],[73.8141788,18.5508064],[73.8141678,18.5510248],[73.814166,18.5510612],[73.8142059,18.5513134],[73.814297,18.5515534],[73.8144357,18.5517721],[73.8145836,18.5519213],[73.8146529,18.5519812]]}},
{"type":"Feature","properties":{"osm_id":"22841905","code":5115,"fclass":"tertiary","name":"","ref":"","oneway":"B","maxspeed":30,"layer":0,"bridge":"F","tunnel":"F"},"geometry":{"type":"LineString","coordinates":[[73.8150169,18.4931378],[73.8151484,18.4931743],[73.8152778,18.4931999],[73.8153229,18.4932088],[73.8156281,18.4932919],[73.8156563,18.4932996],[73.8161691,18.4934392],[73.8163999,18.493502],[73.8173003,18.4937471],[73.8175864,18.493825],[73.8176813,18.4938725],[73.8178087,18.4939362],[73.817896,18.4940798],[73.8179471,18.4942576],[73.8179954,18.4943309],[73.8180604,18.4944012]]}},
{"type":"Feature","properties":{"osm_id":"22841907","code":5122,"fclass":"residential","name":"Nilgiri Lane","ref":"","oneway":"B","maxspeed":0,"layer":0,"bridge":"F","tunnel":"F"},"geometry":{"type":"LineString","coordinates":[[73.8164877,18.5473367],[73.816521,18.5479397],[73.8165218,18.5479812],[73.8165482,18.5492773],[73.8165575,18.5497485],[73.8165588,18.5498135],[73.8165623,18.5499897],[73.816575,18.5506304]]}},
{"type":"Feature","properties":{"osm_id":"22841909","code":5114,"fclass":"secondary","name":"Sutarwadi Road","ref":"","oneway":"F","maxspeed":0,"layer":0,"bridge":"F","tunnel":"F"},"geometry":{"type":"LineString","coordinates":[[73.7962458,18.5377328],[73.795794,18.537617],[73.7957281,18.5375948],[73.7945134,18.5372206],[73.7942554,18.537136]]}},
{"type":"Feature","properties":{"osm_id":"22841911","code":5141,"fclass":"service","name":"","ref":"","oneway":"B","maxspeed":0,"layer":0,"bridge":"F","tunnel":"F"},"geometry":{"type":"LineString","coordinates":[[73.8134567,18.5440861],[73.8120178,18.5440659],[73.8117484,18.5440621],[73.8105064,18.5440447],[73.8093738,18.544033]]}},
{"type":"Feature","properties":{"osm_id":"22841913","code":5141,"fclass":"service","name":"Sindh Socity Road","ref":"","oneway":"B","maxspeed":0,"layer":0,"bridge":"F","tunnel":"F"},"geometry":{"type":"LineString","coordinates":[[73.8146529,18.5519812],[73.814673,18.5532748]]}},
{"type":"Feature","properties":{"osm_id":"22841924","code":5112,"fclass":"trunk","name":"Katraj - Dehu Road Bypass","ref":"NH48","oneway":"F","maxspeed":80,"layer":1,"bridge":"T","tunnel":"F"},"geometry":{"type":"LineString","coordinates":[[73.8182143,18.4646847],[73.8155394,18.4676632],[73.8129304,18.4705922]]}},
{"type":"Feature","properties":{"osm_id":"22948461","code":5113,"fclass":"primary","name":"Narveer Tanaji Malusare Marg (Sinhagad Road)","ref":"","oneway":"F","maxspeed":0,"layer":0,"bridge":"F","tunnel":"F"},"geometry":{"type":"LineString","coordinates":[[73.8127063,18.4610471],[73.8127528,18.4610712],[73.8128571,18.4611253],[73.8129166,18.4611562],[73.8133109,18.4613805],[73.8135001,18.4614881],[73.8135178,18.4615],[73.8136555,18.4615927],[73.8137442,18.4616576],[73.8138102,18.4617059],[73.8139608,18.4618395],[73.8141441,18.462002],[73.8142655,18.4621097],[73.8145189,18.4623345],[73.8146491,18.4624097]]}},
{"type":"Feature","properties":{"osm_id":"22948481","code":5122,"fclass":"residential","name":"Sinhagad Road","ref":"","oneway":"B","maxspeed":0,"layer":1,"bridge":"T","tunnel":"F"},"geometry":{"type":"LineString","coordinates":[[73.8108239,18.459418],[73.8110823,18.459385]]}},
{"type":"Feature","properties":{"osm_id":"22948482","code":5113,"fclass":"primary","name":"Narveer Tanaji Malusare Marg (Sinhagad Road)","ref":"","oneway":"F","maxspeed":0,"layer":0,"bridge":"F","tunnel":"F"},"geometry":{"type":"LineString","coordinates":[[73.8127554,18.4608621],[73.8127048,18.4608229],[73.8119919,18.46027],[73.8118935,18.4601839],[73.8117686,18.4600724]]}},
{"type":"Feature","properties":{"osm_id":"22950611","code":5122,"fclass":"residential","name":"Lane Number 3","ref":"","oneway":"B","maxspeed":0,"layer":0,"bridge":"F","tunnel":"F"},"geometry":{"type":"LineString","coordinates":[[73.8085998,18.5064408],[73.8092853,18.506165],[73.8097726,18.5059689],[73.8099587,18.505894],[73.8100942,18.5058395],[73.8102865,18.5057621],[73.8104268,18.5057057]]}},
{"type":"Feature","properties":{"osm_id":"22950635","code":5112,"fclass":"trunk","name":"Katraj - Dehu Road Bypass","ref":"NH48","oneway":"F","maxspeed":80,"layer":0,"bridge":"F","tunnel":"F"},"geometry":{"type":"LineString","coordinates":[[73.786961,18.5073268],[73.7864911,18.5072887],[73.785805,18.507233],[73.7857,18.5072193],[73.7856155,18.5072158],[73.7854573,18.5072098],[73.7850406,18.5071959],[73.7845781,18.5071847],[73.7840269,18.5072039],[73.7838093,18.5072076],[73.7833771,18.5072444],[73.7828579,18.5073393],[73.7827914,18.5073541],[73.7827362,18.5073664],[73.7825462,18.5074079],[73.7823513,18.5074535],[73.7822517,18.5074757]]}},
{"type":"Feature","properties":{"osm_id":"22950636","code":5112,"fclass":"trunk","name":"Katraj - Dehu Road Bypass","ref":"NH48","oneway":"F","maxspeed":80,"layer":0,"bridge":"F","tunnel":"F"},"geometry":{"type":"LineString","coordinates":[[73.7918735,18.4898925],[73.7911965,18.4903641],[73.7908208,18.490606],[73.7901422,18.4910944],[73.789834,18.4913714],[73.7895991,18.4916528],[73.7894641,18.4918443]]}},
{"type":"Feature","properties":{"osm_id":"22964772","code":5141,"fclass":"service","name":"","ref":"","oneway":"B","maxspeed":0,"layer":0,"bridge":"F","tunnel":"F"},"geometry":{"type":"LineString","coordinates":[[73.8093738,18.544033],[73.8093719,18.544609],[73.809349,18.5451512],[73.8093287,18.5456429],[73.8093174,18.5459188],[73.8093048,18.5462245],[73.8092969,18.5464157],[73.8092813,18.546794],[73.809265,18.5471883],[73.8092523,18.5474981],[73.8092239,18.5481861],[73.8092274,18.5485636],[73.8094638,18.5495453],[73.8095379,18.549808]]}},
{"type":"Feature","properties":{"osm_id":"22965669","code":5141,"fclass":"service","name":"","ref":"","oneway":"B","maxspeed":0,"layer":0,"bridge":"F","tunnel":"F"},"geometry":{"type":"LineString","coordinates":[[73.7715732,18.4735201],[73.7716485,18.4734715],[73.773052,18.4726434],[73.7746525,18.4716943],[73.7751911,18.4715644],[73.7756956,18.4714798]]}},
{"type":"Feature","properties":{"osm_id":"22965815","code":5115,"fclass":"tertiary","name":"","ref":"","oneway":"B","maxspeed":0,"layer":0,"bridge":"F","tunnel":"F"},"geometry":{"type":"LineString","coordinates":[[73.7735877,18.4645822],[73.7734004,18.4646084],[73.7731589,18.4646421]]}},
{"type":"Feature","properties":{"osm_id":"22965817","code":5141,"fclass":"service","name":"","ref":"","oneway":"B","maxspeed":0,"layer":0,"bridge":"F","tunnel":"F"},"geometry":{"type":"LineString","coordinates":[[73.7688628,18.4708777],[73.7689593,18.4708099],[73.7690959,18.4707037],[73.7696933,18.4702941],[73.7700877,18.4700179],[73.7712903,18.4691965]]}},
{"type":"Feature","properties":{"osm_id":"22965820","code":5141,"fclass":"service","name":"","ref":"","oneway":"B","maxspeed":0,"layer":0,"bridge":"F","tunnel":"F"},"geometry":{"type":"LineString","coordinates":[[73.7722618,18.4696133],[73.7719764,18.4692277],[73.7714822,18.4685934],[73.7711958,18.468196],[73.770951,18.467865],[73.770951,18.4677846],[73.7709779,18.4677413]]}},
{"type":"Feature","properties":{"osm_id":"22965822","code":5141,"fclass":"service","name":"","ref":"","oneway":"B","maxspeed":0,"layer":0,"bridge":"F","tunnel":"F"},"geometry":{"type":"LineString","coordinates":[[73.7719764,18.4692277],[73.771812,18.4693352],[73.7717316,18.469339],[73.7715948,18.4693339],[73.7715425,18.4693148],[73.7712903,18.4691965],[73.7712622,18.469124],[73.7712528,18.4690681],[73.7712635,18.4688238],[73.771285,18.4687628],[73.7713498,18.4686782],[73.7714822,18.4685934]]}},
{"type":"Feature","properties":{"osm_id":"22965832","code":5141,"fclass":"service","name":"","ref":"","oneway":"B","maxspeed":0,"layer":0,"bridge":"F","tunnel":"F"},"geometry":{"type":"LineString","coordinates":[[73.7696933,18.4702941],[73.7697031,18.4701883],[73.7699472,18.4680718],[73.7700658,18.4668121],[73.7701139,18.466362],[73.770028,18.4658084],[73.7697414,18.4654287],[73.7695442,18.4653295],[73.769457,18.4652863],[73.7692586,18.4652328],[73.7691338,18.4652163],[73.7689219,18.465215],[73.7688334,18.4652303],[73.7685572,18.4653117],[73.7682997,18.4654847],[73.7679365,18.4658304],[73.7669903,18.4667541],[73.7667061,18.467037],[73.7660026,18.4677239],[73.7659591,18.4677522]]}},
{"type":"Feature","properties":{"osm_id":"22972725","code":5115,"fclass":"tertiary","name":"Narsimha Chintaman Kelkar Marg","ref":"","oneway":"B","maxspeed":0,"layer":0,"bridge":"F","tunnel":"F"},"geometry":{"type":"LineString","coordinates":[[73.8447087,18.5138185],[73.8451957,18.5143544],[73.8455485,18.5147426],[73.8460238,18.5153025],[73.8461386,18.5154313],[73.8463563,18.5156222],[73.8463906,18.5156485],[73.8464374,18.5156845],[73.8467218,18.5157742],[73.8468129,18.5158043],[73.8469055,18.5158393],[73.8469972,18.515874],[73.8472835,18.5159663],[73.8475116,18.5160293],[73.8477955,18.516113],[73.8479629,18.5161515]]}},
{"type":"Feature","properties":{"osm_id":"22973127","code":5114,"fclass":"secondary","name":"Mula Road","ref":"","oneway":"F","maxspeed":30,"layer":0,"bridge":"F","tunnel":"F"},"geometry":{"type":"LineString","coordinates":[[73.8525828,18.5457485],[73.8527869,18.5460613],[73.8534493,18.5470764],[73.8538899,18.5477517],[73.8540683,18.5480461],[73.8547826,18.5492251]]}},
{"type":"Feature","properties":{"osm_id":"22973589","code":5141,"fclass":"service","name":"","ref":"","oneway":"B","maxspeed":0,"layer":0,"bridge":"F","tunnel":"F"},"geometry":{"type":"LineString","coordinates":[[73.8458642,18.5362874],[73.8453618,18.5362963],[73.8446621,18.5363005],[73.8435956,18.5362242],[73.8434148,18.5361676],[73.8427285,18.5359528],[73.842305,18.5358203],[73.8406915,18.535191],[73.8401258,18.5348678],[73.8400503,18.5348246]]}},
{"type":"Feature","properties":{"osm_id":"22974906","code":5112,"fclass":"trunk","name":"Balaji Vishwanath Path","ref":"NH60;NH65","oneway":"F","maxspeed":0,"layer":0,"bridge":"F","tunnel":"F"},"geometry":{"type":"LineString","coordinates":[[73.8538607,18.5014307],[73.8538037,18.5022215],[73.853789,18.5023245],[73.8537808,18.5025223],[73.8538229,18.5026015]]}},
{"type":"Feature","properties":{"osm_id":"22974907","code":5112,"fclass":"trunk","name":"Balaji Vishwanath Path","ref":"NH60;NH65","oneway":"F","maxspeed":0,"layer":0,"bridge":"F","tunnel":"F"},"geometry":{"type":"LineString","coordinates":[[73.8557223,18.5010896],[73.8554245,18.5011534],[73.8549411,18.5012511],[73.8546524,18.5013094]]}},
{"type":"Feature","properties":{"osm_id":"22975243","code":5113,"fclass":"primary","name":"Kondhwa Main Road","ref":"","oneway":"F","maxspeed":0,"layer":0,"bridge":"F","tunnel":"F"},"geometry":{"type":"LineString","coordinates":[[73.8904316,18.4616105],[73.8904538,18.461524],[73.8904708,18.4614524],[73.89055,18.461111],[73.8905843,18.4609628],[73.8906927,18.460418],[73.8908077,18.4599537],[73.8908997,18.4595331],[73.8908899,18.4589858],[73.890879,18.4585105],[73.8908545,18.4580015],[73.8908523,18.4579469],[73.8908501,18.4577977],[73.8908416,18.4572096],[73.8908389,18.4570229],[73.8908311,18.4568354],[73.8907633,18.4552008],[73.8907499,18.4548628],[73.8907261,18.4542632],[73.8907366,18.4540416],[73.8907439,18.4538995],[73.8907717,18.4537613],[73.8908468,18.4535148],[73.8910535,18.4528514],[73.8911288,18.4526095],[73.8912226,18.4523145]]}},
{"type":"Feature","properties":{"osm_id":"22975244","code":5112,"fclass":"trunk","name":"Jagannath Shankarsheth Marg","ref":"NH65","oneway":"B","maxspeed":0,"layer":1,"bridge":"T","tunnel":"F"},"geometry":{"type":"LineString","coordinates":[[73.8765353,18.5023046],[73.876457,18.5022856],[73.876254,18.5022376],[73.8762137,18.5022281]]}},
{"type":"Feature","properties":{"osm_id":"22975245","code":5112,"fclass":"trunk","name":"Jagannath Shankarsheth Marg","ref":"NH65","oneway":"F","maxspeed":0,"layer":0,"bridge":"F","tunnel":"F"},"geometry":{"type":"LineString","coordinates":[[73.8750841,18.5020134],[73.8751788,18.5020363],[73.8752914,18.5020614],[73.8755191,18.5021145],[73.8760993,18.5022374],[73.8762137,18.5022281]]}},
{"type":"Feature","properties":{"osm_id":"22975372","code":5115,"fclass":"tertiary","name":"Wadgaon Bundruk - Narhe Road","ref":"","oneway":"B","maxspeed":0,"layer":0,"bridge":"F","tunnel":"F"},"geometry":{"type":"LineString","coordinates":[[73.8186372,18.4674836],[73.8188993,18.4673751],[73.8195797,18.4670966],[73.8197446,18.4670444],[73.82003,18.4670154],[73.8201901,18.4669991],[73.8204497,18.4670276],[73.820533,18.4670368],[73.821014,18.4671897],[73.8211641,18.4672375],[73.8215577,18.4673633],[73.8217089,18.4674111],[73.8219059,18.4674734],[73.8220139,18.4674856],[73.8221124,18.4674692],[73.8221735,18.4674437],[73.8222364,18.4674103],[73.822305,18.467374],[73.8223299,18.4673533],[73.8226534,18.4670843],[73.8230006,18.4667803]]}},
{"type":"Feature","properties":{"osm_id":"22975373","code":5115,"fclass":"tertiary","name":"","ref":"","oneway":"B","maxspeed":40,"layer":0,"bridge":"F","tunnel":"F"},"geometry":{"type":"LineString","coordinates":[[73.8297786,18.45144],[73.8296754,18.4515888],[73.8292972,18.4520539],[73.8289992,18.4524071],[73.8284732,18.4531126],[73.8283534,18.4532834],[73.8279664,18.4537485],[73.82781,18.4539364],[73.8276573,18.4541199],[73.8267197,18.4552468],[73.8266503,18.4553436],[73.8265205,18.4555245],[73.826452,18.4556372]]}},
{"type":"Feature","properties":{"osm_id":"22975586","code":5113,"fclass":"primary","name":"Aundh Ravet Road","ref":"","oneway":"F","maxspeed":0,"layer":0,"bridge":"F","tunnel":"F"},"geometry":{"type":"LineString","coordinates":[[73.8102627,18.5692939],[73.8099985,18.5692922],[73.8093563,18.5694307],[73.8092004,18.5694965],[73.8090862,18.5696047],[73.8089566,18.5697832],[73.8086604,18.5702401],[73.8085095,18.5704184],[73.8084493,18.5704558]]}},
{"type":"Feature","properties":{"osm_id":"22975746","code":5134,"fclass":"secondary_link","name":"","ref":"","oneway":"B","maxspeed":0,"layer":0,"bridge":"F","tunnel":"F"},"geometry":{"type":"LineString","coordinates":[[73.8711329,18.5244559],[73.8711034,18.5245674]]}},
{"type":"Feature","properties":{"osm_id":"22975752","code":5114,"fclass":"secondary","name":"Sadhu Vaswani Path","ref":"","oneway":"F","maxspeed":0,"layer":0,"bridge":"F","tunnel":"F"},"geometry":{"type":"LineString","coordinates":[[73.8766635,18.5249969],[73.876626,18.5252899],[73.8766003,18.5254899],[73.8765892,18.5255769],[73.8765353,18.5259975],[73.8765195,18.5261204],[73.8764819,18.5264137],[73.8764693,18.5265122],[73.87641,18.5269746],[73.8763374,18.5274583],[73.8762787,18.5277276]]}},
{"type":"Feature","properties":{"osm_id":"22975816","code":5122,"fclass":"residential","name":"Bootee Street","ref":"","oneway":"B","maxspeed":0,"layer":0,"bridge":"F","tunnel":"F"},"geometry":{"type":"LineString","coordinates":[[73.8788397,18.5175467],[73.8786418,18.5174878],[73.8785025,18.5174508],[73.8781391,18.5173177],[73.8778206,18.5172332],[73.877313,18.5170986],[73.8765802,18.516956],[73.8762343,18.5168887],[73.8760282,18.5168521],[73.8756576,18.5167864],[73.8752472,18.5167053],[73.8750527,18.5166527],[73.8748787,18.5166003],[73.8747272,18.5165799],[73.8746052,18.5165634],[73.8744243,18.516539],[73.874106,18.516496],[73.8740069,18.5164496]]}},
{"type":"Feature","properties":{"osm_id":"22975824","code":5122,"fclass":"residential","name":"Dastur Meher Road","ref":"","oneway":"B","maxspeed":0,"layer":0,"bridge":"F","tunnel":"F"},"geometry":{"type":"LineString","coordinates":[[73.8764038,18.5192438],[73.8763881,18.5191919],[73.8763985,18.5191393],[73.8764574,18.5190221],[73.8765025,18.5189412],[73.8766571,18.5186945],[73.876669,18.5186678],[73.8767459,18.518496],[73.8769975,18.5179339],[73.8770288,18.5178641],[73.8772059,18.5173872],[73.877313,18.5170986]]}},
{"type":"Feature","properties":{"osm_id":"22981400","code":5113,"fclass":"primary","name":"Babasaheb Ambedkar Marg","ref":"","oneway":"F","maxspeed":0,"layer":0,"bridge":"F","tunnel":"F"},"geometry":{"type":"LineString","coordinates":[[73.8634696,18.5279086],[73.8635141,18.5278067],[73.863544,18.5277707],[73.8635647,18.5277458],[73.8638308,18.5275223],[73.8640199,18.5273972],[73.8642553,18.5272844],[73.864765,18.5270136],[73.8649756,18.526901],[73.8655531,18.5265936],[73.8658455,18.5264379],[73.8659309,18.5263925],[73.8664868,18.5260966],[73.8673494,18.5256467]]}},
{"type":"Feature","properties":{"osm_id":"22981414","code":5114,"fclass":"secondary","name":"","ref":"","oneway":"F","maxspeed":0,"layer":0,"bridge":"F","tunnel":"F"},"geometry":{"type":"LineString","coordinates":[[73.8724453,18.5242508],[73.8721228,18.5243241],[73.8716998,18.5244012],[73.8712043,18.5244593],[73.8711329,18.5244559]]}},
{"type":"Feature","properties":{"osm_id":"22981431","code":5113,"fclass":"primary","name":"East Street","ref":"","oneway":"F","maxspeed":0,"layer":1,"bridge":"F","tunnel":"F"},"geometry":{"type":"LineString","coordinates":[[73.8791847,18.5069615],[73.8792186,18.5070951],[73.8792581,18.5073208],[73.8792747,18.5074146],[73.8793715,18.5079058],[73.8794052,18.5080478],[73.8795004,18.5084489],[73.879625,18.5089045],[73.8796794,18.5091037],[73.8798095,18.5095756],[73.8799839,18.5102078],[73.8799904,18.5102315],[73.8800324,18.5104071],[73.8800579,18.5105352],[73.8800665,18.5105786],[73.880067,18.510611],[73.8800682,18.5106827],[73.8800694,18.5107504],[73.8800418,18.5111084],[73.8799947,18.5117177],[73.8799678,18.5120659],[73.8799446,18.5123664],[73.8799316,18.5125345],[73.8798629,18.5134243],[73.8798974,18.5135454]]}},
{"type":"Feature","properties":{"osm_id":"23016142","code":5122,"fclass":"residential","name":"","ref":"","oneway":"B","maxspeed":0,"layer":0,"bridge":"F","tunnel":"F"},"geometry":{"type":"LineString","coordinates":[[73.8287796,18.5329732],[73.8280896,18.532982],[73.8274146,18.5329944],[73.8269623,18.5329998],[73.82692,18.5330007],[73.8262658,18.533013],[73.8258256,18.5330149],[73.8254656,18.5330059],[73.8253711,18.5329963],[73.8250988,18.5329863],[73.8250461,18.5329844]]}},
{"type":"Feature","properties":{"osm_id":"23016144","code":5122,"fclass":"residential","name":"","ref":"","oneway":"B","maxspeed":0,"layer":0,"bridge":"F","tunnel":"F"},"geometry":{"type":"LineString","coordinates":[[73.8274146,18.5329944],[73.8274255,18.5337013],[73.827422,18.5341704],[73.827412,18.5341964],[73.8273896,18.5342058],[73.8272824,18.5342082],[73.827255,18.5342177],[73.8272426,18.5342425],[73.8272641,18.534806],[73.8272753,18.5348251],[73.8272919,18.5348342]]}},
{"type":"Feature","properties":{"osm_id":"23016221","code":5113,"fclass":"primary","name":"Vishnushastri Chiplunkar Path","ref":"","oneway":"F","maxspeed":0,"layer":0,"bridge":"F","tunnel":"F"},"geometry":{"type":"LineString","coordinates":[[73.8295683,18.5107026],[73.8297623,18.5103532],[73.830073,18.5097935],[73.8303842,18.509236],[73.8304303,18.5091534],[73.8307778,18.5085308],[73.8308014,18.5084885]]}},
{"type":"Feature","properties":{"osm_id":"23016234","code":5115,"fclass":"tertiary","name":"Shivram Mhatre Path","ref":"","oneway":"B","maxspeed":0,"layer":0,"bridge":"F","tunnel":"F"},"geometry":{"type":"LineString","coordinates":[[73.8431556,18.5112421],[73.8430925,18.5112367],[73.842266,18.5111661],[73.8421828,18.5111629],[73.8421281,18.5111817],[73.8420571,18.5112238],[73.8420168,18.5112563]]}},
{"type":"Feature","properties":{"osm_id":"23016235","code":5114,"fclass":"secondary","name":"","ref":"","oneway":"B","maxspeed":0,"layer":0,"bridge":"F","tunnel":"F"},"geometry":{"type":"LineString","coordinates":[[73.8393898,18.5107362],[73.8392669,18.5108015],[73.8390249,18.5108559],[73.838933,18.5108765],[73.8382277,18.511035],[73.8378501,18.5111802],[73.8375271,18.5114021],[73.8374999,18.5114257]]}},
{"type":"Feature","properties":{"osm_id":"23016236","code":5115,"fclass":"tertiary","name":"Krushnahardas Path","ref":"","oneway":"B","maxspeed":0,"layer":0,"bridge":"F","tunnel":"F"},"geometry":{"type":"LineString","coordinates":[[73.8460962,18.5097971],[73.8451979,18.5097102],[73.8447599,18.5096678],[73.8440077,18.509595],[73.8436934,18.5095613],[73.8436096,18.5095523]]}},
{"type":"Feature","properties":{"osm_id":"23016237","code":5114,"fclass":"secondary","name":"S. M. Joshi Bridge","ref":"","oneway":"B","maxspeed":0,"layer":1,"bridge":"T","tunnel":"F"},"geometry":{"type":"LineString","coordinates":[[73.8406685,18.5094357],[73.840642,18.5094627],[73.8394879,18.5106364],[73.8393898,18.5107362]]}},
{"type":"Feature","properties":{"osm_id":"23016238","code":5115,"fclass":"tertiary","name":"Chavan Bridge","ref":"","oneway":"F","maxspeed":0,"layer":1,"bridge":"T","tunnel":"F"},"geometry":{"type":"LineString","coordinates":[[73.8419446,18.5112963],[73.8416515,18.5116453],[73.8412833,18.5120875],[73.8409857,18.5124481],[73.8407908,18.5127049]]}},
{"type":"Feature","properties":{"osm_id":"23016239","code":5115,"fclass":"tertiary","name":"Yashwantrao Chavan Bridge","ref":"","oneway":"F","maxspeed":0,"layer":0,"bridge":"F","tunnel":"F"},"geometry":{"type":"LineString","coordinates":[[73.8407908,18.5127049],[73.8405966,18.5130149],[73.8405641,18.5130809]]}},
{"type":"Feature","properties":{"osm_id":"23016269","code":5112,"fclass":"trunk","name":"Katraj - Dehu Road Bypass","ref":"NH48","oneway":"F","maxspeed":80,"layer":1,"bridge":"T","tunnel":"F"},"geometry":{"type":"LineString","coordinates":[[73.8098055,18.4740963],[73.8088302,18.4751868]]}},
{"type":"Feature","properties":{"osm_id":"23016491","code":5112,"fclass":"trunk","name":"Satara Road","ref":"NH60","oneway":"F","maxspeed":60,"layer":1,"bridge":"T","tunnel":"F"},"geometry":{"type":"LineString","coordinates":[[73.8580156,18.4980916],[73.8580563,18.4983432]]}},
{"type":"Feature","properties":{"osm_id":"23016492","code":5112,"fclass":"trunk","name":"Satara Road","ref":"NH60","oneway":"F","maxspeed":60,"layer":0,"bridge":"F","tunnel":"F"},"geometry":{"type":"LineString","coordinates":[[73.8581094,18.4987356],[73.8581724,18.4990714],[73.8583186,18.4999375],[73.8583428,18.5000596],[73.8583763,18.5002236],[73.8583949,18.5003118],[73.8584273,18.5004653]]}},
{"type":"Feature","properties":{"osm_id":"23016501","code":5114,"fclass":"secondary","name":"Swami Vivekanand Marg","ref":"","oneway":"F","maxspeed":0,"layer":0,"bridge":"F","tunnel":"F"},"geometry":{"type":"LineString","coordinates":[[73.8577575,18.4870207],[73.8578409,18.4869636],[73.8579607,18.4868272],[73.8580218,18.4867446],[73.8580678,18.486678],[73.8582912,18.4864051],[73.8588251,18.4857277],[73.8589556,18.4855621],[73.8594806,18.484896],[73.8595035,18.4848561],[73.8595498,18.4847753],[73.8595974,18.4846192],[73.8596257,18.4844531],[73.8596703,18.4842756],[73.8596889,18.4842018],[73.8597393,18.4840333],[73.8598163,18.4838646],[73.8598337,18.4838453],[73.8599554,18.483602],[73.8600989,18.4833252],[73.8603325,18.4828785],[73.8605231,18.4824968],[73.8605477,18.4824581],[73.8606907,18.4822175],[73.8609138,18.481842],[73.8609767,18.4817249],[73.8610421,18.4816034]]}},
{"type":"Feature","properties":{"osm_id":"23016589","code":5115,"fclass":"tertiary","name":"Holkar Bridge","ref":"","oneway":"B","maxspeed":50,"layer":1,"bridge":"T","tunnel":"F"},"geometry":{"type":"LineString","coordinates":[[73.8638104,18.5538995],[73.8633508,18.5551525]]}},
{"type":"Feature","properties":{"osm_id":"23016601","code":5141,"fclass":"service","name":"","ref":"","oneway":"B","maxspeed":0,"layer":0,"bridge":"F","tunnel":"F"},"geometry":{"type":"LineString","coordinates":[[73.8638963,18.5455732],[73.8645272,18.5461692],[73.8649322,18.5465517],[73.8652098,18.5468113],[73.8657987,18.5473618],[73.8660392,18.5475867]]}},
{"type":"Feature","properties":{"osm_id":"23017403","code":5122,"fclass":"residential","name":"","ref":"","oneway":"B","maxspeed":0,"layer":0,"bridge":"F","tunnel":"F"},"geometry":{"type":"LineString","coordinates":[[73.8725406,18.5068912],[73.8727985,18.5069516],[73.8730257,18.5069488],[73.8736605,18.5068634],[73.8737033,18.5068719],[73.8737287,18.5068996],[73.8737562,18.5069513],[73.8737789,18.5069675],[73.8738125,18.5069719],[73.8742303,18.5068843],[73.8742862,18.5068688],[73.8743408,18.5068406],[73.8743969,18.506812],[73.8748327,18.5065357]]}},
{"type":"Feature","properties":{"osm_id":"23017414","code":5112,"fclass":"trunk","name":"Castellino Marg","ref":"NH65","oneway":"F","maxspeed":0,"layer":1,"bridge":"T","tunnel":"F"},"geometry":{"type":"LineString","coordinates":[[73.8784568,18.5052897],[73.8784597,18.5053807],[73.8784612,18.5054298],[73.8784623,18.5055116]]}},
{"type":"Feature","properties":{"osm_id":"23017437","code":5115,"fclass":"tertiary","name":"Kahun Road","ref":"","oneway":"F","maxspeed":0,"layer":0,"bridge":"F","tunnel":"F"},"geometry":{"type":"LineString","coordinates":[[73.8833072,18.5184506],[73.8833087,18.5183432],[73.883316,18.5181527],[73.8833307,18.5179024],[73.8833507,18.5175635],[73.8834152,18.5167388],[73.8834226,18.5165336],[73.8834886,18.5156654],[73.8835294,18.5149396],[73.8835794,18.5144453]]}},
{"type":"Feature","properties":{"osm_id":"23017478","code":5115,"fclass":"tertiary","name":"Pulgate PMPML Bus Stand Road","ref":"","oneway":"F","maxspeed":0,"layer":0,"bridge":"F","tunnel":"F"},"geometry":{"type":"LineString","coordinates":[[73.8817031,18.5065575],[73.8819209,18.5059923],[73.8819653,18.5058771],[73.8820131,18.5057531],[73.8820785,18.5055418],[73.8822032,18.5051619],[73.8822856,18.5049443]]}},
{"type":"Feature","properties":{"osm_id":"23017496","code":5122,"fclass":"residential","name":"Mahatma Gandhi Marg","ref":"","oneway":"F","maxspeed":0,"layer":0,"bridge":"F","tunnel":"F"},"geometry":{"type":"LineString","coordinates":[[73.879989,18.5202733],[73.8799577,18.5201974],[73.8796048,18.5193377],[73.8795577,18.5192228],[73.8793361,18.5186829],[73.8792485,18.5184694]]}},
{"type":"Feature","properties":{"osm_id":"23017889","code":5113,"fclass":"primary","name":"Vishrantwadi - Airport Road","ref":"","oneway":"F","maxspeed":0,"layer":0,"bridge":"F","tunnel":"F"},"geometry":{"type":"LineString","coordinates":[[73.8933726,18.5744876],[73.8942663,18.5746144],[73.894791,18.5746888],[73.8951431,18.5747387],[73.8957063,18.5748179],[73.8967752,18.5749679],[73.8970635,18.5750084],[73.897172,18.5750281],[73.8974729,18.5750827],[73.8978449,18.5751617],[73.8980097,18.5751962],[73.8988514,18.5753724],[73.8990939,18.5754232],[73.8991791,18.5754314],[73.8992553,18.5754071]]}},
{"type":"Feature","properties":{"osm_id":"23017935","code":5141,"fclass":"service","name":"","ref":"","oneway":"B","maxspeed":0,"layer":0,"bridge":"F","tunnel":"F"},"geometry":{"type":"LineString","coordinates":[[73.9125341,18.5806897],[73.9123679,18.5795872],[73.9123782,18.5795337],[73.9124152,18.5794853],[73.9124701,18.5794424],[73.9125306,18.5794291],[73.9127558,18.5793997],[73.9134884,18.5790843],[73.9140475,18.5790838],[73.9142066,18.5790836],[73.9143596,18.5791361],[73.9180916,18.5787693],[73.9182677,18.578752],[73.9185757,18.5787217],[73.9190997,18.5786702],[73.9192954,18.578651],[73.9193309,18.5769926],[73.9193541,18.5769247],[73.9193959,18.576847],[73.919427,18.576814],[73.9194743,18.5767852],[73.9195364,18.5767819],[73.9199311,18.5767804],[73.9211357,18.576776],[73.9214077,18.576775],[73.9215223,18.5767746],[73.9215919,18.5767644],[73.9222093,18.5765775],[73.9222959,18.5765389],[73.9226249,18.5763034],[73.9228278,18.5761611],[73.9233871,18.5757687],[73.9234201,18.575734],[73.9234394,18.5757063],[73.9234496,18.5756727]]}},
{"type":"Feature","properties":{"osm_id":"23017951","code":5113,"fclass":"primary","name":"Lohgaon Road","ref":"","oneway":"B","maxspeed":0,"layer":0,"bridge":"F","tunnel":"F"},"geometry":{"type":"LineString","coordinates":[[73.9037285,18.5789862],[73.9037028,18.5790719]]}},
{"type":"Feature","properties":{"osm_id":"23017977","code":5141,"fclass":"service","name":"","ref":"","oneway":"B","maxspeed":0,"layer":0,"bridge":"F","tunnel":"F"},"geometry":{"type":"LineString","coordinates":[[73.9277573,18.575721],[73.9275356,18.575637]]}},
{"type":"Feature","properties":{"osm_id":"23026419","code":5113,"fclass":"primary","name":"Kondhwa Marg","ref":"","oneway":"F","maxspeed":50,"layer":0,"bridge":"F","tunnel":"F"},"geometry":{"type":"LineString","coordinates":[[73.8788398,18.5025748],[73.8789925,18.5020875],[73.8790347,18.5019509],[73.8790725,18.5018456],[73.8792003,18.5014897],[73.8792936,18.50123],[73.8795833,18.5004232],[73.8796656,18.5001793],[73.879767,18.4998789],[73.8798646,18.4996163],[73.8799505,18.4993853],[73.8801027,18.4990035],[73.8801593,18.498907],[73.8802381,18.4988015],[73.8806169,18.498467],[73.880718,18.4983497],[73.8808218,18.4982292],[73.8810801,18.4977983],[73.8813098,18.4974556],[73.8816222,18.4969895],[73.8819347,18.4965234],[73.8820484,18.496349],[73.8820725,18.496312],[73.8823215,18.4960212],[73.8827242,18.4956074],[73.883123,18.4951828],[73.8838993,18.4942561]]}},
{"type":"Feature","properties":{"osm_id":"23026461","code":5122,"fclass":"residential","name":"","ref":"","oneway":"B","maxspeed":0,"layer":0,"bridge":"F","tunnel":"F"},"geometry":{"type":"LineString","coordinates":[[73.8576574,18.5574551],[73.8576223,18.557392],[73.8571085,18.5572361],[73.8552554,18.5567395]]}},
{"type":"Feature","properties":{"osm_id":"23027929","code":5112,"fclass":"trunk","name":"Solapur Road","ref":"NH65","oneway":"F","maxspeed":0,"layer":0,"bridge":"F","tunnel":"F"},"geometry":{"type":"LineString","coordinates":[[73.9030717,18.5065721],[73.9036683,18.5065861],[73.9047267,18.5065684],[73.9056354,18.5065609],[73.9056683,18.5065606],[73.906002,18.5065578],[73.9062104,18.5065561],[73.9069232,18.5065395],[73.9070354,18.5065359],[73.9073237,18.506522],[73.9080343,18.5064878],[73.908402,18.5064701],[73.9086592,18.5064585],[73.9097035,18.5064375],[73.9107915,18.5064156],[73.9121331,18.5063886],[73.9126293,18.5063593],[73.9128214,18.5063468],[73.9130642,18.5063196],[73.9132668,18.5062886]]}},
{"type":"Feature","properties":{"osm_id":"23027930","code":5112,"fclass":"trunk","name":"Solapur Road Flyover","ref":"NH65","oneway":"F","maxspeed":0,"layer":1,"bridge":"T","tunnel":"F"},"geometry":{"type":"LineString","coordinates":[[73.9137948,18.5062196],[73.91431,18.5060967],[73.9155569,18.5057703],[73.9174879,18.5052386],[73.9179244,18.5051184],[73.919531,18.5046528]]}},
{"type":"Feature","properties":{"osm_id":"23027940","code":5122,"fclass":"residential","name":"","ref":"","oneway":"B","maxspeed":0,"layer":0,"bridge":"F","tunnel":"F"},"geometry":{"type":"LineString","coordinates":[[73.9180515,18.506815],[73.9183463,18.506577],[73.9184187,18.5065284],[73.9185067,18.506483],[73.9186581,18.5064249],[73.9187707,18.5063932],[73.9191008,18.5063246],[73.9194807,18.5062457],[73.9199552,18.5061471],[73.9210234,18.5059251],[73.9211958,18.5058893],[73.9213681,18.5058535],[73.9215545,18.5058061],[73.9217739,18.5057504],[73.9218164,18.5057325],[73.9218464,18.5056936],[73.92187,18.5056533],[73.9218716,18.505607],[73.9215337,18.5043155]]}},
{"type":"Feature","properties":{"osm_id":"23027946","code":5122,"fclass":"residential","name":"","ref":"","oneway":"B","maxspeed":0,"layer":0,"bridge":"F","tunnel":"F"},"geometry":{"type":"LineString","coordinates":[[73.9139945,18.5117346],[73.9141883,18.5117914],[73.9143757,18.511875],[73.9144561,18.5119109]]}},
{"type":"Feature","properties":{"osm_id":"23027952","code":5115,"fclass":"tertiary","name":"","ref":"","oneway":"B","maxspeed":40,"layer":0,"bridge":"F","tunnel":"F"},"geometry":{"type":"LineString","coordinates":[[73.9152841,18.515899],[73.9152814,18.5158563],[73.9152615,18.5155417],[73.9152529,18.5154371],[73.9151883,18.5146558],[73.9151863,18.5146202],[73.9151836,18.5145722],[73.9151836,18.514499],[73.9151978,18.5143795],[73.9152167,18.5143048],[73.9152513,18.5142316],[73.9159855,18.51306],[73.9160336,18.5129833],[73.9164383,18.5123374],[73.9165559,18.5121499],[73.9169166,18.5115742],[73.916997,18.5114459],[73.9171248,18.511242],[73.9173185,18.5109732],[73.9174159,18.5108461],[73.9174804,18.510762],[73.9176379,18.5105738],[73.9177671,18.5104125],[73.9180289,18.5100393]]}},
{"type":"Feature","properties":{"osm_id":"23028033","code":5113,"fclass":"primary","name":"Arjunrao Pawar Path","ref":"","oneway":"F","maxspeed":0,"layer":0,"bridge":"F","tunnel":"F"},"geometry":{"type":"LineString","coordinates":[[73.8615855,18.5285245],[73.861818,18.5285013],[73.8621001,18.5284199],[73.8629302,18.5280863],[73.8630121,18.5280534],[73.8630931,18.5280163],[73.8631882,18.5279714],[73.8632765,18.5279501],[73.8633663,18.5279471],[73.8634629,18.527949]]}},
{"type":"Feature","properties":{"osm_id":"23028035","code":5113,"fclass":"primary","name":"Sangam Bridge","ref":"","oneway":"F","maxspeed":0,"layer":1,"bridge":"T","tunnel":"F"},"geometry":{"type":"LineString","coordinates":[[73.8593128,18.5284254],[73.8615855,18.5285245]]}},
{"type":"Feature","properties":{"osm_id":"23028039","code":5112,"fclass":"trunk","name":"Raja Bahadur Mill Marg","ref":"NH753F","oneway":"F","maxspeed":0,"layer":0,"bridge":"F","tunnel":"F"},"geometry":{"type":"LineString","coordinates":[[73.861705,18.5298073],[73.8617941,18.5298017],[73.861975,18.5297903],[73.8622022,18.5297759],[73.8623685,18.5297766]]}},
{"type":"Feature","properties":{"osm_id":"23028040","code":5112,"fclass":"trunk","name":"New Sangam Bridge","ref":"NH753F","oneway":"F","maxspeed":0,"layer":1,"bridge":"T","tunnel":"F"},"geometry":{"type":"LineString","coordinates":[[73.8597002,18.529834],[73.861705,18.5298073]]}},
{"type":"Feature","properties":{"osm_id":"23028078","code":5115,"fclass":"tertiary","name":"Maharshi Vitthal Ramji Shinde Bridge","ref":"","oneway":"F","maxspeed":0,"layer":1,"bridge":"T","tunnel":"F"},"geometry":{"type":"LineString","coordinates":[[73.8493455,18.5218792],[73.8496595,18.5201314]]}},
{"type":"Feature","properties":{"osm_id":"23028079","code":5115,"fclass":"tertiary","name":"Maharshi Vitthal Ramji Shinde Bridge","ref":"","oneway":"F","maxspeed":0,"layer":0,"bridge":"F","tunnel":"F"},"geometry":{"type":"LineString","coordinates":[[73.8493691,18.5224016],[73.8493362,18.5222949],[73.8493233,18.5222331],[73.8493196,18.5222052],[73.8493134,18.5221237],[73.849317,18.5220524],[73.8493198,18.5220199],[73.8493455,18.5218792]]}},
{"type":"Feature","properties":{"osm_id":"23028161","code":5113,"fclass":"primary","name":"Jawaharlal Nehru Marg","ref":"","oneway":"F","maxspeed":0,"layer":0,"bridge":"F","tunnel":"F"},"geometry":{"type":"LineString","coordinates":[[73.8691271,18.5015825],[73.869007,18.5022412],[73.868959,18.5025048],[73.8689275,18.5026697],[73.8688948,18.5028408],[73.8688637,18.5030037],[73.8688292,18.5032094],[73.8687566,18.5035517],[73.8687413,18.5036241],[73.868732,18.5036911],[73.8687234,18.503753],[73.8686917,18.5039271],[73.8686344,18.5043351],[73.8686054,18.5045073],[73.8685854,18.504642],[73.8685376,18.5050684],[73.8685325,18.5051135],[73.868528,18.505159],[73.8684789,18.50565],[73.868466,18.5060341],[73.8684676,18.5061758],[73.8684694,18.5063337],[73.8684699,18.50641]]}},
{"type":"Feature","properties":{"osm_id":"23028194","code":5122,"fclass":"residential","name":"Swami Bodhraj Road","ref":"","oneway":"B","maxspeed":0,"layer":0,"bridge":"F","tunnel":"F"},"geometry":{"type":"LineString","coordinates":[[73.8684604,18.5175468],[73.8690603,18.5175653],[73.8690937,18.5175663],[73.8693944,18.5175197],[73.8697511,18.5174364],[73.8699435,18.5173469],[73.8700183,18.5173121],[73.8701904,18.5172314],[73.8703694,18.5171226],[73.8705475,18.5168828],[73.8706365,18.5167631],[73.8707649,18.5166012],[73.8709998,18.516305]]}},
{"type":"Feature","properties":{"osm_id":"23028201","code":5114,"fclass":"secondary","name":"Sardar Moodliar Path","ref":"","oneway":"F","maxspeed":0,"layer":0,"bridge":"F","tunnel":"F"},"geometry":{"type":"LineString","coordinates":[[73.8686055,18.5198618],[73.868643,18.5198789],[73.8687258,18.5199286],[73.868824,18.5199782],[73.8690409,18.5200707],[73.8692216,18.5200903],[73.869246,18.52009],[73.8695645,18.5200861],[73.8699604,18.520068],[73.8702003,18.5200582],[73.8702182,18.5200577],[73.8705085,18.5200489],[73.8706678,18.5200441],[73.8707621,18.5200471],[73.8709819,18.520054],[73.8711171,18.5200582],[73.8712969,18.5200692],[73.8713934,18.5200753],[73.8715468,18.5200849],[73.8719091,18.5201074],[73.8721934,18.520125],[73.8722609,18.5201432],[73.8723345,18.5201981],[73.8725004,18.5204556],[73.8725571,18.5205268]]}},
{"type":"Feature","properties":{"osm_id":"23152009","code":5112,"fclass":"trunk","name":"Old Pune–Mumbai Highway","ref":"NH60;NH65","oneway":"F","maxspeed":60,"layer":0,"bridge":"F","tunnel":"F"},"geometry":{"type":"LineString","coordinates":[[73.8355729,18.5768468],[73.835642,18.576567]]}},
{"type":"Feature","properties":{"osm_id":"23152033","code":5115,"fclass":"tertiary","name":"Bopodi-Dapodi Road","ref":"","oneway":"B","maxspeed":40,"layer":1,"bridge":"T","tunnel":"F"},"geometry":{"type":"LineString","coordinates":[[73.8334343,18.5731485],[73.8326824,18.5742222]]}},
{"type":"Feature","properties":{"osm_id":"23152039","code":5115,"fclass":"tertiary","name":"Bopodi-Dapodi Road","ref":"","oneway":"B","maxspeed":40,"layer":0,"bridge":"F","tunnel":"F"},"geometry":{"type":"LineString","coordinates":[[73.8326824,18.5742222],[73.8319717,18.5751508],[73.8319163,18.5752171],[73.8318343,18.575278],[73.8317468,18.5753298],[73.8316675,18.5753635],[73.8312741,18.5754643],[73.8311973,18.575484],[73.8310976,18.5755177],[73.831021,18.5755539],[73.8309527,18.5756213],[73.8309103,18.5756887],[73.8303844,18.5766922],[73.830306,18.5768418],[73.8301374,18.5771635],[73.829992,18.577441],[73.8299302,18.5775344],[73.8295049,18.5781207],[73.8294837,18.5781684],[73.8294701,18.5783045],[73.8294534,18.5786572],[73.8294417,18.5790344]]}},
{"type":"Feature","properties":{"osm_id":"23152041","code":5115,"fclass":"tertiary","name":"Bopodi-Dapodi Road","ref":"","oneway":"B","maxspeed":40,"layer":0,"bridge":"F","tunnel":"F"},"geometry":{"type":"LineString","coordinates":[[73.8334343,18.5731485],[73.8339871,18.5725192],[73.8340773,18.57244]]}},
{"type":"Feature","properties":{"osm_id":"23152047","code":5114,"fclass":"secondary","name":"Kalu Tamanna Kusalkar Road","ref":"","oneway":"B","maxspeed":30,"layer":0,"bridge":"F","tunnel":"F"},"geometry":{"type":"LineString","coordinates":[[73.8299662,18.5290081],[73.8303546,18.5290422],[73.83061,18.5290583],[73.8311104,18.529113],[73.8311642,18.5291188],[73.8314215,18.5291475],[73.8315225,18.5291588],[73.8316976,18.5291784],[73.8319614,18.5292079],[73.8321945,18.5292339],[73.8326835,18.5292886],[73.8332486,18.5294165],[73.8332795,18.5294235],[73.8334616,18.5294641],[73.8336569,18.5295089],[73.8338391,18.5295487],[73.8341548,18.5296134],[73.8344608,18.5296798],[73.8347796,18.5297485],[73.8349508,18.5297594],[73.8350625,18.529783],[73.8354164,18.5298473]]}},
{"type":"Feature","properties":{"osm_id":"23153027","code":5112,"fclass":"trunk","name":"Kharadi Bypass","ref":"","oneway":"F","maxspeed":0,"layer":0,"bridge":"F","tunnel":"F"},"geometry":{"type":"LineString","coordinates":[[73.9386815,18.5621172],[73.9386643,18.5618893],[73.9386526,18.5617413],[73.938426,18.559782],[73.9383772,18.5593683],[73.9383627,18.5592458],[73.9383227,18.5588886],[73.9383041,18.558757],[73.9382857,18.5586272],[73.938276,18.5585586],[73.9381154,18.557771],[73.938103,18.5576916],[73.9380865,18.5575719],[73.9379783,18.556816],[73.9379715,18.5567687],[73.9378076,18.5556234],[73.9377967,18.5555476],[73.9377294,18.5550772],[73.9377194,18.5550036],[73.9376537,18.5545484],[73.9376203,18.5542292],[73.9376041,18.554081],[73.9375808,18.5538674],[73.9375679,18.5537493],[73.9375357,18.5534542],[73.9375155,18.5532696],[73.9375006,18.5531361],[73.9374824,18.5529727],[73.937452,18.5526877],[73.9374302,18.5525052],[73.9373672,18.5519614],[73.9373478,18.5517943],[73.937334,18.551675],[73.937332,18.5516577],[73.9373143,18.5514844],[73.9372961,18.5513555],[73.9372879,18.5512973],[73.9372431,18.551094],[73.9372107,18.5509429],[73.9371625,18.5507275],[73.9371359,18.5506212],[73.937012,18.550073],[73.9367494,18.5489103],[73.9366376,18.5484156],[73.936502,18.5478071],[73.9362729,18.5468014],[73.9362708,18.546793],[73.9362181,18.5465855],[73.9361923,18.546484],[73.9360781,18.546034],[73.936018,18.5457972],[73.9360056,18.5457486],[73.9359509,18.5454987],[73.9358733,18.5452274],[73.9358195,18.5450312],[73.9357878,18.5449185],[73.9356957,18.5446036],[73.9356124,18.5442159],[73.935556,18.5439848],[73.9354976,18.5437113],[73.9354856,18.543655],[73.9354304,18.5433965],[73.9354279,18.5433856],[73.935229,18.542532],[73.935193,18.5423765],[73.9351663,18.5422609],[73.935145,18.5421604],[73.935101,18.5419526],[73.9350736,18.5418234],[73.9349377,18.5410873],[73.9348606,18.5406778],[73.934845,18.5405938],[73.9348263,18.5405032],[73.9347842,18.5402628],[73.9346605,18.5397562],[73.9346461,18.5396193],[73.9343854,18.538444],[73.9343566,18.5382881],[73.9343455,18.538165],[73.9342874,18.5377954],[73.9342439,18.537439],[73.9342339,18.5373574]]}},
{"type":"Feature","properties":{"osm_id":"23153174","code":5115,"fclass":"tertiary","name":"Keshav Nagar Road","ref":"","oneway":"B","maxspeed":30,"layer":0,"bridge":"F","tunnel":"F"},"geometry":{"type":"LineString","coordinates":[[73.9370968,18.5320379],[73.937462,18.5322094],[73.9380305,18.532399],[73.9381438,18.5324429],[73.9381986,18.5324667],[73.9383955,18.5325522],[73.9386167,18.5326444],[73.9391654,18.5328953],[73.9392701,18.532935],[73.9393802,18.5329769],[73.9395004,18.5330225],[73.9398792,18.5331663],[73.9400144,18.5332177],[73.9402267,18.5333119],[73.9403472,18.5333654],[73.9405373,18.5334301],[73.9407338,18.5334975],[73.9409218,18.533562],[73.9414864,18.5337933],[73.9417017,18.5338893],[73.9419454,18.5339995],[73.9424144,18.5341697],[73.9428243,18.5342846],[73.9428723,18.5342984],[73.9437736,18.5345584],[73.9438976,18.5345942],[73.9444342,18.534749],[73.944592,18.5347735],[73.9447183,18.5347743],[73.9448425,18.5347723],[73.9450461,18.5347547],[73.945064,18.5347496],[73.9451549,18.5347398],[73.9454532,18.5347448],[73.945789,18.5347855],[73.9459012,18.5348254],[73.9460749,18.5348872],[73.9461324,18.5349076],[73.9462018,18.5349405],[73.9462832,18.53513],[73.9465501,18.5356056],[73.946714,18.5359277],[73.9468049,18.5360559],[73.9469209,18.536117],[73.9470855,18.5361648],[73.9473738,18.5362251],[73.9475742,18.5362623],[73.9477794,18.5363004],[73.9485448,18.5365184],[73.949366,18.5368089],[73.9499155,18.5370146],[73.9499886,18.5370413],[73.950502,18.537233],[73.9506731,18.5372969],[73.9507496,18.5373287],[73.9511071,18.5374776],[73.9516735,18.5377134],[73.9517918,18.5377627],[73.9519614,18.5378333],[73.9521639,18.5379146],[73.9524295,18.5380212]]}},
{"type":"Feature","properties":{"osm_id":"23154198","code":5122,"fclass":"residential","name":"","ref":"","oneway":"B","maxspeed":0,"layer":0,"bridge":"F","tunnel":"F"},"geometry":{"type":"LineString","coordinates":[[73.8857224,18.5482379],[73.8861973,18.5489572],[73.886306,18.5491474],[73.8864121,18.5494632],[73.8864477,18.5495061]]}},
{"type":"Feature","properties":{"osm_id":"25622264","code":5115,"fclass":"tertiary","name":"Kale Borate Nagar Road","ref":"","oneway":"B","maxspeed":0,"layer":0,"bridge":"F","tunnel":"F"},"geometry":{"type":"LineString","coordinates":[[73.9319824,18.4909409],[73.9325715,18.4909332],[73.932849,18.4909266],[73.9330842,18.4909214],[73.9331113,18.4909208],[73.9332264,18.4909183],[73.9333922,18.4909146],[73.9341968,18.4908969],[73.9345137,18.4908899],[73.9351944,18.4908749],[73.9358266,18.4909055],[73.9362062,18.4909285],[73.9365768,18.4909436],[73.9366751,18.4909466],[73.9369732,18.4909667],[73.9372935,18.490974],[73.9375681,18.4909896]]}},
{"type":"Feature","properties":{"osm_id":"25922700","code":5133,"fclass":"primary_link","name":"Dr. Jayakar Path","ref":"","oneway":"F","maxspeed":0,"layer":0,"bridge":"F","tunnel":"F"},"geometry":{"type":"LineString","coordinates":[[73.8146357,18.560784],[73.8147866,18.5607033],[73.8148681,18.5606837],[73.8149739,18.5606894],[73.8150706,18.5607539]]}},
{"type":"Feature","properties":{"osm_id":"25954058","code":5114,"fclass":"secondary","name":"Airport New Road","ref":"","oneway":"F","maxspeed":0,"layer":0,"bridge":"F","tunnel":"F"},"geometry":{"type":"LineString","coordinates":[[73.907727,18.5753583],[73.9074482,18.5730669],[73.9072715,18.5716153],[73.9072662,18.5715772],[73.9072563,18.5715075],[73.9072345,18.5713541],[73.9070681,18.5701181],[73.9069859,18.5696026],[73.9069606,18.5694436],[73.9068977,18.5689344],[73.9068354,18.568418],[73.9068287,18.5683642],[73.9066426,18.5669114]]}},
{"type":"Feature","properties":{"osm_id":"25954547","code":5114,"fclass":"secondary","name":"South Avenue","ref":"","oneway":"F","maxspeed":0,"layer":0,"bridge":"F","tunnel":"F"},"geometry":{"type":"LineString","coordinates":[[73.8971095,18.5446089],[73.8971277,18.5445716],[73.8971486,18.5445452],[73.8971752,18.5445198],[73.8980278,18.5441108],[73.8981511,18.5440558],[73.8981897,18.5440424],[73.8983563,18.5439844],[73.8988588,18.5438515],[73.8990488,18.5437974],[73.8993448,18.5437479],[73.8995778,18.5437102],[73.8997198,18.5436872],[73.9003292,18.5435741],[73.9006907,18.5435009],[73.9007419,18.5434903],[73.9010641,18.5434317],[73.9013668,18.5433767],[73.9027209,18.5431285],[73.9032946,18.5430233],[73.9034245,18.5430008],[73.9035016,18.542988],[73.9037764,18.5429677],[73.9041081,18.5429433],[73.9041945,18.5429433],[73.9042607,18.5429511],[73.9043411,18.5429674],[73.9045938,18.5430185],[73.9046617,18.5430343],[73.9048653,18.5430818]]}},
{"type":"Feature","properties":{"osm_id":"25954549","code":5121,"fclass":"unclassified","name":"North Avenue","ref":"","oneway":"B","maxspeed":0,"layer":0,"bridge":"F","tunnel":"F"},"geometry":{"type":"LineString","coordinates":[[73.9037788,18.5492351],[73.9034539,18.549341],[73.9033451,18.5493761],[73.9030347,18.5494771],[73.9025483,18.549632],[73.9024585,18.5496606],[73.9015639,18.5499336],[73.9014754,18.5499463],[73.9013782,18.5499364],[73.9012441,18.5499109],[73.9009927,18.5498338],[73.9008853,18.5497708],[73.9007995,18.5496666],[73.9006571,18.5494483],[73.9006346,18.5494138],[73.9004695,18.5491478],[73.9003864,18.5489851],[73.9003419,18.5487942],[73.9003337,18.5487006],[73.9003073,18.5483219],[73.9002902,18.5480699],[73.9002596,18.5476391],[73.900212,18.5469682],[73.9002019,18.5468912]]}},
{"type":"Feature","properties":{"osm_id":"25954553","code":5122,"fclass":"residential","name":"Road 14","ref":"","oneway":"B","maxspeed":0,"layer":0,"bridge":"F","tunnel":"F"},"geometry":{"type":"LineString","coordinates":[[73.9012585,18.550016],[73.9012878,18.5503815],[73.9012907,18.5504847],[73.9012459,18.5504787],[73.9009329,18.5504122]]}},
{"type":"Feature","properties":{"osm_id":"25954555","code":5115,"fclass":"tertiary","name":"","ref":"","oneway":"B","maxspeed":0,"layer":0,"bridge":"F","tunnel":"F"},"geometry":{"type":"LineString","coordinates":[[73.9078659,18.5522782],[73.9081637,18.5522649],[73.9086102,18.5522226],[73.9088728,18.5521957],[73.9089853,18.5521729],[73.9090371,18.5521611],[73.909088,18.5521052],[73.909121,18.5520734],[73.9092766,18.5518738],[73.9094097,18.5517078],[73.9094482,18.5516818],[73.9094942,18.5516714],[73.9095632,18.5516706],[73.9098061,18.5516724],[73.9108113,18.5516412],[73.9112105,18.5516185],[73.911299,18.5516157],[73.9113982,18.5515991],[73.911523,18.5515703],[73.9116356,18.5515343],[73.9117871,18.5514606],[73.9121371,18.5512821],[73.9123705,18.5511888],[73.9123886,18.5511812],[73.9125573,18.5511106],[73.9126803,18.5510763],[73.9128173,18.551042],[73.9129189,18.5510262],[73.912961,18.5510043],[73.9129821,18.5509743],[73.9129964,18.5509098],[73.9130062,18.5506748],[73.9130054,18.5506418],[73.9130031,18.550553],[73.9130008,18.550465],[73.9129906,18.5500222],[73.9129941,18.5497594],[73.913009,18.5496989],[73.9130359,18.5496442],[73.9131001,18.5495598],[73.9131544,18.5495103],[73.913235,18.5494735],[73.9133133,18.5494632],[73.9134096,18.5494572],[73.913667,18.5494591],[73.913813,18.5494602],[73.9139034,18.5494581]]}},
{"type":"Feature","properties":{"osm_id":"25954557","code":5122,"fclass":"residential","name":"","ref":"","oneway":"B","maxspeed":0,"layer":0,"bridge":"F","tunnel":"F"},"geometry":{"type":"LineString","coordinates":[[73.9159891,18.5493072],[73.9158906,18.5485648],[73.9158474,18.5480645],[73.9158097,18.5478127],[73.915788,18.5476497],[73.9157341,18.547301],[73.9155865,18.5465618]]}},
{"type":"Feature","properties":{"osm_id":"25954559","code":5115,"fclass":"tertiary","name":"Kalyani Nagar - Wadgaon Sheri Road","ref":"","oneway":"B","maxspeed":0,"layer":0,"bridge":"F","tunnel":"F"},"geometry":{"type":"LineString","coordinates":[[73.9189105,18.5491036],[73.9189717,18.5490569],[73.9191283,18.5489522],[73.9195513,18.548698],[73.9198474,18.54852],[73.9199667,18.5484163],[73.9201512,18.5482157],[73.9203214,18.548013],[73.9204483,18.5478779],[73.9205022,18.5478206],[73.9207595,18.5475431],[73.920881,18.5474121],[73.9209932,18.5472694],[73.9212204,18.5469654],[73.9213297,18.5467881],[73.921375,18.5467002],[73.9214587,18.5465554],[73.9215291,18.5464188],[73.921632,18.5462192],[73.9217164,18.5460556],[73.9217508,18.545994],[73.9218991,18.5457554],[73.9220057,18.545584],[73.922152,18.5452872],[73.9222833,18.5449605],[73.9224243,18.5446703],[73.9224785,18.5445653],[73.9227587,18.5441122],[73.9228211,18.5440145],[73.9229103,18.5438519],[73.9230135,18.5436636],[73.9234825,18.5438215],[73.9244335,18.5435149],[73.9244926,18.5436799],[73.924514,18.5437265],[73.9245729,18.5437608],[73.9246784,18.5437703],[73.9251988,18.5437333],[73.9254473,18.5437441],[73.9257138,18.5437801],[73.92579,18.5437904],[73.9260025,18.5438064],[73.9265123,18.5438325],[73.9269661,18.5438419],[73.9275702,18.5438786],[73.9275331,18.5434856],[73.9275104,18.5432487],[73.9275274,18.5431639],[73.9275714,18.5431127],[73.9276609,18.5430939],[73.928111,18.5431429],[73.9281581,18.5431439],[73.9284179,18.5431492],[73.928887,18.5431327],[73.9290138,18.543138],[73.9292157,18.5431742],[73.9295531,18.5432895],[73.9301634,18.5434851],[73.9310947,18.5437525]]}},
{"type":"Feature","properties":{"osm_id":"25955611","code":5115,"fclass":"tertiary","name":"Aga Khan Bridge","ref":"","oneway":"F","maxspeed":0,"layer":1,"bridge":"T","tunnel":"F"},"geometry":{"type":"LineString","coordinates":[[73.9048089,18.5425299],[73.9039139,18.5396814]]}},
{"type":"Feature","properties":{"osm_id":"25956035","code":5141,"fclass":"service","name":"","ref":"","oneway":"B","maxspeed":0,"layer":0,"bridge":"F","tunnel":"F"},"geometry":{"type":"LineString","coordinates":[[73.882918,18.523802],[73.8829462,18.523902],[73.8829744,18.5240019],[73.8831246,18.524572],[73.8832116,18.5249024],[73.8834139,18.5259174],[73.8835332,18.5268461],[73.8836119,18.5274582],[73.8836316,18.5277663],[73.8836628,18.5279624],[73.8837013,18.5282958]]}},
{"type":"Feature","properties":{"osm_id":"25956260","code":5115,"fclass":"tertiary","name":"Burning Ghat Road","ref":"","oneway":"B","maxspeed":0,"layer":0,"bridge":"F","tunnel":"F"},"geometry":{"type":"LineString","coordinates":[[73.8853993,18.5415921],[73.8855455,18.5416024],[73.8857619,18.5416342],[73.8860255,18.5416729],[73.8863625,18.5417205],[73.8866178,18.5417565],[73.8866705,18.5417629],[73.887037,18.5418077],[73.8871417,18.5418201],[73.8872073,18.5418281],[73.8875559,18.5418704],[73.8881997,18.5419991],[73.8884035,18.5420376],[73.8886513,18.5420844],[73.8892345,18.5421791],[73.8893353,18.5421885],[73.8894187,18.5421963],[73.8896794,18.5422221],[73.889938,18.5422448],[73.8902007,18.5422528],[73.8910797,18.5422012],[73.8912783,18.5421727],[73.8916496,18.5420799],[73.8922078,18.5418667],[73.8927428,18.5417455],[73.8929881,18.541735],[73.893055,18.5417263]]}},
{"type":"Feature","properties":{"osm_id":"25956261","code":5122,"fclass":"residential","name":"Lane 2","ref":"","oneway":"B","maxspeed":0,"layer":0,"bridge":"F","tunnel":"F"},"geometry":{"type":"LineString","coordinates":[[73.8910173,18.5397055],[73.8904877,18.5383059],[73.8901255,18.5375132],[73.8899309,18.5369621],[73.8896886,18.5359992],[73.8896701,18.5359115],[73.889471,18.5349688],[73.8894649,18.5349401],[73.8893496,18.5342777],[73.8893296,18.5341627],[73.889254,18.5331062]]}},
{"type":"Feature","properties":{"osm_id":"25956262","code":5122,"fclass":"residential","name":"Lane 4","ref":"","oneway":"B","maxspeed":0,"layer":0,"bridge":"F","tunnel":"F"},"geometry":{"type":"LineString","coordinates":[[73.8945548,18.5395839],[73.8945497,18.5395241],[73.8945102,18.5391007],[73.8944449,18.5383996],[73.8944162,18.5381676],[73.8943591,18.5379154],[73.8943314,18.537829],[73.8940845,18.5370589],[73.8938576,18.5362401],[73.8937551,18.5356165],[73.8937316,18.5351566],[73.8937008,18.5345528],[73.8936836,18.5342619],[73.8936716,18.5337683],[73.8936693,18.5337081],[73.8936671,18.5336476],[73.8936467,18.5331007]]}},
{"type":"Feature","properties":{"osm_id":"25956263","code":5114,"fclass":"secondary","name":"Lane No 7","ref":"","oneway":"B","maxspeed":0,"layer":0,"bridge":"F","tunnel":"F"},"geometry":{"type":"LineString","coordinates":[[73.9002209,18.5392418],[73.9002148,18.5391792],[73.9001459,18.5384496],[73.9000802,18.5377537],[73.9000421,18.5374975],[73.9000147,18.5373126],[73.8999795,18.5370759],[73.8999622,18.5368981],[73.8999233,18.5364987],[73.8999082,18.5363929],[73.899883,18.5362158],[73.8998675,18.5361072],[73.8998301,18.5358448],[73.8998081,18.5356904],[73.8997899,18.5355629],[73.8997676,18.5354063],[73.8997557,18.5353227],[73.8997411,18.5352204],[73.8996963,18.5349063],[73.8996544,18.5347376],[73.8996495,18.5347179],[73.8996363,18.5346648],[73.8994868,18.5340635]]}},
{"type":"Feature","properties":{"osm_id":"25956265","code":5122,"fclass":"residential","name":"Lane 8","ref":"","oneway":"B","maxspeed":0,"layer":0,"bridge":"F","tunnel":"F"},"geometry":{"type":"LineString","coordinates":[[73.8937008,18.5345528],[73.8948722,18.5345445],[73.8949295,18.5345659],[73.8949607,18.5345988],[73.8949838,18.534634],[73.8950579,18.5352445],[73.8950747,18.5354548],[73.895108,18.5358719],[73.8951265,18.5359265],[73.8951841,18.5361187],[73.8952519,18.5364444],[73.8952713,18.5365046],[73.8952964,18.5365317],[73.8953357,18.536541],[73.8955321,18.5365494],[73.8961401,18.5365795],[73.8963096,18.5365734],[73.8965159,18.5365723],[73.8967858,18.5365843],[73.8971934,18.5365958],[73.8985791,18.5365542],[73.8986476,18.5365502],[73.8992519,18.5365258],[73.8996951,18.5365079],[73.8999233,18.5364987]]}},
{"type":"Feature","properties":{"osm_id":"25956268","code":5141,"fclass":"service","name":"","ref":"","oneway":"B","maxspeed":0,"layer":0,"bridge":"F","tunnel":"F"},"geometry":{"type":"LineString","coordinates":[[73.9047222,18.5388076],[73.9047353,18.5388864],[73.904801,18.5392812],[73.9048472,18.5395182]]}},
{"type":"Feature","properties":{"osm_id":"25957264","code":5122,"fclass":"residential","name":"Road 8","ref":"","oneway":"B","maxspeed":0,"layer":0,"bridge":"F","tunnel":"F"},"geometry":{"type":"LineString","coordinates":[[73.9041408,18.5480289],[73.9045592,18.5480002],[73.9050029,18.547969],[73.9059118,18.5479033]]}},
{"type":"Feature","properties":{"osm_id":"25957265","code":5122,"fclass":"residential","name":"Road 9b","ref":"","oneway":"B","maxspeed":0,"layer":0,"bridge":"F","tunnel":"F"},"geometry":{"type":"LineString","coordinates":[[73.9051875,18.5487837],[73.9050029,18.547969]]}},
{"type":"Feature","properties":{"osm_id":"25957266","code":5122,"fclass":"residential","name":"Road 9a","ref":"","oneway":"B","maxspeed":0,"layer":0,"bridge":"F","tunnel":"F"},"geometry":{"type":"LineString","coordinates":[[73.904245,18.5490881],[73.9041408,18.5480289],[73.9041248,18.5478318]]}},
{"type":"Feature","properties":{"osm_id":"25957267","code":5122,"fclass":"residential","name":"Road 8c","ref":"","oneway":"B","maxspeed":0,"layer":0,"bridge":"F","tunnel":"F"},"geometry":{"type":"LineString","coordinates":[[73.9045592,18.5480002],[73.9047136,18.5489307]]}},
{"type":"Feature","properties":{"osm_id":"25957268","code":5122,"fclass":"residential","name":"Road 10","ref":"","oneway":"B","maxspeed":0,"layer":0,"bridge":"F","tunnel":"F"},"geometry":{"type":"LineString","coordinates":[[73.9042065,18.5494434],[73.9042316,18.5495795],[73.9042726,18.5498022],[73.9043447,18.5502585],[73.9043626,18.5503714],[73.9043762,18.5504703],[73.9043827,18.5505118],[73.9044208,18.5507172],[73.9044725,18.5511118],[73.9045017,18.5513342],[73.9045111,18.5514057]]}},
{"type":"Feature","properties":{"osm_id":"25957269","code":5122,"fclass":"residential","name":"Road 6/11","ref":"","oneway":"B","maxspeed":0,"layer":0,"bridge":"F","tunnel":"F"},"geometry":{"type":"LineString","coordinates":[[73.9037788,18.5492351],[73.9037398,18.5490015],[73.9037296,18.5489405],[73.9036562,18.5484649],[73.9035631,18.5478618],[73.9034955,18.5474241],[73.9034137,18.5468157],[73.9033886,18.5466291],[73.9033527,18.5463623],[73.9033412,18.5462833]]}},
{"type":"Feature","properties":{"osm_id":"25957270","code":5122,"fclass":"residential","name":"Road 12a","ref":"","oneway":"B","maxspeed":0,"layer":0,"bridge":"F","tunnel":"F"},"geometry":{"type":"LineString","coordinates":[[73.9034955,18.5474241],[73.9028333,18.5475195],[73.902787,18.5475458],[73.9027687,18.5476003],[73.9028189,18.5479544],[73.902973,18.549042],[73.9030347,18.5494771]]}},
{"type":"Feature","properties":{"osm_id":"25957271","code":5122,"fclass":"residential","name":"Road 13","ref":"","oneway":"B","maxspeed":0,"layer":0,"bridge":"F","tunnel":"F"},"geometry":{"type":"LineString","coordinates":[[73.9022034,18.5479501],[73.9022264,18.5480213],[73.9023482,18.5490121],[73.9024585,18.5496606]]}},
{"type":"Feature","properties":{"osm_id":"25957272","code":5122,"fclass":"residential","name":"","ref":"","oneway":"B","maxspeed":0,"layer":0,"bridge":"F","tunnel":"F"},"geometry":{"type":"LineString","coordinates":[[73.900907,18.5480723],[73.9012017,18.548037],[73.9021647,18.5479196],[73.9022034,18.5479501]]}},
{"type":"Feature","properties":{"osm_id":"25957273","code":5122,"fclass":"residential","name":"","ref":"","oneway":"B","maxspeed":0,"layer":0,"bridge":"F","tunnel":"F"},"geometry":{"type":"LineString","coordinates":[[73.9007836,18.5467941],[73.9006359,18.5457662],[73.9005493,18.5451636],[73.9005003,18.5448229],[73.9004279,18.5442777],[73.9003292,18.5435741],[73.9003134,18.5435037]]}},
{"type":"Feature","properties":{"osm_id":"27850900","code":5141,"fclass":"service","name":"","ref":"","oneway":"F","maxspeed":0,"layer":0,"bridge":"F","tunnel":"F"},"geometry":{"type":"LineString","coordinates":[[73.9117003,18.560702],[73.9116498,18.560704],[73.9115583,18.5607076],[73.9114862,18.5606844],[73.9114379,18.5606147],[73.9113728,18.5605505],[73.9113213,18.5605205],[73.9112551,18.5605235],[73.9111984,18.5605441],[73.9111739,18.5606122],[73.9111736,18.56067],[73.911196,18.5607085],[73.9112431,18.5607417],[73.9113027,18.5607582],[73.9114374,18.5607828],[73.9115408,18.5607704],[73.9115943,18.5607523],[73.9116539,18.5607445],[73.9117044,18.5607379]]}},
{"type":"Feature","properties":{"osm_id":"27850901","code":5141,"fclass":"service","name":"","ref":"","oneway":"F","maxspeed":0,"layer":0,"bridge":"F","tunnel":"F"},"geometry":{"type":"LineString","coordinates":[[73.9116023,18.5614066],[73.9116334,18.5611185],[73.9116105,18.5609594],[73.9115894,18.5608123],[73.9115408,18.5607704]]}},
{"type":"Feature","properties":{"osm_id":"27850903","code":5115,"fclass":"tertiary","name":"Viman Nagar Avenue 2","ref":"","oneway":"B","maxspeed":0,"layer":0,"bridge":"F","tunnel":"F"},"geometry":{"type":"LineString","coordinates":[[73.9138027,18.5616464],[73.9138324,18.5619611],[73.913947,18.5631764],[73.9139812,18.5634954],[73.9139953,18.5636258],[73.9140137,18.5637974],[73.9140375,18.5640184],[73.9140596,18.564262],[73.9140668,18.5643234],[73.914069,18.564342],[73.9140727,18.5643735],[73.9140848,18.564477],[73.9140939,18.5645537],[73.9141076,18.5646707],[73.9141721,18.5651785]]}},
{"type":"Feature","properties":{"osm_id":"28217354","code":5122,"fclass":"residential","name":"A Lane","ref":"","oneway":"B","maxspeed":0,"layer":0,"bridge":"F","tunnel":"F"},"geometry":{"type":"LineString","coordinates":[[73.8875558,18.5395466],[73.8875558,18.5403902],[73.8875559,18.5418704]]}},
{"type":"Feature","properties":{"osm_id":"28565717","code":5115,"fclass":"tertiary","name":"D Lane","ref":"","oneway":"B","maxspeed":0,"layer":0,"bridge":"F","tunnel":"F"},"geometry":{"type":"LineString","coordinates":[[73.8931699,18.5396401],[73.8932566,18.5406327],[73.8932637,18.5408052],[73.8932661,18.5408634],[73.8932817,18.541046],[73.8932975,18.541231],[73.8933463,18.5415129],[73.8933662,18.5416883],[73.8933549,18.5417124],[73.8933296,18.5417232],[73.8932947,18.5417259]]}},
{"type":"Feature","properties":{"osm_id":"28565723","code":5122,"fclass":"residential","name":"C Lane","ref":"","oneway":"B","maxspeed":0,"layer":0,"bridge":"F","tunnel":"F"},"geometry":{"type":"LineString","coordinates":[[73.8902007,18.5422528],[73.8902299,18.541918],[73.8902256,18.5412751],[73.8902438,18.5412169],[73.8902948,18.5411632],[73.8903549,18.5411604],[73.8906575,18.541144],[73.8909965,18.5411258],[73.8910529,18.5411053],[73.8910943,18.5410598],[73.8911192,18.5409922],[73.8911225,18.540923],[73.8911097,18.540727],[73.8910988,18.5405608],[73.8910848,18.5403477],[73.8910748,18.540195],[73.8910475,18.5397788]]}},
{"type":"Feature","properties":{"osm_id":"28565726","code":5122,"fclass":"residential","name":"","ref":"","oneway":"B","maxspeed":0,"layer":0,"bridge":"F","tunnel":"F"},"geometry":{"type":"LineString","coordinates":[[73.8966685,18.5394458],[73.8966833,18.5395077],[73.8967763,18.5398965],[73.8968799,18.5403299],[73.8969378,18.5405718]]}},
{"type":"Feature","properties":{"osm_id":"28724472","code":5112,"fclass":"trunk","name":"Katraj - Dehu Road Bypass","ref":"NH48","oneway":"F","maxspeed":80,"layer":1,"bridge":"T","tunnel":"F"},"geometry":{"type":"LineString","coordinates":[[73.7592505,18.5863171],[73.7588012,18.5875172]]}},
{"type":"Feature","properties":{"osm_id":"28724473","code":5112,"fclass":"trunk","name":"Mumbai - Satara Highway","ref":"NH48","oneway":"F","maxspeed":80,"layer":0,"bridge":"F","tunnel":"F"},"geometry":{"type":"LineString","coordinates":[[73.7588012,18.5875172],[73.7586677,18.587871],[73.7580358,18.5895409]]}},
{"type":"Feature","properties":{"osm_id":"28724485","code":5112,"fclass":"trunk","name":"Katraj - Dehu Road Bypass","ref":"NH48","oneway":"F","maxspeed":80,"layer":1,"bridge":"T","tunnel":"F"},"geometry":{"type":"LineString","coordinates":[[73.7589261,18.5875595],[73.7593754,18.5863596]]}},
{"type":"Feature","properties":{"osm_id":"28726864","code":5113,"fclass":"primary","name":"Wakad Flyover","ref":"","oneway":"F","maxspeed":0,"layer":1,"bridge":"T","tunnel":"F"},"geometry":{"type":"LineString","coordinates":[[73.7551657,18.5920159],[73.7559317,18.5920162],[73.7561586,18.5920148],[73.7563333,18.5920138],[73.7568089,18.5920148],[73.7570045,18.5920235],[73.7574691,18.5920537],[73.7582882,18.5921234],[73.758473,18.5921449],[73.7586825,18.5921769],[73.7592544,18.5922578],[73.7600939,18.5923809]]}},
{"type":"Feature","properties":{"osm_id":"30568126","code":5115,"fclass":"tertiary","name":"Shankarao Gaikwad Path","ref":"","oneway":"B","maxspeed":0,"layer":0,"bridge":"F","tunnel":"F"},"geometry":{"type":"LineString","coordinates":[[73.8049195,18.5537431],[73.8052044,18.553696],[73.8056719,18.5536453],[73.8061936,18.5535776],[73.8067468,18.5535057],[73.8076471,18.5534222],[73.8083032,18.5533614],[73.8086135,18.5533447],[73.8090649,18.5533203],[73.8094832,18.5532963],[73.8095556,18.5532993]]}},
{"type":"Feature","properties":{"osm_id":"30876504","code":5115,"fclass":"tertiary","name":"R. B. Kumthekar Marg","ref":"","oneway":"F","maxspeed":0,"layer":0,"bridge":"F","tunnel":"F"},"geometry":{"type":"LineString","coordinates":[[73.8438536,18.5128013],[73.8440806,18.5128135],[73.8442364,18.5128181],[73.8442915,18.5128225],[73.8446782,18.51288],[73.8447895,18.5128912],[73.8448644,18.5128987],[73.8455389,18.5129635],[73.8467444,18.5130861],[73.8473191,18.5131412],[73.8484952,18.5132652]]}},
{"type":"Feature","properties":{"osm_id":"30995907","code":5115,"fclass":"tertiary","name":"","ref":"","oneway":"B","maxspeed":0,"layer":0,"bridge":"F","tunnel":"F"},"geometry":{"type":"LineString","coordinates":[[73.8323574,18.5316994],[73.8322866,18.5321126],[73.8322546,18.5322551],[73.8322141,18.5324352],[73.8321741,18.5326133],[73.8321375,18.5327764],[73.8321144,18.5328537],[73.8320511,18.5330658],[73.831988,18.5332773],[73.8319243,18.5334907],[73.8318659,18.5336862],[73.8318103,18.5338726],[73.8316732,18.534332]]}},
{"type":"Feature","properties":{"osm_id":"30995908","code":5141,"fclass":"service","name":"","ref":"","oneway":"B","maxspeed":0,"layer":0,"bridge":"F","tunnel":"F"},"geometry":{"type":"LineString","coordinates":[[73.8309732,18.534643],[73.831179,18.5338303],[73.8312393,18.5333881],[73.8312664,18.5329444],[73.8312497,18.532911],[73.8312062,18.5328964]]}},
{"type":"Feature","properties":{"osm_id":"31013602","code":5115,"fclass":"tertiary","name":"","ref":"","oneway":"B","maxspeed":0,"layer":0,"bridge":"F","tunnel":"F"},"geometry":{"type":"LineString","coordinates":[[73.8312774,18.5364834],[73.831169,18.5363953],[73.8311407,18.5362407],[73.8313445,18.5355406],[73.8313802,18.5354181],[73.8315986,18.5346678],[73.8316732,18.534332]]}},
{"type":"Feature","properties":{"osm_id":"31046592","code":5122,"fclass":"residential","name":"Pankunwar Firodiya Path","ref":"","oneway":"B","maxspeed":0,"layer":0,"bridge":"F","tunnel":"F"},"geometry":{"type":"LineString","coordinates":[[73.8303031,18.5372265],[73.8304074,18.5372029],[73.8308775,18.5368954],[73.8311388,18.5366743],[73.8312774,18.5364834]]}},
{"type":"Feature","properties":{"osm_id":"31046594","code":5122,"fclass":"residential","name":"","ref":"","oneway":"B","maxspeed":0,"layer":0,"bridge":"F","tunnel":"F"},"geometry":{"type":"LineString","coordinates":[[73.8329282,18.5363527],[73.832931,18.5358384]]}},
{"type":"Feature","properties":{"osm_id":"31046595","code":5122,"fclass":"residential","name":"","ref":"","oneway":"B","maxspeed":0,"layer":0,"bridge":"F","tunnel":"F"},"geometry":{"type":"LineString","coordinates":[[73.8318103,18.5338726],[73.8323078,18.5340355],[73.8328645,18.5342151]]}},
{"type":"Feature","properties":{"osm_id":"31046707","code":5141,"fclass":"service","name":"","ref":"","oneway":"B","maxspeed":0,"layer":0,"bridge":"F","tunnel":"F"},"geometry":{"type":"LineString","coordinates":[[73.8309194,18.5329003],[73.8303275,18.5329718],[73.8302334,18.5329828],[73.8301393,18.5329937]]}},
{"type":"Feature","properties":{"osm_id":"31046775","code":5115,"fclass":"tertiary","name":"","ref":"","oneway":"F","maxspeed":35,"layer":0,"bridge":"F","tunnel":"F"},"geometry":{"type":"LineString","coordinates":[[73.8344245,18.5323926],[73.8342614,18.5327436]]}},
{"type":"Feature","properties":{"osm_id":"31046776","code":5115,"fclass":"tertiary","name":"Sanganna Bharma Dhotre Path","ref":"","oneway":"B","maxspeed":0,"layer":0,"bridge":"F","tunnel":"F"},"geometry":{"type":"LineString","coordinates":[[73.8355339,18.5341902],[73.8356479,18.5343354],[73.8357658,18.5345024],[73.8359435,18.5347119],[73.8361086,18.5349223],[73.8362713,18.5351295],[73.8363762,18.5352631],[73.8365704,18.5355105],[73.8366537,18.5356166]]}},
{"type":"Feature","properties":{"osm_id":"31046777","code":5115,"fclass":"tertiary","name":"Dhotre Chowk","ref":"","oneway":"F","maxspeed":0,"layer":0,"bridge":"F","tunnel":"F"},"geometry":{"type":"LineString","coordinates":[[73.8344359,18.5328687],[73.8344336,18.5328269],[73.8344165,18.5327887],[73.8343866,18.5327583],[73.8343476,18.5327394],[73.8343041,18.5327343],[73.8342614,18.5327436],[73.8342247,18.532766],[73.8341983,18.5327989],[73.8341857,18.5328352],[73.8341858,18.5328735],[73.8341987,18.5329098],[73.8342229,18.5329404],[73.8342549,18.5329616],[73.8342923,18.5329726],[73.8343313,18.5329722],[73.8343684,18.5329605],[73.8344,18.5329386],[73.834423,18.5329087],[73.8344359,18.5328687]]}},
{"type":"Feature","properties":{"osm_id":"34189052","code":5114,"fclass":"secondary","name":"","ref":"","oneway":"F","maxspeed":0,"layer":0,"bridge":"F","tunnel":"F"},"geometry":{"type":"LineString","coordinates":[[73.8289514,18.4877881],[73.8284705,18.4880308]]}},
{"type":"Feature","properties":{"osm_id":"34189057","code":5115,"fclass":"tertiary","name":"Samartha Path","ref":"","oneway":"B","maxspeed":0,"layer":0,"bridge":"F","tunnel":"F"},"geometry":{"type":"LineString","coordinates":[[73.8253301,18.4932597],[73.8254492,18.4937686],[73.8254953,18.4939604],[73.8255678,18.4942617],[73.825604,18.4944144],[73.8256122,18.4944491],[73.8256728,18.4947044],[73.8257723,18.4951237],[73.8258018,18.4952479],[73.8258719,18.4955948],[73.8259121,18.4957716],[73.8259815,18.4960576],[73.8261054,18.4965274],[73.8262186,18.4970044],[73.8263404,18.4975639],[73.826458,18.498104]]}},
{"type":"Feature","properties":{"osm_id":"34189062","code":5122,"fclass":"residential","name":"","ref":"","oneway":"B","maxspeed":0,"layer":0,"bridge":"F","tunnel":"F"},"geometry":{"type":"LineString","coordinates":[[73.8056315,18.4870062],[73.8056075,18.4869776],[73.8056066,18.4869315],[73.805597,18.4864354],[73.8055898,18.4861562],[73.805584,18.4859316],[73.8055541,18.4848117],[73.8055502,18.4846463],[73.8055474,18.4845271],[73.8055469,18.4845076],[73.805543,18.4843439]]}},
{"type":"Feature","properties":{"osm_id":"40350567","code":5113,"fclass":"primary","name":"Sant Dyaneshwar Marg","ref":"","oneway":"F","maxspeed":0,"layer":0,"bridge":"F","tunnel":"F"},"geometry":{"type":"LineString","coordinates":[[73.8709826,18.5486576],[73.8710518,18.5487727],[73.8712426,18.5490759],[73.872664,18.5514734],[73.8727743,18.5516378],[73.8731955,18.5522527],[73.8732594,18.5523488],[73.873912,18.5533305],[73.8742056,18.5537312],[73.8742548,18.553806],[73.874307,18.5539005],[73.8743379,18.5539764],[73.874372,18.5540843],[73.8745449,18.5548426],[73.8745814,18.5549931],[73.8745952,18.5550497],[73.8746391,18.555203],[73.8746598,18.5552613],[73.8746767,18.555309],[73.8746977,18.555357],[73.8747337,18.5554454],[73.8747786,18.5555348],[73.8753592,18.5566138],[73.8754989,18.5569309]]}},
{"type":"Feature","properties":{"osm_id":"40350570","code":5115,"fclass":"tertiary","name":"Sapras Road Lokmanya Tilak Road","ref":"","oneway":"B","maxspeed":0,"layer":0,"bridge":"F","tunnel":"F"},"geometry":{"type":"LineString","coordinates":[[73.8639279,18.5536734],[73.8641682,18.5537336],[73.8647204,18.553872],[73.8656206,18.5540977],[73.8661414,18.5542282],[73.8662411,18.5542412],[73.8663115,18.5542369],[73.8663637,18.5542169],[73.8664049,18.5541753],[73.8664341,18.5541163],[73.8665604,18.5537841],[73.8665952,18.5537225],[73.8666491,18.5536627],[73.8667104,18.5536063],[73.8667882,18.5535577],[73.8668559,18.5535308],[73.866941,18.5535178],[73.8670325,18.5535187],[73.8671006,18.5535286],[73.8673165,18.5535599],[73.867753,18.5536232],[73.8681329,18.5536655],[73.8686991,18.5537315],[73.8687917,18.5537413],[73.8698449,18.5538524],[73.8700499,18.55388],[73.871788,18.5540701],[73.8720753,18.5541441],[73.8722074,18.5541959],[73.8724608,18.5542953],[73.8726172,18.5543641],[73.8726368,18.5543727],[73.8728084,18.554444],[73.8737004,18.5548633],[73.8737992,18.5549149],[73.8740838,18.5550578]]}},
{"type":"Feature","properties":{"osm_id":"40350572","code":5115,"fclass":"tertiary","name":"Samrat Ashok Marg","ref":"","oneway":"B","maxspeed":0,"layer":0,"bridge":"F","tunnel":"F"},"geometry":{"type":"LineString","coordinates":[[73.8776501,18.5654968],[73.8776899,18.5654335],[73.8777331,18.5653982],[73.8777771,18.5653622],[73.8778505,18.5653022],[73.8787715,18.565145],[73.8788201,18.5651367],[73.8807036,18.5648153],[73.880863,18.5647881],[73.8818658,18.5646172],[73.8824308,18.5645209],[73.8826313,18.5644853],[73.8830916,18.5644036],[73.8836542,18.5642889],[73.884146,18.5642033],[73.8843686,18.5641525],[73.8848457,18.5640419],[73.8849393,18.56401],[73.8850079,18.5639931],[73.8850452,18.5639763],[73.885232,18.5639291],[73.8853607,18.5638712],[73.8854954,18.5638109],[73.8856552,18.5637178],[73.8859013,18.5635744],[73.8867968,18.5631143],[73.8871829,18.5629225],[73.8873641,18.5628324],[73.8876495,18.5626906],[73.8879946,18.5625191],[73.8884601,18.5622944],[73.8890776,18.5620065],[73.8893612,18.5618542],[73.8899724,18.5615405],[73.8908663,18.5610816],[73.8911509,18.5609355],[73.8912827,18.5608635],[73.8914041,18.5607971],[73.8915265,18.5606988],[73.8915823,18.5606181],[73.8916169,18.5605248],[73.8916488,18.5604391],[73.8916834,18.560366],[73.8917193,18.5603279],[73.8917495,18.5603075],[73.8918531,18.5602608]]}},
{"type":"Feature","properties":{"osm_id":"40838495","code":5122,"fclass":"residential","name":"","ref":"","oneway":"B","maxspeed":0,"layer":0,"bridge":"F","tunnel":"F"},"geometry":{"type":"LineString","coordinates":[[73.8794678,18.5685559],[73.880094,18.5685567],[73.8806536,18.5685419],[73.8808984,18.5685354],[73.8810961,18.5685301],[73.8813524,18.5685233],[73.8815926,18.5685185],[73.8823205,18.5685111],[73.882408,18.5685102],[73.8827189,18.5685071],[73.8829191,18.5685052],[73.8830991,18.5685034],[73.8832667,18.5684935],[73.8836907,18.5684605],[73.8838055,18.5684516],[73.8841919,18.5683944],[73.8847214,18.568328],[73.8850011,18.5682929]]}},
{"type":"Feature","properties":{"osm_id":"40838496","code":5122,"fclass":"residential","name":"","ref":"","oneway":"B","maxspeed":0,"layer":0,"bridge":"F","tunnel":"F"},"geometry":{"type":"LineString","coordinates":[[73.881514,18.567246],[73.8815513,18.5678498],[73.8815926,18.5685185]]}},
{"type":"Feature","properties":{"osm_id":"40838497","code":5122,"fclass":"residential","name":"","ref":"","oneway":"B","maxspeed":0,"layer":0,"bridge":"F","tunnel":"F"},"geometry":{"type":"LineString","coordinates":[[73.880863,18.5647881],[73.8810579,18.565563],[73.8810943,18.5657078],[73.8811538,18.5659442],[73.8812222,18.5660819]]}},
{"type":"Feature","properties":{"osm_id":"41416532","code":5122,"fclass":"residential","name":"","ref":"","oneway":"B","maxspeed":0,"layer":0,"bridge":"F","tunnel":"F"},"geometry":{"type":"LineString","coordinates":[[73.8796089,18.5174671],[73.8792866,18.5175104],[73.8789406,18.5175482],[73.8788397,18.5175467],[73.8783655,18.5176127],[73.8781374,18.5176388],[73.8774409,18.517752],[73.877107,18.5178428],[73.8770288,18.5178641]]}},
{"type":"Feature","properties":{"osm_id":"41416533","code":5122,"fclass":"residential","name":"Taboot Street","ref":"","oneway":"B","maxspeed":0,"layer":0,"bridge":"F","tunnel":"F"},"geometry":{"type":"LineString","coordinates":[[73.8781391,18.5173177],[73.8781145,18.5169007],[73.8781012,18.5166764],[73.8780955,18.5165795],[73.8780722,18.5161856],[73.8780647,18.516118],[73.87802,18.5157139],[73.8779917,18.5154215],[73.8779784,18.51531],[73.8779112,18.5147481],[73.8779005,18.5145894],[73.8778835,18.5144857],[73.8778502,18.5143898],[73.8777194,18.5142064]]}},
{"type":"Feature","properties":{"osm_id":"41417161","code":5122,"fclass":"residential","name":"R S Kedari Road","ref":"","oneway":"B","maxspeed":0,"layer":0,"bridge":"F","tunnel":"F"},"geometry":{"type":"LineString","coordinates":[[73.8779457,18.5114255],[73.877786,18.5114245],[73.8763908,18.5114162]]}},
{"type":"Feature","properties":{"osm_id":"41417200","code":5122,"fclass":"residential","name":"Blundell Road","ref":"","oneway":"B","maxspeed":0,"layer":0,"bridge":"F","tunnel":"F"},"geometry":{"type":"LineString","coordinates":[[73.8778965,18.512862],[73.8776037,18.5128341],[73.8770988,18.5127704],[73.8766581,18.5127148],[73.8763983,18.5127228]]}},
{"type":"Feature","properties":{"osm_id":"41447016","code":5115,"fclass":"tertiary","name":"","ref":"","oneway":"B","maxspeed":0,"layer":0,"bridge":"F","tunnel":"F"},"geometry":{"type":"LineString","coordinates":[[73.8965412,18.51623],[73.8974101,18.5161551],[73.8975189,18.5161265],[73.8976181,18.5160866],[73.8976989,18.5160672],[73.8978046,18.516057],[73.8978822,18.5160621],[73.8979867,18.5160846]]}},
{"type":"Feature","properties":{"osm_id":"41447018","code":5122,"fclass":"residential","name":"Sopan Baug Road","ref":"","oneway":"B","maxspeed":0,"layer":0,"bridge":"F","tunnel":"F"},"geometry":{"type":"LineString","coordinates":[[73.905326,18.5149261],[73.9044258,18.5139512],[73.9037036,18.5131689],[73.9031577,18.5126039],[73.9028042,18.5121877],[73.9027526,18.5121531],[73.9026632,18.5121457],[73.9019072,18.512198],[73.9014052,18.5122046],[73.9009778,18.5122103]]}},
{"type":"Feature","properties":{"osm_id":"41450322","code":5122,"fclass":"residential","name":"","ref":"","oneway":"B","maxspeed":0,"layer":0,"bridge":"F","tunnel":"F"},"geometry":{"type":"LineString","coordinates":[[73.9037036,18.5131689],[73.9034442,18.5134188],[73.9034159,18.5134675],[73.9034157,18.5135233],[73.9034583,18.5140401],[73.9035193,18.5146027],[73.9035593,18.5150851]]}},
{"type":"Feature","properties":{"osm_id":"41450325","code":5122,"fclass":"residential","name":"","ref":"","oneway":"B","maxspeed":0,"layer":0,"bridge":"F","tunnel":"F"},"geometry":{"type":"LineString","coordinates":[[73.9026568,18.5141202],[73.9034583,18.5140401],[73.9040413,18.513985],[73.9044258,18.5139512]]}},
{"type":"Feature","properties":{"osm_id":"41501662","code":5115,"fclass":"tertiary","name":"Netaji Subhash Marg","ref":"","oneway":"B","maxspeed":0,"layer":0,"bridge":"F","tunnel":"F"},"geometry":{"type":"LineString","coordinates":[[73.8396696,18.5563897],[73.8403592,18.5563867],[73.841239,18.5563964],[73.8416529,18.5563908],[73.8418264,18.5563624],[73.8421346,18.5562613],[73.8422265,18.5562311],[73.8424984,18.5560657],[73.8427395,18.5558858],[73.8429549,18.5556353],[73.8430594,18.5554477],[73.8431011,18.5553727],[73.8432088,18.5551126],[73.843255,18.5548475],[73.8432795,18.5542622],[73.8432851,18.5537245],[73.8432836,18.5535912],[73.843289,18.5532961],[73.8432902,18.5532274],[73.8432958,18.5526782],[73.843298,18.5524663],[73.8433022,18.5520627],[73.8433048,18.5518049],[73.8433072,18.5515472],[73.8433145,18.5508453],[73.8433117,18.5506125],[73.8433186,18.5504695],[73.8433224,18.5501003],[73.8433264,18.5497076],[73.8433277,18.5495872],[73.8433302,18.5493409],[73.8433331,18.5490627],[73.8433343,18.5489428],[73.8433383,18.5485563],[73.8433517,18.547249],[73.8433627,18.546178],[73.8433635,18.5461083],[73.8433746,18.5450291]]}},
{"type":"Feature","properties":{"osm_id":"41656398","code":5141,"fclass":"service","name":"","ref":"","oneway":"B","maxspeed":0,"layer":0,"bridge":"F","tunnel":"F"},"geometry":{"type":"LineString","coordinates":[[73.9122527,18.5351328],[73.9124071,18.5360678],[73.912415,18.5361061],[73.9125432,18.5367302],[73.9125635,18.5368288],[73.9126147,18.5371424],[73.9126777,18.5375284],[73.912699,18.5376589],[73.9127767,18.5380336],[73.9128512,18.5383926],[73.9128859,18.5384445],[73.9129345,18.5384608],[73.9135605,18.5384151]]}},
{"type":"Feature","properties":{"osm_id":"41656399","code":5115,"fclass":"tertiary","name":"Hari Ganga Avenue","ref":"","oneway":"B","maxspeed":0,"layer":0,"bridge":"F","tunnel":"F"},"geometry":{"type":"LineString","coordinates":[[73.8811758,18.555166],[73.8811687,18.555213],[73.8811597,18.5552555],[73.8811392,18.5553521],[73.8810958,18.5554228],[73.8810573,18.5554551],[73.8798194,18.5557234],[73.8787277,18.5559601],[73.8786114,18.5559853],[73.8785471,18.5559992],[73.8784373,18.556023],[73.8780574,18.5561123],[73.8778209,18.5561875],[73.877743,18.5562122],[73.8775171,18.5562788],[73.8771262,18.5564175],[73.8770105,18.5564555],[73.8769494,18.5564755],[73.87669,18.5565605],[73.8763268,18.5566687],[73.8757054,18.5568538]]}},
{"type":"Feature","properties":{"osm_id":"41844106","code":5112,"fclass":"trunk","name":"","ref":"NH753F","oneway":"F","maxspeed":0,"layer":0,"bridge":"F","tunnel":"F"},"geometry":{"type":"LineString","coordinates":[[74.0014278,18.5957776],[74.0015184,18.5958717],[74.001655,18.5960136],[74.0022865,18.5966137],[74.0027458,18.5969528],[74.0030085,18.5971468],[74.0030677,18.5971822],[74.0035909,18.5974949],[74.0041661,18.5978386],[74.0048627,18.5982548],[74.0049924,18.5983323],[74.0054641,18.5986142],[74.005856,18.5988484],[74.0062022,18.5990553],[74.0069441,18.5994986],[74.0072966,18.5996705],[74.0084834,18.6002492],[74.0088056,18.600448],[74.0094672,18.60101],[74.0102832,18.6018018],[74.0104357,18.6019498],[74.0108609,18.6023623],[74.0117481,18.6032232],[74.0121506,18.6035954],[74.0129374,18.6043229],[74.0133858,18.6047375],[74.0137958,18.6052155],[74.0144841,18.6062159],[74.0145506,18.6063125],[74.0148435,18.6068127],[74.0150077,18.6072578],[74.0151035,18.6077028],[74.0153056,18.6086417],[74.0155128,18.6095537],[74.0155746,18.6097583],[74.0157365,18.6102942],[74.0158619,18.6107165],[74.0160364,18.6110504],[74.0161242,18.6111913],[74.0162603,18.6113461],[74.0164011,18.6114791],[74.0165914,18.6116485],[74.0170963,18.612027],[74.017313,18.6121884],[74.0174549,18.6123159],[74.0176076,18.6124474],[74.0183486,18.6132683],[74.0184854,18.6134398],[74.0186436,18.6136463],[74.018723,18.6137871],[74.0187873,18.6139344],[74.01886,18.6141712],[74.0189977,18.6148938],[74.01905,18.615162],[74.0191305,18.615514],[74.0192163,18.6158203],[74.0193249,18.6160415],[74.0194891,18.6162906],[74.019622,18.6164285],[74.0198091,18.6166426],[74.020033,18.6168256],[74.0204099,18.6170493],[74.0211965,18.6174081],[74.0214586,18.6175564],[74.0216652,18.6176835],[74.0218757,18.6178348],[74.0219897,18.6179491],[74.0221305,18.6181398],[74.0225555,18.618824],[74.0227255,18.6190257],[74.0232477,18.6195251],[74.0234797,18.6197856],[74.0237859,18.6201519],[74.0239383,18.6203054],[74.0240666,18.6204003],[74.0243153,18.6205404],[74.0246102,18.6206854],[74.025045,18.6208782],[74.0255463,18.6210817],[74.0262561,18.6213139],[74.0263007,18.6213298],[74.0263801,18.6213607],[74.0264538,18.6213981],[74.0265122,18.6214479],[74.0265849,18.6215193],[74.0270643,18.6221367],[74.0271137,18.6222003],[74.0276448,18.6227329],[74.0287861,18.6235279],[74.028992,18.6236714],[74.0295609,18.6240047],[74.0299987,18.62427],[74.0303821,18.6244857],[74.0311073,18.6249674],[74.0311433,18.624994],[74.0319101,18.6255623],[74.0322843,18.6258395],[74.0327456,18.6261814],[74.0337206,18.6269094],[74.0337907,18.6269617],[74.0344766,18.6273878],[74.0348639,18.6276308],[74.0350115,18.6277234],[74.0353782,18.6279535],[74.0356156,18.6281025],[74.0359122,18.6282886],[74.0379377,18.6295486],[74.0404194,18.631859]]}},
{"type":"Feature","properties":{"osm_id":"41844287","code":5122,"fclass":"residential","name":"","ref":"","oneway":"B","maxspeed":0,"layer":0,"bridge":"F","tunnel":"F"},"geometry":{"type":"LineString","coordinates":[[73.8964045,18.4362858],[73.8976928,18.4363513],[73.8981092,18.4363725],[73.8987207,18.4364196],[73.8990879,18.4364582],[73.899119,18.4364615],[73.8994637,18.4365035],[73.8996273,18.4365239],[73.8996997,18.4365201],[73.8997722,18.4365023],[73.8999277,18.4364285],[73.9002322,18.4362469],[73.900409,18.4361145],[73.9004843,18.4360531],[73.9006104,18.435889],[73.9007029,18.4357364],[73.9007686,18.4355862],[73.9008489,18.4354005],[73.9008692,18.4353534],[73.9009738,18.4350088]]}},
{"type":"Feature","properties":{"osm_id":"41901320","code":5122,"fclass":"residential","name":"Siddharth Road","ref":"","oneway":"B","maxspeed":0,"layer":0,"bridge":"F","tunnel":"F"},"geometry":{"type":"LineString","coordinates":[[73.8774755,18.5392601],[73.8776665,18.538385],[73.8777111,18.5381807],[73.8777621,18.5379466],[73.8778244,18.5376611],[73.8778574,18.5375097],[73.8778671,18.537454],[73.8779159,18.5371743],[73.8779353,18.5370632],[73.8780101,18.5363563],[73.878016,18.5363002],[73.8780599,18.5359815],[73.8780866,18.5357874],[73.8781486,18.535443],[73.8781998,18.5351583],[73.8782494,18.5348221]]}},
{"type":"Feature","properties":{"osm_id":"42213274","code":5115,"fclass":"tertiary","name":"Magarpatta Inner Circle","ref":"","oneway":"F","maxspeed":40,"layer":0,"bridge":"F","tunnel":"F"},"geometry":{"type":"LineString","coordinates":[[73.9242932,18.5150915],[73.9243024,18.5151545],[73.9243103,18.5152084],[73.924335,18.515324],[73.9243674,18.5154378],[73.9244073,18.5155496],[73.9244544,18.5156587],[73.9245087,18.5157648],[73.92457,18.5158675],[73.9246379,18.5159663],[73.9247122,18.5160609],[73.9247926,18.5161509],[73.9248788,18.5162359],[73.9249706,18.5163156],[73.9250673,18.5163897],[73.9251688,18.5164579],[73.9252747,18.5165199],[73.9253844,18.5165755],[73.9254975,18.5166244],[73.9256138,18.5166665],[73.9257325,18.5167016],[73.9258533,18.5167296],[73.9259758,18.5167503],[73.9260994,18.5167637],[73.9262236,18.5167697],[73.9263009,18.5167701],[73.926348,18.5167683],[73.9264012,18.5167645],[73.9264721,18.5167595],[73.9265953,18.5167433],[73.9267172,18.5167198],[73.9268373,18.5166891],[73.9269551,18.5166513],[73.9270702,18.5166066],[73.9271821,18.5165551],[73.9272904,18.516497],[73.9273946,18.5164326],[73.9274944,18.5163622],[73.9275893,18.5162859],[73.9276789,18.5162041],[73.927763,18.5161172],[73.9278411,18.5160254],[73.927913,18.5159291],[73.9279784,18.5158288],[73.928037,18.5157248],[73.9280887,18.5156174],[73.9281331,18.5155073],[73.9281701,18.5153947],[73.9281996,18.5152801],[73.9282214,18.515164],[73.9282355,18.5150468],[73.9282419,18.514929],[73.9282413,18.5148766],[73.9282404,18.514811],[73.928234,18.5147302],[73.9282311,18.5146934],[73.928214,18.5145765],[73.9281892,18.514461],[73.9281569,18.5143471],[73.928117,18.5142353],[73.9280698,18.5141262],[73.9280155,18.5140201],[73.9279543,18.5139174],[73.9278864,18.5138185],[73.9278121,18.513724],[73.9277316,18.513634],[73.9276454,18.513549],[73.9275537,18.5134693],[73.9274569,18.5133952],[73.9273554,18.513327],[73.9272496,18.513265],[73.9271399,18.5132094],[73.9270267,18.5131605],[73.9269105,18.5131183],[73.9267918,18.5130832],[73.9266709,18.5130553],[73.9265485,18.5130346],[73.9264249,18.5130212],[73.9263006,18.5130152],[73.9262508,18.5130158],[73.9262053,18.5130163],[73.9261762,18.5130166],[73.9261278,18.51302],[73.9260522,18.5130254],[73.925929,18.5130416],[73.9258071,18.5130651],[73.925687,18.5130958],[73.9255691,18.5131336],[73.925454,18.5131783],[73.9253421,18.5132298],[73.9252338,18.5132879],[73.9251296,18.5133522],[73.9250299,18.5134227],[73.924935,18.513499],[73.9248453,18.5135808],[73.9247613,18.5136677],[73.9246831,18.5137595],[73.9246112,18.5138557],[73.924598,18.513876],[73.9245458,18.5139561],[73.9244872,18.5140601],[73.9244356,18.5141674],[73.9243912,18.5142776],[73.9243542,18.5143902],[73.9243247,18.5145048],[73.9243028,18.5146209],[73.9242887,18.5147382],[73.9242824,18.5148559],[73.9242831,18.5149057],[73.9242839,18.5149739],[73.92429,18.5150514],[73.9242932,18.5150915]]}},
{"type":"Feature","properties":{"osm_id":"42213291","code":5122,"fclass":"residential","name":"Cosmos Road - Mahalaxmi Road","ref":"","oneway":"B","maxspeed":20,"layer":0,"bridge":"F","tunnel":"F"},"geometry":{"type":"LineString","coordinates":[[73.9287286,18.5102682],[73.9288509,18.5102652],[73.9293649,18.510252],[73.9296807,18.5102816],[73.9298716,18.5103531],[73.9300064,18.5104379],[73.9302102,18.5105978],[73.9303382,18.5107611],[73.9304275,18.5108944],[73.9304993,18.5110477],[73.9305255,18.5111644],[73.9305635,18.5115085],[73.9305918,18.5121871],[73.9306248,18.5129768]]}},
{"type":"Feature","properties":{"osm_id":"42555086","code":5122,"fclass":"residential","name":"","ref":"","oneway":"B","maxspeed":0,"layer":0,"bridge":"F","tunnel":"F"},"geometry":{"type":"LineString","coordinates":[[73.8562684,18.5672995],[73.856136,18.5672606],[73.8557185,18.5671162],[73.8547756,18.5669443],[73.8545862,18.5669098],[73.8545461,18.5669025],[73.8544816,18.5668907],[73.8538732,18.5667797],[73.8537902,18.5667554],[73.8534318,18.5666503],[73.8529291,18.566503],[73.8527491,18.5664143],[73.8526018,18.5663418],[73.851839,18.565966],[73.85104,18.5653074],[73.850468,18.5648359]]}},
{"type":"Feature","properties":{"osm_id":"42555087","code":5115,"fclass":"tertiary","name":"Khadki Bazar-Vishrantwadi Road","ref":"","oneway":"B","maxspeed":40,"layer":0,"bridge":"F","tunnel":"F"},"geometry":{"type":"LineString","coordinates":[[73.8580686,18.5733347],[73.8575108,18.5717748],[73.8574766,18.5716779],[73.8574245,18.5715305],[73.8567535,18.5696303],[73.8567304,18.5694246],[73.8567477,18.5692746],[73.8567996,18.5691263],[73.8568199,18.5690238],[73.8568208,18.5688382],[73.8567258,18.5685116],[73.8563994,18.567633],[73.8562684,18.5672995],[73.8561958,18.5671306],[73.8561302,18.566978],[73.8560717,18.5669005],[73.8560285,18.5668433],[73.8553311,18.5660514],[73.8552124,18.5659167],[73.8548964,18.5655585],[73.8547485,18.565391],[73.8542213,18.5647938],[73.8539801,18.5645143],[73.8539323,18.564459],[73.8532357,18.563652]]}},
{"type":"Feature","properties":{"osm_id":"42555088","code":5115,"fclass":"tertiary","name":"Khadki Bazar-Vishrantwadi Road","ref":"","oneway":"B","maxspeed":40,"layer":0,"bridge":"F","tunnel":"F"},"geometry":{"type":"LineString","coordinates":[[73.8667157,18.5688574],[73.8650714,18.5694504],[73.8643823,18.5696989],[73.8622187,18.5704111],[73.8600245,18.5713218],[73.8599422,18.5714083],[73.8599074,18.5715397],[73.8598111,18.572223],[73.8596065,18.5726884],[73.859442,18.5729993],[73.8593269,18.5731262],[73.8592001,18.5732138],[73.8587839,18.5732422],[73.8582207,18.5732818],[73.8581605,18.5732998],[73.8580965,18.573334]]}},
{"type":"Feature","properties":{"osm_id":"42555089","code":5115,"fclass":"tertiary","name":"Khadki Bazar-Vishrantwadi Road","ref":"","oneway":"B","maxspeed":40,"layer":0,"bridge":"F","tunnel":"F"},"geometry":{"type":"LineString","coordinates":[[73.8720797,18.5688927],[73.8712724,18.5689544],[73.8706461,18.569004],[73.8704824,18.5690192],[73.8702941,18.5690634],[73.8689983,18.5694964],[73.8689308,18.5695099],[73.8688517,18.5695125],[73.8687471,18.5694985],[73.8678183,18.569202],[73.8668477,18.5688409]]}},
{"type":"Feature","properties":{"osm_id":"42555090","code":5115,"fclass":"tertiary","name":"Khadki Bazar-Vishrantwadi Road","ref":"","oneway":"B","maxspeed":40,"layer":0,"bridge":"F","tunnel":"F"},"geometry":{"type":"LineString","coordinates":[[73.8739958,18.5687334],[73.8747256,18.5686705],[73.8748575,18.5686591],[73.8750345,18.5686439],[73.8751415,18.5686347],[73.8753265,18.5686187],[73.875566,18.5685981],[73.8757371,18.5685831],[73.8760253,18.5685579],[73.8761305,18.5685426],[73.8763922,18.5685047],[73.8765532,18.5684583],[73.8767415,18.568384],[73.8768432,18.5683427],[73.8774699,18.5680878],[73.8776263,18.5680176],[73.8777699,18.5679413],[73.877827,18.5679057],[73.8778738,18.5678764],[73.8779386,18.567836],[73.8780473,18.5677572],[73.8781165,18.5677071],[73.8782019,18.5676452],[73.8783419,18.5675438],[73.8786488,18.5673214],[73.8790699,18.5670162],[73.8791366,18.5669624],[73.8791951,18.5669034],[73.8792618,18.5668572],[73.8793112,18.566821]]}},
{"type":"Feature","properties":{"osm_id":"42555091","code":5115,"fclass":"tertiary","name":"Khadki Bazar-Shantinagar Bridge","ref":"","oneway":"B","maxspeed":40,"layer":1,"bridge":"T","tunnel":"F"},"geometry":{"type":"LineString","coordinates":[[73.8739958,18.5687334],[73.8720797,18.5688927]]}},
{"type":"Feature","properties":{"osm_id":"42555092","code":5114,"fclass":"secondary","name":"Bhau Patil Path","ref":"","oneway":"F","maxspeed":0,"layer":0,"bridge":"F","tunnel":"F"},"geometry":{"type":"LineString","coordinates":[[73.8302104,18.5625481],[73.8302166,18.5626197],[73.8302923,18.5629716],[73.8303582,18.5631817],[73.8304274,18.5633531],[73.8305878,18.5637504],[73.8306385,18.5638759],[73.8306944,18.5640142],[73.8308262,18.5643753],[73.8309847,18.5649505],[73.8310717,18.5652781],[73.8311898,18.5656939],[73.8312822,18.5660192],[73.8313646,18.5663052],[73.8314197,18.5664965],[73.8314411,18.5665704],[73.8315569,18.5669711],[73.8315742,18.5670221],[73.8316047,18.5671121],[73.8317702,18.5676009],[73.8320878,18.5685093],[73.8322098,18.5688583],[73.8322609,18.569015],[73.8322712,18.5690465],[73.8325451,18.5698861],[73.8325619,18.5699377],[73.8327935,18.5706474],[73.8328051,18.5706733],[73.8328572,18.5707902]]}},
{"type":"Feature","properties":{"osm_id":"42555093","code":5113,"fclass":"primary","name":"Breman Chowk - Khadki Bazar Road","ref":"","oneway":"B","maxspeed":0,"layer":0,"bridge":"F","tunnel":"F"},"geometry":{"type":"LineString","coordinates":[[73.8447668,18.5567494],[73.8456077,18.557027],[73.8456101,18.5570281],[73.8458223,18.557121],[73.8461697,18.5572732],[73.8462306,18.557309],[73.8462725,18.5573398],[73.8463251,18.5574132]]}},
{"type":"Feature","properties":{"osm_id":"42555634","code":5122,"fclass":"residential","name":"","ref":"","oneway":"B","maxspeed":0,"layer":0,"bridge":"F","tunnel":"F"},"geometry":{"type":"LineString","coordinates":[[73.8654095,18.5728445],[73.8642735,18.5724747],[73.8633178,18.5722536]]}},
{"type":"Feature","properties":{"osm_id":"42555635","code":5115,"fclass":"tertiary","name":"Khadki Bazar-Vishrantwadi Road","ref":"","oneway":"B","maxspeed":40,"layer":0,"bridge":"F","tunnel":"F"},"geometry":{"type":"LineString","coordinates":[[73.8668477,18.5688409],[73.8669452,18.5691962],[73.8672972,18.5701562],[73.8673895,18.5704372],[73.8677435,18.571515],[73.867898,18.5720113],[73.8678511,18.5722892],[73.8678293,18.5724181],[73.8676834,18.5726703],[73.8673889,18.5730347],[73.8673583,18.5730558],[73.8673156,18.5730688]]}},
{"type":"Feature","properties":{"osm_id":"42555636","code":5141,"fclass":"service","name":"","ref":"","oneway":"B","maxspeed":0,"layer":0,"bridge":"F","tunnel":"F"},"geometry":{"type":"LineString","coordinates":[[73.8627377,18.5712528],[73.8601484,18.5719066],[73.8600425,18.5719652],[73.8599304,18.5720589],[73.8598111,18.572223]]}},
{"type":"Feature","properties":{"osm_id":"42555637","code":5141,"fclass":"service","name":"","ref":"","oneway":"B","maxspeed":0,"layer":0,"bridge":"F","tunnel":"F"},"geometry":{"type":"LineString","coordinates":[[73.8649149,18.5758736],[73.8647573,18.5754755],[73.8646124,18.5751205],[73.8645902,18.5750722],[73.8643486,18.5745494],[73.8641628,18.5740894],[73.8640644,18.5738731],[73.8639654,18.5736597],[73.8637638,18.573225],[73.8636086,18.5729291],[73.8633178,18.5722536],[73.8631373,18.5719422],[73.8630349,18.5717655],[73.8627377,18.5712528],[73.8622187,18.5704111]]}},
{"type":"Feature","properties":{"osm_id":"42555638","code":5115,"fclass":"tertiary","name":"Khadki Bazar-Vishrantwadi Road","ref":"","oneway":"B","maxspeed":40,"layer":0,"bridge":"F","tunnel":"F"},"geometry":{"type":"LineString","coordinates":[[73.8581294,18.5734713],[73.8581711,18.5735564],[73.8582783,18.5738851],[73.8583428,18.5740827],[73.8583776,18.5741628],[73.8584332,18.5742],[73.8585064,18.5742111],[73.8608875,18.573328],[73.8610468,18.573282],[73.8619242,18.5730283],[73.8620213,18.5730226],[73.8636086,18.5729291],[73.8643789,18.5728737],[73.8654095,18.5728445],[73.865529,18.5728411],[73.8658971,18.5728788],[73.867195,18.573071],[73.867271,18.5730732],[73.8673156,18.5730688]]}},
{"type":"Feature","properties":{"osm_id":"42557054","code":5122,"fclass":"residential","name":"","ref":"","oneway":"B","maxspeed":0,"layer":0,"bridge":"F","tunnel":"F"},"geometry":{"type":"LineString","coordinates":[[73.8432795,18.5542622],[73.8445171,18.5543626],[73.8447025,18.5544849],[73.844661,18.5545944],[73.8445955,18.5549588],[73.8444792,18.5552174],[73.8444436,18.5553295],[73.8443105,18.5560454],[73.8442667,18.5562808],[73.844265,18.5563655],[73.84431,18.5565531]]}},
{"type":"Feature","properties":{"osm_id":"42557240","code":5113,"fclass":"primary","name":"Rajiv Gandhi Bridge","ref":"","oneway":"F","maxspeed":0,"layer":1,"bridge":"T","tunnel":"F"},"geometry":{"type":"LineString","coordinates":[[73.8115378,18.5672913],[73.8114518,18.5685199]]}},
{"type":"Feature","properties":{"osm_id":"42672927","code":5132,"fclass":"trunk_link","name":"","ref":"","oneway":"B","maxspeed":0,"layer":0,"bridge":"F","tunnel":"F"},"geometry":{"type":"LineString","coordinates":[[73.8366801,18.5725799],[73.836287,18.5731292],[73.8361676,18.5732767],[73.8359691,18.5735933]]}},
{"type":"Feature","properties":{"osm_id":"42672928","code":5113,"fclass":"primary","name":"Lakshmanrao Kirloskar Road","ref":"","oneway":"B","maxspeed":0,"layer":0,"bridge":"F","tunnel":"F"},"geometry":{"type":"LineString","coordinates":[[73.838712,18.5711863],[73.8388826,18.571106],[73.8393643,18.5708792],[73.8397739,18.5706864],[73.8400164,18.5705722],[73.8404701,18.5703581],[73.8406744,18.5702616],[73.8411456,18.5700384],[73.8416127,18.5698176],[73.842327,18.5694844],[73.8427249,18.5693062],[73.8427746,18.5692845],[73.8428898,18.5692341]]}},
{"type":"Feature","properties":{"osm_id":"42886443","code":5122,"fclass":"residential","name":"","ref":"","oneway":"F","maxspeed":20,"layer":0,"bridge":"F","tunnel":"F"},"geometry":{"type":"LineString","coordinates":[[73.9289356,18.5147061],[73.928929,18.5145759],[73.9288581,18.5131674],[73.9288285,18.512159],[73.9288127,18.5120513],[73.9287964,18.5117041],[73.9287903,18.5115755],[73.9287876,18.5115191],[73.9287766,18.5112845],[73.9287412,18.5105343],[73.9287322,18.5103201],[73.9287286,18.5102682]]}},
{"type":"Feature","properties":{"osm_id":"42886446","code":5115,"fclass":"tertiary","name":"Oxygen Zone","ref":"","oneway":"B","maxspeed":40,"layer":0,"bridge":"F","tunnel":"F"},"geometry":{"type":"LineString","coordinates":[[73.9304223,18.5147663],[73.9304586,18.5148396],[73.9305152,18.5149001],[73.9305875,18.5149431],[73.9306697,18.514965],[73.9307287,18.5149644],[73.930755,18.5149641],[73.9308366,18.5149404],[73.9309078,18.5148959],[73.930963,18.5148341],[73.9309975,18.5147602],[73.9310087,18.51468],[73.9309956,18.5146],[73.9309593,18.5145268],[73.9309027,18.5144663],[73.9308304,18.5144233],[73.9307483,18.5144014],[73.9306894,18.5144021],[73.9306629,18.5144023],[73.9305814,18.514426],[73.9305101,18.5144705],[73.930455,18.5145322],[73.9304204,18.5146062],[73.9304092,18.5146864],[73.9304223,18.5147663]]}},
{"type":"Feature","properties":{"osm_id":"42886451","code":5115,"fclass":"tertiary","name":"Main Gate Road","ref":"","oneway":"F","maxspeed":40,"layer":0,"bridge":"F","tunnel":"F"},"geometry":{"type":"LineString","coordinates":[[73.928128,18.5148832],[73.9282413,18.5148766],[73.928308,18.5148738],[73.9284603,18.5148673],[73.9289418,18.5148469],[73.9295377,18.5148218],[73.9301937,18.514791],[73.9304586,18.5148396]]}},
{"type":"Feature","properties":{"osm_id":"43156730","code":5122,"fclass":"residential","name":"","ref":"","oneway":"B","maxspeed":0,"layer":0,"bridge":"F","tunnel":"F"},"geometry":{"type":"LineString","coordinates":[[73.8922297,18.5500642],[73.8920441,18.5498137],[73.8921508,18.5497337],[73.8926315,18.5493861],[73.892844,18.5492315]]}},
{"type":"Feature","properties":{"osm_id":"45119465","code":5113,"fclass":"primary","name":"Bhosari Telco Road","ref":"","oneway":"F","maxspeed":0,"layer":0,"bridge":"F","tunnel":"F"},"geometry":{"type":"LineString","coordinates":[[73.8424363,18.6189035],[73.8428234,18.6184612],[73.8438691,18.6173313],[73.8441654,18.6170112],[73.8450524,18.6160528],[73.8453115,18.6157728]]}},
{"type":"Feature","properties":{"osm_id":"48061121","code":5115,"fclass":"tertiary","name":"Bhagwan Tatyasaheb Kawade Marg","ref":"","oneway":"F","maxspeed":50,"layer":0,"bridge":"F","tunnel":"F"},"geometry":{"type":"LineString","coordinates":[[73.9062264,18.5291976],[73.9062121,18.5290796],[73.906207,18.5288304],[73.9062288,18.5285984],[73.9062326,18.5282573],[73.9062319,18.5280533],[73.9062324,18.5278164],[73.9062376,18.5274099],[73.9062498,18.5264411],[73.9062507,18.5263738],[73.9062556,18.5259883],[73.9062681,18.5255643],[73.9062736,18.5254771],[73.9063015,18.5250345],[73.9063201,18.524739],[73.9063551,18.5242051],[73.9063616,18.5241051],[73.9063721,18.5240208],[73.9063805,18.5237133],[73.9063847,18.5235593],[73.9063937,18.5232539],[73.906399,18.5230738],[73.9064187,18.5227718],[73.9064248,18.522663],[73.9064345,18.5224891],[73.9064402,18.5223878],[73.9064586,18.5221131],[73.9064634,18.5220752],[73.9064714,18.522004],[73.9064958,18.5217454],[73.9065134,18.5214845],[73.9065426,18.5209414],[73.9065472,18.5208555],[73.9065522,18.5207697],[73.9065652,18.5205917],[73.906567,18.520401],[73.9065777,18.5201797],[73.9065829,18.5201063],[73.9066014,18.5198466],[73.9066052,18.5197763],[73.9066204,18.5195744],[73.9066269,18.5194184],[73.906656,18.519101],[73.9066631,18.5190073],[73.9066645,18.5189889],[73.9066684,18.5188706],[73.906671,18.5187941]]}},
{"type":"Feature","properties":{"osm_id":"48348110","code":5115,"fclass":"tertiary","name":"","ref":"","oneway":"B","maxspeed":0,"layer":0,"bridge":"F","tunnel":"F"},"geometry":{"type":"LineString","coordinates":[[73.8252189,18.497884],[73.8254411,18.4980101],[73.8255549,18.4980491],[73.8256522,18.4980595],[73.8257688,18.4980439],[73.8258455,18.4980387],[73.8259086,18.4980595],[73.8260032,18.4981089],[73.8261019,18.4981557],[73.826458,18.498104],[73.8269621,18.4980294]]}},
{"type":"Feature","properties":{"osm_id":"48732453","code":5113,"fclass":"primary","name":"Sinhagad Road","ref":"","oneway":"F","maxspeed":0,"layer":0,"bridge":"F","tunnel":"F"},"geometry":{"type":"LineString","coordinates":[[73.7952627,18.4541511],[73.7952923,18.4542436],[73.7953426,18.4543359],[73.7953792,18.4543798],[73.7954108,18.4544105],[73.7954603,18.4544393],[73.7955137,18.4544628],[73.7955989,18.4544813],[73.7956865,18.4544967],[73.7957816,18.4545111],[73.7958508,18.4545169],[73.795989,18.4545297],[73.7961148,18.454535],[73.7962085,18.454524]]}},
{"type":"Feature","properties":{"osm_id":"48732614","code":5122,"fclass":"residential","name":"Nandoshi Road","ref":"","oneway":"B","maxspeed":0,"layer":0,"bridge":"F","tunnel":"F"},"geometry":{"type":"LineString","coordinates":[[73.7884132,18.4455364],[73.7885822,18.4454711],[73.7888464,18.445369],[73.7891146,18.445369],[73.7892434,18.4453385],[73.7893399,18.4452774],[73.7894784,18.4448678],[73.7895037,18.4447931],[73.7895223,18.444738],[73.7896403,18.4443207],[73.789642,18.4442929],[73.7896743,18.4437603],[73.7896855,18.4435753],[73.789694,18.4434353],[73.7897798,18.4432012],[73.7899025,18.442987],[73.7902347,18.4424069],[73.7902519,18.4423768],[73.7903518,18.4420924],[73.7903592,18.4420714],[73.7903634,18.441992],[73.7903699,18.4418679],[73.7903593,18.4417871],[73.7903377,18.4416233],[73.7903163,18.4414608],[73.7903409,18.4413878],[73.7904021,18.4411961],[73.7905474,18.4411013],[73.7905737,18.4410842],[73.7907768,18.4410142],[73.7909781,18.4405086],[73.7911132,18.4401692],[73.7912643,18.4397895],[73.7913262,18.439634],[73.7913443,18.4395874],[73.7913708,18.4395193],[73.7913891,18.4394761],[73.7914953,18.4393139],[73.7915926,18.4392283],[73.7916466,18.4391809],[73.7918786,18.4390942],[73.7920007,18.4390486],[73.7924615,18.4389627],[73.7929105,18.438879],[73.7930628,18.4387941],[73.7932053,18.4386236],[73.7932467,18.4385741],[73.7933203,18.4382242],[73.7934241,18.4380583],[73.7935782,18.4379115],[73.7938532,18.4376196],[73.7943117,18.4370453],[73.794492,18.4368767],[73.7946453,18.4366821],[73.79471,18.4366117],[73.7950132,18.4363416],[73.7951095,18.4362239],[73.7951556,18.4361529],[73.7952756,18.4359112],[73.7953082,18.4357952],[73.7953372,18.4356365],[73.7954058,18.435352],[73.795504,18.434945],[73.7955227,18.4348229],[73.7955254,18.4347083],[73.7955031,18.4343402],[73.7955057,18.4342677],[73.7955129,18.4340673],[73.7955197,18.4338327],[73.7955362,18.433749],[73.7955683,18.4336473],[73.7955917,18.4335813],[73.7957742,18.4330665],[73.7960404,18.4323368],[73.7960833,18.4322223],[73.796112,18.4321548],[73.7963703,18.431548],[73.796433,18.4313772],[73.7965509,18.4310317],[73.7968284,18.430524],[73.7969363,18.4303265],[73.7970248,18.4302146],[73.7971669,18.4300492],[73.7975612,18.4296878],[73.7981889,18.4290059],[73.7982801,18.4289423],[73.798508,18.4288583],[73.7988031,18.4287412],[73.7989694,18.42867],[73.7991303,18.4284944],[73.7993503,18.4281992],[73.7995756,18.4279091],[73.799656,18.4277793],[73.7998105,18.4272732],[73.7999507,18.4268142],[73.8003737,18.4257878],[73.8004399,18.4256943],[73.800734,18.4252263],[73.8008416,18.4250591],[73.8008791,18.4249624],[73.8009019,18.4248937],[73.8009489,18.4246672],[73.8010052,18.4243262],[73.801024,18.4242537],[73.8010789,18.4241175],[73.8011205,18.4240335],[73.8012573,18.4237536],[73.8013056,18.4236696],[73.8014182,18.4234075],[73.8014451,18.4232956],[73.801496,18.4229037],[73.8015524,18.4227154],[73.801606,18.4225523],[73.8017294,18.4222013],[73.8017428,18.4221326],[73.8017468,18.4218845],[73.8017535,18.4218425],[73.8017683,18.4217904],[73.8018689,18.4214519],[73.8019024,18.4213972],[73.8020392,18.4212318],[73.8020593,18.4211974],[73.8020687,18.4211618],[73.8020794,18.421074],[73.8021304,18.4207839],[73.8021451,18.4207292],[73.80218,18.4206109],[73.8022991,18.4203211],[73.8024697,18.4199059],[73.8025019,18.4198372],[73.8026279,18.4195599],[73.802644,18.419509],[73.8026574,18.4194263],[73.8026601,18.4193054],[73.8026467,18.4191298],[73.8025984,18.4187735],[73.8025957,18.4185699],[73.8026065,18.4184859],[73.8027057,18.4181373],[73.8027406,18.4179541],[73.8027325,18.4178701],[73.8026928,18.4177497]]}},
{"type":"Feature","properties":{"osm_id":"48732641","code":5113,"fclass":"primary","name":"Sinhagad Road","ref":"","oneway":"F","maxspeed":0,"layer":0,"bridge":"F","tunnel":"F"},"geometry":{"type":"LineString","coordinates":[[73.7894069,18.4474271],[73.7895,18.4476762],[73.7896435,18.4479496],[73.7897831,18.4482075],[73.7899035,18.4484165],[73.7900133,18.4486045],[73.7906903,18.4497164],[73.7908273,18.4499287],[73.7912749,18.4506566],[73.7913692,18.4508274],[73.7914599,18.4509754],[73.7915491,18.4511054],[73.7916153,18.4511919],[73.7916704,18.4512625],[73.7919568,18.4516189],[73.7920615,18.4517397],[73.7921735,18.4518599],[73.792261,18.4519498],[73.7923693,18.4520551],[73.7925366,18.4522049],[73.7926731,18.4523103],[73.7929842,18.4525],[73.7933973,18.4527563],[73.7936311,18.4528851],[73.7936892,18.4529155],[73.7938035,18.4529455]]}},
{"type":"Feature","properties":{"osm_id":"49107367","code":5122,"fclass":"residential","name":"","ref":"","oneway":"B","maxspeed":0,"layer":0,"bridge":"F","tunnel":"F"},"geometry":{"type":"LineString","coordinates":[[73.8938318,18.5503451],[73.8937231,18.5505062],[73.8934817,18.5507242],[73.8933234,18.5508691],[73.8932947,18.5508954],[73.8931804,18.5510252],[73.8931189,18.5511722],[73.8930945,18.5512337],[73.8930281,18.5514014],[73.8929202,18.5516737],[73.8928673,18.5518033],[73.892858,18.5518589],[73.8928506,18.5519412],[73.8928448,18.5521035],[73.8928251,18.5523655],[73.8928221,18.5524756]]}},
{"type":"Feature","properties":{"osm_id":"49108273","code":5122,"fclass":"residential","name":"Council Hall Road","ref":"","oneway":"B","maxspeed":0,"layer":0,"bridge":"F","tunnel":"F"},"geometry":{"type":"LineString","coordinates":[[73.8806948,18.5285173],[73.8806641,18.5282234],[73.8806463,18.528053],[73.8805898,18.5276939],[73.8805174,18.527173],[73.8805191,18.5270389],[73.8804251,18.5261935],[73.8803714,18.525895],[73.8803587,18.5257225],[73.8803477,18.5256021],[73.8802039,18.5244069]]}},
{"type":"Feature","properties":{"osm_id":"49830977","code":5115,"fclass":"tertiary","name":"Ganesh Path","ref":"","oneway":"B","maxspeed":0,"layer":0,"bridge":"F","tunnel":"F"},"geometry":{"type":"LineString","coordinates":[[73.8604582,18.5190358],[73.860882,18.5191009],[73.8613017,18.5191654],[73.8615122,18.5191977]]}},
{"type":"Feature","properties":{"osm_id":"49830978","code":5122,"fclass":"residential","name":"Vaidya Nanal Shastri Path","ref":"","oneway":"B","maxspeed":0,"layer":0,"bridge":"F","tunnel":"F"},"geometry":{"type":"LineString","coordinates":[[73.8641285,18.5182102],[73.8641496,18.5180845],[73.8641648,18.5180406],[73.8642032,18.5179297],[73.8643832,18.5174094],[73.8645203,18.5170134],[73.8645698,18.5168162],[73.8646182,18.516655]]}},
{"type":"Feature","properties":{"osm_id":"49830979","code":5122,"fclass":"residential","name":"","ref":"","oneway":"B","maxspeed":0,"layer":0,"bridge":"F","tunnel":"F"},"geometry":{"type":"LineString","coordinates":[[73.8628505,18.5129984],[73.862824,18.5137492],[73.8628289,18.5140039],[73.862837,18.5142487],[73.8628429,18.5144256],[73.8628369,18.5145502],[73.8628235,18.5148268],[73.862818,18.5148875],[73.8628151,18.5149999],[73.8628132,18.5150741],[73.8628052,18.5153216],[73.8628186,18.5155244],[73.8628424,18.515853],[73.8628604,18.5160023]]}},
{"type":"Feature","properties":{"osm_id":"49830981","code":5122,"fclass":"residential","name":"Chaure Path","ref":"","oneway":"B","maxspeed":0,"layer":0,"bridge":"F","tunnel":"F"},"geometry":{"type":"LineString","coordinates":[[73.8676493,18.5222904],[73.867768,18.5222702],[73.8684225,18.5221481],[73.8688302,18.5220871],[73.8690139,18.5220576],[73.8692568,18.5220181],[73.8700525,18.5218931],[73.8700784,18.5219638],[73.870092,18.5220147],[73.8701218,18.5222467],[73.8701476,18.522366],[73.8701971,18.5224316],[73.8702679,18.5224675],[73.8707131,18.5226271],[73.8708271,18.5226652],[73.8709039,18.5226985]]}},
{"type":"Feature","properties":{"osm_id":"50106078","code":5122,"fclass":"residential","name":"Central Lane","ref":"","oneway":"B","maxspeed":0,"layer":0,"bridge":"F","tunnel":"F"},"geometry":{"type":"LineString","coordinates":[[73.9140006,18.5651755],[73.9140394,18.5656466],[73.9140423,18.5656815],[73.914053,18.5657649],[73.9140779,18.5659591],[73.9140972,18.5661092],[73.9141063,18.5661802],[73.9141447,18.5664796],[73.9141865,18.5668052]]}},
{"type":"Feature","properties":{"osm_id":"50106079","code":5115,"fclass":"tertiary","name":"Viman Nagar Avenue 2","ref":"","oneway":"B","maxspeed":0,"layer":0,"bridge":"F","tunnel":"F"},"geometry":{"type":"LineString","coordinates":[[73.9138027,18.5616464],[73.9137712,18.5614631],[73.9136938,18.5604768],[73.9136629,18.5601129],[73.9136394,18.5596088],[73.9136437,18.5594341]]}},
{"type":"Feature","properties":{"osm_id":"50106109","code":5122,"fclass":"residential","name":"","ref":"","oneway":"B","maxspeed":0,"layer":0,"bridge":"F","tunnel":"F"},"geometry":{"type":"LineString","coordinates":[[73.9202246,18.5688088],[73.9201999,18.5685881],[73.9201893,18.5684933],[73.9201607,18.5682388],[73.9201315,18.568043],[73.9201215,18.5679764],[73.9200981,18.5678194],[73.9200669,18.5676104],[73.9200395,18.5674268]]}},
{"type":"Feature","properties":{"osm_id":"50106110","code":5122,"fclass":"residential","name":"","ref":"","oneway":"B","maxspeed":0,"layer":0,"bridge":"F","tunnel":"F"},"geometry":{"type":"LineString","coordinates":[[73.9220368,18.5681087],[73.9218753,18.5681199],[73.9208645,18.56819],[73.9201607,18.5682388]]}},
{"type":"Feature","properties":{"osm_id":"50106111","code":5115,"fclass":"tertiary","name":"Viman Nagar Road","ref":"","oneway":"F","maxspeed":0,"layer":0,"bridge":"F","tunnel":"F"},"geometry":{"type":"LineString","coordinates":[[73.9140006,18.5651755],[73.9136461,18.5651673],[73.913496,18.5651629],[73.9133401,18.5651584],[73.9132152,18.5651548],[73.9129855,18.5651481],[73.9127682,18.5651418],[73.9126163,18.5651374],[73.9125581,18.5651357],[73.9118098,18.565114],[73.9116979,18.5651108],[73.9112615,18.5650982],[73.9112265,18.5650972],[73.9108888,18.5650874]]}},
{"type":"Feature","properties":{"osm_id":"50106112","code":5115,"fclass":"tertiary","name":"Anand Vidya Niketan High School Road","ref":"","oneway":"F","maxspeed":0,"layer":0,"bridge":"F","tunnel":"F"},"geometry":{"type":"LineString","coordinates":[[73.9143221,18.5678853],[73.9146178,18.5678603],[73.9147063,18.5678528],[73.9152045,18.5678106],[73.9153954,18.5677945],[73.9156588,18.5677722],[73.9161213,18.5677278],[73.9161633,18.5677238],[73.9164588,18.5677048],[73.9171861,18.5676257],[73.9176478,18.5675841],[73.9178335,18.5675674],[73.9179696,18.5675551],[73.9180998,18.5675434],[73.918555,18.5675024]]}},
{"type":"Feature","properties":{"osm_id":"50106114","code":5122,"fclass":"residential","name":"","ref":"","oneway":"B","maxspeed":0,"layer":0,"bridge":"F","tunnel":"F"},"geometry":{"type":"LineString","coordinates":[[73.9186264,18.5674977],[73.9189467,18.5674815],[73.9190625,18.5674756],[73.9191055,18.5674734],[73.9192979,18.5674637],[73.9195407,18.5674485],[73.9198091,18.5674316],[73.9200395,18.5674268],[73.9199735,18.5669518],[73.9199197,18.5665648],[73.9198771,18.5662586],[73.9198452,18.5660291],[73.9197971,18.5656835],[73.9197536,18.5653711],[73.9197054,18.5650244]]}},
{"type":"Feature","properties":{"osm_id":"50106132","code":5115,"fclass":"tertiary","name":"Pratapkumar Path","ref":"","oneway":"F","maxspeed":0,"layer":0,"bridge":"F","tunnel":"F"},"geometry":{"type":"LineString","coordinates":[[73.90801,18.5683695],[73.9080597,18.5683669],[73.9081509,18.5683607],[73.9082203,18.5683552],[73.908444,18.5683514],[73.9087571,18.5683343],[73.9092971,18.5683129],[73.9095453,18.5682995],[73.9098311,18.5682884],[73.9098843,18.5682869],[73.9105579,18.5682633],[73.91093,18.5682586],[73.9110245,18.5682167]]}},
{"type":"Feature","properties":{"osm_id":"50106146","code":5115,"fclass":"tertiary","name":"Viman Nagar Road","ref":"","oneway":"F","maxspeed":0,"layer":0,"bridge":"F","tunnel":"F"},"geometry":{"type":"LineString","coordinates":[[73.9181961,18.5651351],[73.9176336,18.5651489],[73.917509,18.565152],[73.917341,18.5651561],[73.916845,18.5651683],[73.9167489,18.5651703],[73.9165733,18.565174],[73.9165074,18.5651754],[73.9163992,18.5651776],[73.9163161,18.5651777],[73.915929,18.5651784],[73.9158474,18.5651784],[73.9156342,18.5651784],[73.9154016,18.5651784],[73.9153148,18.5651784],[73.9149868,18.5651784],[73.9149454,18.5651784],[73.9147507,18.5651785],[73.9146579,18.5651785],[73.9145619,18.5651785],[73.914527,18.5651785],[73.9144856,18.5651785],[73.9141721,18.5651785]]}},
{"type":"Feature","properties":{"osm_id":"50171989","code":5115,"fclass":"tertiary","name":"Main Gate Road","ref":"","oneway":"F","maxspeed":40,"layer":0,"bridge":"F","tunnel":"F"},"geometry":{"type":"LineString","coordinates":[[73.930963,18.5148341],[73.9311017,18.5147622],[73.9313775,18.5147284],[73.9321605,18.5146917],[73.9323665,18.5146807],[73.9324024,18.5146883]]}},
{"type":"Feature","properties":{"osm_id":"50246440","code":5122,"fclass":"residential","name":"","ref":"","oneway":"F","maxspeed":30,"layer":0,"bridge":"F","tunnel":"F"},"geometry":{"type":"LineString","coordinates":[[73.9322236,18.5317034],[73.9322142,18.5318417],[73.9321902,18.5321928],[73.9321825,18.5323054],[73.9321706,18.5324794],[73.9321706,18.5325648],[73.9321706,18.5329427],[73.93218,18.5330383],[73.9321915,18.5331215]]}},
{"type":"Feature","properties":{"osm_id":"50285173","code":5114,"fclass":"secondary","name":"East Avenue","ref":"","oneway":"F","maxspeed":0,"layer":0,"bridge":"F","tunnel":"F"},"geometry":{"type":"LineString","coordinates":[[73.9061381,18.5540921],[73.9061223,18.5536194],[73.9060942,18.5532944],[73.9060771,18.5528551],[73.9060658,18.5526883],[73.906057,18.5525686],[73.9060454,18.5524665],[73.9060204,18.5523492],[73.9059486,18.5520124],[73.9059126,18.5518355],[73.9058939,18.5516932],[73.9057463,18.550433],[73.9057239,18.5502136],[73.9057202,18.5500583],[73.9057276,18.5499272],[73.9057487,18.549799],[73.9057681,18.5496532],[73.9057906,18.5494861],[73.9058138,18.5493113],[73.9058525,18.5491207],[73.9058759,18.5490205],[73.9058841,18.5489387],[73.9058925,18.5488662],[73.9059118,18.5486985],[73.9059209,18.5485975],[73.9059482,18.5482938],[73.9059567,18.5481764],[73.9059616,18.5481087],[73.905981,18.5479583],[73.9060006,18.5478076],[73.9060164,18.547494],[73.906045,18.5469257],[73.9060586,18.5466419],[73.9060749,18.5463048],[73.9060827,18.5461421],[73.906079,18.5460265],[73.9060794,18.5459607],[73.9060661,18.5458751],[73.9060119,18.54517],[73.9059988,18.5450585],[73.9059908,18.5449997],[73.9059739,18.5449386],[73.9059389,18.5448594],[73.9058156,18.5445943],[73.9055985,18.5441274],[73.9055561,18.5440362],[73.9055218,18.5439624],[73.9054224,18.543756],[73.9054001,18.5437137],[73.9053178,18.5435577],[73.9052641,18.5434643],[73.9050953,18.5432207],[73.9050417,18.5431405],[73.9049887,18.5430413]]}},
{"type":"Feature","properties":{"osm_id":"50331878","code":5141,"fclass":"service","name":"","ref":"","oneway":"B","maxspeed":0,"layer":0,"bridge":"F","tunnel":"F"},"geometry":{"type":"LineString","coordinates":[[73.9418562,18.4976233],[73.9417949,18.4974494],[73.9417548,18.4973897],[73.941725,18.497304],[73.9417144,18.4972174],[73.9417282,18.4971368],[73.9417579,18.4970682],[73.9419131,18.4968475],[73.9419365,18.4967911],[73.9419471,18.4967206],[73.9419428,18.4966561],[73.9418581,18.4962829],[73.9418094,18.4962201]]}},
{"type":"Feature","properties":{"osm_id":"50331881","code":5112,"fclass":"trunk","name":"Saswad Road","ref":"NH965","oneway":"F","maxspeed":0,"layer":1,"bridge":"T","tunnel":"F"},"geometry":{"type":"LineString","coordinates":[[73.940888,18.4984016],[73.9407591,18.4985208]]}},
{"type":"Feature","properties":{"osm_id":"50331882","code":5112,"fclass":"trunk","name":"Saswad Road","ref":"NH965","oneway":"F","maxspeed":0,"layer":0,"bridge":"F","tunnel":"F"},"geometry":{"type":"LineString","coordinates":[[73.94097,18.4984505],[73.9409948,18.4984289],[73.9413782,18.4981],[73.9415357,18.4979764],[73.9419141,18.4976894],[73.9420156,18.497619],[73.9420994,18.497556],[73.9421866,18.4974918],[73.9424046,18.4973316],[73.9431337,18.4967957],[73.9433917,18.4966061],[73.9436219,18.4964447],[73.9443509,18.4958874],[73.9443874,18.4958595],[73.9447844,18.4955813],[73.9454794,18.4950942],[73.9456687,18.4949615],[73.9456956,18.4949445],[73.9464564,18.4944096],[73.9466684,18.494261],[73.9470612,18.4939544],[73.9472724,18.4937654],[73.9473154,18.4937269],[73.9475089,18.4934965],[73.9478073,18.4931347],[73.9482724,18.4925098],[73.9487017,18.491933],[73.9487719,18.4918387],[73.9488388,18.4917489],[73.9489894,18.4915473],[73.9491856,18.4912851],[73.9497166,18.4905937],[73.9501132,18.4900739],[73.9504981,18.4895695],[73.9506909,18.4893169]]}},
{"type":"Feature","properties":{"osm_id":"51163502","code":5141,"fclass":"service","name":"","ref":"","oneway":"B","maxspeed":0,"layer":0,"bridge":"F","tunnel":"F"},"geometry":{"type":"LineString","coordinates":[[73.7609814,18.5749582],[73.7609733,18.5749281],[73.7609592,18.5749001],[73.7609396,18.5748753],[73.7609152,18.5748546],[73.7608871,18.5748388],[73.7608563,18.5748285],[73.7608239,18.5748241],[73.7607912,18.5748257],[73.7607595,18.5748334],[73.76073,18.5748468],[73.7607038,18.5748654],[73.760682,18.5748884],[73.7606653,18.5749151],[73.7606544,18.5749443],[73.7606497,18.574975],[73.7606515,18.575006],[73.7606596,18.575036],[73.7606737,18.575064],[73.7606933,18.5750888],[73.7607177,18.5751095],[73.7607458,18.5751254],[73.7607766,18.5751357],[73.760809,18.5751401],[73.7608417,18.5751384],[73.7608734,18.5751308],[73.7609029,18.5751174],[73.7609291,18.5750988],[73.7609509,18.5750757],[73.7609676,18.5750491],[73.7609785,18.5750198],[73.7609831,18.5749891],[73.7609814,18.5749582]]}},
{"type":"Feature","properties":{"osm_id":"51163503","code":5141,"fclass":"service","name":"","ref":"","oneway":"B","maxspeed":0,"layer":0,"bridge":"F","tunnel":"F"},"geometry":{"type":"LineString","coordinates":[[73.7615184,18.5793994],[73.7613298,18.5793961],[73.7592771,18.5793603],[73.7591755,18.5793486],[73.7591012,18.5792969],[73.7590641,18.5792335],[73.7590632,18.5791501],[73.7590851,18.5786412],[73.7591292,18.5776159],[73.7591313,18.5775667],[73.7591634,18.5768195]]}},
{"type":"Feature","properties":{"osm_id":"51163504","code":5141,"fclass":"service","name":"","ref":"","oneway":"B","maxspeed":0,"layer":0,"bridge":"F","tunnel":"F"},"geometry":{"type":"LineString","coordinates":[[73.760809,18.5751401],[73.7607669,18.5758673],[73.7607075,18.5768944],[73.760604,18.5787176]]}},
{"type":"Feature","properties":{"osm_id":"51163750","code":5141,"fclass":"service","name":"","ref":"","oneway":"B","maxspeed":0,"layer":0,"bridge":"F","tunnel":"F"},"geometry":{"type":"LineString","coordinates":[[73.7617362,18.5726083],[73.7618014,18.5715424]]}},
{"type":"Feature","properties":{"osm_id":"51163752","code":5141,"fclass":"service","name":"","ref":"","oneway":"B","maxspeed":0,"layer":0,"bridge":"F","tunnel":"F"},"geometry":{"type":"LineString","coordinates":[[73.7582109,18.5752503],[73.7589725,18.5752934],[73.7596413,18.5753253],[73.7599153,18.5753368],[73.7599834,18.5753363],[73.7600248,18.5753086],[73.7600466,18.5752475],[73.7600646,18.5749422],[73.7600762,18.5747577],[73.7600919,18.5745085],[73.7601531,18.5735327],[73.7602006,18.5727763]]}},
{"type":"Feature","properties":{"osm_id":"51163753","code":5141,"fclass":"service","name":"","ref":"","oneway":"B","maxspeed":0,"layer":0,"bridge":"F","tunnel":"F"},"geometry":{"type":"LineString","coordinates":[[73.7600646,18.5749422],[73.7606497,18.574975]]}},
{"type":"Feature","properties":{"osm_id":"51163754","code":5141,"fclass":"service","name":"","ref":"","oneway":"B","maxspeed":0,"layer":0,"bridge":"F","tunnel":"F"},"geometry":{"type":"LineString","coordinates":[[73.7592494,18.5727183],[73.7602006,18.5727763],[73.7605168,18.5727956],[73.76075,18.5728099],[73.7609141,18.5728079]]}},
{"type":"Feature","properties":{"osm_id":"51163757","code":5141,"fclass":"service","name":"","ref":"","oneway":"B","maxspeed":0,"layer":0,"bridge":"F","tunnel":"F"},"geometry":{"type":"LineString","coordinates":[[73.7610298,18.57109],[73.7610161,18.5712925],[73.7610111,18.5713445],[73.7609961,18.571437],[73.7609937,18.5715051],[73.7609333,18.5725717],[73.7609141,18.5728079],[73.7608438,18.5744763],[73.7608239,18.5748241]]}},
{"type":"Feature","properties":{"osm_id":"51163758","code":5141,"fclass":"service","name":"","ref":"","oneway":"B","maxspeed":0,"layer":0,"bridge":"F","tunnel":"F"},"geometry":{"type":"LineString","coordinates":[[73.7627269,18.5705337],[73.76269,18.571449],[73.762623,18.5726521],[73.7624885,18.5750695],[73.7624889,18.5762322],[73.7624891,18.5767364],[73.7624792,18.5768186],[73.7624495,18.5768796],[73.7624148,18.5769219],[73.7623727,18.5769383],[73.7622935,18.5769407],[73.7619132,18.5769195]]}},
{"type":"Feature","properties":{"osm_id":"51163759","code":5141,"fclass":"service","name":"","ref":"","oneway":"B","maxspeed":0,"layer":0,"bridge":"F","tunnel":"F"},"geometry":{"type":"LineString","coordinates":[[73.762623,18.5726521],[73.7617362,18.5726083],[73.7609333,18.5725717]]}},
{"type":"Feature","properties":{"osm_id":"51264241","code":5135,"fclass":"tertiary_link","name":"Sopan Baug Road","ref":"","oneway":"F","maxspeed":0,"layer":0,"bridge":"F","tunnel":"F"},"geometry":{"type":"LineString","coordinates":[[73.9070172,18.5114367],[73.906976,18.511732],[73.9069686,18.5120987],[73.9069607,18.5124653],[73.9069513,18.5129015],[73.9069483,18.5130279],[73.9069495,18.5131299],[73.9069518,18.5133386]]}},
{"type":"Feature","properties":{"osm_id":"51264243","code":5115,"fclass":"tertiary","name":"Slip Road to Tower-3/4","ref":"","oneway":"F","maxspeed":20,"layer":0,"bridge":"F","tunnel":"F"},"geometry":{"type":"LineString","coordinates":[[73.92593,18.5089296],[73.9259333,18.5089987],[73.9260003,18.510384],[73.9260172,18.5107326],[73.9260442,18.5112916],[73.9260796,18.5120246],[73.9260849,18.5121341],[73.9260928,18.512297],[73.9261249,18.5129601],[73.9261278,18.51302],[73.926133,18.5131278]]}},
{"type":"Feature","properties":{"osm_id":"51264244","code":5122,"fclass":"residential","name":"","ref":"","oneway":"B","maxspeed":0,"layer":0,"bridge":"F","tunnel":"F"},"geometry":{"type":"LineString","coordinates":[[73.923818,18.5108186],[73.9237858,18.5099997],[73.923744,18.5092085]]}},
{"type":"Feature","properties":{"osm_id":"51349510","code":5112,"fclass":"trunk","name":"Katraj - Dehu Road Bypass","ref":"NH48","oneway":"F","maxspeed":80,"layer":0,"bridge":"F","tunnel":"F"},"geometry":{"type":"LineString","coordinates":[[73.8200282,18.4626303],[73.8196879,18.462982],[73.8192592,18.4634439],[73.8191907,18.4635177],[73.8182143,18.4646847]]}},
{"type":"Feature","properties":{"osm_id":"51874255","code":5122,"fclass":"residential","name":"","ref":"","oneway":"B","maxspeed":0,"layer":0,"bridge":"F","tunnel":"F"},"geometry":{"type":"LineString","coordinates":[[73.8327097,18.5092922],[73.832967,18.5088344],[73.8329859,18.5088046],[73.8330047,18.5087885],[73.8330305,18.508778]]}},
{"type":"Feature","properties":{"osm_id":"51874380","code":5115,"fclass":"tertiary","name":"Kashibai Amrutrao Khilare Path","ref":"","oneway":"B","maxspeed":0,"layer":0,"bridge":"F","tunnel":"F"},"geometry":{"type":"LineString","coordinates":[[73.8382277,18.511035],[73.8379295,18.5106666],[73.8377125,18.5103984],[73.8375653,18.5102468],[73.8375322,18.5102127],[73.8371734,18.5098435],[73.8370833,18.5097677],[73.8364334,18.5092206],[73.8359736,18.508869],[73.8357765,18.5087183],[73.8356257,18.508603],[73.8354409,18.508472],[73.8353505,18.5084092],[73.8350925,18.5082299],[73.8350618,18.5082086],[73.8346784,18.5079421],[73.8345713,18.5078836],[73.8343595,18.507768],[73.8342118,18.5076874],[73.8338089,18.5074674],[73.8337517,18.5074362],[73.8335752,18.5073398],[73.8335484,18.5073252],[73.8334536,18.5072735],[73.8323857,18.5068897]]}},
{"type":"Feature","properties":{"osm_id":"51874385","code":5114,"fclass":"secondary","name":"Raveendra Mhatre Bridge","ref":"","oneway":"F","maxspeed":40,"layer":0,"bridge":"F","tunnel":"F"},"geometry":{"type":"LineString","coordinates":[[73.8355704,18.5045112],[73.8352927,18.5044986],[73.8351756,18.5044958],[73.8350406,18.5044926],[73.8349259,18.5044917]]}},
{"type":"Feature","properties":{"osm_id":"51877260","code":5115,"fclass":"tertiary","name":"Sakore Nagar Road","ref":"","oneway":"B","maxspeed":0,"layer":0,"bridge":"F","tunnel":"F"},"geometry":{"type":"LineString","coordinates":[[73.9110139,18.5619049],[73.9105777,18.5619529],[73.9088317,18.5621448],[73.9086315,18.5621672],[73.9082345,18.5622117],[73.9080901,18.5622277],[73.9079137,18.5622443],[73.9073599,18.562303],[73.9072872,18.5623118],[73.9070981,18.5623324],[73.9067668,18.5623686],[73.9066821,18.5623778]]}},
{"type":"Feature","properties":{"osm_id":"52062999","code":5115,"fclass":"tertiary","name":"","ref":"","oneway":"B","maxspeed":0,"layer":0,"bridge":"F","tunnel":"F"},"geometry":{"type":"LineString","coordinates":[[73.8930317,18.563185],[73.8931476,18.5631638],[73.8933331,18.563056],[73.8934591,18.5629912],[73.8935323,18.562958],[73.8936093,18.5629374],[73.8936913,18.5629231],[73.8937935,18.562912],[73.8942304,18.5628993],[73.8943178,18.5628873],[73.8943694,18.5628802],[73.8945368,18.5628342],[73.8946682,18.5628102],[73.8947846,18.5627501],[73.8948817,18.5626882],[73.8952689,18.562467],[73.8954174,18.5623841],[73.8956136,18.5622727],[73.8963102,18.5618772],[73.8965432,18.561745],[73.8979729,18.5609332]]}},
{"type":"Feature","properties":{"osm_id":"52063000","code":5122,"fclass":"residential","name":"HP Kulkarni Road","ref":"","oneway":"B","maxspeed":0,"layer":0,"bridge":"F","tunnel":"F"},"geometry":{"type":"LineString","coordinates":[[73.8948008,18.5580245],[73.894968,18.558508],[73.8951773,18.5591132],[73.8952312,18.559269],[73.8955734,18.5602535],[73.8957703,18.5608202],[73.8960526,18.5613727],[73.8962372,18.5617343],[73.8963102,18.5618772]]}},
{"type":"Feature","properties":{"osm_id":"52063001","code":5123,"fclass":"living_street","name":"","ref":"","oneway":"B","maxspeed":0,"layer":0,"bridge":"F","tunnel":"F"},"geometry":{"type":"LineString","coordinates":[[73.8960526,18.5613727],[73.8953478,18.5615793],[73.8952941,18.561456],[73.895121,18.5609817],[73.8949415,18.5604899],[73.8955734,18.5602535]]}},
{"type":"Feature","properties":{"osm_id":"52502115","code":5122,"fclass":"residential","name":"Ross Road","ref":"","oneway":"B","maxspeed":0,"layer":0,"bridge":"F","tunnel":"F"},"geometry":{"type":"LineString","coordinates":[[73.8906425,18.5153078],[73.8914572,18.5151669],[73.8920553,18.5150762],[73.8921262,18.5150572],[73.8925436,18.5149455],[73.8947126,18.5143648],[73.8950285,18.5142802]]}},
{"type":"Feature","properties":{"osm_id":"52502185","code":5122,"fclass":"residential","name":"Nehru Road","ref":"","oneway":"B","maxspeed":0,"layer":0,"bridge":"F","tunnel":"F"},"geometry":{"type":"LineString","coordinates":[[73.8954401,18.5258848],[73.8954393,18.5255773],[73.8954396,18.5253052],[73.8953687,18.5247102],[73.8952692,18.523595],[73.8951129,18.5218422],[73.8949596,18.5201234],[73.8948861,18.5192997],[73.8948298,18.5186689],[73.8947559,18.5178402],[73.8947072,18.517294]]}},
{"type":"Feature","properties":{"osm_id":"52502904","code":5122,"fclass":"residential","name":"","ref":"","oneway":"F","maxspeed":0,"layer":0,"bridge":"F","tunnel":"F"},"geometry":{"type":"LineString","coordinates":[[73.8766432,18.5192597],[73.8768652,18.5199605],[73.8768829,18.5200163],[73.8768915,18.5200436],[73.8769473,18.5202198],[73.8769508,18.5202307],[73.8770643,18.5205889],[73.8772695,18.5212367],[73.8773104,18.521555]]}},
{"type":"Feature","properties":{"osm_id":"52756175","code":5122,"fclass":"residential","name":"","ref":"","oneway":"B","maxspeed":0,"layer":0,"bridge":"F","tunnel":"F"},"geometry":{"type":"LineString","coordinates":[[73.8862004,18.5134168],[73.8864784,18.5140828],[73.8866859,18.51458],[73.8868815,18.5150488],[73.8869816,18.5152795],[73.8870371,18.5154264],[73.8871305,18.5157302],[73.8873905,18.5168894],[73.8874543,18.5171761],[73.8875791,18.5177363],[73.8877391,18.5183279]]}},
{"type":"Feature","properties":{"osm_id":"52768440","code":5112,"fclass":"trunk","name":"Solapur Road","ref":"NH65","oneway":"F","maxspeed":0,"layer":0,"bridge":"F","tunnel":"F"},"geometry":{"type":"LineString","coordinates":[[73.8984342,18.5065704],[73.8979267,18.506625],[73.8973893,18.5066828],[73.8972756,18.5066951],[73.8969285,18.5067325],[73.896717,18.5067556],[73.8966241,18.5067631],[73.8965248,18.5067556]]}},
{"type":"Feature","properties":{"osm_id":"52768441","code":5112,"fclass":"trunk","name":"Solapur Road","ref":"NH65","oneway":"F","maxspeed":0,"layer":0,"bridge":"F","tunnel":"F"},"geometry":{"type":"LineString","coordinates":[[73.8965248,18.5067556],[73.8961912,18.5067044],[73.8937997,18.5063071],[73.8925727,18.5061025],[73.8924368,18.5060952],[73.8921845,18.5061083],[73.8919414,18.5061239],[73.8916565,18.5061597],[73.8914549,18.5061918],[73.8905637,18.5063339],[73.8903382,18.506364],[73.8901694,18.5063866],[73.8898325,18.506415],[73.8897613,18.5064192],[73.8895468,18.506427],[73.8887815,18.5064546],[73.8870759,18.5065524],[73.8854525,18.5066208],[73.8852101,18.5066232],[73.8850048,18.5066137],[73.8847698,18.5065994],[73.8846959,18.5065898],[73.884617,18.5065722],[73.8845411,18.5065464]]}},
{"type":"Feature","properties":{"osm_id":"52768476","code":5113,"fclass":"primary","name":"Mahatma Gandhi Marg","ref":"","oneway":"F","maxspeed":0,"layer":0,"bridge":"F","tunnel":"F"},"geometry":{"type":"LineString","coordinates":[[73.8786348,18.5073586],[73.8786361,18.5073703],[73.8787166,18.5081186],[73.8787373,18.5091471],[73.8787614,18.5107564],[73.878786,18.5114194],[73.8787887,18.5121648],[73.8787976,18.513602],[73.8787996,18.5139238],[73.8788213,18.5156247],[73.8788302,18.5159631],[73.8788366,18.5160758],[73.8788535,18.5163749],[73.8788648,18.5165459],[73.8789406,18.5175482],[73.8791994,18.5183886]]}},
{"type":"Feature","properties":{"osm_id":"52768487","code":5113,"fclass":"primary","name":"Saifee Street","ref":"","oneway":"F","maxspeed":0,"layer":0,"bridge":"F","tunnel":"F"},"geometry":{"type":"LineString","coordinates":[[73.8798807,18.5136716],[73.8796924,18.5136214],[73.8795382,18.5136087],[73.8793506,18.5135932],[73.8787976,18.513602]]}},
{"type":"Feature","properties":{"osm_id":"52768488","code":5113,"fclass":"primary","name":"East Street","ref":"","oneway":"F","maxspeed":0,"layer":0,"bridge":"F","tunnel":"F"},"geometry":{"type":"LineString","coordinates":[[73.8796426,18.5182575],[73.8796152,18.5177335],[73.8796089,18.5174671],[73.8795864,18.5171803],[73.8795995,18.5168513],[73.8796311,18.5163494],[73.8796596,18.5159346],[73.8796893,18.5156967],[73.8797177,18.5154686],[73.8797874,18.5146767],[73.8797946,18.5145952],[73.8797979,18.5144794],[73.8798009,18.5143758],[73.8798336,18.514087],[73.8798807,18.5136716]]}},
{"type":"Feature","properties":{"osm_id":"52768503","code":5115,"fclass":"tertiary","name":"Gurudwara Road","ref":"","oneway":"B","maxspeed":0,"layer":0,"bridge":"F","tunnel":"F"},"geometry":{"type":"LineString","coordinates":[[73.8798807,18.5136716],[73.879961,18.5136932],[73.8810075,18.5139741]]}},
{"type":"Feature","properties":{"osm_id":"52782931","code":5115,"fclass":"tertiary","name":"","ref":"","oneway":"B","maxspeed":0,"layer":1,"bridge":"T","tunnel":"F"},"geometry":{"type":"LineString","coordinates":[[73.8979867,18.5160846],[73.8982767,18.5161806]]}},
{"type":"Feature","properties":{"osm_id":"52782932","code":5122,"fclass":"residential","name":"","ref":"","oneway":"B","maxspeed":0,"layer":0,"bridge":"F","tunnel":"F"},"geometry":{"type":"LineString","coordinates":[[73.9031577,18.5126039],[73.9026925,18.5126605],[73.9019215,18.5127542],[73.9009954,18.5127898],[73.9007391,18.5128127],[73.9006599,18.5128423],[73.900595,18.5129573],[73.9005197,18.5131513],[73.9003674,18.5135152],[73.9000604,18.514057],[73.8999735,18.5141577],[73.8997654,18.5143739],[73.8996543,18.5144948],[73.8994962,18.5146288],[73.8991205,18.5149712],[73.8989697,18.5150929],[73.8989106,18.5151478],[73.898843,18.5152311],[73.8987728,18.5153193],[73.8986659,18.5154884],[73.8985769,18.5156314],[73.898492,18.515762],[73.8984136,18.5159779],[73.8983575,18.516208]]}},
{"type":"Feature","properties":{"osm_id":"52875674","code":5112,"fclass":"trunk","name":"Katraj - Dehu Road Bypass","ref":"NH48","oneway":"F","maxspeed":80,"layer":0,"bridge":"F","tunnel":"F"},"geometry":{"type":"LineString","coordinates":[[73.7646604,18.5718772],[73.7645762,18.5721021],[73.7645348,18.5722126],[73.7642285,18.5730308],[73.7638029,18.5741799],[73.7634482,18.5751374],[73.76286,18.5767253],[73.762748,18.5770276],[73.7610287,18.5816291],[73.7595288,18.5855892]]}},
{"type":"Feature","properties":{"osm_id":"52875676","code":5112,"fclass":"trunk","name":"Katraj - Dehu Road Bypass","ref":"NH48","oneway":"F","maxspeed":80,"layer":1,"bridge":"T","tunnel":"F"},"geometry":{"type":"LineString","coordinates":[[73.7658017,18.5688355],[73.7654745,18.5697025]]}},
{"type":"Feature","properties":{"osm_id":"52875679","code":5112,"fclass":"trunk","name":"Katraj - Dehu Road Bypass","ref":"NH48","oneway":"F","maxspeed":80,"layer":1,"bridge":"T","tunnel":"F"},"geometry":{"type":"LineString","coordinates":[[73.7655995,18.5697445],[73.7659268,18.5688775]]}},
{"type":"Feature","properties":{"osm_id":"52875949","code":5113,"fclass":"primary","name":"","ref":"","oneway":"F","maxspeed":0,"layer":0,"bridge":"F","tunnel":"F"},"geometry":{"type":"LineString","coordinates":[[73.7661526,18.5689557],[73.7653307,18.5693443]]}},
{"type":"Feature","properties":{"osm_id":"52876085","code":5141,"fclass":"service","name":"","ref":"","oneway":"B","maxspeed":0,"layer":0,"bridge":"F","tunnel":"F"},"geometry":{"type":"LineString","coordinates":[[73.7602314,18.5714551],[73.760225,18.5713202],[73.7602185,18.5711853],[73.7602185,18.5710201]]}},
{"type":"Feature","properties":{"osm_id":"52876683","code":5113,"fclass":"primary","name":"Gopal Hari Deshmukh Marg","ref":"","oneway":"F","maxspeed":80,"layer":0,"bridge":"F","tunnel":"F"},"geometry":{"type":"LineString","coordinates":[[73.7946893,18.556062],[73.7943451,18.5564988],[73.7942886,18.556577],[73.7941663,18.5567463],[73.7940963,18.5568377],[73.7939798,18.5569901],[73.7939368,18.5570464],[73.7938672,18.557142],[73.7937858,18.5572208],[73.7937079,18.5572879],[73.7933883,18.557546],[73.7932412,18.5576666],[73.7931222,18.5577512],[73.7928824,18.5579118],[73.7923235,18.5582862],[73.792093,18.5584454],[73.7919265,18.5585477],[73.7918909,18.5585695],[73.7918741,18.5585804],[73.7917612,18.5586508],[73.791712,18.5586866],[73.7915304,18.5587904],[73.7913708,18.55887],[73.7912582,18.5589177],[73.7911347,18.5589666],[73.790437,18.5591887],[73.7902108,18.5592743],[73.790011,18.5593509],[73.7898849,18.5594031],[73.7895706,18.55954],[73.7894618,18.5595922],[73.7894209,18.5596118],[73.789288,18.5596831],[73.7889237,18.5599078],[73.7887197,18.5600349],[73.7886061,18.5601216],[73.7885785,18.5601478],[73.7885535,18.5601714],[73.7885096,18.5602321],[73.7884472,18.560324],[73.7883574,18.5604225],[73.7882032,18.5605874],[73.7881287,18.5606516],[73.7880625,18.5607087],[73.7878321,18.5609074],[73.7877593,18.5609697],[73.7873748,18.5612241],[73.7873478,18.561242],[73.7872241,18.5613119],[73.7871045,18.5613669],[73.786998,18.5614053],[73.7868758,18.5614261],[73.7863799,18.5614481]]}},
{"type":"Feature","properties":{"osm_id":"52877109","code":5113,"fclass":"primary","name":"University Road","ref":"","oneway":"F","maxspeed":0,"layer":0,"bridge":"F","tunnel":"F"},"geometry":{"type":"LineString","coordinates":[[73.8150029,18.5603422],[73.8151472,18.5601613],[73.8157911,18.5593541],[73.8158115,18.5593285],[73.8164792,18.5584451],[73.8169212,18.5578602]]}},
{"type":"Feature","properties":{"osm_id":"52877158","code":5113,"fclass":"primary","name":"Gopal Hari Deshmukh Marg","ref":"","oneway":"F","maxspeed":0,"layer":0,"bridge":"F","tunnel":"F"},"geometry":{"type":"LineString","coordinates":[[73.82647,18.5424108],[73.8263786,18.5424319],[73.8262815,18.5424543],[73.8260935,18.5425139],[73.8259306,18.5425968],[73.8257796,18.5426784],[73.8256444,18.5427799],[73.8255675,18.5428534],[73.8255108,18.5429122],[73.8253956,18.5430446],[73.8251637,18.5433444],[73.8250897,18.5434282],[73.8249605,18.5435597],[73.8248128,18.5436787],[73.824708,18.5437566],[73.8246072,18.5438304],[73.8244155,18.5439621],[73.822921,18.5450604],[73.8228491,18.5451071],[73.8227669,18.5451604],[73.8226534,18.5452241],[73.8224271,18.5453069],[73.8220878,18.5454199],[73.8215125,18.5455859],[73.8212533,18.5456629],[73.821233,18.5456701],[73.8211467,18.5457008],[73.8206794,18.5458742],[73.8202868,18.5460208],[73.820122,18.5460837],[73.8195833,18.5462899],[73.8191956,18.5464586],[73.8187477,18.5466535],[73.8186032,18.546709],[73.8185087,18.5467394],[73.8181265,18.5468623],[73.817971,18.5469133],[73.817229,18.5470592],[73.8171414,18.5470725]]}},
{"type":"Feature","properties":{"osm_id":"52877525","code":5114,"fclass":"secondary","name":"Mhalunge - Baner Road","ref":"","oneway":"B","maxspeed":0,"layer":0,"bridge":"F","tunnel":"F"},"geometry":{"type":"LineString","coordinates":[[73.7562007,18.5738212],[73.7562493,18.5738095],[73.756284,18.5737941],[73.756573,18.5735888],[73.7568254,18.5734299],[73.756982,18.5733313],[73.7571928,18.5732126],[73.7572652,18.5731718],[73.7574156,18.5730871],[73.7575516,18.5730039],[73.7577594,18.5728769],[73.7580066,18.5727257],[73.7580809,18.5726803],[73.7583869,18.572494],[73.7585105,18.572416],[73.7586701,18.5723153],[73.7601059,18.571526],[73.7602314,18.5714551],[73.7609241,18.5711445],[73.7610298,18.57109],[73.7611802,18.5710214],[73.7628993,18.5702372],[73.7630239,18.5701803]]}},
{"type":"Feature","properties":{"osm_id":"52879148","code":5141,"fclass":"service","name":"","ref":"","oneway":"B","maxspeed":0,"layer":0,"bridge":"F","tunnel":"F"},"geometry":{"type":"LineString","coordinates":[[73.8246518,18.552191],[73.8248636,18.5520723],[73.8250154,18.5520113],[73.8250423,18.551912],[73.8251925,18.5516272],[73.825422,18.551426],[73.8256217,18.5512509],[73.8259113,18.551017],[73.8262654,18.5506711],[73.8263295,18.5505799],[73.82648,18.550366],[73.8266062,18.5500699],[73.8266838,18.5498879],[73.8267938,18.5495318],[73.8268126,18.5494709],[73.8268769,18.549003],[73.8268823,18.5487535],[73.8268877,18.5485046],[73.826845,18.54828],[73.8267911,18.547996],[73.8266731,18.5475587],[73.8266541,18.5474867],[73.826598,18.5472739],[73.8265059,18.5470557],[73.8264692,18.5469687],[73.826389,18.5468784],[73.8263048,18.5467919]]}},
{"type":"Feature","properties":{"osm_id":"52879199","code":5122,"fclass":"residential","name":"Diversion","ref":"","oneway":"B","maxspeed":0,"layer":0,"bridge":"F","tunnel":"F"},"geometry":{"type":"LineString","coordinates":[[73.8257271,18.5457442],[73.8258072,18.5458064],[73.8260472,18.5460601],[73.8261065,18.5461814],[73.8261546,18.5463262],[73.8261805,18.5464495],[73.8262243,18.5466101],[73.8263048,18.5467919]]}},
{"type":"Feature","properties":{"osm_id":"52879619","code":5122,"fclass":"residential","name":"","ref":"","oneway":"B","maxspeed":0,"layer":0,"bridge":"F","tunnel":"F"},"geometry":{"type":"LineString","coordinates":[[73.8447501,18.5552075],[73.8446796,18.555243],[73.844642,18.5552506],[73.8446031,18.5552544],[73.8444792,18.5552174]]}},
{"type":"Feature","properties":{"osm_id":"52879628","code":5141,"fclass":"service","name":"","ref":"","oneway":"B","maxspeed":0,"layer":0,"bridge":"F","tunnel":"F"},"geometry":{"type":"LineString","coordinates":[[73.8427395,18.5558858],[73.8428618,18.5559848],[73.8429114,18.5560249]]}},
{"type":"Feature","properties":{"osm_id":"52879636","code":5141,"fclass":"service","name":"","ref":"","oneway":"B","maxspeed":0,"layer":0,"bridge":"F","tunnel":"F"},"geometry":{"type":"LineString","coordinates":[[73.8439707,18.5560402],[73.8437395,18.5560369],[73.843302,18.5560305],[73.8429114,18.5560249]]}},
{"type":"Feature","properties":{"osm_id":"52881208","code":5114,"fclass":"secondary","name":"","ref":"","oneway":"F","maxspeed":0,"layer":0,"bridge":"F","tunnel":"F"},"geometry":{"type":"LineString","coordinates":[[73.8758975,18.5297264],[73.8756608,18.5305975],[73.8756411,18.5306391],[73.8756056,18.5306955]]}},
{"type":"Feature","properties":{"osm_id":"52881212","code":5114,"fclass":"secondary","name":"","ref":"","oneway":"F","maxspeed":0,"layer":1,"bridge":"T","tunnel":"F"},"geometry":{"type":"LineString","coordinates":[[73.8760399,18.5291312],[73.8758975,18.5297264]]}},
{"type":"Feature","properties":{"osm_id":"53011776","code":5115,"fclass":"tertiary","name":"Sachapir street","ref":"","oneway":"B","maxspeed":0,"layer":0,"bridge":"F","tunnel":"F"},"geometry":{"type":"LineString","coordinates":[[73.8710919,18.516281],[73.8713326,18.516339],[73.8715275,18.5163539],[73.8715585,18.5163562],[73.8718921,18.5163816],[73.8723223,18.5164144],[73.8726569,18.5164735],[73.8728107,18.5165001],[73.873117,18.5165532],[73.8731726,18.5165628],[73.8732272,18.5165723],[73.8733619,18.5165873],[73.8733927,18.5165907],[73.8735475,18.5165838],[73.8736617,18.5165504],[73.8740069,18.5164496],[73.8743203,18.5162405],[73.8747107,18.516016],[73.8751801,18.5157461],[73.8755042,18.5155762]]}},
{"type":"Feature","properties":{"osm_id":"53013522","code":5114,"fclass":"secondary","name":"Bund Garden Road","ref":"","oneway":"F","maxspeed":0,"layer":0,"bridge":"F","tunnel":"F"},"geometry":{"type":"LineString","coordinates":[[73.878822,18.5336882],[73.8788855,18.5336216]]}},
{"type":"Feature","properties":{"osm_id":"53013523","code":5114,"fclass":"secondary","name":"Wadia College Flyover","ref":"","oneway":"F","maxspeed":0,"layer":1,"bridge":"T","tunnel":"F"},"geometry":{"type":"LineString","coordinates":[[73.8791527,18.5312867],[73.8792559,18.5301263],[73.8793168,18.5295622]]}},
{"type":"Feature","properties":{"osm_id":"53013817","code":5113,"fclass":"primary","name":"Babasaheb Ambedkar Marg","ref":"","oneway":"F","maxspeed":0,"layer":0,"bridge":"F","tunnel":"F"},"geometry":{"type":"LineString","coordinates":[[73.8701424,18.5241546],[73.8702408,18.5239752],[73.8703116,18.5238139],[73.870415,18.5235794],[73.8705193,18.5233916],[73.8709039,18.5226985],[73.8711325,18.5222603],[73.8711587,18.5222102],[73.8712306,18.5220423],[73.8715115,18.5214006],[73.8717059,18.5209793],[73.8718131,18.5208392],[73.8719524,18.5207474],[73.8721216,18.5206861],[73.8723072,18.5206188],[73.8725571,18.5205268],[73.872612,18.5205055],[73.8726853,18.5204771],[73.8730115,18.5203756],[73.8731267,18.5203397],[73.8740905,18.5200398],[73.8753903,18.5196387],[73.8754366,18.5196244]]}},
{"type":"Feature","properties":{"osm_id":"53085776","code":5122,"fclass":"residential","name":"Jaan Mohammed Road","ref":"","oneway":"B","maxspeed":0,"layer":0,"bridge":"F","tunnel":"F"},"geometry":{"type":"LineString","coordinates":[[73.8769249,18.5147207],[73.8768254,18.5144602],[73.87679,18.5143675],[73.8765393,18.5137714],[73.8764928,18.5136053],[73.876475,18.5135415],[73.8764477,18.5134195],[73.8764082,18.5128941],[73.8763983,18.5127228],[73.8763785,18.5125258],[73.8763731,18.5121415],[73.8763686,18.5118267],[73.8763731,18.5117457],[73.8763764,18.5116817],[73.8763908,18.5114162],[73.8763925,18.5113001],[73.8763933,18.5112497],[73.8764049,18.5111727],[73.8764181,18.5110854],[73.8764236,18.5110621],[73.8764478,18.5109588],[73.8764746,18.510845],[73.8765041,18.5107193],[73.8765244,18.5106327],[73.8765318,18.5106115],[73.8765731,18.5104929],[73.8766513,18.5102683],[73.8766927,18.5101494],[73.876702,18.5101324],[73.8767583,18.5100301],[73.8768139,18.5099289],[73.8768634,18.5098298],[73.876915,18.5097266],[73.8769858,18.5095849],[73.8770435,18.5094694],[73.8770914,18.5093735],[73.8771559,18.5092444],[73.8772331,18.5091328],[73.8772665,18.5090845],[73.8775536,18.5088053],[73.8778282,18.5085402]]}},
{"type":"Feature","properties":{"osm_id":"53086555","code":5113,"fclass":"primary","name":"Jawaharlal Nehru Marg","ref":"","oneway":"F","maxspeed":0,"layer":0,"bridge":"F","tunnel":"F"},"geometry":{"type":"LineString","coordinates":[[73.8694034,18.4980907],[73.8694087,18.4979376],[73.8693661,18.4966873],[73.8693537,18.4965111],[73.8693497,18.4962424],[73.8693215,18.4940362],[73.8693085,18.4931161],[73.8693095,18.4930145],[73.8693149,18.4928666],[73.8693331,18.4927495],[73.8694051,18.4924424],[73.8694161,18.4923998],[73.8694614,18.4922241],[73.8696819,18.4913697],[73.8696581,18.4912862]]}},
{"type":"Feature","properties":{"osm_id":"53086860","code":5115,"fclass":"tertiary","name":"Prince Of Wales Drive","ref":"","oneway":"F","maxspeed":0,"layer":0,"bridge":"F","tunnel":"F"},"geometry":{"type":"LineString","coordinates":[[73.894815,18.4961212],[73.8946541,18.4953758],[73.8945376,18.4948494],[73.8943928,18.4941941],[73.8943631,18.4940599],[73.8942894,18.493727],[73.8942442,18.4935224],[73.8942204,18.4932361],[73.8942374,18.4930066],[73.8943114,18.4927286],[73.8944546,18.492323],[73.8945039,18.4921834],[73.8946585,18.4917373],[73.8947415,18.4914703],[73.8947717,18.4911979],[73.8947404,18.4908246],[73.894723,18.4907486],[73.8946707,18.4905203],[73.8945518,18.4902455],[73.8944023,18.489998],[73.8940765,18.4895484],[73.8936098,18.4889043],[73.8934134,18.4886333],[73.8933618,18.4885621],[73.893338,18.4885292],[73.893121,18.4882236],[73.8929512,18.4880344]]}},
{"type":"Feature","properties":{"osm_id":"53087010","code":5122,"fclass":"residential","name":"","ref":"","oneway":"B","maxspeed":0,"layer":0,"bridge":"F","tunnel":"F"},"geometry":{"type":"LineString","coordinates":[[73.8751985,18.5019652],[73.8752947,18.5016825],[73.8753291,18.5015775],[73.8754793,18.5011603],[73.8755115,18.5009975],[73.87549,18.5008653],[73.8754042,18.500733],[73.8752647,18.5006821],[73.8749429,18.5006109]]}},
{"type":"Feature","properties":{"osm_id":"53087061","code":5114,"fclass":"secondary","name":"Mahatma Phule Path","ref":"","oneway":"F","maxspeed":0,"layer":0,"bridge":"F","tunnel":"F"},"geometry":{"type":"LineString","coordinates":[[73.8791847,18.5069615],[73.8786011,18.5070452]]}},
{"type":"Feature","properties":{"osm_id":"53087113","code":5122,"fclass":"residential","name":"Saifee Street","ref":"","oneway":"B","maxspeed":0,"layer":0,"bridge":"F","tunnel":"F"},"geometry":{"type":"LineString","coordinates":[[73.8793506,18.5135932],[73.8793643,18.5129977],[73.8793641,18.5128327],[73.8794139,18.5122804],[73.8794047,18.5120175],[73.8793951,18.5117418],[73.879343,18.5111955],[73.8793396,18.5110728],[73.8793346,18.5108921],[73.8793274,18.5107473]]}},
{"type":"Feature","properties":{"osm_id":"53087116","code":5115,"fclass":"tertiary","name":"General Thimayya Road","ref":"","oneway":"B","maxspeed":0,"layer":0,"bridge":"F","tunnel":"F"},"geometry":{"type":"LineString","coordinates":[[73.8801598,18.5106396],[73.8812688,18.5105464],[73.8813804,18.5105576],[73.8814378,18.5105726],[73.8815008,18.5106163],[73.8815942,18.5106292],[73.8816579,18.510621],[73.8817541,18.5106013],[73.8817779,18.5105964],[73.882489,18.51045]]}},
{"type":"Feature","properties":{"osm_id":"53087514","code":5122,"fclass":"residential","name":"Center Street","ref":"","oneway":"B","maxspeed":0,"layer":0,"bridge":"F","tunnel":"F"},"geometry":{"type":"LineString","coordinates":[[73.8780279,18.5083945],[73.8780329,18.5085126],[73.8780372,18.508908],[73.8780398,18.5091462],[73.87804,18.5091617],[73.8780361,18.509256],[73.878032,18.5093536],[73.878027,18.5094735],[73.8780226,18.5095791],[73.8780178,18.5096938],[73.8780117,18.5098417],[73.8780076,18.50994],[73.8780027,18.5100573],[73.8779984,18.5101594],[73.8779936,18.5102756],[73.8779894,18.5103775],[73.877984,18.510507],[73.8779799,18.5106063],[73.8779754,18.5107138],[73.8779707,18.5108265],[73.877966,18.5109385],[73.8779612,18.5110526],[73.8779563,18.5111722],[73.8779457,18.5114255]]}},
{"type":"Feature","properties":{"osm_id":"53087939","code":5122,"fclass":"residential","name":"","ref":"","oneway":"B","maxspeed":0,"layer":0,"bridge":"F","tunnel":"F"},"geometry":{"type":"LineString","coordinates":[[73.8847337,18.5115553],[73.8847567,18.5116915],[73.8847977,18.5119336],[73.8848296,18.5120244],[73.8848901,18.5121412],[73.8849742,18.5122809],[73.8856738,18.5135396]]}},
{"type":"Feature","properties":{"osm_id":"53087994","code":5122,"fclass":"residential","name":"","ref":"","oneway":"B","maxspeed":0,"layer":0,"bridge":"F","tunnel":"F"},"geometry":{"type":"LineString","coordinates":[[73.8841214,18.514208],[73.8842632,18.5125923],[73.8842663,18.5125571],[73.8842817,18.5123818],[73.8843518,18.5115828]]}},
{"type":"Feature","properties":{"osm_id":"53087999","code":5122,"fclass":"residential","name":"","ref":"","oneway":"B","maxspeed":0,"layer":0,"bridge":"F","tunnel":"F"},"geometry":{"type":"LineString","coordinates":[[73.8778733,18.5136081],[73.8776159,18.5136225],[73.8772951,18.5136925],[73.8772357,18.5137055],[73.8768658,18.5137119],[73.8765393,18.5137714]]}},
{"type":"Feature","properties":{"osm_id":"53088067","code":5115,"fclass":"tertiary","name":"Laxmi Road","ref":"","oneway":"B","maxspeed":0,"layer":0,"bridge":"F","tunnel":"F"},"geometry":{"type":"LineString","coordinates":[[73.8709669,18.51622],[73.8705334,18.5160082],[73.8704021,18.5159441],[73.8700134,18.5157262],[73.8698757,18.5156187],[73.8698542,18.5156019],[73.8696541,18.5154313],[73.8696036,18.515402],[73.8694889,18.5153554],[73.8693625,18.5153465],[73.8688799,18.5153777]]}},
{"type":"Feature","properties":{"osm_id":"53088328","code":5113,"fclass":"primary","name":"Sambhaji Bridge","ref":"","oneway":"F","maxspeed":0,"layer":1,"bridge":"T","tunnel":"F"},"geometry":{"type":"LineString","coordinates":[[73.8426566,18.5141723],[73.8433907,18.5132494],[73.8435407,18.5130608]]}},
{"type":"Feature","properties":{"osm_id":"53088749","code":5122,"fclass":"residential","name":"Appasaheb Athawale Path","ref":"","oneway":"B","maxspeed":0,"layer":0,"bridge":"F","tunnel":"F"},"geometry":{"type":"LineString","coordinates":[[73.8469972,18.515874],[73.8470459,18.5159688],[73.8471088,18.5160425],[73.8472406,18.5161534],[73.8479282,18.5165241]]}},
{"type":"Feature","properties":{"osm_id":"53089623","code":5122,"fclass":"residential","name":"","ref":"","oneway":"B","maxspeed":0,"layer":0,"bridge":"F","tunnel":"F"},"geometry":{"type":"LineString","coordinates":[[73.8496327,18.5192864],[73.849109,18.5195278]]}},
{"type":"Feature","properties":{"osm_id":"53090145","code":5112,"fclass":"trunk","name":"Bajirao Road","ref":"NH60;NH65","oneway":"F","maxspeed":0,"layer":0,"bridge":"F","tunnel":"F"},"geometry":{"type":"LineString","coordinates":[[73.8545274,18.5185586],[73.854503,18.5193346],[73.8544934,18.5196781],[73.8544757,18.520077],[73.8544921,18.5201569],[73.8545318,18.520228],[73.8546077,18.5202924],[73.8546735,18.5203423],[73.8547714,18.5204263]]}},
{"type":"Feature","properties":{"osm_id":"53090268","code":5122,"fclass":"residential","name":"Namdeo Raut Path","ref":"","oneway":"B","maxspeed":0,"layer":0,"bridge":"F","tunnel":"F"},"geometry":{"type":"LineString","coordinates":[[73.848145,18.5177272],[73.8494729,18.5177486],[73.8495999,18.5177684],[73.8497344,18.5178115],[73.8498462,18.5178654],[73.8499429,18.5179283],[73.8500014,18.5179923]]}},
{"type":"Feature","properties":{"osm_id":"53090385","code":5122,"fclass":"residential","name":"Kakasaheb Gadgil Marg","ref":"","oneway":"F","maxspeed":0,"layer":0,"bridge":"F","tunnel":"F"},"geometry":{"type":"LineString","coordinates":[[73.8516258,18.5188772],[73.8516757,18.5186625],[73.8519002,18.5176508],[73.8519179,18.5175321],[73.8519205,18.5174283],[73.8519353,18.5172968],[73.8519615,18.5171223],[73.8520187,18.5167415],[73.8520225,18.5165779],[73.8520119,18.5163825]]}},
{"type":"Feature","properties":{"osm_id":"53090697","code":5115,"fclass":"tertiary","name":"Narsimha Chintaman Kelkar Marg","ref":"","oneway":"B","maxspeed":0,"layer":0,"bridge":"F","tunnel":"F"},"geometry":{"type":"LineString","coordinates":[[73.8499846,18.5164029],[73.8508112,18.5164014],[73.8510378,18.516401],[73.8510701,18.5164004],[73.8520119,18.5163825],[73.8522882,18.516378],[73.8528719,18.5164168],[73.8531058,18.5164089],[73.8532842,18.516398],[73.8535673,18.5163713],[73.8536964,18.5163854],[73.8538574,18.5164569]]}},
{"type":"Feature","properties":{"osm_id":"53090776","code":5115,"fclass":"tertiary","name":"Ganesh Path","ref":"","oneway":"B","maxspeed":0,"layer":0,"bridge":"F","tunnel":"F"},"geometry":{"type":"LineString","coordinates":[[73.8562138,18.518542],[73.85631,18.518544],[73.8566475,18.5185508],[73.8568533,18.5185525],[73.8569431,18.5185844],[73.857047,18.5186589],[73.8571509,18.5187148],[73.8574635,18.5187295],[73.8579241,18.5187518],[73.8581198,18.5187597],[73.8584904,18.5187768],[73.8592422,18.5187441],[73.8593588,18.5187144],[73.8594269,18.5187024],[73.8595298,18.5186768],[73.8596443,18.5186499],[73.8597248,18.5186506],[73.8599743,18.5187818],[73.8601444,18.5188684],[73.8604582,18.5190358]]}},
{"type":"Feature","properties":{"osm_id":"53091188","code":5122,"fclass":"residential","name":"","ref":"","oneway":"F","maxspeed":0,"layer":0,"bridge":"F","tunnel":"F"},"geometry":{"type":"LineString","coordinates":[[73.8593601,18.5159957],[73.8593701,18.5165914],[73.8593818,18.5169271],[73.8594292,18.5172811],[73.8594887,18.5177434],[73.8595151,18.5179861],[73.8595169,18.5180031],[73.8595298,18.5186768]]}},
{"type":"Feature","properties":{"osm_id":"53091521","code":5115,"fclass":"tertiary","name":"Shiddheshwar Path","ref":"","oneway":"B","maxspeed":0,"layer":0,"bridge":"F","tunnel":"F"},"geometry":{"type":"LineString","coordinates":[[73.86162,18.5224062],[73.8618489,18.5224933],[73.8619551,18.5225233],[73.8620944,18.5225404],[73.8621831,18.5225513],[73.8623636,18.5225571],[73.8627222,18.5225685],[73.8627562,18.5225694],[73.862909,18.5225731],[73.8630447,18.5225704],[73.8633536,18.5225647],[73.8638555,18.5225008],[73.8641375,18.5224419],[73.8644037,18.5224066],[73.8646194,18.5223865],[73.8649384,18.5223762],[73.8650802,18.5224036],[73.8653028,18.5223117],[73.8655057,18.5222546],[73.865551,18.5222418],[73.8658534,18.5221734],[73.8660052,18.5221505]]}},
{"type":"Feature","properties":{"osm_id":"53091858","code":5115,"fclass":"tertiary","name":"Jedhe Prasad Road","ref":"","oneway":"F","maxspeed":0,"layer":0,"bridge":"F","tunnel":"F"},"geometry":{"type":"LineString","coordinates":[[73.8593375,18.5085463],[73.859361,18.5086681],[73.8594273,18.5091244],[73.8594231,18.5094753],[73.8594266,18.5096058],[73.8594433,18.5096971],[73.8594991,18.509902],[73.8595552,18.5102215],[73.8595945,18.5104131],[73.8596363,18.5105376],[73.8596544,18.5106465],[73.8596844,18.5108151],[73.859696,18.5108608],[73.8597181,18.5109482],[73.8597504,18.5111119],[73.859763,18.5113209],[73.8597532,18.5115458],[73.8597448,18.5117087],[73.8597426,18.5117525],[73.859741,18.5117828],[73.8597344,18.5119792],[73.8597385,18.5123153],[73.8596685,18.5127683],[73.8596197,18.5129182]]}},
{"type":"Feature","properties":{"osm_id":"53091973","code":5115,"fclass":"tertiary","name":"Daruwala Pul","ref":"","oneway":"B","maxspeed":0,"layer":1,"bridge":"T","tunnel":"F"},"geometry":{"type":"LineString","coordinates":[[73.8621452,18.5194083],[73.8623338,18.5195065],[73.8623698,18.5195252]]}},
{"type":"Feature","properties":{"osm_id":"53091983","code":5115,"fclass":"tertiary","name":"Sardar Moodliar Path","ref":"","oneway":"B","maxspeed":0,"layer":0,"bridge":"F","tunnel":"F"},"geometry":{"type":"LineString","coordinates":[[73.867012,18.5195089],[73.8669232,18.5195123],[73.8668833,18.5195138],[73.8668576,18.5195155],[73.8664028,18.5195437],[73.8662803,18.5195432],[73.8659817,18.5195419],[73.8658385,18.5195484],[73.865726,18.5195535],[73.8653561,18.5195585],[73.8650156,18.519555]]}},
{"type":"Feature","properties":{"osm_id":"53092208","code":5122,"fclass":"residential","name":"Manik Nagar Lane No.2","ref":"","oneway":"B","maxspeed":0,"layer":0,"bridge":"F","tunnel":"F"},"geometry":{"type":"LineString","coordinates":[[73.8674502,18.5245439],[73.8665799,18.5245167],[73.8664813,18.5245242],[73.8664487,18.5245267],[73.8662714,18.5245403],[73.8658658,18.5246048],[73.865689,18.5246286],[73.8655199,18.5246424],[73.8652526,18.5246643],[73.8651259,18.5247047],[73.8649609,18.5248261],[73.8649103,18.5248668]]}},
{"type":"Feature","properties":{"osm_id":"53092321","code":5122,"fclass":"residential","name":"","ref":"","oneway":"B","maxspeed":0,"layer":0,"bridge":"F","tunnel":"F"},"geometry":{"type":"LineString","coordinates":[[73.8638388,18.5234948],[73.8638274,18.5234085],[73.8638389,18.5230381],[73.8638555,18.5225008],[73.8638695,18.5220903],[73.863901,18.5216492],[73.863931,18.5213739],[73.8639386,18.5213039],[73.8639487,18.5212124],[73.8639725,18.5209954],[73.864005,18.5207491],[73.8640136,18.5206439],[73.8640252,18.5205712],[73.8640536,18.5204138],[73.8640731,18.5203056],[73.864101,18.5201861],[73.8641836,18.5198262],[73.8642031,18.5197009],[73.8641975,18.5194996]]}},
{"type":"Feature","properties":{"osm_id":"53092403","code":5122,"fclass":"residential","name":"Mangal Murti Road","ref":"","oneway":"B","maxspeed":0,"layer":0,"bridge":"F","tunnel":"F"},"geometry":{"type":"LineString","coordinates":[[73.864868,18.5195268],[73.8648798,18.5193272],[73.8648815,18.5188641],[73.8648826,18.5185498],[73.8648723,18.5182979],[73.8648657,18.5181961],[73.8648553,18.5178563],[73.864856,18.517554],[73.8648579,18.517283],[73.8648571,18.5171704],[73.8648581,18.5169902],[73.8646182,18.516655]]}},
{"type":"Feature","properties":{"osm_id":"53092620","code":5115,"fclass":"tertiary","name":"","ref":"","oneway":"B","maxspeed":0,"layer":0,"bridge":"F","tunnel":"F"},"geometry":{"type":"LineString","coordinates":[[73.8648179,18.515387],[73.8648873,18.5151367],[73.8649925,18.5148779],[73.8650508,18.5147666],[73.8650914,18.5146926],[73.8651204,18.5146398],[73.865139,18.5144667],[73.8651705,18.5141386],[73.8651791,18.5139836],[73.8651619,18.5139061],[73.8651041,18.5137692],[73.8650302,18.5136502],[73.8649606,18.513542],[73.8647957,18.5132652],[73.8647374,18.5131524],[73.8646257,18.5129331],[73.8645956,18.512859],[73.8644972,18.5126166],[73.8644112,18.512437],[73.8643956,18.5124043],[73.8643626,18.5123434],[73.8642816,18.512194],[73.8642688,18.5121512],[73.8642775,18.5121134],[73.8643811,18.5119208],[73.8644081,18.5117636],[73.8643856,18.5116669],[73.864377,18.5116299],[73.8643127,18.5115021],[73.8642501,18.5113857],[73.86418,18.5112211],[73.8641512,18.5111265],[73.8641075,18.5109931],[73.8640746,18.5108257],[73.8640424,18.5106425]]}},
{"type":"Feature","properties":{"osm_id":"53092728","code":5122,"fclass":"residential","name":"","ref":"","oneway":"B","maxspeed":0,"layer":0,"bridge":"F","tunnel":"F"},"geometry":{"type":"LineString","coordinates":[[73.8658383,18.5105572],[73.865841,18.5107718],[73.8658621,18.510907],[73.8659084,18.5110904],[73.8659445,18.5112349],[73.8659599,18.5113059],[73.866027,18.5114583],[73.8661618,18.5117429],[73.8663706,18.5121835],[73.8664906,18.5124369],[73.8665804,18.512592],[73.8666422,18.5126532],[73.8667373,18.5126762],[73.8670039,18.5126696],[73.8671125,18.5126941],[73.8672188,18.5127359],[73.8672996,18.5127677],[73.8675634,18.5128475],[73.8676689,18.5128998],[73.8677069,18.5129279],[73.8677459,18.5129567],[73.8678674,18.5130515],[73.868686,18.5130535],[73.8687635,18.513044]]}},
{"type":"Feature","properties":{"osm_id":"53092822","code":5122,"fclass":"residential","name":"Sadashiv Govind Road","ref":"","oneway":"B","maxspeed":0,"layer":0,"bridge":"F","tunnel":"F"},"geometry":{"type":"LineString","coordinates":[[73.8663706,18.5121835],[73.8667438,18.5120401],[73.8670906,18.5119069],[73.8678945,18.5115662],[73.8679207,18.5115518],[73.8685099,18.5112267]]}},
{"type":"Feature","properties":{"osm_id":"53092908","code":5122,"fclass":"residential","name":"","ref":"","oneway":"B","maxspeed":0,"layer":0,"bridge":"F","tunnel":"F"},"geometry":{"type":"LineString","coordinates":[[73.8647374,18.5131524],[73.8652722,18.5129439],[73.865421,18.5128428],[73.8655389,18.5126879],[73.865617,18.5126338],[73.8657203,18.5126024],[73.8658982,18.5125819],[73.8661144,18.5125446],[73.866367,18.5124834],[73.8664906,18.5124369]]}},
{"type":"Feature","properties":{"osm_id":"53093009","code":5115,"fclass":"tertiary","name":"Mahatma Phule Road","ref":"","oneway":"B","maxspeed":0,"layer":0,"bridge":"F","tunnel":"F"},"geometry":{"type":"LineString","coordinates":[[73.8672625,18.5104029],[73.867026,18.5104295],[73.8667213,18.5105081],[73.8662881,18.5105474],[73.8658383,18.5105572],[73.8653077,18.5105671],[73.8650817,18.5105828],[73.8643438,18.5106182],[73.8642629,18.5106247],[73.8640424,18.5106425],[73.8636411,18.5106743]]}},
{"type":"Feature","properties":{"osm_id":"53093248","code":5115,"fclass":"tertiary","name":"Bhujangrao Daulatrao Jadhav Path","ref":"","oneway":"F","maxspeed":0,"layer":0,"bridge":"F","tunnel":"F"},"geometry":{"type":"LineString","coordinates":[[73.8580115,18.5158481],[73.858013,18.5159895],[73.8580141,18.5160905],[73.8580169,18.5163496],[73.8580228,18.5168982]]}},
{"type":"Feature","properties":{"osm_id":"53093416","code":5122,"fclass":"residential","name":"","ref":"","oneway":"B","maxspeed":0,"layer":0,"bridge":"F","tunnel":"F"},"geometry":{"type":"LineString","coordinates":[[73.8600077,18.5119786],[73.8602879,18.5121083],[73.8603153,18.5121433],[73.8603229,18.5121767],[73.8603156,18.5126366],[73.8603289,18.5128694],[73.8603116,18.5131098]]}},
{"type":"Feature","properties":{"osm_id":"53093454","code":5122,"fclass":"residential","name":"","ref":"","oneway":"B","maxspeed":0,"layer":0,"bridge":"F","tunnel":"F"},"geometry":{"type":"LineString","coordinates":[[73.8580361,18.515574],[73.8582509,18.5155832],[73.8586636,18.5155725],[73.8588811,18.5155576],[73.8590903,18.5155433],[73.8592284,18.5155398],[73.8593036,18.5155379],[73.8593904,18.5155244],[73.8595176,18.5155102],[73.8597558,18.5155045],[73.859938,18.5155225]]}},
{"type":"Feature","properties":{"osm_id":"53093463","code":5122,"fclass":"residential","name":"Kavi Honaji Marg","ref":"","oneway":"B","maxspeed":0,"layer":0,"bridge":"F","tunnel":"F"},"geometry":{"type":"LineString","coordinates":[[73.8588432,18.5142629],[73.8587422,18.5149816],[73.8587029,18.5151147],[73.8586776,18.5153064],[73.8586636,18.5155725]]}},
{"type":"Feature","properties":{"osm_id":"53093499","code":5122,"fclass":"residential","name":"","ref":"","oneway":"B","maxspeed":0,"layer":0,"bridge":"F","tunnel":"F"},"geometry":{"type":"LineString","coordinates":[[73.8570343,18.5141146],[73.8573993,18.5141638],[73.8575632,18.5141484],[73.8577175,18.5141484],[73.858218,18.5142007],[73.8588432,18.5142629],[73.8594802,18.5142919],[73.8596292,18.514292],[73.8598608,18.514276],[73.860073,18.5142576]]}},
{"type":"Feature","properties":{"osm_id":"53099112","code":5115,"fclass":"tertiary","name":"Matoshri Ramabai Ambedkar Path","ref":"","oneway":"B","maxspeed":0,"layer":0,"bridge":"F","tunnel":"F"},"geometry":{"type":"LineString","coordinates":[[73.8737713,18.5347334],[73.8738409,18.5343792],[73.8738922,18.5341186],[73.8739175,18.5339897],[73.8740064,18.5335725],[73.8740832,18.5332121],[73.8741563,18.5328692],[73.8742005,18.5326757],[73.8743432,18.5320515],[73.8745235,18.5312627],[73.8745481,18.5311551],[73.8745603,18.5311018],[73.8745846,18.5309536],[73.8746449,18.5305855],[73.8746507,18.5305499],[73.8747538,18.5300698]]}},
{"type":"Feature","properties":{"osm_id":"53099152","code":5122,"fclass":"residential","name":"","ref":"","oneway":"B","maxspeed":0,"layer":0,"bridge":"F","tunnel":"F"},"geometry":{"type":"LineString","coordinates":[[73.8744571,18.5358543],[73.8738641,18.5357727],[73.8735355,18.5357254]]}},
{"type":"Feature","properties":{"osm_id":"53099246","code":5114,"fclass":"secondary","name":"Dr. Annie Besant Path","ref":"","oneway":"F","maxspeed":0,"layer":0,"bridge":"F","tunnel":"F"},"geometry":{"type":"LineString","coordinates":[[73.8724033,18.524477],[73.8728608,18.524539],[73.8730177,18.5245576],[73.8737984,18.5246499],[73.8744337,18.524725],[73.8745272,18.5247361],[73.8748013,18.5247685],[73.8751315,18.5248076],[73.8755805,18.5248607],[73.8756974,18.5248745],[73.8759445,18.5248887],[73.8765335,18.5248657]]}},
{"type":"Feature","properties":{"osm_id":"53099404","code":5114,"fclass":"secondary","name":"Susie Sorabjee Road","ref":"","oneway":"F","maxspeed":0,"layer":0,"bridge":"F","tunnel":"F"},"geometry":{"type":"LineString","coordinates":[[73.8763073,18.5233908],[73.8757352,18.5235053],[73.8756379,18.5235248],[73.8755291,18.5235465],[73.8749766,18.5236727],[73.8749117,18.5236875],[73.8745513,18.5237698],[73.8745044,18.5237805],[73.8740439,18.5238857],[73.8730229,18.5241189],[73.8724993,18.5242385],[73.8724453,18.5242508]]}},
{"type":"Feature","properties":{"osm_id":"53099469","code":5112,"fclass":"trunk","name":"Raja Bahadur Mill Marg","ref":"NH753F","oneway":"F","maxspeed":0,"layer":0,"bridge":"F","tunnel":"F"},"geometry":{"type":"LineString","coordinates":[[73.8756056,18.5306955],[73.875512,18.5306032],[73.8752944,18.5304231],[73.8751029,18.5302568],[73.874801,18.5299824],[73.8747063,18.5298961],[73.8745938,18.5298131],[73.8744978,18.5297688],[73.8743549,18.5297383],[73.8740423,18.5297264],[73.8724479,18.5296475],[73.8721383,18.5296301],[73.8720639,18.5296259],[73.8711643,18.5295824],[73.8707517,18.5295858],[73.870448,18.5295909],[73.8701854,18.5296112],[73.870021,18.5296282],[73.8697513,18.5296756],[73.8694512,18.5297349],[73.8692618,18.5297806],[73.8685204,18.5300042],[73.8683132,18.5300516],[73.8681101,18.5300787],[73.8678791,18.5301008],[73.8676452,18.530105],[73.8670881,18.5300814],[73.8659381,18.5300328],[73.864747,18.5299825],[73.8642039,18.5299503],[73.8639181,18.5299232]]}},
{"type":"Feature","properties":{"osm_id":"53099840","code":5141,"fclass":"service","name":"","ref":"","oneway":"B","maxspeed":0,"layer":0,"bridge":"F","tunnel":"F"},"geometry":{"type":"LineString","coordinates":[[73.8791288,18.5270376],[73.8788122,18.5270414],[73.8787418,18.5270422],[73.8784445,18.5270458],[73.8782314,18.5270483]]}},
{"type":"Feature","properties":{"osm_id":"53100616","code":5122,"fclass":"residential","name":"Staveley Road","ref":"","oneway":"B","maxspeed":0,"layer":0,"bridge":"F","tunnel":"F"},"geometry":{"type":"LineString","coordinates":[[73.884622,18.5062244],[73.8846257,18.5061094],[73.884792,18.5056418],[73.884972,18.5052063],[73.8853733,18.5042351],[73.8854646,18.5039692],[73.8857138,18.503354],[73.886105,18.5022693],[73.8864829,18.5008587]]}},
{"type":"Feature","properties":{"osm_id":"53100623","code":5122,"fclass":"residential","name":"","ref":"","oneway":"B","maxspeed":0,"layer":0,"bridge":"F","tunnel":"F"},"geometry":{"type":"LineString","coordinates":[[73.8864829,18.5008587],[73.8866823,18.5009569],[73.8869159,18.5011386],[73.8872122,18.5014332],[73.8876536,18.5018959],[73.888143,18.5024089],[73.8884476,18.5027875],[73.8887216,18.5032311]]}},
{"type":"Feature","properties":{"osm_id":"53100624","code":5122,"fclass":"residential","name":"","ref":"","oneway":"B","maxspeed":0,"layer":0,"bridge":"F","tunnel":"F"},"geometry":{"type":"LineString","coordinates":[[73.8887216,18.5032311],[73.8892915,18.5049127],[73.889542,18.5056083],[73.8896897,18.5060184],[73.8897208,18.5061048],[73.8898325,18.506415],[73.8898696,18.5064854]]}},
{"type":"Feature","properties":{"osm_id":"53100642","code":5122,"fclass":"residential","name":"","ref":"","oneway":"F","maxspeed":0,"layer":0,"bridge":"F","tunnel":"F"},"geometry":{"type":"LineString","coordinates":[[73.8890158,18.5100503],[73.889163,18.5100023],[73.8892903,18.5099872],[73.8893108,18.5099844],[73.8895736,18.509948],[73.8900366,18.509909],[73.8900704,18.5098871],[73.8900968,18.5098396],[73.8901084,18.507965],[73.8901189,18.5077228]]}},
{"type":"Feature","properties":{"osm_id":"53153044","code":5114,"fclass":"secondary","name":"","ref":"","oneway":"F","maxspeed":0,"layer":0,"bridge":"F","tunnel":"F"},"geometry":{"type":"LineString","coordinates":[[73.8935112,18.5250371],[73.8938938,18.5252913],[73.8940384,18.5253468],[73.8954401,18.5258848],[73.8963105,18.5261888],[73.8963527,18.5262035]]}},
{"type":"Feature","properties":{"osm_id":"53153045","code":5122,"fclass":"residential","name":"Arun Khetrapal Road","ref":"","oneway":"B","maxspeed":0,"layer":0,"bridge":"F","tunnel":"F"},"geometry":{"type":"LineString","coordinates":[[73.8960913,18.5217659],[73.8962468,18.5235127],[73.8964544,18.5262532]]}},
{"type":"Feature","properties":{"osm_id":"53153046","code":5114,"fclass":"secondary","name":"Ghorpadi Road","ref":"","oneway":"F","maxspeed":30,"layer":0,"bridge":"F","tunnel":"F"},"geometry":{"type":"LineString","coordinates":[[73.8963527,18.5262035],[73.8954396,18.5253052],[73.8953097,18.5252293],[73.8950252,18.5251549],[73.8948461,18.525132],[73.8945641,18.525096],[73.8942791,18.5250761],[73.8941435,18.5250759],[73.8940685,18.5250758],[73.8938974,18.5250822],[73.8936949,18.5250719],[73.8935112,18.5250371]]}},
{"type":"Feature","properties":{"osm_id":"53153047","code":5114,"fclass":"secondary","name":"Ghorpadi Road","ref":"","oneway":"B","maxspeed":0,"layer":0,"bridge":"F","tunnel":"F"},"geometry":{"type":"LineString","coordinates":[[73.8972683,18.5271932],[73.8972845,18.527214],[73.8973434,18.5273007],[73.8973819,18.5273296],[73.897437,18.5273285],[73.8974942,18.5273188],[73.8980768,18.5271219],[73.8981814,18.5271064],[73.8983139,18.5271002],[73.8984332,18.5271188],[73.8991814,18.5273473],[73.8993423,18.5274133],[73.8994481,18.5274739],[73.8994854,18.5274953],[73.8996037,18.5275726],[73.9002482,18.52807]]}},
{"type":"Feature","properties":{"osm_id":"53153974","code":5122,"fclass":"residential","name":"","ref":"","oneway":"B","maxspeed":0,"layer":0,"bridge":"F","tunnel":"F"},"geometry":{"type":"LineString","coordinates":[[73.8857138,18.503354],[73.8856517,18.5024921],[73.8855435,18.5010316],[73.8854939,18.5007434],[73.8854638,18.5006146],[73.8853895,18.5004003]]}},
{"type":"Feature","properties":{"osm_id":"53153975","code":5122,"fclass":"residential","name":"","ref":"","oneway":"B","maxspeed":0,"layer":0,"bridge":"F","tunnel":"F"},"geometry":{"type":"LineString","coordinates":[[73.8854638,18.5006146],[73.886219,18.5006837],[73.8864376,18.50075]]}},
{"type":"Feature","properties":{"osm_id":"53153979","code":5122,"fclass":"residential","name":"Napler Road","ref":"","oneway":"B","maxspeed":0,"layer":0,"bridge":"F","tunnel":"F"},"geometry":{"type":"LineString","coordinates":[[73.88396,18.5002512],[73.8842758,18.4998739],[73.8845701,18.4995116],[73.885007,18.4989737]]}},
{"type":"Feature","properties":{"osm_id":"53154081","code":5122,"fclass":"residential","name":"","ref":"","oneway":"F","maxspeed":0,"layer":0,"bridge":"F","tunnel":"F"},"geometry":{"type":"LineString","coordinates":[[73.8821234,18.5058102],[73.8820131,18.5057531]]}},
{"type":"Feature","properties":{"osm_id":"53154132","code":5122,"fclass":"residential","name":"","ref":"","oneway":"B","maxspeed":0,"layer":0,"bridge":"F","tunnel":"F"},"geometry":{"type":"LineString","coordinates":[[73.8820966,18.5025788],[73.8830037,18.502904],[73.8830917,18.5029355],[73.8837057,18.5031684],[73.8846761,18.5035533],[73.8848092,18.5036049],[73.8854646,18.5039692]]}},
{"type":"Feature","properties":{"osm_id":"53154240","code":5122,"fclass":"residential","name":"","ref":"","oneway":"B","maxspeed":0,"layer":0,"bridge":"F","tunnel":"F"},"geometry":{"type":"LineString","coordinates":[[73.8864829,18.5008587],[73.8864376,18.50075],[73.8863393,18.5005038],[73.8863296,18.5004139],[73.8863382,18.5002984],[73.8863813,18.5001901],[73.8864828,18.5000745],[73.8866814,18.4998481],[73.8867533,18.4997662],[73.8867993,18.4996645],[73.8868322,18.4995065],[73.8868836,18.4989473]]}},
{"type":"Feature","properties":{"osm_id":"53154251","code":5141,"fclass":"service","name":"","ref":"","oneway":"B","maxspeed":0,"layer":0,"bridge":"F","tunnel":"F"},"geometry":{"type":"LineString","coordinates":[[73.8896439,18.5000939],[73.8895671,18.5000566],[73.8894654,18.5000437],[73.8892635,18.5000729],[73.8887866,18.5001688],[73.8882682,18.5002704],[73.8879918,18.5002909],[73.8877558,18.5003462],[73.8874854,18.5004362],[73.8872745,18.500506],[73.8870009,18.5006406],[73.8865996,18.500838],[73.8864829,18.5008587]]}},
{"type":"Feature","properties":{"osm_id":"53154257","code":5122,"fclass":"residential","name":"","ref":"","oneway":"B","maxspeed":0,"layer":0,"bridge":"F","tunnel":"F"},"geometry":{"type":"LineString","coordinates":[[73.8837057,18.5031684],[73.8840674,18.5022754],[73.8842453,18.5018361],[73.8843711,18.5015255],[73.8844532,18.501323],[73.8844955,18.5012185],[73.884653,18.5008296],[73.8846961,18.5006988],[73.8846703,18.5006047],[73.8846164,18.5005393],[73.8844192,18.5004404],[73.8840086,18.5003985]]}},
{"type":"Feature","properties":{"osm_id":"53154309","code":5122,"fclass":"residential","name":"","ref":"","oneway":"B","maxspeed":0,"layer":0,"bridge":"F","tunnel":"F"},"geometry":{"type":"LineString","coordinates":[[73.8853895,18.5004003],[73.8858504,18.5001604],[73.8860466,18.5000888],[73.8862513,18.5000561],[73.8864828,18.5000745]]}},
{"type":"Feature","properties":{"osm_id":"53154512","code":5115,"fclass":"tertiary","name":"","ref":"","oneway":"B","maxspeed":30,"layer":0,"bridge":"F","tunnel":"F"},"geometry":{"type":"LineString","coordinates":[[73.8946956,18.491197],[73.8947717,18.4911979],[73.8951806,18.4902806],[73.8954178,18.4897486],[73.8955304,18.4894883]]}},
{"type":"Feature","properties":{"osm_id":"53154518","code":5115,"fclass":"tertiary","name":"Vitthalrao Shivarkar Marg","ref":"","oneway":"B","maxspeed":0,"layer":0,"bridge":"F","tunnel":"F"},"geometry":{"type":"LineString","coordinates":[[73.900654,18.4813658],[73.9006502,18.4817659],[73.9006471,18.4820851],[73.9006469,18.4821067],[73.9006434,18.4824668],[73.9006411,18.4826988],[73.9006397,18.4828427],[73.9006305,18.48314],[73.9006192,18.4835032]]}},
{"type":"Feature","properties":{"osm_id":"53154647","code":5115,"fclass":"tertiary","name":"Salunkhe Vihar Road","ref":"","oneway":"B","maxspeed":40,"layer":0,"bridge":"F","tunnel":"F"},"geometry":{"type":"LineString","coordinates":[[73.9023616,18.4812042],[73.9021993,18.481215],[73.9019557,18.4812352],[73.9015178,18.4812797],[73.9014418,18.4812858],[73.9012236,18.4813032],[73.9010316,18.4813247],[73.9007214,18.4813596],[73.900654,18.4813658],[73.9004019,18.4813771],[73.8997926,18.4814457],[73.8996202,18.4814651],[73.8994686,18.4814822],[73.8990373,18.4815307],[73.8988086,18.4815702]]}},
{"type":"Feature","properties":{"osm_id":"53154652","code":5122,"fclass":"residential","name":"Bapusaheb Kedari Road","ref":"","oneway":"B","maxspeed":0,"layer":0,"bridge":"F","tunnel":"F"},"geometry":{"type":"LineString","coordinates":[[73.8988055,18.4870945],[73.8988052,18.4870006],[73.8988346,18.4866724],[73.8988599,18.4863909],[73.8989086,18.4858476],[73.8989496,18.4854203],[73.8989708,18.4851719],[73.8990047,18.4848134],[73.8990499,18.4842722],[73.8990525,18.484173],[73.8989426,18.4841399],[73.8986364,18.4841245]]}},
{"type":"Feature","properties":{"osm_id":"53154660","code":5122,"fclass":"residential","name":"Bapusaheb Kedari Road","ref":"","oneway":"B","maxspeed":0,"layer":0,"bridge":"F","tunnel":"F"},"geometry":{"type":"LineString","coordinates":[[73.8986364,18.4841245],[73.8987025,18.4834676],[73.898708,18.48335],[73.8987247,18.4831159],[73.8987293,18.4830516],[73.8987339,18.4829882],[73.8987478,18.4827938],[73.898758,18.4826107],[73.8987689,18.4824144],[73.8987786,18.482239],[73.8987835,18.4821499],[73.8988086,18.4815702]]}},
{"type":"Feature","properties":{"osm_id":"53154662","code":5115,"fclass":"tertiary","name":"Salunkhe Vihar Road","ref":"","oneway":"B","maxspeed":40,"layer":0,"bridge":"F","tunnel":"F"},"geometry":{"type":"LineString","coordinates":[[73.8960325,18.4819857],[73.8958527,18.4820022]]}},
{"type":"Feature","properties":{"osm_id":"53154696","code":5122,"fclass":"residential","name":"","ref":"","oneway":"B","maxspeed":0,"layer":0,"bridge":"F","tunnel":"F"},"geometry":{"type":"LineString","coordinates":[[73.8898698,18.484486],[73.8892529,18.4843809],[73.8887024,18.4843162],[73.888222,18.4842577],[73.8881936,18.4842545],[73.8879613,18.4842259],[73.8874172,18.4841596],[73.887173,18.4841298]]}},
{"type":"Feature","properties":{"osm_id":"53154715","code":5122,"fclass":"residential","name":"","ref":"","oneway":"B","maxspeed":0,"layer":0,"bridge":"F","tunnel":"F"},"geometry":{"type":"LineString","coordinates":[[73.8868939,18.4891581],[73.8868311,18.4891191],[73.8867345,18.4890377],[73.8866594,18.488936],[73.8865736,18.4888342],[73.8864126,18.4887223],[73.8862995,18.4886705],[73.8861552,18.48859],[73.8860264,18.4885493],[73.8859084,18.488529],[73.8857593,18.4885063],[73.8855891,18.4885234],[73.8851466,18.4886307],[73.8849535,18.4886613],[73.8846531,18.4886613],[73.8845288,18.4886409],[73.8843849,18.4885493],[73.8843125,18.4884464],[73.8842561,18.4883662],[73.8833475,18.4869591],[73.8833413,18.4869495],[73.883086,18.4865542],[73.882884,18.4862413],[73.8827586,18.486047],[73.8825539,18.4857168],[73.8825402,18.4856947],[73.8825182,18.4856616],[73.8822391,18.4852424],[73.882046,18.484988],[73.8817573,18.4847056],[73.8817027,18.4846522],[73.8816333,18.4845719],[73.8815111,18.4844307],[73.8812943,18.4841801],[73.8810393,18.4838852],[73.8807578,18.4835597],[73.8805408,18.483309],[73.8805633,18.4832399]]}},
{"type":"Feature","properties":{"osm_id":"53154903","code":5141,"fclass":"service","name":"","ref":"","oneway":"B","maxspeed":0,"layer":0,"bridge":"F","tunnel":"F"},"geometry":{"type":"LineString","coordinates":[[73.8853733,18.5042351],[73.8857246,18.5042831],[73.8859656,18.5043462],[73.8862469,18.5044597],[73.8864435,18.5045505],[73.8865288,18.5046072],[73.8866364,18.5047145]]}},
{"type":"Feature","properties":{"osm_id":"53199255","code":5113,"fclass":"primary","name":"Wakad Road","ref":"","oneway":"F","maxspeed":0,"layer":0,"bridge":"F","tunnel":"F"},"geometry":{"type":"LineString","coordinates":[[73.7611396,18.5925073],[73.7612047,18.5925393],[73.7615808,18.592521],[73.761693,18.5925107],[73.7623592,18.5924057],[73.7625188,18.5923805],[73.7626728,18.5923685],[73.7628419,18.5923513]]}},
{"type":"Feature","properties":{"osm_id":"53201054","code":5122,"fclass":"residential","name":"","ref":"","oneway":"B","maxspeed":0,"layer":0,"bridge":"F","tunnel":"F"},"geometry":{"type":"LineString","coordinates":[[73.8582903,18.5219205],[73.8583706,18.5215028],[73.8584544,18.5212456],[73.8585604,18.5210227],[73.858609,18.520907],[73.8586329,18.52085],[73.8587163,18.5206314],[73.8587535,18.5204733]]}},
{"type":"Feature","properties":{"osm_id":"53201065","code":5122,"fclass":"residential","name":"","ref":"","oneway":"B","maxspeed":0,"layer":0,"bridge":"F","tunnel":"F"},"geometry":{"type":"LineString","coordinates":[[73.8590012,18.521996],[73.8589858,18.5216504],[73.858955,18.5210457],[73.858955,18.5208825],[73.858977,18.5206431],[73.8589752,18.5204767],[73.8590183,18.5202188],[73.859071,18.5199382],[73.8590798,18.519759],[73.8590885,18.5196187],[73.8590572,18.5195128],[73.8590078,18.5190794],[73.8589963,18.5190414],[73.8589781,18.5190202],[73.8589486,18.5190029],[73.8586822,18.5189956],[73.8585859,18.5189875],[73.8585409,18.5189728],[73.8585325,18.5189619],[73.8585164,18.5189411],[73.8584904,18.5187768]]}},
{"type":"Feature","properties":{"osm_id":"53201067","code":5122,"fclass":"residential","name":"","ref":"","oneway":"B","maxspeed":0,"layer":0,"bridge":"F","tunnel":"F"},"geometry":{"type":"LineString","coordinates":[[73.8578106,18.5205203],[73.857856,18.5204694],[73.8580338,18.5204077],[73.8581814,18.5203908],[73.8582569,18.5203858],[73.8584983,18.5204244],[73.8585966,18.5204432],[73.8587535,18.5204733],[73.8589752,18.5204767],[73.8592592,18.5205087]]}},
{"type":"Feature","properties":{"osm_id":"53201129","code":5115,"fclass":"tertiary","name":"Maharana Pratapsinh Marg","ref":"","oneway":"F","maxspeed":0,"layer":0,"bridge":"F","tunnel":"F"},"geometry":{"type":"LineString","coordinates":[[73.8618252,18.5161016],[73.8618786,18.5155296],[73.8619591,18.5148546],[73.8619308,18.5146592],[73.8618828,18.5142615],[73.8618847,18.5139345],[73.8618857,18.5137741],[73.8618622,18.5134761],[73.8618362,18.5131039],[73.8618622,18.5126289],[73.8618653,18.5126023],[73.861922,18.5121134],[73.8619565,18.5118155],[73.861958,18.5117841],[73.8619702,18.5114938],[73.86202,18.5111963],[73.8620354,18.5108841],[73.862032,18.5105295],[73.8621057,18.5100872],[73.86215,18.5095095],[73.8621559,18.5094659],[73.8621854,18.5092493],[73.8622359,18.5088786]]}},
{"type":"Feature","properties":{"osm_id":"53201145","code":5115,"fclass":"tertiary","name":"Khadakmal Ali Path","ref":"","oneway":"B","maxspeed":0,"layer":0,"bridge":"F","tunnel":"F"},"geometry":{"type":"LineString","coordinates":[[73.8590336,18.5039114],[73.8585093,18.5039504],[73.8583903,18.5039559],[73.8579258,18.5039772],[73.8570222,18.5040145]]}},
{"type":"Feature","properties":{"osm_id":"53201365","code":5122,"fclass":"residential","name":"Balaji Rakhmaji Gayakwad Marg","ref":"","oneway":"B","maxspeed":0,"layer":0,"bridge":"F","tunnel":"F"},"geometry":{"type":"LineString","coordinates":[[73.8622359,18.5088786],[73.8626257,18.5089163],[73.8630212,18.5089545],[73.8632577,18.5089878],[73.8635664,18.5090249],[73.8637292,18.5090348],[73.8641617,18.5090934],[73.8642597,18.5091086],[73.8644455,18.5091374],[73.8646179,18.5091641],[73.8648244,18.5092249],[73.8649936,18.5092435],[73.8651574,18.5092385],[73.8653158,18.5092134],[73.8653704,18.5092159],[73.8654179,18.5092318],[73.8654457,18.5092748]]}},
{"type":"Feature","properties":{"osm_id":"53202051","code":5122,"fclass":"residential","name":"","ref":"","oneway":"B","maxspeed":0,"layer":0,"bridge":"F","tunnel":"F"},"geometry":{"type":"LineString","coordinates":[[73.8593747,18.5096426],[73.8592951,18.5095426],[73.8591659,18.5094585],[73.8590522,18.5093951],[73.8587348,18.5092794],[73.8584559,18.509227],[73.8583979,18.5092288],[73.8580467,18.50924],[73.8579573,18.5092428]]}},
{"type":"Feature","properties":{"osm_id":"53202305","code":5122,"fclass":"residential","name":"Markandey Mahamuni Path","ref":"","oneway":"F","maxspeed":0,"layer":0,"bridge":"F","tunnel":"F"},"geometry":{"type":"LineString","coordinates":[[73.8680448,18.5061007],[73.8682051,18.5061998]]}},
{"type":"Feature","properties":{"osm_id":"53202312","code":5122,"fclass":"residential","name":"Savitribai Phule Path","ref":"","oneway":"B","maxspeed":0,"layer":0,"bridge":"F","tunnel":"F"},"geometry":{"type":"LineString","coordinates":[[73.86281,18.5042166],[73.863219,18.504275],[73.8633651,18.5043398],[73.8634026,18.5044003],[73.8634212,18.504504],[73.8634179,18.5046584],[73.863396,18.505697],[73.8633819,18.5061138],[73.8633723,18.5066762],[73.8633607,18.5070504],[73.8633337,18.5077127],[73.863325,18.5078909],[73.8632994,18.508224],[73.8632807,18.5087736],[73.8632577,18.5089878]]}},
{"type":"Feature","properties":{"osm_id":"53202377","code":5123,"fclass":"living_street","name":"","ref":"","oneway":"B","maxspeed":0,"layer":0,"bridge":"F","tunnel":"F"},"geometry":{"type":"LineString","coordinates":[[73.8659742,18.5060463],[73.8660311,18.5055008],[73.8660458,18.5053481],[73.8660868,18.5050398],[73.8661453,18.5047366],[73.8661717,18.5045845],[73.866239,18.5040985],[73.8662712,18.5038847],[73.8662621,18.5037647],[73.866239,18.5036681],[73.866185,18.5034479],[73.86616,18.503346],[73.866124,18.5032257],[73.8660972,18.5031359]]}},
{"type":"Feature","properties":{"osm_id":"53202511","code":5123,"fclass":"living_street","name":"","ref":"","oneway":"B","maxspeed":0,"layer":0,"bridge":"F","tunnel":"F"},"geometry":{"type":"LineString","coordinates":[[73.8650762,18.5053065],[73.8653376,18.5052956],[73.865655,18.5052931],[73.8657824,18.505311],[73.8660458,18.5053481],[73.8664864,18.5054115]]}},
{"type":"Feature","properties":{"osm_id":"53202537","code":5141,"fclass":"service","name":"","ref":"","oneway":"B","maxspeed":0,"layer":0,"bridge":"F","tunnel":"F"},"geometry":{"type":"LineString","coordinates":[[73.8682468,18.5096677],[73.8681666,18.5096895],[73.8675194,18.5098644],[73.8670982,18.5100116]]}},
{"type":"Feature","properties":{"osm_id":"53202539","code":5141,"fclass":"service","name":"","ref":"","oneway":"B","maxspeed":0,"layer":0,"bridge":"F","tunnel":"F"},"geometry":{"type":"LineString","coordinates":[[73.8672625,18.5104029],[73.8670982,18.5100116],[73.8668717,18.5093308],[73.8667689,18.5089728]]}},
{"type":"Feature","properties":{"osm_id":"53202542","code":5122,"fclass":"residential","name":"","ref":"","oneway":"B","maxspeed":0,"layer":0,"bridge":"F","tunnel":"F"},"geometry":{"type":"LineString","coordinates":[[73.8654894,18.5094277],[73.8655416,18.5096595],[73.8654319,18.5098976],[73.8654228,18.5099467],[73.8653077,18.5105671]]}},
{"type":"Feature","properties":{"osm_id":"53202546","code":5122,"fclass":"residential","name":"","ref":"","oneway":"B","maxspeed":0,"layer":0,"bridge":"F","tunnel":"F"},"geometry":{"type":"LineString","coordinates":[[73.8659445,18.5112349],[73.8654582,18.5113197],[73.8649716,18.5114031],[73.8643127,18.5115021]]}},
{"type":"Feature","properties":{"osm_id":"53202605","code":5122,"fclass":"residential","name":"Hanmantram Ramnath Rathi Path","ref":"","oneway":"B","maxspeed":0,"layer":0,"bridge":"F","tunnel":"F"},"geometry":{"type":"LineString","coordinates":[[73.8595279,18.5137395],[73.8598484,18.5137667],[73.8601768,18.513788]]}},
{"type":"Feature","properties":{"osm_id":"53202614","code":5122,"fclass":"residential","name":"","ref":"","oneway":"B","maxspeed":0,"layer":0,"bridge":"F","tunnel":"F"},"geometry":{"type":"LineString","coordinates":[[73.8603289,18.5128694],[73.8609371,18.5127701],[73.8610371,18.512771],[73.8612711,18.5128706],[73.8613435,18.5129121],[73.8613821,18.5129535],[73.8614115,18.5130281],[73.8614253,18.5131641]]}},
{"type":"Feature","properties":{"osm_id":"53202626","code":5122,"fclass":"residential","name":"","ref":"","oneway":"B","maxspeed":0,"layer":0,"bridge":"F","tunnel":"F"},"geometry":{"type":"LineString","coordinates":[[73.8618857,18.5137741],[73.862249,18.5137645],[73.8624514,18.5137591],[73.862824,18.5137492],[73.8632019,18.5137251],[73.8635416,18.5137491],[73.8642273,18.5137996],[73.8642833,18.5138037],[73.8643139,18.5138082]]}},
{"type":"Feature","properties":{"osm_id":"53202653","code":5122,"fclass":"residential","name":"","ref":"","oneway":"B","maxspeed":0,"layer":0,"bridge":"F","tunnel":"F"},"geometry":{"type":"LineString","coordinates":[[73.8687152,18.5136475],[73.8695522,18.5136188],[73.8699802,18.5136353],[73.870705,18.5136423],[73.8713174,18.5136299]]}},
{"type":"Feature","properties":{"osm_id":"53202759","code":5122,"fclass":"residential","name":"Shantai Hotel Lane","ref":"","oneway":"B","maxspeed":0,"layer":0,"bridge":"F","tunnel":"F"},"geometry":{"type":"LineString","coordinates":[[73.8711171,18.5200582],[73.8711211,18.5200046],[73.871143,18.519712],[73.8712033,18.5189072],[73.8712187,18.5187019],[73.8712444,18.5183598],[73.871241,18.5179644],[73.8712404,18.5178904]]}},
{"type":"Feature","properties":{"osm_id":"53202760","code":5122,"fclass":"residential","name":"","ref":"","oneway":"B","maxspeed":0,"layer":0,"bridge":"F","tunnel":"F"},"geometry":{"type":"LineString","coordinates":[[73.872337,18.5073666],[73.8716641,18.5073539],[73.871427,18.5073416],[73.8713651,18.5073413],[73.8704468,18.5073398],[73.870089,18.5073215]]}},
{"type":"Feature","properties":{"osm_id":"53202771","code":5115,"fclass":"tertiary","name":"","ref":"","oneway":"B","maxspeed":0,"layer":0,"bridge":"F","tunnel":"F"},"geometry":{"type":"LineString","coordinates":[[73.8722791,18.5086949],[73.8722728,18.5085007],[73.8722792,18.5082041],[73.8722801,18.5081594],[73.8722863,18.5078464],[73.8723077,18.5076443],[73.872337,18.5073666],[73.8725406,18.5068912],[73.8725926,18.5067315],[73.8729051,18.5058893],[73.8729658,18.5057669],[73.8730505,18.5055962],[73.873143,18.5054099]]}},
{"type":"Feature","properties":{"osm_id":"53202787","code":5122,"fclass":"residential","name":"Waghmare Guruji Path","ref":"","oneway":"B","maxspeed":0,"layer":0,"bridge":"F","tunnel":"F"},"geometry":{"type":"LineString","coordinates":[[73.8687635,18.513044],[73.8689449,18.5129818],[73.8691197,18.5129055],[73.8693211,18.5127449],[73.8694267,18.5126277],[73.8695576,18.5124028],[73.869638,18.5122647],[73.8696611,18.5122223],[73.8698413,18.5118924],[73.8699048,18.5117573],[73.8699274,18.5117093],[73.8700185,18.5115433],[73.8700871,18.5114549],[73.8701802,18.5113669],[73.8702665,18.5113032],[73.8703119,18.5112656],[73.8703676,18.5112327],[73.8707361,18.5110308],[73.8707782,18.5110078],[73.8710593,18.5108944],[73.8718187,18.5106883],[73.8719335,18.5106777],[73.8719822,18.5106732],[73.872102,18.5106716]]}},
{"type":"Feature","properties":{"osm_id":"53202792","code":5122,"fclass":"residential","name":"","ref":"","oneway":"B","maxspeed":0,"layer":0,"bridge":"F","tunnel":"F"},"geometry":{"type":"LineString","coordinates":[[73.8699274,18.5117093],[73.8699451,18.510926],[73.8699385,18.5107414],[73.8699569,18.5105426],[73.8699731,18.5103188],[73.8699797,18.5101967],[73.8699675,18.5100357]]}},
{"type":"Feature","properties":{"osm_id":"53202798","code":5122,"fclass":"residential","name":"","ref":"","oneway":"B","maxspeed":0,"layer":0,"bridge":"F","tunnel":"F"},"geometry":{"type":"LineString","coordinates":[[73.8593818,18.5169271],[73.8595786,18.5169141],[73.8597826,18.5168849],[73.8598468,18.5168735],[73.8599732,18.5168511],[73.860084,18.5168373],[73.8601699,18.5168211],[73.8602365,18.5168329],[73.860293,18.5168546],[73.8603327,18.516896],[73.8603668,18.5169483],[73.8603854,18.5170499],[73.8604172,18.5171146]]}},
{"type":"Feature","properties":{"osm_id":"53202811","code":5122,"fclass":"residential","name":"","ref":"","oneway":"B","maxspeed":0,"layer":0,"bridge":"F","tunnel":"F"},"geometry":{"type":"LineString","coordinates":[[73.8606409,18.5165],[73.8605626,18.516687],[73.8605411,18.5167614],[73.8605288,18.5168037],[73.8604669,18.51703],[73.8604172,18.5171146],[73.8604395,18.5172173],[73.8604557,18.5173306],[73.860506,18.5176785],[73.8605145,18.5177214],[73.860597,18.5181096],[73.8606431,18.5183482],[73.8606853,18.5185182],[73.8607272,18.5186694],[73.8607785,18.5188164],[73.860882,18.5191009]]}},
{"type":"Feature","properties":{"osm_id":"53202816","code":5122,"fclass":"residential","name":"","ref":"","oneway":"B","maxspeed":0,"layer":0,"bridge":"F","tunnel":"F"},"geometry":{"type":"LineString","coordinates":[[73.8574787,18.5182337],[73.8574762,18.5183657],[73.8574652,18.5186811],[73.8574635,18.5187295]]}},
{"type":"Feature","properties":{"osm_id":"53202836","code":5122,"fclass":"residential","name":"Tapkir Galli","ref":"","oneway":"B","maxspeed":0,"layer":0,"bridge":"F","tunnel":"F"},"geometry":{"type":"LineString","coordinates":[[73.856232,18.5178104],[73.8563063,18.5178116],[73.8569642,18.5178114],[73.8574726,18.5178062],[73.8580076,18.5178274],[73.8581527,18.5178332],[73.8582863,18.5178377],[73.8584173,18.5178417],[73.8585046,18.5178597],[73.8586145,18.5179038],[73.8586909,18.5179553],[73.8586996,18.5179611],[73.8588021,18.5180928],[73.8589412,18.5183641]]}},
{"type":"Feature","properties":{"osm_id":"53202838","code":5122,"fclass":"residential","name":"Bhau Rangari Path","ref":"","oneway":"B","maxspeed":0,"layer":0,"bridge":"F","tunnel":"F"},"geometry":{"type":"LineString","coordinates":[[73.8545274,18.5185586],[73.8545825,18.5184825],[73.8546372,18.5184069],[73.8546811,18.5183136],[73.8547121,18.5182538],[73.8547628,18.5181559],[73.8548446,18.5180202],[73.8549496,18.5178747],[73.8551461,18.5177283],[73.8553295,18.5176207],[73.8554963,18.5175378],[73.8556394,18.517468],[73.8558097,18.5174176],[73.8559106,18.5174059],[73.855949,18.5174015],[73.8561716,18.517407],[73.8562437,18.5174088]]}},
{"type":"Feature","properties":{"osm_id":"53202923","code":5122,"fclass":"residential","name":"","ref":"","oneway":"F","maxspeed":0,"layer":0,"bridge":"F","tunnel":"F"},"geometry":{"type":"LineString","coordinates":[[73.8548431,18.516735],[73.8549101,18.5165962],[73.8549176,18.5164979],[73.8549262,18.5163827],[73.8549218,18.5162684],[73.8549084,18.5159253],[73.8549183,18.5156957],[73.8549641,18.5151832],[73.8549798,18.5150076]]}},
{"type":"Feature","properties":{"osm_id":"53202958","code":5122,"fclass":"residential","name":"Amrale Road","ref":"","oneway":"B","maxspeed":0,"layer":0,"bridge":"F","tunnel":"F"},"geometry":{"type":"LineString","coordinates":[[73.8559738,18.5118822],[73.8559345,18.512462],[73.8561687,18.5124737],[73.8567318,18.512502],[73.8568762,18.5124993]]}},
{"type":"Feature","properties":{"osm_id":"53202962","code":5122,"fclass":"residential","name":"","ref":"","oneway":"F","maxspeed":0,"layer":0,"bridge":"F","tunnel":"F"},"geometry":{"type":"LineString","coordinates":[[73.8563217,18.5153319],[73.856307,18.5149338],[73.8562992,18.5147235]]}},
{"type":"Feature","properties":{"osm_id":"53273344","code":5122,"fclass":"residential","name":"","ref":"","oneway":"B","maxspeed":0,"layer":0,"bridge":"F","tunnel":"F"},"geometry":{"type":"LineString","coordinates":[[73.8704468,18.5073398],[73.8704826,18.5069548],[73.8704949,18.5067724],[73.8705096,18.5066167],[73.8705378,18.5064367],[73.8706129,18.5059076],[73.8706558,18.5054905]]}},
{"type":"Feature","properties":{"osm_id":"53273351","code":5122,"fclass":"residential","name":"","ref":"","oneway":"B","maxspeed":0,"layer":0,"bridge":"F","tunnel":"F"},"geometry":{"type":"LineString","coordinates":[[73.8729658,18.5057669],[73.8722965,18.5056628],[73.8722595,18.5056575],[73.8716264,18.5055716],[73.8713103,18.5055612],[73.8709553,18.5055403],[73.8708526,18.5055309],[73.8707536,18.5055092],[73.8706558,18.5054905],[73.8703272,18.5054295],[73.8701933,18.505403],[73.8699359,18.5053471]]}},
{"type":"Feature","properties":{"osm_id":"53273354","code":5123,"fclass":"living_street","name":"","ref":"","oneway":"B","maxspeed":0,"layer":0,"bridge":"F","tunnel":"F"},"geometry":{"type":"LineString","coordinates":[[73.8707536,18.5055092],[73.870826,18.5049429],[73.8708701,18.5045051]]}},
{"type":"Feature","properties":{"osm_id":"53273477","code":5115,"fclass":"tertiary","name":"Bhandarkar Path","ref":"","oneway":"B","maxspeed":0,"layer":0,"bridge":"F","tunnel":"F"},"geometry":{"type":"LineString","coordinates":[[73.8361411,18.5181161],[73.8355155,18.5181394],[73.8352091,18.5181447],[73.8349034,18.51815],[73.834621,18.5181767],[73.8344491,18.5181929],[73.8341958,18.5182402],[73.8338173,18.5183399],[73.8336628,18.5183806],[73.8336247,18.5183967],[73.8332761,18.5185444],[73.8331585,18.5185942],[73.8330912,18.518617],[73.8328041,18.5187146],[73.8327563,18.5187308],[73.8326954,18.5187515],[73.8323327,18.5188746],[73.8322895,18.5188892],[73.8321348,18.5189026],[73.8319446,18.5189191],[73.8315733,18.5189513],[73.8311113,18.5189955],[73.8309479,18.5190212],[73.8306897,18.5190623]]}},
{"type":"Feature","properties":{"osm_id":"53349539","code":5115,"fclass":"tertiary","name":"Bhagwan Tatyasaheb Kawade Marg","ref":"","oneway":"B","maxspeed":50,"layer":1,"bridge":"T","tunnel":"F"},"geometry":{"type":"LineString","coordinates":[[73.9070538,18.5115276],[73.9070322,18.5129017],[73.9070361,18.5132275],[73.90714,18.5143744],[73.907159,18.5146437],[73.9071891,18.5150856],[73.9071945,18.5154009],[73.9071936,18.5157376],[73.9071738,18.5159152],[73.9071335,18.5161091],[73.9068505,18.5171424],[73.9068188,18.5172735],[73.90673,18.5177483],[73.9067009,18.5179239],[73.9066502,18.5183314]]}},
{"type":"Feature","properties":{"osm_id":"53349572","code":5115,"fclass":"tertiary","name":"Bhagwan Tatyasaheb Kawade Marg","ref":"","oneway":"F","maxspeed":50,"layer":0,"bridge":"F","tunnel":"F"},"geometry":{"type":"LineString","coordinates":[[73.9070538,18.5115276],[73.907093,18.5114387],[73.9071229,18.5107031],[73.9071345,18.5106146],[73.907141,18.5105649]]}},
{"type":"Feature","properties":{"osm_id":"53349701","code":5115,"fclass":"tertiary","name":"Dr Helenkelar Path","ref":"","oneway":"B","maxspeed":0,"layer":0,"bridge":"F","tunnel":"F"},"geometry":{"type":"LineString","coordinates":[[73.9126228,18.5062789],[73.9126052,18.5061788],[73.9125498,18.5045206],[73.9125585,18.5044004],[73.9125744,18.5043607],[73.9126227,18.5043257],[73.9127263,18.5042969],[73.9129503,18.504268],[73.9132196,18.5042445],[73.9135253,18.5042172],[73.913708,18.5042009],[73.9137439,18.5041977],[73.9138832,18.5041893],[73.9140459,18.5041794],[73.9142186,18.504169],[73.9145547,18.5041486],[73.9146299,18.5041441],[73.914736,18.504139],[73.9148347,18.5041327],[73.9150728,18.5041176],[73.9150977,18.504116],[73.9151176,18.5041147],[73.9151421,18.5041131],[73.9154177,18.5040956],[73.9159962,18.5040265],[73.9161466,18.5039836],[73.9161718,18.5039676],[73.916252,18.503917],[73.9163337,18.5038416],[73.9164011,18.5036997],[73.9164398,18.5036043],[73.9164903,18.5035266],[73.9165429,18.5034437],[73.9166196,18.5033261],[73.9166921,18.5032149],[73.9167476,18.5031297],[73.9167739,18.5030873],[73.916872,18.5029292],[73.9169721,18.5027911],[73.9171149,18.5026215],[73.917258,18.5024646],[73.9173054,18.5024186],[73.9174098,18.5023183],[73.9175411,18.5021879],[73.9177192,18.5020429],[73.9177986,18.5019965],[73.9180001,18.5018787],[73.9182158,18.5017646]]}},
{"type":"Feature","properties":{"osm_id":"53349733","code":5141,"fclass":"service","name":"","ref":"","oneway":"B","maxspeed":0,"layer":0,"bridge":"F","tunnel":"F"},"geometry":{"type":"LineString","coordinates":[[73.9093839,18.4997303],[73.9084719,18.4997602],[73.9075538,18.4997623],[73.9057469,18.4998681]]}},
{"type":"Feature","properties":{"osm_id":"53349766","code":5141,"fclass":"service","name":"","ref":"","oneway":"B","maxspeed":0,"layer":0,"bridge":"F","tunnel":"F"},"geometry":{"type":"LineString","coordinates":[[73.9122777,18.5026367],[73.9121466,18.5025737],[73.9118304,18.5024497],[73.9095252,18.5017307]]}},
{"type":"Feature","properties":{"osm_id":"53349789","code":5115,"fclass":"tertiary","name":"","ref":"","oneway":"B","maxspeed":0,"layer":0,"bridge":"F","tunnel":"F"},"geometry":{"type":"LineString","coordinates":[[73.9190009,18.5022906],[73.9192869,18.5028011],[73.9193055,18.5028387],[73.9193217,18.5028715],[73.9193529,18.5029621],[73.919383,18.5032124],[73.9193867,18.5032427],[73.9193913,18.5033271],[73.9194032,18.5035489],[73.9194471,18.5039351],[73.9194685,18.5041523],[73.9194808,18.5042072],[73.9194956,18.5042661]]}},
{"type":"Feature","properties":{"osm_id":"53349821","code":5115,"fclass":"tertiary","name":"","ref":"","oneway":"B","maxspeed":0,"layer":0,"bridge":"F","tunnel":"F"},"geometry":{"type":"LineString","coordinates":[[73.9182158,18.5017646],[73.9176718,18.5009451],[73.917208,18.5002464],[73.9170838,18.5000593],[73.9156522,18.4982547],[73.9155352,18.4980933],[73.9154325,18.4979227],[73.9152239,18.4975148],[73.9151133,18.4972577],[73.9146272,18.4962029],[73.9144982,18.4958791],[73.9144237,18.4956302],[73.9143528,18.4953712],[73.9142996,18.4950903],[73.9142748,18.4948818],[73.9142819,18.4947388],[73.9142996,18.4946026],[73.9143272,18.4945072],[73.9143634,18.4943823],[73.9144699,18.4941216],[73.9145993,18.4939248],[73.9148068,18.4936708],[73.9150267,18.4934623],[73.9152129,18.4933361],[73.9155389,18.4931559],[73.9159849,18.4929255],[73.91726,18.4922664],[73.9190714,18.4913291]]}},
{"type":"Feature","properties":{"osm_id":"53349875","code":5141,"fclass":"service","name":"","ref":"","oneway":"B","maxspeed":0,"layer":0,"bridge":"F","tunnel":"F"},"geometry":{"type":"LineString","coordinates":[[73.9219754,18.4977628],[73.9214613,18.4972752],[73.9211966,18.4970243],[73.9206874,18.4965414]]}},
{"type":"Feature","properties":{"osm_id":"53349878","code":5115,"fclass":"tertiary","name":"","ref":"","oneway":"B","maxspeed":0,"layer":0,"bridge":"F","tunnel":"F"},"geometry":{"type":"LineString","coordinates":[[73.9221816,18.4951093],[73.9219797,18.4953028],[73.9206874,18.4965414],[73.920137,18.4970787],[73.9192873,18.4979082],[73.9192284,18.4979658],[73.9179478,18.4992158],[73.9170838,18.5000593]]}},
{"type":"Feature","properties":{"osm_id":"53349887","code":5141,"fclass":"service","name":"","ref":"","oneway":"B","maxspeed":0,"layer":0,"bridge":"F","tunnel":"F"},"geometry":{"type":"LineString","coordinates":[[73.9155389,18.4931559],[73.9160812,18.4940201],[73.9166452,18.4948812],[73.9177837,18.4964184],[73.9192873,18.4979082]]}},
{"type":"Feature","properties":{"osm_id":"53349888","code":5141,"fclass":"service","name":"","ref":"","oneway":"B","maxspeed":0,"layer":0,"bridge":"F","tunnel":"F"},"geometry":{"type":"LineString","coordinates":[[73.9146272,18.4962029],[73.9153735,18.49569],[73.9156831,18.4954772],[73.9166452,18.4948812],[73.9199759,18.4927401]]}},
{"type":"Feature","properties":{"osm_id":"53349900","code":5141,"fclass":"service","name":"","ref":"","oneway":"B","maxspeed":0,"layer":0,"bridge":"F","tunnel":"F"},"geometry":{"type":"LineString","coordinates":[[73.9142996,18.4950903],[73.9160812,18.4940201],[73.9195472,18.4920757]]}},
{"type":"Feature","properties":{"osm_id":"53350013","code":5141,"fclass":"service","name":"","ref":"","oneway":"B","maxspeed":0,"layer":0,"bridge":"F","tunnel":"F"},"geometry":{"type":"LineString","coordinates":[[73.9156522,18.4982547],[73.9171548,18.4969602],[73.9177837,18.4964184],[73.9209269,18.4937617]]}},
{"type":"Feature","properties":{"osm_id":"53350110","code":5122,"fclass":"residential","name":"Mahadji Shinde Path","ref":"","oneway":"B","maxspeed":0,"layer":0,"bridge":"F","tunnel":"F"},"geometry":{"type":"LineString","coordinates":[[73.8948669,18.4921823],[73.8954131,18.4920313],[73.8956449,18.4919768],[73.8956867,18.4919704],[73.8958216,18.4919499],[73.8959781,18.4919356],[73.8961121,18.4919532],[73.8962577,18.4919759],[73.896453,18.4919959]]}},
{"type":"Feature","properties":{"osm_id":"53350136","code":5122,"fclass":"residential","name":"Flower Valley Lane","ref":"","oneway":"B","maxspeed":30,"layer":0,"bridge":"F","tunnel":"F"},"geometry":{"type":"LineString","coordinates":[[73.8990719,18.4869878],[73.8990923,18.4870813],[73.8991032,18.4872163],[73.8991408,18.4876843],[73.8991879,18.4882702],[73.8992121,18.4885707],[73.8992496,18.4889643],[73.8992791,18.4892744],[73.8993166,18.4894425],[73.899414,18.4895315],[73.8995771,18.4895516],[73.8999701,18.4895506],[73.9000519,18.4895504]]}},
{"type":"Feature","properties":{"osm_id":"53350333","code":5122,"fclass":"residential","name":"Lane Number 11","ref":"","oneway":"B","maxspeed":0,"layer":0,"bridge":"F","tunnel":"F"},"geometry":{"type":"LineString","coordinates":[[73.9007214,18.4813596],[73.9007369,18.481309],[73.9007494,18.4812569],[73.9008067,18.48081],[73.9008512,18.4804624],[73.9009849,18.4795239],[73.9009901,18.4792319],[73.9010091,18.4791026],[73.901036,18.4789022],[73.9010387,18.4787949],[73.9010397,18.4787547],[73.9010441,18.4785749]]}},
{"type":"Feature","properties":{"osm_id":"53350437","code":5122,"fclass":"residential","name":"Narayan Annaji Shinde Road","ref":"","oneway":"B","maxspeed":0,"layer":0,"bridge":"F","tunnel":"F"},"geometry":{"type":"LineString","coordinates":[[73.9015052,18.4806095],[73.9015099,18.480539],[73.9015451,18.4802828],[73.9015707,18.4801137],[73.9016177,18.4798515],[73.9016435,18.4795502],[73.9016801,18.4791237],[73.9016819,18.4791027],[73.9017607,18.4784927]]}},
{"type":"Feature","properties":{"osm_id":"53350447","code":5122,"fclass":"residential","name":"","ref":"","oneway":"B","maxspeed":0,"layer":0,"bridge":"F","tunnel":"F"},"geometry":{"type":"LineString","coordinates":[[73.9024072,18.4806598],[73.9024272,18.480421],[73.9024212,18.4803875],[73.9023916,18.4803406],[73.9022989,18.480278],[73.9019331,18.4800333],[73.9017104,18.4799029],[73.9016177,18.4798515],[73.9012456,18.4796522],[73.9009849,18.4795239]]}},
{"type":"Feature","properties":{"osm_id":"53350490","code":5122,"fclass":"residential","name":"","ref":"","oneway":"B","maxspeed":0,"layer":0,"bridge":"F","tunnel":"F"},"geometry":{"type":"LineString","coordinates":[[73.9017607,18.4784927],[73.9020953,18.4786368],[73.9025428,18.4788295]]}},
{"type":"Feature","properties":{"osm_id":"53350527","code":5122,"fclass":"residential","name":"NIBM Road","ref":"","oneway":"B","maxspeed":0,"layer":0,"bridge":"F","tunnel":"F"},"geometry":{"type":"LineString","coordinates":[[73.9108567,18.4779622],[73.9108207,18.4777396],[73.9107651,18.4773061],[73.9097391,18.477419],[73.9087951,18.4775024],[73.9085496,18.477532],[73.9084254,18.4775459],[73.9082738,18.4775553],[73.9081221,18.4775646]]}},
{"type":"Feature","properties":{"osm_id":"53350820","code":5114,"fclass":"secondary","name":"NIBM Road","ref":"","oneway":"B","maxspeed":0,"layer":0,"bridge":"F","tunnel":"F"},"geometry":{"type":"LineString","coordinates":[[73.8906269,18.4778051],[73.890794,18.4778102],[73.890913,18.477817],[73.8910572,18.4778252],[73.891398,18.4778503],[73.8914639,18.4778552],[73.8920332,18.4779173],[73.8921677,18.4779184],[73.8923236,18.4778991],[73.8926522,18.4778623]]}},
{"type":"Feature","properties":{"osm_id":"53351750","code":5114,"fclass":"secondary","name":"NIBM Road","ref":"","oneway":"B","maxspeed":0,"layer":0,"bridge":"F","tunnel":"F"},"geometry":{"type":"LineString","coordinates":[[73.9006183,18.4682485],[73.9006839,18.4681274],[73.9007595,18.4680214],[73.9008902,18.4678395],[73.900985,18.4677074],[73.9010664,18.467594],[73.9012012,18.4674063],[73.9012554,18.4673308],[73.9015342,18.4669477],[73.901816,18.4665501],[73.9021974,18.466019],[73.9023158,18.4658109],[73.9024979,18.4654972],[73.9025922,18.465379],[73.9027567,18.4651684],[73.9028302,18.4650532],[73.9028638,18.4649532],[73.9028846,18.4648441],[73.9028957,18.4646698],[73.9029261,18.4643137],[73.9029532,18.4641531],[73.90299,18.4640091],[73.9030218,18.4639186],[73.9030395,18.4638682],[73.9031082,18.4637833],[73.9032025,18.463697],[73.9033239,18.4636],[73.9034453,18.4635318],[73.9035683,18.4634878],[73.9037495,18.4634538],[73.9037696,18.46345],[73.9039009,18.4634357],[73.9039328,18.4634331],[73.9040324,18.4634269],[73.9041795,18.463414],[73.904338,18.4634001],[73.9044948,18.4634227],[73.9046238,18.4634252],[73.904748,18.4634191],[73.9048649,18.4634133],[73.9066004,18.4633551],[73.9071615,18.4633378],[73.9072966,18.4633314]]}},
{"type":"Feature","properties":{"osm_id":"53351806","code":5122,"fclass":"residential","name":"Nyati Estate Road","ref":"","oneway":"B","maxspeed":0,"layer":0,"bridge":"F","tunnel":"F"},"geometry":{"type":"LineString","coordinates":[[73.9199379,18.4671396],[73.9200291,18.4670506],[73.920057,18.4669771],[73.9202404,18.466759],[73.920287,18.4666882],[73.920406,18.4665122],[73.9206935,18.4662767],[73.9207222,18.4662618],[73.9209303,18.4661538],[73.9212622,18.4659816],[73.9217382,18.4657171],[73.921804,18.4656806],[73.9220593,18.4655457],[73.9223136,18.4654422],[73.9227012,18.4651716],[73.9229025,18.4649501],[73.922942,18.4649067],[73.9229694,18.4648765],[73.9231411,18.4644999],[73.923314,18.46415],[73.9235806,18.4636104],[73.9237848,18.4631973],[73.9239595,18.4629084],[73.9242116,18.4624914],[73.9242779,18.4623818],[73.9244637,18.4620744],[73.9246535,18.4617604],[73.9246646,18.4617421],[73.92511,18.4610507],[73.9253459,18.4608084],[73.925716,18.4603428],[73.9258723,18.4601426],[73.9264593,18.458979],[73.9267031,18.4584957],[73.9269029,18.4580354],[73.9269613,18.4578922],[73.9271242,18.4574933],[73.9273605,18.4570539],[73.9274669,18.4568762],[73.9276189,18.4566305],[73.9277327,18.4564903],[73.9281838,18.4559864],[73.9282813,18.4558896],[73.9283435,18.4558079],[73.9284167,18.4556768]]}},
{"type":"Feature","properties":{"osm_id":"53369581","code":5122,"fclass":"residential","name":"","ref":"","oneway":"F","maxspeed":0,"layer":0,"bridge":"F","tunnel":"F"},"geometry":{"type":"LineString","coordinates":[[73.8887778,18.5065295],[73.8888068,18.5069467],[73.8888229,18.5071781],[73.8888685,18.5078342],[73.8888757,18.5079359],[73.8888797,18.5079921],[73.8888906,18.5090459],[73.8888955,18.5095239],[73.8888986,18.5098259],[73.8888998,18.5099418]]}},
{"type":"Feature","properties":{"osm_id":"53369935","code":5122,"fclass":"residential","name":"Saint Vincent Street","ref":"","oneway":"B","maxspeed":0,"layer":0,"bridge":"F","tunnel":"F"},"geometry":{"type":"LineString","coordinates":[[73.8743203,18.5162405],[73.8740692,18.515717],[73.8740139,18.5155979],[73.8738698,18.5152879],[73.8738079,18.5151252],[73.8736984,18.5149496],[73.8735549,18.5145305],[73.8735888,18.5143617],[73.8737303,18.5142181],[73.8740544,18.5139969],[73.8763785,18.5125258]]}},
{"type":"Feature","properties":{"osm_id":"53370603","code":5122,"fclass":"residential","name":"Convent Street","ref":"","oneway":"B","maxspeed":0,"layer":0,"bridge":"F","tunnel":"F"},"geometry":{"type":"LineString","coordinates":[[73.8764477,18.5134195],[73.8751289,18.514283],[73.8738079,18.5151252]]}},
{"type":"Feature","properties":{"osm_id":"53370673","code":5115,"fclass":"tertiary","name":"Padamjee Road","ref":"","oneway":"B","maxspeed":0,"layer":0,"bridge":"F","tunnel":"F"},"geometry":{"type":"LineString","coordinates":[[73.872102,18.5106716],[73.8723789,18.5102081],[73.8723831,18.5101832],[73.8724066,18.5100431],[73.8724043,18.5100244],[73.8723436,18.5095232],[73.8723153,18.5093171]]}},
{"type":"Feature","properties":{"osm_id":"53370675","code":5115,"fclass":"tertiary","name":"Pandita Ramabai Path","ref":"","oneway":"B","maxspeed":0,"layer":0,"bridge":"F","tunnel":"F"},"geometry":{"type":"LineString","coordinates":[[73.8710644,18.5161861],[73.8711078,18.5160956],[73.8711389,18.5159691],[73.8711459,18.5157137],[73.8711447,18.5154808],[73.8711452,18.5153257],[73.8711455,18.5152347],[73.8711464,18.5151373],[73.8711504,18.5147069],[73.8711628,18.5144647],[73.8711764,18.5143178],[73.8712015,18.5141663],[73.871211,18.514109],[73.8712927,18.5137701],[73.8713174,18.5136299],[73.8713801,18.5133599],[73.8714512,18.5130538],[73.8715074,18.5128115],[73.8715157,18.5127758],[73.8716394,18.5121923],[73.8716626,18.512104],[73.8718088,18.5115468],[73.87196,18.5109689],[73.8719684,18.5109366],[73.872102,18.5106716]]}},
{"type":"Feature","properties":{"osm_id":"53371566","code":5114,"fclass":"secondary","name":"Ghorpadi Road","ref":"","oneway":"B","maxspeed":23,"layer":1,"bridge":"T","tunnel":"F"},"geometry":{"type":"LineString","coordinates":[[73.9014806,18.5288802],[73.9018391,18.5289441]]}},
{"type":"Feature","properties":{"osm_id":"53371567","code":5114,"fclass":"secondary","name":"Ghorpadi Road","ref":"","oneway":"B","maxspeed":23,"layer":0,"bridge":"F","tunnel":"F"},"geometry":{"type":"LineString","coordinates":[[73.9024082,18.5293283],[73.9023959,18.5292874],[73.9023365,18.5292019],[73.9022762,18.5291348],[73.9022089,18.5290874],[73.9020972,18.5290282],[73.9018391,18.5289441]]}},
{"type":"Feature","properties":{"osm_id":"53371888","code":5122,"fclass":"residential","name":"Lane 3","ref":"","oneway":"B","maxspeed":0,"layer":0,"bridge":"F","tunnel":"F"},"geometry":{"type":"LineString","coordinates":[[73.8931536,18.5395623],[73.8930213,18.5391958],[73.8925718,18.5379511],[73.8922392,18.5368932],[73.8922252,18.5367988],[73.8921372,18.5362068],[73.8921319,18.536171],[73.8920474,18.5357425],[73.8920299,18.5356165],[73.8919696,18.5347803],[73.8919576,18.5346612],[73.8919066,18.5341558],[73.8918939,18.5340294],[73.8918777,18.5336372],[73.8918576,18.5332176]]}},
{"type":"Feature","properties":{"osm_id":"53372317","code":5141,"fclass":"service","name":"Church Road","ref":"","oneway":"B","maxspeed":0,"layer":0,"bridge":"F","tunnel":"F"},"geometry":{"type":"LineString","coordinates":[[73.8912125,18.5242403],[73.8911862,18.5243758],[73.8911763,18.5244268],[73.8912329,18.5249525],[73.8912856,18.5256206],[73.8913021,18.5258302],[73.8913345,18.525945],[73.8914231,18.5261585],[73.8917003,18.5266506],[73.8917188,18.5267619],[73.8917301,18.5269559],[73.8917677,18.5276051],[73.8918748,18.5285464]]}},
{"type":"Feature","properties":{"osm_id":"53453695","code":5122,"fclass":"residential","name":"","ref":"","oneway":"B","maxspeed":0,"layer":0,"bridge":"F","tunnel":"F"},"geometry":{"type":"LineString","coordinates":[[73.8952692,18.523595],[73.8962468,18.5235127],[73.8971938,18.523433]]}},
{"type":"Feature","properties":{"osm_id":"53453751","code":5122,"fclass":"residential","name":"","ref":"","oneway":"B","maxspeed":0,"layer":0,"bridge":"F","tunnel":"F"},"geometry":{"type":"LineString","coordinates":[[73.8843005,18.5182533],[73.884361,18.5183757],[73.8849934,18.5196552],[73.885057,18.5197839]]}},
{"type":"Feature","properties":{"osm_id":"53453898","code":5141,"fclass":"service","name":"","ref":"","oneway":"B","maxspeed":0,"layer":0,"bridge":"F","tunnel":"F"},"geometry":{"type":"LineString","coordinates":[[73.8917003,18.5266506],[73.8923207,18.5265923],[73.8924671,18.5265811],[73.8927421,18.5265602],[73.8928862,18.5265493],[73.8929978,18.5265315],[73.8930559,18.5265114],[73.8931184,18.5264748],[73.8932067,18.5263827],[73.893242,18.5263079],[73.8932648,18.5262348],[73.8932958,18.5261456],[73.8933083,18.5260735],[73.893299,18.5259663],[73.8932767,18.5254626],[73.8932654,18.5252612],[73.8932647,18.5251644],[73.8932596,18.5251033],[73.8932637,18.5250633],[73.893266,18.5250409]]}},
{"type":"Feature","properties":{"osm_id":"53502678","code":5141,"fclass":"service","name":"","ref":"","oneway":"B","maxspeed":0,"layer":0,"bridge":"F","tunnel":"F"},"geometry":{"type":"LineString","coordinates":[[73.91372,18.5786735],[73.9127074,18.5779836],[73.9124087,18.5778682],[73.9121417,18.5778243],[73.9107294,18.5778809]]}},
{"type":"Feature","properties":{"osm_id":"53503131","code":5141,"fclass":"service","name":"Airport Road","ref":"","oneway":"B","maxspeed":0,"layer":0,"bridge":"F","tunnel":"F"},"geometry":{"type":"LineString","coordinates":[[73.9081095,18.5781232],[73.9083815,18.5780899],[73.9089972,18.57806]]}},
{"type":"Feature","properties":{"osm_id":"53572189","code":5115,"fclass":"tertiary","name":"Bhagwan Tatyasaheb Kawade Marg","ref":"","oneway":"F","maxspeed":50,"layer":0,"bridge":"F","tunnel":"F"},"geometry":{"type":"LineString","coordinates":[[73.9071706,18.510357],[73.9071788,18.5101716],[73.9071797,18.510151],[73.9071486,18.5093711],[73.9071335,18.5089938],[73.9071239,18.5087518],[73.907097,18.5080782],[73.9070939,18.5080013],[73.9070686,18.507367],[73.9070626,18.5072158],[73.9070354,18.5065359],[73.9070333,18.5064596]]}},
{"type":"Feature","properties":{"osm_id":"53572197","code":5115,"fclass":"tertiary","name":"Bhagwan Tatyasaheb Kawade Marg","ref":"","oneway":"F","maxspeed":50,"layer":1,"bridge":"T","tunnel":"F"},"geometry":{"type":"LineString","coordinates":[[73.907141,18.5105649],[73.9071706,18.510357]]}},
{"type":"Feature","properties":{"osm_id":"53572275","code":5115,"fclass":"tertiary","name":"","ref":"","oneway":"B","maxspeed":0,"layer":0,"bridge":"F","tunnel":"F"},"geometry":{"type":"LineString","coordinates":[[73.9070461,18.5105752],[73.906774,18.5104481],[73.9064783,18.5103604],[73.9061788,18.5102987],[73.9058662,18.5102715],[73.9054416,18.5102666],[73.9046852,18.5103859],[73.9039779,18.5105082],[73.9035591,18.5105752],[73.9032225,18.5106138],[73.9023697,18.5105894],[73.901731,18.5105678],[73.9016613,18.5105615],[73.9011522,18.5105021],[73.9007667,18.5104324],[73.9005719,18.5103748],[73.9002964,18.5102226]]}},
{"type":"Feature","properties":{"osm_id":"53727644","code":5141,"fclass":"service","name":"","ref":"","oneway":"B","maxspeed":0,"layer":0,"bridge":"F","tunnel":"F"},"geometry":{"type":"LineString","coordinates":[[73.8876536,18.5018959],[73.8881607,18.501642],[73.8886088,18.5014801],[73.8892358,18.5013285],[73.8892924,18.5013148],[73.8895934,18.5012778]]}},
{"type":"Feature","properties":{"osm_id":"53727645","code":5141,"fclass":"service","name":"","ref":"","oneway":"B","maxspeed":0,"layer":0,"bridge":"F","tunnel":"F"},"geometry":{"type":"LineString","coordinates":[[73.8895934,18.5012778],[73.8897435,18.5002742],[73.8896904,18.5001748],[73.8896439,18.5000939]]}},
{"type":"Feature","properties":{"osm_id":"53729707","code":5141,"fclass":"service","name":"","ref":"","oneway":"B","maxspeed":0,"layer":0,"bridge":"F","tunnel":"F"},"geometry":{"type":"LineString","coordinates":[[73.8870762,18.5003174],[73.886948,18.5001568]]}},
{"type":"Feature","properties":{"osm_id":"53729993","code":5141,"fclass":"service","name":"","ref":"","oneway":"B","maxspeed":0,"layer":0,"bridge":"F","tunnel":"F"},"geometry":{"type":"LineString","coordinates":[[73.8909393,18.5016502],[73.8907759,18.501477],[73.890577,18.5012662],[73.8902694,18.5009441],[73.8900322,18.5006374],[73.8897435,18.5002742]]}},
{"type":"Feature","properties":{"osm_id":"53730094","code":5141,"fclass":"service","name":"","ref":"","oneway":"B","maxspeed":0,"layer":0,"bridge":"F","tunnel":"F"},"geometry":{"type":"LineString","coordinates":[[73.8936561,18.5039385],[73.8938329,18.503887],[73.894029,18.5038359],[73.894611,18.5037275],[73.8956228,18.5036215],[73.895688,18.5036147],[73.895799,18.5035988],[73.8959401,18.5036124],[73.8960711,18.5036476],[73.8974431,18.5042309],[73.8976233,18.504315]]}},
{"type":"Feature","properties":{"osm_id":"53730103","code":5141,"fclass":"service","name":"","ref":"","oneway":"B","maxspeed":0,"layer":0,"bridge":"F","tunnel":"F"},"geometry":{"type":"LineString","coordinates":[[73.8937997,18.5063071],[73.8938153,18.5061527],[73.8937795,18.5054523],[73.893773,18.5051199],[73.8937698,18.5049525],[73.893752,18.5045808],[73.8937482,18.5045525],[73.8936934,18.504141],[73.8936742,18.5040366],[73.8936561,18.5039385],[73.8933842,18.5033923],[73.8933384,18.5032968],[73.8933186,18.5032555],[73.8931491,18.5029624],[73.8929505,18.5026666],[73.8922093,18.5015949],[73.8918439,18.5010665]]}},
{"type":"Feature","properties":{"osm_id":"53730107","code":5141,"fclass":"service","name":"","ref":"","oneway":"B","maxspeed":0,"layer":0,"bridge":"F","tunnel":"F"},"geometry":{"type":"LineString","coordinates":[[73.8892915,18.5049127],[73.889771,18.5048024],[73.8902659,18.5046904],[73.8907865,18.5045726],[73.8910222,18.5045192],[73.8918042,18.5043356],[73.8922123,18.5042527],[73.8926725,18.5041792]]}},
{"type":"Feature","properties":{"osm_id":"53744450","code":5122,"fclass":"residential","name":"Shashikant Gogawale Path","ref":"","oneway":"F","maxspeed":0,"layer":0,"bridge":"F","tunnel":"F"},"geometry":{"type":"LineString","coordinates":[[73.8522882,18.516378],[73.8523008,18.5156323],[73.852303,18.5154947],[73.8523177,18.5144753],[73.8523429,18.5143841],[73.8524314,18.5138173],[73.8524125,18.5136896],[73.852418,18.5135047],[73.8524515,18.5131943],[73.8524656,18.5130635],[73.8525571,18.5126543]]}},
{"type":"Feature","properties":{"osm_id":"53744465","code":5122,"fclass":"residential","name":"Jnana Prabodhini Marg","ref":"","oneway":"B","maxspeed":0,"layer":0,"bridge":"F","tunnel":"F"},"geometry":{"type":"LineString","coordinates":[[73.8457311,18.5118397],[73.8472133,18.5120354],[73.8474539,18.5120672]]}},
{"type":"Feature","properties":{"osm_id":"53744468","code":5115,"fclass":"tertiary","name":"Shivram Mhatre Path","ref":"","oneway":"B","maxspeed":0,"layer":0,"bridge":"F","tunnel":"F"},"geometry":{"type":"LineString","coordinates":[[73.8450707,18.5114645],[73.84475,18.5114244],[73.8440763,18.5113254],[73.8435594,18.5112761],[73.8433144,18.5112528],[73.8432571,18.5112473]]}},
{"type":"Feature","properties":{"osm_id":"53744474","code":5122,"fclass":"residential","name":"Ahitagni Rajwade Marg","ref":"","oneway":"B","maxspeed":0,"layer":0,"bridge":"F","tunnel":"F"},"geometry":{"type":"LineString","coordinates":[[73.845601,18.5122713],[73.8474021,18.5124798]]}},
{"type":"Feature","properties":{"osm_id":"53744511","code":5115,"fclass":"tertiary","name":"Chhatrapati Sambhaji Path","ref":"","oneway":"B","maxspeed":0,"layer":0,"bridge":"F","tunnel":"F"},"geometry":{"type":"LineString","coordinates":[[73.8453115,18.513457],[73.8454826,18.513116],[73.8455389,18.5129635],[73.8455737,18.5128313],[73.845601,18.5122713],[73.8456354,18.5120797],[73.8456752,18.5119575],[73.8457311,18.5118397],[73.8458554,18.5115748],[73.8458969,18.5114363],[73.8459437,18.5111878]]}},
{"type":"Feature","properties":{"osm_id":"53744580","code":5115,"fclass":"tertiary","name":"Madhavrao Peshve Marg","ref":"","oneway":"B","maxspeed":0,"layer":0,"bridge":"F","tunnel":"F"},"geometry":{"type":"LineString","coordinates":[[73.8457653,18.5032437],[73.8459067,18.5033663],[73.8460302,18.5034442],[73.8461814,18.5035515],[73.8462872,18.5036266],[73.8467448,18.5038579],[73.8467988,18.5038852],[73.8471885,18.504011],[73.8473369,18.5040398],[73.847601,18.5040508],[73.8477168,18.5040696],[73.8481413,18.5041384],[73.8487544,18.5042378],[73.8492038,18.5042902],[73.8495191,18.5043236],[73.8498292,18.5043321],[73.8501812,18.5043458],[73.8502901,18.5043464],[73.8506893,18.5043248]]}},
{"type":"Feature","properties":{"osm_id":"53744581","code":5122,"fclass":"residential","name":"","ref":"","oneway":"B","maxspeed":0,"layer":0,"bridge":"F","tunnel":"F"},"geometry":{"type":"LineString","coordinates":[[73.8569383,18.5039871],[73.8565315,18.5036115],[73.8561469,18.5032572]]}},
{"type":"Feature","properties":{"osm_id":"53744608","code":5115,"fclass":"tertiary","name":"","ref":"","oneway":"B","maxspeed":0,"layer":0,"bridge":"F","tunnel":"F"},"geometry":{"type":"LineString","coordinates":[[73.8641846,18.4999426],[73.8640564,18.5004009],[73.863874,18.5009401],[73.863713,18.501459],[73.8636079,18.5017749],[73.8635381,18.5019419],[73.8634019,18.5021102],[73.8633161,18.5022323],[73.8632905,18.502311],[73.863254,18.5024235],[73.8631075,18.5028743]]}},
{"type":"Feature","properties":{"osm_id":"53744641","code":5122,"fclass":"residential","name":"L. B. Bhopatkar Marg","ref":"","oneway":"B","maxspeed":0,"layer":0,"bridge":"F","tunnel":"F"},"geometry":{"type":"LineString","coordinates":[[73.8459437,18.5111878],[73.8465504,18.5112539],[73.8475424,18.5113619],[73.8486775,18.5114805],[73.8506617,18.5117016]]}},
{"type":"Feature","properties":{"osm_id":"53744685","code":5122,"fclass":"residential","name":"HN Apte Path","ref":"","oneway":"B","maxspeed":0,"layer":0,"bridge":"F","tunnel":"F"},"geometry":{"type":"LineString","coordinates":[[73.8523008,18.5156323],[73.8531567,18.5156221],[73.8535962,18.5156374],[73.8537593,18.5156381]]}},
{"type":"Feature","properties":{"osm_id":"53744711","code":5122,"fclass":"residential","name":"Rashtrabhasha Bhavan Marg","ref":"","oneway":"B","maxspeed":0,"layer":0,"bridge":"F","tunnel":"F"},"geometry":{"type":"LineString","coordinates":[[73.8460238,18.5153025],[73.8461921,18.5152152],[73.8463261,18.5151821],[73.8465128,18.5151919],[73.84705,18.5152203],[73.8473846,18.515236],[73.8479238,18.5152584],[73.8483338,18.5152724],[73.8500519,18.515373],[73.8510542,18.5154257],[73.8520058,18.5154783],[73.852303,18.5154947]]}},
{"type":"Feature","properties":{"osm_id":"53744748","code":5115,"fclass":"tertiary","name":"T Saheb KK Marg","ref":"","oneway":"B","maxspeed":0,"layer":0,"bridge":"F","tunnel":"F"},"geometry":{"type":"LineString","coordinates":[[73.8496167,18.51939],[73.8496178,18.5193612],[73.8496226,18.5193325],[73.8496327,18.5192864],[73.8496659,18.5191928],[73.8497185,18.5190448],[73.8497965,18.5188515],[73.849861,18.5186916],[73.850001,18.5182292],[73.850027,18.5181419]]}},
{"type":"Feature","properties":{"osm_id":"53744764","code":5122,"fclass":"residential","name":"Bhat Bol","ref":"","oneway":"B","maxspeed":0,"layer":0,"bridge":"F","tunnel":"F"},"geometry":{"type":"LineString","coordinates":[[73.8500669,18.5149554],[73.8501798,18.515],[73.8504345,18.5150127],[73.8511451,18.5150373],[73.8511437,18.5150811],[73.8512834,18.5150867]]}},
{"type":"Feature","properties":{"osm_id":"53744766","code":5122,"fclass":"residential","name":"Kakasaheb Chachar Path","ref":"","oneway":"F","maxspeed":0,"layer":0,"bridge":"F","tunnel":"F"},"geometry":{"type":"LineString","coordinates":[[73.8521508,18.5125973],[73.8521679,18.5124243],[73.852175,18.5122575],[73.8521826,18.5120526],[73.8521486,18.5118636]]}},
{"type":"Feature","properties":{"osm_id":"53744862","code":5115,"fclass":"tertiary","name":"Vasudev Balvant Phadke Path","ref":"","oneway":"F","maxspeed":0,"layer":0,"bridge":"F","tunnel":"F"},"geometry":{"type":"LineString","coordinates":[[73.8506617,18.5117016],[73.8506003,18.5120482],[73.8505493,18.5122795],[73.8504648,18.5123781]]}},
{"type":"Feature","properties":{"osm_id":"53744879","code":5122,"fclass":"residential","name":"Bhikardas Maruti Path","ref":"","oneway":"F","maxspeed":0,"layer":0,"bridge":"F","tunnel":"F"},"geometry":{"type":"LineString","coordinates":[[73.8526808,18.5084883],[73.8527094,18.5083487],[73.8527966,18.5081097],[73.8528705,18.5079911],[73.8529823,18.5078815],[73.8531128,18.5078382],[73.8535041,18.5078434],[73.8536966,18.5078494]]}},
{"type":"Feature","properties":{"osm_id":"53744891","code":5122,"fclass":"residential","name":"Bhau Nalawade Path","ref":"","oneway":"F","maxspeed":0,"layer":0,"bridge":"F","tunnel":"F"},"geometry":{"type":"LineString","coordinates":[[73.8472286,18.5138627],[73.8472161,18.5139809],[73.8471557,18.5142975],[73.8471078,18.5148026],[73.84709,18.5150722],[73.84705,18.5152203]]}},
{"type":"Feature","properties":{"osm_id":"53744975","code":5122,"fclass":"residential","name":"","ref":"","oneway":"B","maxspeed":0,"layer":0,"bridge":"F","tunnel":"F"},"geometry":{"type":"LineString","coordinates":[[73.8508615,18.5100971],[73.8516061,18.5101685],[73.8518661,18.5102219],[73.8520537,18.5102803],[73.8523137,18.5103388],[73.8524745,18.510354],[73.8530729,18.5104569]]}},
{"type":"Feature","properties":{"osm_id":"53744984","code":5122,"fclass":"residential","name":"","ref":"","oneway":"B","maxspeed":0,"layer":0,"bridge":"F","tunnel":"F"},"geometry":{"type":"LineString","coordinates":[[73.8538301,18.5125021],[73.8545147,18.5124707],[73.8550902,18.5124787]]}},
{"type":"Feature","properties":{"osm_id":"53744990","code":5122,"fclass":"residential","name":"","ref":"","oneway":"B","maxspeed":0,"layer":0,"bridge":"F","tunnel":"F"},"geometry":{"type":"LineString","coordinates":[[73.85508,18.5134161],[73.8550902,18.5124787],[73.8551172,18.5118773]]}},
{"type":"Feature","properties":{"osm_id":"53745027","code":5122,"fclass":"residential","name":"","ref":"","oneway":"B","maxspeed":0,"layer":0,"bridge":"F","tunnel":"F"},"geometry":{"type":"LineString","coordinates":[[73.8551172,18.5118773],[73.8538073,18.5118551]]}},
{"type":"Feature","properties":{"osm_id":"53745038","code":5122,"fclass":"residential","name":"Madhukar Chimanrao Potnis Path","ref":"","oneway":"B","maxspeed":0,"layer":0,"bridge":"F","tunnel":"F"},"geometry":{"type":"LineString","coordinates":[[73.8537828,18.5081023],[73.8541741,18.5085472]]}},
{"type":"Feature","properties":{"osm_id":"53745074","code":5122,"fclass":"residential","name":"Pant Sachiv Pichhadi","ref":"","oneway":"B","maxspeed":20,"layer":0,"bridge":"F","tunnel":"F"},"geometry":{"type":"LineString","coordinates":[[73.8573553,18.5084188],[73.8573025,18.5086541],[73.8572794,18.5094755],[73.857277,18.5095569],[73.8572706,18.5097779],[73.8572464,18.5106155],[73.8572336,18.5107215],[73.8572295,18.5112907],[73.8572179,18.511794],[73.8572359,18.5123297],[73.8572593,18.51238],[73.8573209,18.5124107],[73.8574611,18.5124487],[73.8575974,18.5124701],[73.8576862,18.5124789]]}},
{"type":"Feature","properties":{"osm_id":"53745142","code":5122,"fclass":"residential","name":"","ref":"","oneway":"B","maxspeed":0,"layer":0,"bridge":"F","tunnel":"F"},"geometry":{"type":"LineString","coordinates":[[73.850489,18.5082337],[73.8504487,18.5085841],[73.8504077,18.5088187],[73.8503365,18.5094881],[73.8503214,18.5096752],[73.8503233,18.5097161],[73.8503474,18.5097407],[73.8503789,18.5097493],[73.8508977,18.5098147]]}},
{"type":"Feature","properties":{"osm_id":"53745151","code":5122,"fclass":"residential","name":"","ref":"","oneway":"B","maxspeed":0,"layer":0,"bridge":"F","tunnel":"F"},"geometry":{"type":"LineString","coordinates":[[73.8553085,18.5099343],[73.8554798,18.5099353],[73.8559505,18.5099387],[73.8561304,18.5099422],[73.8564067,18.5099697],[73.8565065,18.509987],[73.8567575,18.5100174]]}},
{"type":"Feature","properties":{"osm_id":"53745152","code":5122,"fclass":"residential","name":"","ref":"","oneway":"B","maxspeed":0,"layer":0,"bridge":"F","tunnel":"F"},"geometry":{"type":"LineString","coordinates":[[73.8564067,18.5099697],[73.8564104,18.5097741],[73.8564151,18.5094662],[73.8564212,18.5090684]]}},
{"type":"Feature","properties":{"osm_id":"53745154","code":5122,"fclass":"residential","name":"Umardand Road","ref":"","oneway":"B","maxspeed":0,"layer":0,"bridge":"F","tunnel":"F"},"geometry":{"type":"LineString","coordinates":[[73.8572464,18.5106155],[73.8578274,18.5106351],[73.8579176,18.5106381]]}},
{"type":"Feature","properties":{"osm_id":"53745168","code":5122,"fclass":"residential","name":"Balasaheb Salunkhe Road","ref":"","oneway":"B","maxspeed":0,"layer":0,"bridge":"F","tunnel":"F"},"geometry":{"type":"LineString","coordinates":[[73.8624514,18.5137591],[73.8624535,18.5130361],[73.8624807,18.5127721],[73.8625838,18.5124353],[73.8629039,18.5118691],[73.8630428,18.5115374],[73.8631137,18.5112955],[73.8631904,18.510977],[73.86325,18.5106757]]}},
{"type":"Feature","properties":{"osm_id":"53745173","code":5122,"fclass":"residential","name":"","ref":"","oneway":"B","maxspeed":0,"layer":0,"bridge":"F","tunnel":"F"},"geometry":{"type":"LineString","coordinates":[[73.8629124,18.5105666],[73.8629308,18.5103129],[73.8629623,18.5101878],[73.8630127,18.5101186],[73.8630871,18.5100958],[73.863146,18.5100413],[73.863178,18.5099562],[73.8631653,18.5094323],[73.8632577,18.5089878]]}},
{"type":"Feature","properties":{"osm_id":"53745186","code":5122,"fclass":"residential","name":"","ref":"","oneway":"B","maxspeed":0,"layer":0,"bridge":"F","tunnel":"F"},"geometry":{"type":"LineString","coordinates":[[73.8630127,18.5101186],[73.862896,18.5100854],[73.8627393,18.5100662],[73.8626095,18.5100622],[73.8621057,18.5100872],[73.8616033,18.5101049],[73.8613626,18.5101202],[73.861093,18.5101385]]}},
{"type":"Feature","properties":{"osm_id":"53745191","code":5115,"fclass":"tertiary","name":"Mahatma Phule Road","ref":"","oneway":"B","maxspeed":0,"layer":0,"bridge":"F","tunnel":"F"},"geometry":{"type":"LineString","coordinates":[[73.8634533,18.5106793],[73.86325,18.5106757],[73.8630769,18.5106129],[73.8629124,18.5105666],[73.8625732,18.5105422],[73.862032,18.5105295],[73.8617635,18.5105252],[73.8613009,18.5105398],[73.8610745,18.5105579],[73.8607358,18.5105814],[73.8605945,18.5105912],[73.8602966,18.5105944],[73.8598592,18.5105617],[73.8596363,18.5105376],[73.8593966,18.510513],[73.8591525,18.5105172]]}},
{"type":"Feature","properties":{"osm_id":"53745272","code":5122,"fclass":"residential","name":"","ref":"","oneway":"B","maxspeed":0,"layer":0,"bridge":"F","tunnel":"F"},"geometry":{"type":"LineString","coordinates":[[73.8610371,18.512771],[73.8610496,18.512693],[73.8610989,18.5120298],[73.8611125,18.5117078],[73.8610945,18.5112472],[73.8610894,18.5109035]]}},
{"type":"Feature","properties":{"osm_id":"53745321","code":5122,"fclass":"residential","name":"Church Road","ref":"","oneway":"F","maxspeed":0,"layer":0,"bridge":"F","tunnel":"F"},"geometry":{"type":"LineString","coordinates":[[73.8612148,18.5036771],[73.8611989,18.5038313],[73.8611854,18.5039625],[73.8611646,18.5041024],[73.861149,18.5042069],[73.8611436,18.5042499],[73.861107,18.5045432],[73.86108,18.5046694],[73.861062,18.5047254],[73.8609934,18.5048201],[73.8609246,18.5049105],[73.8607457,18.5051476],[73.8607009,18.505207],[73.8605862,18.5053492],[73.8605088,18.5054674],[73.8604012,18.5056319],[73.8602909,18.5058759],[73.8601724,18.5062648],[73.8600976,18.5065101],[73.8600338,18.5066674],[73.8600085,18.5067435],[73.8599054,18.5070531],[73.8598927,18.5071235],[73.8598431,18.5073972],[73.8598128,18.5075647],[73.8597792,18.5078343],[73.859764,18.5079233],[73.8597049,18.5082523],[73.8596475,18.5085643],[73.8595989,18.5086878],[73.8595156,18.5088762],[73.8594873,18.5089559],[73.8594273,18.5091244]]}},
{"type":"Feature","properties":{"osm_id":"53745323","code":5115,"fclass":"tertiary","name":"Thorale Madhavrao Peshve Path","ref":"","oneway":"B","maxspeed":0,"layer":0,"bridge":"F","tunnel":"F"},"geometry":{"type":"LineString","coordinates":[[73.8590336,18.5039114],[73.8597483,18.5038376],[73.8601311,18.5037981],[73.8605756,18.5037621],[73.8608647,18.5037387],[73.861006,18.5037226],[73.8611315,18.5037076],[73.8612148,18.5036771],[73.8612938,18.5036215],[73.8613821,18.5035173],[73.8615038,18.503307],[73.8615415,18.503203],[73.861589,18.5029776],[73.8615983,18.502823],[73.8615991,18.5028],[73.8616074,18.5025551],[73.8616085,18.5025243],[73.8616194,18.5022774],[73.8616546,18.5021451],[73.8617549,18.5019916],[73.8620063,18.5017164],[73.8624871,18.5011918],[73.8626663,18.5009962],[73.8631949,18.5002798],[73.863235,18.50022],[73.8632379,18.500122],[73.8632432,18.500015],[73.8632296,18.4998949]]}},
{"type":"Feature","properties":{"osm_id":"53745336","code":5122,"fclass":"residential","name":"White House Path","ref":"","oneway":"B","maxspeed":0,"layer":0,"bridge":"F","tunnel":"F"},"geometry":{"type":"LineString","coordinates":[[73.8566187,18.5066717],[73.8565655,18.5080595],[73.8566179,18.5083389]]}},
{"type":"Feature","properties":{"osm_id":"53745361","code":5122,"fclass":"residential","name":"","ref":"","oneway":"B","maxspeed":0,"layer":0,"bridge":"F","tunnel":"F"},"geometry":{"type":"LineString","coordinates":[[73.8543815,18.5140254],[73.854369,18.5146564]]}},
{"type":"Feature","properties":{"osm_id":"53745362","code":5122,"fclass":"residential","name":"N. S. Navare Path","ref":"","oneway":"F","maxspeed":0,"layer":0,"bridge":"F","tunnel":"F"},"geometry":{"type":"LineString","coordinates":[[73.8536954,18.5076947],[73.8535885,18.5076809],[73.8529391,18.506899],[73.8526752,18.5065971]]}},
{"type":"Feature","properties":{"osm_id":"53745364","code":5114,"fclass":"secondary","name":"Lokmanya Tilak Marg","ref":"","oneway":"B","maxspeed":0,"layer":0,"bridge":"F","tunnel":"F"},"geometry":{"type":"LineString","coordinates":[[73.8533231,18.5056534],[73.8532329,18.5057194],[73.8527092,18.5060966]]}},
{"type":"Feature","properties":{"osm_id":"53745368","code":5122,"fclass":"residential","name":"","ref":"","oneway":"F","maxspeed":0,"layer":0,"bridge":"F","tunnel":"F"},"geometry":{"type":"LineString","coordinates":[[73.8531837,18.5128727],[73.8531541,18.5132292],[73.8531668,18.5134498],[73.8531846,18.5136506]]}},
{"type":"Feature","properties":{"osm_id":"53745373","code":5122,"fclass":"residential","name":"Kishore Bhadbhade Path","ref":"","oneway":"B","maxspeed":0,"layer":0,"bridge":"F","tunnel":"F"},"geometry":{"type":"LineString","coordinates":[[73.8519179,18.5175321],[73.8522201,18.5175485],[73.8527345,18.5175589],[73.8529393,18.5175623],[73.8531102,18.5175589],[73.8532167,18.5175584],[73.8533146,18.5175578],[73.8535695,18.5175697],[73.8539624,18.5175805]]}},
{"type":"Feature","properties":{"osm_id":"53745374","code":5122,"fclass":"residential","name":"Ramashastri Prabhune Path","ref":"","oneway":"F","maxspeed":0,"layer":0,"bridge":"F","tunnel":"F"},"geometry":{"type":"LineString","coordinates":[[73.8510378,18.516401],[73.8510335,18.5170452],[73.8509893,18.5185987]]}},
{"type":"Feature","properties":{"osm_id":"53745381","code":5122,"fclass":"residential","name":"Harihareshwar Mandir Marg","ref":"","oneway":"B","maxspeed":0,"layer":0,"bridge":"F","tunnel":"F"},"geometry":{"type":"LineString","coordinates":[[73.8538524,18.5193472],[73.8538428,18.5192143],[73.8538421,18.5190815],[73.8538303,18.5183575]]}},
{"type":"Feature","properties":{"osm_id":"53745426","code":5122,"fclass":"residential","name":"Niranjav Madhav Marg","ref":"","oneway":"B","maxspeed":0,"layer":0,"bridge":"F","tunnel":"F"},"geometry":{"type":"LineString","coordinates":[[73.8520545,18.5194588],[73.8520635,18.5195749],[73.8520595,18.5197582]]}},
{"type":"Feature","properties":{"osm_id":"53758843","code":5122,"fclass":"residential","name":"","ref":"","oneway":"B","maxspeed":0,"layer":0,"bridge":"F","tunnel":"F"},"geometry":{"type":"LineString","coordinates":[[73.8636079,18.5017749],[73.8638145,18.5018707],[73.8640964,18.5019458],[73.8643385,18.5019014],[73.8649428,18.5017408]]}},
{"type":"Feature","properties":{"osm_id":"53758999","code":5115,"fclass":"tertiary","name":"","ref":"","oneway":"B","maxspeed":0,"layer":0,"bridge":"F","tunnel":"F"},"geometry":{"type":"LineString","coordinates":[[73.8447087,18.5138185],[73.84468,18.5138484],[73.8445889,18.5139434]]}},
{"type":"Feature","properties":{"osm_id":"53759030","code":5115,"fclass":"tertiary","name":"Kakasaheb Gadgil Bridge","ref":"","oneway":"B","maxspeed":0,"layer":1,"bridge":"T","tunnel":"F"},"geometry":{"type":"LineString","coordinates":[[73.8445889,18.5139434],[73.8442337,18.5143059],[73.8434652,18.5150902],[73.8434342,18.5151534],[73.843451,18.5152478],[73.8442994,18.5165688],[73.8443724,18.5166598],[73.844883,18.5171793],[73.8448864,18.5172048],[73.8448758,18.5172362],[73.8448562,18.5172607],[73.8444262,18.5174952]]}},
{"type":"Feature","properties":{"osm_id":"53759031","code":5115,"fclass":"tertiary","name":"","ref":"","oneway":"B","maxspeed":0,"layer":0,"bridge":"F","tunnel":"F"},"geometry":{"type":"LineString","coordinates":[[73.8444262,18.5174952],[73.8443712,18.5175228]]}},
{"type":"Feature","properties":{"osm_id":"53759047","code":5122,"fclass":"residential","name":"V. R. Kothari Path","ref":"","oneway":"B","maxspeed":0,"layer":0,"bridge":"F","tunnel":"F"},"geometry":{"type":"LineString","coordinates":[[73.8453115,18.513457],[73.8454722,18.5135705],[73.8461004,18.5142432],[73.8464112,18.5146339],[73.8465346,18.5147138],[73.8466936,18.5147509],[73.8471078,18.5148026]]}},
{"type":"Feature","properties":{"osm_id":"53759088","code":5115,"fclass":"tertiary","name":"","ref":"","oneway":"B","maxspeed":0,"layer":0,"bridge":"F","tunnel":"F"},"geometry":{"type":"LineString","coordinates":[[73.8455485,18.5147426],[73.8451575,18.5150071],[73.8448452,18.5151792],[73.8447981,18.5152085]]}},
{"type":"Feature","properties":{"osm_id":"53759137","code":5115,"fclass":"tertiary","name":"Jagannath Kaniram Kasat Path","ref":"","oneway":"B","maxspeed":0,"layer":0,"bridge":"F","tunnel":"F"},"geometry":{"type":"LineString","coordinates":[[73.8441037,18.5156875],[73.8440607,18.5157084]]}},
{"type":"Feature","properties":{"osm_id":"53759174","code":5115,"fclass":"tertiary","name":"Baba Bhide Bridge","ref":"","oneway":"B","maxspeed":0,"layer":1,"bridge":"T","tunnel":"F"},"geometry":{"type":"LineString","coordinates":[[73.8447981,18.5152085],[73.8445908,18.5153515],[73.8441037,18.5156875]]}},
{"type":"Feature","properties":{"osm_id":"53759184","code":5122,"fclass":"residential","name":"","ref":"","oneway":"F","maxspeed":0,"layer":0,"bridge":"F","tunnel":"F"},"geometry":{"type":"LineString","coordinates":[[73.844055,18.5170059],[73.8438277,18.5166298],[73.843732,18.5164731],[73.8436131,18.5162784],[73.8434953,18.5160506],[73.8434761,18.5160188]]}},
{"type":"Feature","properties":{"osm_id":"53759273","code":5122,"fclass":"residential","name":"Harihareshwar Mandir Marg","ref":"","oneway":"B","maxspeed":0,"layer":0,"bridge":"F","tunnel":"F"},"geometry":{"type":"LineString","coordinates":[[73.8536831,18.5202246],[73.8537056,18.5201251],[73.8537448,18.5201179],[73.8537906,18.5200889],[73.8538139,18.5200577],[73.8538266,18.520043],[73.853828,18.5198386],[73.8538347,18.5197356],[73.8538454,18.5196822],[73.8538574,18.5195793],[73.8538524,18.5193472]]}},
{"type":"Feature","properties":{"osm_id":"53759316","code":5115,"fclass":"tertiary","name":"Jayantarao Tilak Bridge","ref":"","oneway":"F","maxspeed":0,"layer":1,"bridge":"T","tunnel":"F"},"geometry":{"type":"LineString","coordinates":[[73.8534408,18.5211238],[73.8531414,18.5224737]]}},
{"type":"Feature","properties":{"osm_id":"53759709","code":5123,"fclass":"living_street","name":"","ref":"","oneway":"B","maxspeed":0,"layer":0,"bridge":"F","tunnel":"F"},"geometry":{"type":"LineString","coordinates":[[73.8582986,18.5233256],[73.8583918,18.5233163],[73.8585298,18.5232963],[73.8586175,18.5232928],[73.8586594,18.5232917],[73.8587898,18.5232882],[73.858889,18.5232834],[73.8589885,18.5232235],[73.8591845,18.523223],[73.8593924,18.5231964],[73.8595055,18.5231895],[73.8595481,18.5231915]]}},
{"type":"Feature","properties":{"osm_id":"53759717","code":5122,"fclass":"residential","name":"","ref":"","oneway":"B","maxspeed":0,"layer":0,"bridge":"F","tunnel":"F"},"geometry":{"type":"LineString","coordinates":[[73.859542,18.5230733],[73.8596712,18.5230502],[73.859805,18.5229847],[73.8602172,18.5229474],[73.860365,18.522935],[73.8603968,18.5229227],[73.8604169,18.5228949],[73.8604264,18.5228565],[73.8605506,18.5223809],[73.8605796,18.5222598],[73.860638,18.5220492]]}},
{"type":"Feature","properties":{"osm_id":"53759731","code":5122,"fclass":"residential","name":"","ref":"","oneway":"B","maxspeed":0,"layer":0,"bridge":"F","tunnel":"F"},"geometry":{"type":"LineString","coordinates":[[73.8599501,18.523952],[73.860172,18.5240585],[73.8603179,18.5241319],[73.8603381,18.5241773],[73.8603395,18.5242278],[73.8603086,18.5243227],[73.8602011,18.5245935],[73.8600396,18.5249108],[73.8598903,18.525257]]}},
{"type":"Feature","properties":{"osm_id":"53759732","code":5122,"fclass":"residential","name":"","ref":"","oneway":"B","maxspeed":0,"layer":0,"bridge":"F","tunnel":"F"},"geometry":{"type":"LineString","coordinates":[[73.8589885,18.5232235],[73.8589732,18.5226336],[73.8589685,18.5224519],[73.8589664,18.5223682],[73.8589567,18.5219955]]}},
{"type":"Feature","properties":{"osm_id":"53759733","code":5122,"fclass":"residential","name":"","ref":"","oneway":"B","maxspeed":0,"layer":0,"bridge":"F","tunnel":"F"},"geometry":{"type":"LineString","coordinates":[[73.8597049,18.5220039],[73.8597083,18.522131],[73.8597182,18.5222988],[73.8597247,18.522411],[73.8597664,18.5227177],[73.859805,18.5229847]]}},
{"type":"Feature","properties":{"osm_id":"53759820","code":5123,"fclass":"living_street","name":"","ref":"","oneway":"B","maxspeed":0,"layer":0,"bridge":"F","tunnel":"F"},"geometry":{"type":"LineString","coordinates":[[73.8589685,18.5224519],[73.85939,18.5224661],[73.8594752,18.5224669],[73.8594922,18.5225152],[73.8595306,18.5229092],[73.8595411,18.523016],[73.859542,18.5230733],[73.8595481,18.5231915],[73.8595954,18.5232327],[73.8596205,18.5234966],[73.8596132,18.5236405],[73.8595844,18.5238078],[73.8594728,18.5240459],[73.8594599,18.5240987],[73.8594637,18.5241796],[73.8594656,18.5242591]]}},
{"type":"Feature","properties":{"osm_id":"53759953","code":5122,"fclass":"residential","name":"Manik Nagar Lane No.1A","ref":"","oneway":"B","maxspeed":0,"layer":0,"bridge":"F","tunnel":"F"},"geometry":{"type":"LineString","coordinates":[[73.8665873,18.5224717],[73.8665231,18.5228119],[73.8665295,18.5231256],[73.8665107,18.5235985]]}},
{"type":"Feature","properties":{"osm_id":"53760040","code":5122,"fclass":"residential","name":"Kalika Devi Marg","ref":"","oneway":"B","maxspeed":0,"layer":0,"bridge":"F","tunnel":"F"},"geometry":{"type":"LineString","coordinates":[[73.8574762,18.5183657],[73.8576954,18.5183655],[73.857882,18.5183653],[73.8580368,18.5183651],[73.8584368,18.5183646],[73.8589412,18.5183641]]}},
{"type":"Feature","properties":{"osm_id":"53760055","code":5122,"fclass":"residential","name":"","ref":"","oneway":"B","maxspeed":0,"layer":0,"bridge":"F","tunnel":"F"},"geometry":{"type":"LineString","coordinates":[[73.8594887,18.5177434],[73.8598197,18.5177223],[73.8601564,18.5177008]]}},
{"type":"Feature","properties":{"osm_id":"53760056","code":5122,"fclass":"residential","name":"Shankarlal Khivansara Path","ref":"","oneway":"B","maxspeed":0,"layer":0,"bridge":"F","tunnel":"F"},"geometry":{"type":"LineString","coordinates":[[73.8599743,18.5187818],[73.8600447,18.5186467],[73.8600864,18.5184961],[73.8601181,18.518306],[73.8601521,18.5181309],[73.8601564,18.5177008],[73.860084,18.5168373]]}},
{"type":"Feature","properties":{"osm_id":"53760087","code":5122,"fclass":"residential","name":"","ref":"","oneway":"F","maxspeed":0,"layer":0,"bridge":"F","tunnel":"F"},"geometry":{"type":"LineString","coordinates":[[73.856845,18.5168867],[73.8568462,18.5168567],[73.8568598,18.5165034],[73.8568637,18.516402],[73.8568702,18.5162359],[73.8568734,18.5161515],[73.856884,18.5158783],[73.856887,18.5158009],[73.8568892,18.5157451]]}},
{"type":"Feature","properties":{"osm_id":"53760091","code":5122,"fclass":"residential","name":"","ref":"","oneway":"B","maxspeed":0,"layer":0,"bridge":"F","tunnel":"F"},"geometry":{"type":"LineString","coordinates":[[73.8566723,18.5147029],[73.8568052,18.5147622],[73.857026,18.5148611],[73.8571055,18.5148843],[73.8572534,18.5149276],[73.8574078,18.5149915],[73.8575398,18.5150314],[73.8577334,18.515074],[73.8580835,18.5151392]]}},
{"type":"Feature","properties":{"osm_id":"53760131","code":5122,"fclass":"residential","name":"","ref":"","oneway":"B","maxspeed":0,"layer":0,"bridge":"F","tunnel":"F"},"geometry":{"type":"LineString","coordinates":[[73.8574078,18.5149915],[73.8574162,18.5148238],[73.8573993,18.5141638]]}},
{"type":"Feature","properties":{"osm_id":"53760256","code":5122,"fclass":"residential","name":"","ref":"","oneway":"B","maxspeed":0,"layer":0,"bridge":"F","tunnel":"F"},"geometry":{"type":"LineString","coordinates":[[73.8600955,18.5141558],[73.8607315,18.5142041],[73.8611116,18.514233],[73.861172,18.5142277],[73.8612365,18.5142077],[73.8612758,18.5141718],[73.8612913,18.5141079],[73.8612969,18.5139988],[73.86128,18.5137871],[73.8612716,18.5136926],[73.8612272,18.513507]]}},
{"type":"Feature","properties":{"osm_id":"53760268","code":5122,"fclass":"residential","name":"","ref":"","oneway":"B","maxspeed":0,"layer":0,"bridge":"F","tunnel":"F"},"geometry":{"type":"LineString","coordinates":[[73.8611125,18.5117078],[73.8615272,18.5117699],[73.8616524,18.5117804],[73.8619565,18.5118155]]}},
{"type":"Feature","properties":{"osm_id":"53760339","code":5122,"fclass":"residential","name":"","ref":"","oneway":"B","maxspeed":0,"layer":0,"bridge":"F","tunnel":"F"},"geometry":{"type":"LineString","coordinates":[[73.86202,18.5111963],[73.8625979,18.5112479],[73.8631137,18.5112955]]}},
{"type":"Feature","properties":{"osm_id":"53760359","code":5122,"fclass":"residential","name":"Kaikad Ali/Kaiapali Rd","ref":"","oneway":"B","maxspeed":0,"layer":0,"bridge":"F","tunnel":"F"},"geometry":{"type":"LineString","coordinates":[[73.8618267,18.5035933],[73.8619169,18.5037467],[73.8619506,18.5038576],[73.861956,18.5039141],[73.8619387,18.5041448],[73.8619329,18.5043283],[73.8619811,18.5044529],[73.8620268,18.5045829],[73.8620747,18.5047085],[73.8621455,18.5048924]]}},
{"type":"Feature","properties":{"osm_id":"53760409","code":5122,"fclass":"residential","name":"","ref":"","oneway":"B","maxspeed":0,"layer":0,"bridge":"F","tunnel":"F"},"geometry":{"type":"LineString","coordinates":[[73.8660972,18.5031359],[73.8660989,18.5030879]]}},
{"type":"Feature","properties":{"osm_id":"53760442","code":5122,"fclass":"residential","name":"","ref":"","oneway":"B","maxspeed":0,"layer":0,"bridge":"F","tunnel":"F"},"geometry":{"type":"LineString","coordinates":[[73.8650286,18.5060545],[73.8650555,18.505707],[73.8650762,18.5053065],[73.8651108,18.5049079],[73.8651254,18.5046608]]}},
{"type":"Feature","properties":{"osm_id":"53760449","code":5123,"fclass":"living_street","name":"","ref":"","oneway":"B","maxspeed":0,"layer":0,"bridge":"F","tunnel":"F"},"geometry":{"type":"LineString","coordinates":[[73.8651254,18.5046608],[73.8654153,18.5046886],[73.8659028,18.5047225],[73.865922,18.5047236],[73.8659576,18.5047257],[73.8661453,18.5047366],[73.8663132,18.5047542],[73.8665094,18.5047628],[73.8669672,18.5047774],[73.8672582,18.5047786]]}},
{"type":"Feature","properties":{"osm_id":"53760696","code":5141,"fclass":"service","name":"Krantiveer Lahuji Vastad Salve Path","ref":"","oneway":"B","maxspeed":0,"layer":0,"bridge":"F","tunnel":"F"},"geometry":{"type":"LineString","coordinates":[[73.8659742,18.5060463],[73.865826,18.5068682],[73.8658109,18.5069763],[73.8657255,18.5075039],[73.8657208,18.5075332],[73.8656317,18.5078487],[73.8656053,18.5079138],[73.8655733,18.5079924],[73.8655398,18.5081107],[73.8655184,18.5082271],[73.865522,18.5083419],[73.8655028,18.5085893],[73.8654619,18.5090567],[73.8654179,18.5092318]]}},
{"type":"Feature","properties":{"osm_id":"53760826","code":5141,"fclass":"service","name":"Pandurang Viththal Kirad Path","ref":"","oneway":"B","maxspeed":0,"layer":0,"bridge":"F","tunnel":"F"},"geometry":{"type":"LineString","coordinates":[[73.865522,18.5083419],[73.8661113,18.5083742],[73.8664362,18.5083959],[73.8666302,18.5084029]]}},
{"type":"Feature","properties":{"osm_id":"53760960","code":5122,"fclass":"residential","name":"","ref":"","oneway":"B","maxspeed":0,"layer":0,"bridge":"F","tunnel":"F"},"geometry":{"type":"LineString","coordinates":[[73.8658109,18.5069763],[73.8663741,18.5070174],[73.8668327,18.5070509],[73.8673043,18.5070815],[73.8677109,18.5071075],[73.8677831,18.5071062]]}},
{"type":"Feature","properties":{"osm_id":"53761188","code":5141,"fclass":"service","name":"","ref":"","oneway":"B","maxspeed":0,"layer":0,"bridge":"F","tunnel":"F"},"geometry":{"type":"LineString","coordinates":[[73.8670461,18.5084256],[73.8673043,18.5070815],[73.8674601,18.5060213]]}},
{"type":"Feature","properties":{"osm_id":"53761277","code":5141,"fclass":"service","name":"","ref":"","oneway":"B","maxspeed":0,"layer":0,"bridge":"F","tunnel":"F"},"geometry":{"type":"LineString","coordinates":[[73.8675837,18.5084444],[73.8675194,18.5098644]]}},
{"type":"Feature","properties":{"osm_id":"53761334","code":5141,"fclass":"service","name":"Bapumiya Shahid Dargah Road","ref":"","oneway":"B","maxspeed":0,"layer":0,"bridge":"F","tunnel":"F"},"geometry":{"type":"LineString","coordinates":[[73.8670982,18.5100116],[73.8670096,18.5100326],[73.8668544,18.5100345],[73.8655909,18.5096531]]}},
{"type":"Feature","properties":{"osm_id":"53761403","code":5141,"fclass":"service","name":"","ref":"","oneway":"B","maxspeed":0,"layer":0,"bridge":"F","tunnel":"F"},"geometry":{"type":"LineString","coordinates":[[73.8668717,18.5093308],[73.8655909,18.5096531],[73.8655416,18.5096595]]}},
{"type":"Feature","properties":{"osm_id":"53761552","code":5115,"fclass":"tertiary","name":"Juna Motor Stand","ref":"","oneway":"F","maxspeed":0,"layer":0,"bridge":"F","tunnel":"F"},"geometry":{"type":"LineString","coordinates":[[73.8722791,18.5086949],[73.8722145,18.5087857],[73.8722062,18.5088376],[73.8722473,18.5092472],[73.8723147,18.5092921]]}},
{"type":"Feature","properties":{"osm_id":"53761606","code":5115,"fclass":"tertiary","name":"Hidayatullah Path","ref":"","oneway":"B","maxspeed":0,"layer":0,"bridge":"F","tunnel":"F"},"geometry":{"type":"LineString","coordinates":[[73.8752896,18.5081572],[73.8751406,18.5076593],[73.8749363,18.5069767],[73.8748327,18.5065357]]}},
{"type":"Feature","properties":{"osm_id":"53761610","code":5122,"fclass":"residential","name":"Shankar Seth Road","ref":"","oneway":"B","maxspeed":0,"layer":0,"bridge":"F","tunnel":"F"},"geometry":{"type":"LineString","coordinates":[[73.8736539,18.5036146],[73.8737546,18.5035078],[73.8738947,18.5033616],[73.8739742,18.5032422],[73.8743025,18.5027493],[73.8744065,18.5025728],[73.8744634,18.5023895],[73.8745011,18.5021125],[73.8745071,18.5019445]]}},
{"type":"Feature","properties":{"osm_id":"53761712","code":5115,"fclass":"tertiary","name":"Hidayatullah Path","ref":"","oneway":"B","maxspeed":0,"layer":0,"bridge":"F","tunnel":"F"},"geometry":{"type":"LineString","coordinates":[[73.8751985,18.5019652],[73.8751788,18.5020363],[73.8751071,18.5023294],[73.874973,18.5028732],[73.8749508,18.5029981],[73.8748802,18.5033962],[73.8748366,18.503642],[73.8747956,18.5038729],[73.8747906,18.5039008],[73.874637,18.5047818],[73.8746238,18.5048634],[73.8745707,18.5054024],[73.8745277,18.5057373]]}},
{"type":"Feature","properties":{"osm_id":"53761802","code":5122,"fclass":"residential","name":"Balanna Nimal Marg","ref":"","oneway":"B","maxspeed":0,"layer":0,"bridge":"F","tunnel":"F"},"geometry":{"type":"LineString","coordinates":[[73.8762207,18.5060227],[73.8763388,18.5063289],[73.8763781,18.5064331],[73.8764889,18.5064325],[73.8767333,18.5064578],[73.8768109,18.506487],[73.8768423,18.5065286],[73.8770491,18.5070439],[73.877212,18.5074702]]}},
{"type":"Feature","properties":{"osm_id":"53761841","code":5122,"fclass":"residential","name":"","ref":"","oneway":"B","maxspeed":0,"layer":0,"bridge":"F","tunnel":"F"},"geometry":{"type":"LineString","coordinates":[[73.8776237,18.5056324],[73.877864,18.5065559],[73.8778866,18.5066429],[73.8779165,18.5067651],[73.8780263,18.5072211]]}},
{"type":"Feature","properties":{"osm_id":"53761904","code":5122,"fclass":"residential","name":"Sardar Vallabh Bhai Patel Road","ref":"","oneway":"B","maxspeed":0,"layer":0,"bridge":"F","tunnel":"F"},"geometry":{"type":"LineString","coordinates":[[73.8771368,18.5074932],[73.8773906,18.5079705],[73.877512,18.5081419],[73.8775181,18.5081505],[73.8776458,18.5083308],[73.8776491,18.5083346]]}},
{"type":"Feature","properties":{"osm_id":"53762008","code":5122,"fclass":"residential","name":"Swami Gwalanand Path","ref":"","oneway":"B","maxspeed":0,"layer":0,"bridge":"F","tunnel":"F"},"geometry":{"type":"LineString","coordinates":[[73.8766691,18.5087601],[73.8759437,18.5087626],[73.8759129,18.5087797],[73.8758985,18.5088066],[73.8759014,18.5091033],[73.8759028,18.509254],[73.87588,18.5097225],[73.8759094,18.5103128],[73.8758874,18.5104806],[73.8758341,18.5106714],[73.8758264,18.5107085],[73.8758187,18.5107458],[73.8757952,18.5108587],[73.8757545,18.5110551]]}},
{"type":"Feature","properties":{"osm_id":"53762041","code":5122,"fclass":"residential","name":"Tej Parwani Road","ref":"","oneway":"B","maxspeed":0,"layer":0,"bridge":"F","tunnel":"F"},"geometry":{"type":"LineString","coordinates":[[73.872102,18.5106716],[73.8722401,18.510681],[73.8729026,18.5107554],[73.8729285,18.5107647],[73.8730664,18.5107739],[73.8733604,18.5108059],[73.8734303,18.5108136],[73.8736383,18.5108364],[73.8737823,18.5108507],[73.8739854,18.5108709],[73.874283,18.5109055],[73.8743592,18.5109143],[73.8745802,18.5109415],[73.8747702,18.5109692],[73.875235,18.5110574],[73.8754976,18.5110779],[73.8755061,18.5110786],[73.8755164,18.5110776],[73.8755712,18.5110724],[73.8757545,18.5110551],[73.8761379,18.5110528],[73.8764181,18.5110854]]}},
{"type":"Feature","properties":{"osm_id":"53762205","code":5122,"fclass":"residential","name":"K. T. Bhosale Path","ref":"","oneway":"B","maxspeed":0,"layer":0,"bridge":"F","tunnel":"F"},"geometry":{"type":"LineString","coordinates":[[73.8745689,18.5084362],[73.8746353,18.5087358],[73.8746788,18.5089402],[73.8747111,18.5092034],[73.8747198,18.5092745],[73.8747314,18.509471],[73.8747422,18.5096551],[73.8747455,18.5097114],[73.8747524,18.5098276],[73.8747653,18.5100469],[73.8747736,18.510318],[73.8747802,18.5105362],[73.8747754,18.5107461],[73.8747702,18.5109692]]}},
{"type":"Feature","properties":{"osm_id":"53762212","code":5141,"fclass":"service","name":"","ref":"","oneway":"B","maxspeed":0,"layer":0,"bridge":"F","tunnel":"F"},"geometry":{"type":"LineString","coordinates":[[73.8759028,18.509254],[73.8759924,18.5092499],[73.8766553,18.5092195]]}},
{"type":"Feature","properties":{"osm_id":"53762250","code":5122,"fclass":"residential","name":"","ref":"","oneway":"B","maxspeed":0,"layer":0,"bridge":"F","tunnel":"F"},"geometry":{"type":"LineString","coordinates":[[73.87588,18.5097225],[73.8762994,18.5097184],[73.876386,18.5097356],[73.8764539,18.5097572]]}},
{"type":"Feature","properties":{"osm_id":"53790855","code":5141,"fclass":"service","name":"","ref":"","oneway":"B","maxspeed":0,"layer":0,"bridge":"F","tunnel":"F"},"geometry":{"type":"LineString","coordinates":[[73.8925839,18.5155018],[73.8925677,18.5155253],[73.892496,18.5156294],[73.8923795,18.515798],[73.8922303,18.5159512],[73.8922046,18.5159775],[73.8921077,18.5159951],[73.891526,18.5159816]]}},
{"type":"Feature","properties":{"osm_id":"53790865","code":5153,"fclass":"footway","name":"","ref":"","oneway":"B","maxspeed":0,"layer":0,"bridge":"F","tunnel":"F"},"geometry":{"type":"LineString","coordinates":[[73.8916011,18.5172838],[73.891506,18.5172587]]}},
{"type":"Feature","properties":{"osm_id":"53790882","code":5153,"fclass":"footway","name":"","ref":"","oneway":"B","maxspeed":0,"layer":0,"bridge":"F","tunnel":"F"},"geometry":{"type":"LineString","coordinates":[[73.8923795,18.515798],[73.8925158,18.5161564],[73.8926311,18.5164597],[73.8926526,18.5166937],[73.8928242,18.5173652],[73.8925453,18.5175483],[73.8924131,18.5176004]]}},
{"type":"Feature","properties":{"osm_id":"53790893","code":5153,"fclass":"footway","name":"","ref":"","oneway":"B","maxspeed":0,"layer":0,"bridge":"F","tunnel":"F"},"geometry":{"type":"LineString","coordinates":[[73.8921269,18.5160833],[73.891805,18.5161952],[73.8916226,18.5163071],[73.8915582,18.5166327],[73.891506,18.5172587]]}},
{"type":"Feature","properties":{"osm_id":"53790927","code":5153,"fclass":"footway","name":"","ref":"","oneway":"B","maxspeed":0,"layer":0,"bridge":"F","tunnel":"F"},"geometry":{"type":"LineString","coordinates":[[73.892496,18.5156294],[73.892792,18.5158798],[73.8929744,18.516063],[73.8930817,18.5163275],[73.8931461,18.5166123],[73.8928242,18.5173652]]}},
{"type":"Feature","properties":{"osm_id":"53791308","code":5122,"fclass":"residential","name":"Ardeshir Irani Path","ref":"","oneway":"B","maxspeed":0,"layer":0,"bridge":"F","tunnel":"F"},"geometry":{"type":"LineString","coordinates":[[73.8735549,18.5145305],[73.8734796,18.5145285],[73.8734327,18.5145271],[73.8728427,18.5145109],[73.8711628,18.5144647]]}},
{"type":"Feature","properties":{"osm_id":"53791316","code":5122,"fclass":"residential","name":"The Quarter Gate Society Road","ref":"","oneway":"B","maxspeed":0,"layer":0,"bridge":"F","tunnel":"F"},"geometry":{"type":"LineString","coordinates":[[73.8711455,18.5152347],[73.8721645,18.5152209],[73.8722015,18.5152341],[73.8722225,18.515278],[73.8722294,18.5154858],[73.8722852,18.5159875],[73.8723223,18.5164144]]}},
{"type":"Feature","properties":{"osm_id":"53791319","code":5122,"fclass":"residential","name":"RS Kudale Road","ref":"","oneway":"B","maxspeed":0,"layer":0,"bridge":"F","tunnel":"F"},"geometry":{"type":"LineString","coordinates":[[73.8722294,18.5154858],[73.8711447,18.5154808]]}},
{"type":"Feature","properties":{"osm_id":"53791341","code":5122,"fclass":"residential","name":"Irwin Road","ref":"","oneway":"B","maxspeed":0,"layer":0,"bridge":"F","tunnel":"F"},"geometry":{"type":"LineString","coordinates":[[73.8722852,18.5159875],[73.8719029,18.5159814],[73.8715635,18.5159759],[73.8711389,18.5159691]]}},
{"type":"Feature","properties":{"osm_id":"53791346","code":5122,"fclass":"residential","name":"Doctor Choitram Road","ref":"","oneway":"B","maxspeed":0,"layer":0,"bridge":"F","tunnel":"F"},"geometry":{"type":"LineString","coordinates":[[73.8727571,18.5128857],[73.8728081,18.5123221],[73.872818,18.5116569],[73.8728954,18.5108323],[73.8729026,18.5107554]]}},
{"type":"Feature","properties":{"osm_id":"53791349","code":5122,"fclass":"residential","name":"Padamjee Park Lane No.3 (Dada Chelaram Path)","ref":"","oneway":"B","maxspeed":0,"layer":0,"bridge":"F","tunnel":"F"},"geometry":{"type":"LineString","coordinates":[[73.8718088,18.5115468],[73.8723112,18.5116016],[73.8723276,18.5116034],[73.872818,18.5116569],[73.8735139,18.5117413],[73.8739886,18.5117989],[73.8746957,18.5118847],[73.8748452,18.5118971]]}},
{"type":"Feature","properties":{"osm_id":"53791367","code":5122,"fclass":"residential","name":"Padamjee Park Lane No.2","ref":"","oneway":"B","maxspeed":0,"layer":0,"bridge":"F","tunnel":"F"},"geometry":{"type":"LineString","coordinates":[[73.8716394,18.5121923],[73.8722066,18.5122607],[73.8728081,18.5123221]]}},
{"type":"Feature","properties":{"osm_id":"53791369","code":5122,"fclass":"residential","name":"Padamjee Park Lane No.1","ref":"","oneway":"B","maxspeed":0,"layer":0,"bridge":"F","tunnel":"F"},"geometry":{"type":"LineString","coordinates":[[73.8715157,18.5127758],[73.8721396,18.5128338],[73.8727571,18.5128857]]}},
{"type":"Feature","properties":{"osm_id":"53791379","code":5122,"fclass":"residential","name":"","ref":"","oneway":"B","maxspeed":0,"layer":0,"bridge":"F","tunnel":"F"},"geometry":{"type":"LineString","coordinates":[[73.8722066,18.5122607],[73.8721396,18.5128338],[73.8720995,18.5133824]]}},
{"type":"Feature","properties":{"osm_id":"53791391","code":5122,"fclass":"residential","name":"","ref":"","oneway":"B","maxspeed":0,"layer":0,"bridge":"F","tunnel":"F"},"geometry":{"type":"LineString","coordinates":[[73.8729026,18.5107554],[73.8728947,18.5104553],[73.872888,18.5102038],[73.8728065,18.5099364],[73.8727905,18.509884],[73.8727356,18.5097029],[73.8725878,18.5092151]]}},
{"type":"Feature","properties":{"osm_id":"53791393","code":5122,"fclass":"residential","name":"","ref":"","oneway":"B","maxspeed":0,"layer":0,"bridge":"F","tunnel":"F"},"geometry":{"type":"LineString","coordinates":[[73.8735826,18.5095433],[73.8736401,18.5096787]]}},
{"type":"Feature","properties":{"osm_id":"53791456","code":5122,"fclass":"residential","name":"Sapika Road","ref":"","oneway":"B","maxspeed":0,"layer":0,"bridge":"F","tunnel":"F"},"geometry":{"type":"LineString","coordinates":[[73.870089,18.5073215],[73.8700709,18.5075836],[73.8700533,18.5078099],[73.870039,18.5081768],[73.8700347,18.5083353],[73.8700318,18.5084188],[73.8700313,18.5084329],[73.8700905,18.5091891],[73.8700911,18.5093],[73.8700915,18.5093763],[73.8700719,18.5094405],[73.8700505,18.5095104],[73.8700287,18.5095758],[73.8700276,18.509657],[73.8701051,18.5099721]]}},
{"type":"Feature","properties":{"osm_id":"53791464","code":5122,"fclass":"residential","name":"","ref":"","oneway":"B","maxspeed":0,"layer":0,"bridge":"F","tunnel":"F"},"geometry":{"type":"LineString","coordinates":[[73.8700905,18.5091891],[73.8682643,18.509246]]}},
{"type":"Feature","properties":{"osm_id":"53791465","code":5122,"fclass":"residential","name":"","ref":"","oneway":"B","maxspeed":0,"layer":0,"bridge":"F","tunnel":"F"},"geometry":{"type":"LineString","coordinates":[[73.8731093,18.5044839],[73.8728854,18.5044591],[73.872602,18.5044598],[73.8724504,18.5044506],[73.872221,18.5044332],[73.8721454,18.5044275],[73.8716092,18.5043623],[73.8712403,18.5042924],[73.8710959,18.5042608],[73.8707442,18.5041739],[73.8706186,18.5041429]]}},
{"type":"Feature","properties":{"osm_id":"53791493","code":5122,"fclass":"residential","name":"","ref":"","oneway":"B","maxspeed":0,"layer":0,"bridge":"F","tunnel":"F"},"geometry":{"type":"LineString","coordinates":[[73.8736148,18.5023756],[73.8730176,18.5024311],[73.8729649,18.5024561],[73.8729314,18.5025016],[73.872922,18.5025495],[73.8729279,18.5027347],[73.8729084,18.5033453],[73.8728984,18.5038294],[73.8728924,18.5041204],[73.8728854,18.5044591]]}},
{"type":"Feature","properties":{"osm_id":"53791504","code":5122,"fclass":"residential","name":"","ref":"","oneway":"B","maxspeed":0,"layer":0,"bridge":"F","tunnel":"F"},"geometry":{"type":"LineString","coordinates":[[73.8729279,18.5027347],[73.872336,18.5027888],[73.8722859,18.5028098],[73.8722601,18.5028467],[73.8721861,18.5038636],[73.8721654,18.5041484],[73.8721454,18.5044275]]}},
{"type":"Feature","properties":{"osm_id":"53791511","code":5122,"fclass":"residential","name":"","ref":"","oneway":"B","maxspeed":0,"layer":0,"bridge":"F","tunnel":"F"},"geometry":{"type":"LineString","coordinates":[[73.8688781,18.5033356],[73.8695557,18.5034509],[73.8701554,18.5035821]]}},
{"type":"Feature","properties":{"osm_id":"53791513","code":5122,"fclass":"residential","name":"","ref":"","oneway":"B","maxspeed":0,"layer":0,"bridge":"F","tunnel":"F"},"geometry":{"type":"LineString","coordinates":[[73.8694535,18.5038908],[73.8695557,18.5034509]]}},
{"type":"Feature","properties":{"osm_id":"53791515","code":5141,"fclass":"service","name":"","ref":"","oneway":"B","maxspeed":0,"layer":0,"bridge":"F","tunnel":"F"},"geometry":{"type":"LineString","coordinates":[[73.8700925,18.5039151],[73.8701554,18.5035821],[73.8701741,18.5034985],[73.8702071,18.5033507],[73.8702593,18.5030966]]}},
{"type":"Feature","properties":{"osm_id":"53791519","code":5141,"fclass":"service","name":"","ref":"","oneway":"B","maxspeed":0,"layer":0,"bridge":"F","tunnel":"F"},"geometry":{"type":"LineString","coordinates":[[73.8688637,18.5030037],[73.8687824,18.5029892],[73.8682874,18.5029006],[73.868111,18.502871],[73.8678577,18.5028257],[73.8677111,18.5028089],[73.867356,18.5027682]]}},
{"type":"Feature","properties":{"osm_id":"53791521","code":5122,"fclass":"residential","name":"","ref":"","oneway":"B","maxspeed":0,"layer":0,"bridge":"F","tunnel":"F"},"geometry":{"type":"LineString","coordinates":[[73.8674867,18.5016411],[73.8674963,18.5017257],[73.8674915,18.5018124],[73.867404,18.502354],[73.8673762,18.5025937],[73.867356,18.5027682],[73.8673295,18.5029971],[73.8672654,18.5035497]]}},
{"type":"Feature","properties":{"osm_id":"53791523","code":5122,"fclass":"residential","name":"","ref":"","oneway":"B","maxspeed":0,"layer":0,"bridge":"F","tunnel":"F"},"geometry":{"type":"LineString","coordinates":[[73.867404,18.502354],[73.86716,18.5023467],[73.8668265,18.5023368],[73.866086,18.5023394]]}},
{"type":"Feature","properties":{"osm_id":"53791524","code":5122,"fclass":"residential","name":"","ref":"","oneway":"B","maxspeed":0,"layer":0,"bridge":"F","tunnel":"F"},"geometry":{"type":"LineString","coordinates":[[73.8673295,18.5029971],[73.8666758,18.5028755],[73.866101,18.502825]]}},
{"type":"Feature","properties":{"osm_id":"53791558","code":5122,"fclass":"residential","name":"","ref":"","oneway":"B","maxspeed":0,"layer":0,"bridge":"F","tunnel":"F"},"geometry":{"type":"LineString","coordinates":[[73.8640964,18.5019458],[73.8640319,18.502599],[73.8640229,18.5029462],[73.8640098,18.5034507]]}},
{"type":"Feature","properties":{"osm_id":"53791560","code":5122,"fclass":"residential","name":"","ref":"","oneway":"B","maxspeed":0,"layer":0,"bridge":"F","tunnel":"F"},"geometry":{"type":"LineString","coordinates":[[73.8656507,18.5035522],[73.8651122,18.5035353],[73.8650101,18.5035237],[73.8649675,18.5035188],[73.8648056,18.5035107],[73.8641308,18.5034538],[73.8640098,18.5034507],[73.8637384,18.5034312],[73.8636619,18.5034163],[73.8635596,18.5033964],[73.8634695,18.5033553],[73.8633764,18.5033055],[73.8631395,18.5032083]]}},
{"type":"Feature","properties":{"osm_id":"53791561","code":5122,"fclass":"residential","name":"","ref":"","oneway":"B","maxspeed":0,"layer":0,"bridge":"F","tunnel":"F"},"geometry":{"type":"LineString","coordinates":[[73.8641051,18.5041006],[73.8638419,18.5040868],[73.8632669,18.504044]]}},
{"type":"Feature","properties":{"osm_id":"53791608","code":5122,"fclass":"residential","name":"Baji Pasalkar Road","ref":"","oneway":"B","maxspeed":0,"layer":0,"bridge":"F","tunnel":"F"},"geometry":{"type":"LineString","coordinates":[[73.8495013,18.4974676],[73.8499026,18.4974555],[73.8510097,18.4974245],[73.8511105,18.497414],[73.8516446,18.4974356],[73.8520125,18.4974505],[73.8522089,18.4974585]]}},
{"type":"Feature","properties":{"osm_id":"53791622","code":5141,"fclass":"service","name":"","ref":"","oneway":"B","maxspeed":0,"layer":0,"bridge":"F","tunnel":"F"},"geometry":{"type":"LineString","coordinates":[[73.8683838,18.496454],[73.8683874,18.4958065],[73.868389,18.4955236],[73.8683893,18.4953472],[73.8683903,18.4952775],[73.8683436,18.4952091]]}},
{"type":"Feature","properties":{"osm_id":"53791623","code":5141,"fclass":"service","name":"","ref":"","oneway":"B","maxspeed":0,"layer":0,"bridge":"F","tunnel":"F"},"geometry":{"type":"LineString","coordinates":[[73.8683874,18.4958065],[73.8672219,18.4957842],[73.8663882,18.4957683]]}},
{"type":"Feature","properties":{"osm_id":"53791630","code":5122,"fclass":"residential","name":"","ref":"","oneway":"B","maxspeed":0,"layer":0,"bridge":"F","tunnel":"F"},"geometry":{"type":"LineString","coordinates":[[73.8663609,18.4964171],[73.8663882,18.4957683],[73.8664116,18.4954172],[73.8664306,18.4951332],[73.8664444,18.4948604],[73.8664801,18.4943989],[73.8665194,18.4940564],[73.8665557,18.4937412],[73.8665645,18.493635],[73.8665742,18.4935186],[73.8665348,18.4932747],[73.8664953,18.4930981],[73.866474,18.4928827],[73.8664645,18.4923757]]}},
{"type":"Feature","properties":{"osm_id":"53791632","code":5122,"fclass":"residential","name":"","ref":"","oneway":"B","maxspeed":0,"layer":0,"bridge":"F","tunnel":"F"},"geometry":{"type":"LineString","coordinates":[[73.8663515,18.4948654],[73.8661484,18.4948869],[73.8658053,18.4949176],[73.8653607,18.4949573]]}},
{"type":"Feature","properties":{"osm_id":"53791644","code":5122,"fclass":"residential","name":"TMV Circle","ref":"","oneway":"F","maxspeed":0,"layer":0,"bridge":"F","tunnel":"F"},"geometry":{"type":"LineString","coordinates":[[73.8653607,18.4949573],[73.8653505,18.4949149],[73.8653318,18.4948752],[73.8653053,18.4948397],[73.865272,18.4948099],[73.8652332,18.4947867],[73.8651904,18.4947712],[73.8651452,18.4947639],[73.8650994,18.4947651],[73.8650547,18.4947748],[73.8650129,18.4947925],[73.8649755,18.4948176],[73.864944,18.4948492],[73.8649196,18.494886],[73.8649032,18.4949266],[73.8648955,18.4949695],[73.8648968,18.4950129],[73.864907,18.4950553],[73.8649257,18.495095],[73.8649522,18.4951304],[73.8649855,18.4951603],[73.8650243,18.4951834],[73.8650671,18.495199],[73.8651123,18.4952063],[73.8651581,18.4952051],[73.8652028,18.4951954],[73.8652446,18.4951777],[73.865282,18.4951525],[73.8653135,18.495121],[73.8653379,18.4950842],[73.8653543,18.4950436],[73.865362,18.4950007],[73.8653607,18.4949573]]}},
{"type":"Feature","properties":{"osm_id":"53791654","code":5122,"fclass":"residential","name":"Minatai Thakre Road","ref":"","oneway":"B","maxspeed":0,"layer":0,"bridge":"F","tunnel":"F"},"geometry":{"type":"LineString","coordinates":[[73.8651581,18.4952051],[73.8652616,18.4963258],[73.8652725,18.4964409]]}},
{"type":"Feature","properties":{"osm_id":"53791655","code":5122,"fclass":"residential","name":"","ref":"","oneway":"B","maxspeed":0,"layer":0,"bridge":"F","tunnel":"F"},"geometry":{"type":"LineString","coordinates":[[73.8648968,18.4950129],[73.8644859,18.495057],[73.8646063,18.4963475],[73.8646153,18.4964436]]}},
{"type":"Feature","properties":{"osm_id":"53791657","code":5122,"fclass":"residential","name":"Minatai Thakre Road","ref":"","oneway":"B","maxspeed":0,"layer":0,"bridge":"F","tunnel":"F"},"geometry":{"type":"LineString","coordinates":[[73.8650994,18.4947651],[73.8650554,18.4941173],[73.8650456,18.493995]]}},
{"type":"Feature","properties":{"osm_id":"53791682","code":5114,"fclass":"secondary","name":"Irawati Karve Marg","ref":"","oneway":"B","maxspeed":0,"layer":0,"bridge":"F","tunnel":"F"},"geometry":{"type":"LineString","coordinates":[[73.8768298,18.49708],[73.8761377,18.496022],[73.8759697,18.4957857],[73.8757742,18.4955489],[73.8755659,18.495313],[73.8754316,18.4952104],[73.8749519,18.4948441],[73.8745806,18.4946518],[73.874188,18.4944484],[73.8738813,18.49426],[73.8737184,18.4941592],[73.8736202,18.4940984],[73.873582,18.4940748],[73.8732226,18.4939241],[73.8727242,18.4938149],[73.8717233,18.4935956],[73.8712726,18.4934935],[73.8712144,18.4934803],[73.8708927,18.4934074],[73.8704931,18.4933121],[73.8703438,18.4932765],[73.870042,18.4932045],[73.8696951,18.4931145],[73.8693095,18.4930145]]}},
{"type":"Feature","properties":{"osm_id":"53791683","code":5114,"fclass":"secondary","name":"","ref":"","oneway":"B","maxspeed":0,"layer":0,"bridge":"F","tunnel":"F"},"geometry":{"type":"LineString","coordinates":[[73.8798646,18.4996163],[73.8797849,18.4995916],[73.879327,18.4994447],[73.8788055,18.4992774],[73.8787694,18.4992658],[73.8779326,18.4989605],[73.8778732,18.498923],[73.8778038,18.4988791],[73.8776965,18.4987774],[73.8776452,18.4987018],[73.877626,18.4986734],[73.8776,18.498635],[73.8773961,18.4981669],[73.8773666,18.4980964],[73.8773083,18.4979568],[73.8771369,18.4976125],[73.8768298,18.49708]]}},
{"type":"Feature","properties":{"osm_id":"53791692","code":5115,"fclass":"tertiary","name":"Kushaba Jhangale Road","ref":"","oneway":"B","maxspeed":0,"layer":0,"bridge":"F","tunnel":"F"},"geometry":{"type":"LineString","coordinates":[[73.8693095,18.4930145],[73.8691683,18.4929948],[73.8685306,18.4928234],[73.868376,18.4927818],[73.8681558,18.49273],[73.8680485,18.4927047],[73.8679757,18.4926896],[73.8679468,18.4926836],[73.8677714,18.4926474],[73.8676658,18.4926256],[73.8674025,18.4925712],[73.8667653,18.4924384],[73.8664645,18.4923757],[73.8662692,18.4923404],[73.8656515,18.4922542],[73.8652378,18.4922125],[73.8650389,18.4921877],[73.8640837,18.4920693],[73.8640453,18.4920649],[73.8639941,18.4920627]]}},
{"type":"Feature","properties":{"osm_id":"53791703","code":5115,"fclass":"tertiary","name":"","ref":"","oneway":"B","maxspeed":0,"layer":0,"bridge":"F","tunnel":"F"},"geometry":{"type":"LineString","coordinates":[[73.861986,18.4920189],[73.8619836,18.4923511],[73.8619827,18.492433],[73.8619824,18.4924567],[73.861982,18.4924966],[73.861974,18.4931982],[73.8619669,18.4934917],[73.8619661,18.4940058],[73.8619757,18.494325],[73.861989,18.4947683],[73.8619831,18.4957144],[73.8619791,18.4963376]]}},
{"type":"Feature","properties":{"osm_id":"53791705","code":5122,"fclass":"residential","name":"Chapekar Rasta","ref":"","oneway":"B","maxspeed":0,"layer":0,"bridge":"F","tunnel":"F"},"geometry":{"type":"LineString","coordinates":[[73.8592753,18.491954],[73.8588764,18.4925386],[73.8588842,18.4929823],[73.8588878,18.493187],[73.8588916,18.493436],[73.8588959,18.4937861],[73.8589076,18.494752],[73.8589171,18.4956381],[73.858918,18.4957198],[73.8589501,18.4965398],[73.8589563,18.4966182],[73.8590562,18.4978811]]}},
{"type":"Feature","properties":{"osm_id":"53791706","code":5122,"fclass":"residential","name":"","ref":"","oneway":"B","maxspeed":0,"layer":0,"bridge":"F","tunnel":"F"},"geometry":{"type":"LineString","coordinates":[[73.858918,18.4957198],[73.8595691,18.4957213],[73.8599276,18.4957223],[73.8599756,18.4957224],[73.8604145,18.4957317],[73.8610752,18.4957441],[73.8619831,18.4957144],[73.8636525,18.4956538]]}},
{"type":"Feature","properties":{"osm_id":"53791713","code":5122,"fclass":"residential","name":"","ref":"","oneway":"B","maxspeed":0,"layer":0,"bridge":"F","tunnel":"F"},"geometry":{"type":"LineString","coordinates":[[73.8589076,18.494752],[73.8595724,18.4947602],[73.8601,18.4947667],[73.8604127,18.4947778],[73.8610567,18.4947877],[73.861989,18.4947683],[73.8634992,18.4947093],[73.8639637,18.4946669]]}},
{"type":"Feature","properties":{"osm_id":"53791722","code":5122,"fclass":"residential","name":"","ref":"","oneway":"B","maxspeed":0,"layer":0,"bridge":"F","tunnel":"F"},"geometry":{"type":"LineString","coordinates":[[73.8637733,18.496469],[73.8637416,18.4962548],[73.8636525,18.4956538],[73.8635773,18.4951906],[73.8634992,18.4947093],[73.863463,18.4944214],[73.8634451,18.4942787]]}},
{"type":"Feature","properties":{"osm_id":"53791725","code":5122,"fclass":"residential","name":"","ref":"","oneway":"B","maxspeed":0,"layer":0,"bridge":"F","tunnel":"F"},"geometry":{"type":"LineString","coordinates":[[73.8604127,18.4947778],[73.860414,18.4954697],[73.8604145,18.4957317]]}},
{"type":"Feature","properties":{"osm_id":"53791734","code":5122,"fclass":"residential","name":"","ref":"","oneway":"B","maxspeed":0,"layer":0,"bridge":"F","tunnel":"F"},"geometry":{"type":"LineString","coordinates":[[73.8595691,18.4957213],[73.8595746,18.4954494],[73.859573,18.4952788],[73.8595724,18.4947602]]}},
{"type":"Feature","properties":{"osm_id":"53791735","code":5122,"fclass":"residential","name":"","ref":"","oneway":"B","maxspeed":0,"layer":0,"bridge":"F","tunnel":"F"},"geometry":{"type":"LineString","coordinates":[[73.8619661,18.4940058],[73.8610368,18.4939989],[73.8601004,18.493978]]}},
{"type":"Feature","properties":{"osm_id":"53791738","code":5122,"fclass":"residential","name":"","ref":"","oneway":"B","maxspeed":0,"layer":0,"bridge":"F","tunnel":"F"},"geometry":{"type":"LineString","coordinates":[[73.8619669,18.4934917],[73.8605197,18.4934799],[73.8588916,18.493436]]}},
{"type":"Feature","properties":{"osm_id":"53791740","code":5122,"fclass":"residential","name":"","ref":"","oneway":"B","maxspeed":0,"layer":0,"bridge":"F","tunnel":"F"},"geometry":{"type":"LineString","coordinates":[[73.861974,18.4931982],[73.8610561,18.4932187],[73.8600894,18.4931979],[73.8595623,18.4931866],[73.8593869,18.4931867],[73.8588878,18.493187]]}},
{"type":"Feature","properties":{"osm_id":"53791747","code":5122,"fclass":"residential","name":"","ref":"","oneway":"B","maxspeed":0,"layer":0,"bridge":"F","tunnel":"F"},"geometry":{"type":"LineString","coordinates":[[73.8619669,18.4934917],[73.8624147,18.4934531],[73.8626902,18.493343],[73.8628232,18.49323],[73.8631012,18.492994],[73.8632949,18.4927265],[73.8633683,18.4924725],[73.8633759,18.4920423],[73.8633477,18.4916222]]}},
{"type":"Feature","properties":{"osm_id":"53791753","code":5122,"fclass":"residential","name":"","ref":"","oneway":"B","maxspeed":0,"layer":0,"bridge":"F","tunnel":"F"},"geometry":{"type":"LineString","coordinates":[[73.8633477,18.4916222],[73.8619951,18.4916206]]}},
{"type":"Feature","properties":{"osm_id":"53791763","code":5122,"fclass":"residential","name":"","ref":"","oneway":"B","maxspeed":0,"layer":0,"bridge":"F","tunnel":"F"},"geometry":{"type":"LineString","coordinates":[[73.861986,18.4920189],[73.8619864,18.4919992],[73.8619951,18.4916206]]}},
{"type":"Feature","properties":{"osm_id":"53791766","code":5122,"fclass":"residential","name":"","ref":"","oneway":"B","maxspeed":0,"layer":0,"bridge":"F","tunnel":"F"},"geometry":{"type":"LineString","coordinates":[[73.85834,18.4908005],[73.8583903,18.4908053],[73.8589926,18.4908619],[73.8590927,18.4908667],[73.8593454,18.4908694],[73.8594498,18.4908705],[73.8596902,18.4908731],[73.859789,18.4908742],[73.8600324,18.4908804],[73.8602334,18.4908855],[73.860411,18.4908901],[73.8607832,18.4909112],[73.8611102,18.4909297],[73.861373,18.4909148],[73.8614546,18.4909153],[73.8617935,18.4909174],[73.8621004,18.4909193],[73.862158,18.4909196],[73.8624773,18.4909215],[73.8625063,18.4909217],[73.8626333,18.4909225],[73.862845,18.4909254],[73.863204,18.4909302],[73.8634036,18.4909434]]}},
{"type":"Feature","properties":{"osm_id":"53791770","code":5122,"fclass":"residential","name":"","ref":"","oneway":"B","maxspeed":0,"layer":0,"bridge":"F","tunnel":"F"},"geometry":{"type":"LineString","coordinates":[[73.8637267,18.4912594],[73.8636451,18.4909826],[73.8636313,18.4909359],[73.8636228,18.4909004],[73.8634562,18.4902065],[73.8632438,18.4895508],[73.8632385,18.4895346]]}},
{"type":"Feature","properties":{"osm_id":"53791779","code":5114,"fclass":"secondary","name":"Shivneri Marg","ref":"","oneway":"F","maxspeed":0,"layer":0,"bridge":"F","tunnel":"F"},"geometry":{"type":"LineString","coordinates":[[73.8634722,18.4895366],[73.8637021,18.4895084],[73.8639684,18.4894763],[73.8642636,18.4894408],[73.8644222,18.4894217],[73.8644858,18.4894146],[73.86453,18.4894097],[73.8646265,18.4893982],[73.8654774,18.489296],[73.8662895,18.4891976],[73.8663825,18.4891881],[73.8668247,18.4891369],[73.8670522,18.4891343],[73.8671792,18.489148],[73.8673699,18.4891658],[73.8675654,18.4891878],[73.8676432,18.489197],[73.8677503,18.4892101],[73.8683259,18.4892805],[73.8684571,18.4892965],[73.869275,18.4893998],[73.8700536,18.4894894],[73.8701188,18.4894969]]}},
{"type":"Feature","properties":{"osm_id":"53791868","code":5122,"fclass":"residential","name":"","ref":"","oneway":"B","maxspeed":0,"layer":0,"bridge":"F","tunnel":"F"},"geometry":{"type":"LineString","coordinates":[[73.858287,18.4899744],[73.8588432,18.4899917],[73.859343,18.4900072]]}},
{"type":"Feature","properties":{"osm_id":"53791903","code":5122,"fclass":"residential","name":"","ref":"","oneway":"B","maxspeed":0,"layer":0,"bridge":"F","tunnel":"F"},"geometry":{"type":"LineString","coordinates":[[73.8593686,18.4895419],[73.859343,18.4900072]]}},
{"type":"Feature","properties":{"osm_id":"53791924","code":5122,"fclass":"residential","name":"","ref":"","oneway":"B","maxspeed":0,"layer":0,"bridge":"F","tunnel":"F"},"geometry":{"type":"LineString","coordinates":[[73.8624845,18.490514],[73.8625182,18.4901537],[73.8625953,18.4895233]]}},
{"type":"Feature","properties":{"osm_id":"53791930","code":5122,"fclass":"residential","name":"","ref":"","oneway":"B","maxspeed":0,"layer":0,"bridge":"F","tunnel":"F"},"geometry":{"type":"LineString","coordinates":[[73.8614128,18.4895051],[73.8613827,18.4899012],[73.861357,18.4900994],[73.8613474,18.4902876],[73.8613452,18.490495]]}},
{"type":"Feature","properties":{"osm_id":"53791938","code":5122,"fclass":"residential","name":"","ref":"","oneway":"B","maxspeed":0,"layer":0,"bridge":"F","tunnel":"F"},"geometry":{"type":"LineString","coordinates":[[73.8613474,18.4902876],[73.8612642,18.4902832],[73.8598268,18.4902064]]}},
{"type":"Feature","properties":{"osm_id":"53791940","code":5122,"fclass":"residential","name":"","ref":"","oneway":"B","maxspeed":0,"layer":0,"bridge":"F","tunnel":"F"},"geometry":{"type":"LineString","coordinates":[[73.8613827,18.4899012],[73.8613147,18.4898963],[73.8598502,18.4897916]]}},
{"type":"Feature","properties":{"osm_id":"53792036","code":5122,"fclass":"residential","name":"Badrinarayan Jhanvar Road","ref":"","oneway":"B","maxspeed":0,"layer":0,"bridge":"F","tunnel":"F"},"geometry":{"type":"LineString","coordinates":[[73.8696414,18.491149],[73.8692917,18.4910786],[73.8686354,18.4909464],[73.8684946,18.4909485],[73.8683146,18.490995],[73.8680612,18.4911925],[73.8677976,18.4913979],[73.8676942,18.491503],[73.8676196,18.4916786],[73.867534,18.4919629],[73.8674025,18.4925712]]}},
{"type":"Feature","properties":{"osm_id":"53792039","code":5122,"fclass":"residential","name":"","ref":"","oneway":"B","maxspeed":0,"layer":0,"bridge":"F","tunnel":"F"},"geometry":{"type":"LineString","coordinates":[[73.8680485,18.4927047],[73.8681933,18.4920925]]}},
{"type":"Feature","properties":{"osm_id":"53792044","code":5122,"fclass":"residential","name":"","ref":"","oneway":"B","maxspeed":0,"layer":0,"bridge":"F","tunnel":"F"},"geometry":{"type":"LineString","coordinates":[[73.8640453,18.4920649],[73.8640559,18.4918819],[73.8640713,18.4917265],[73.8641174,18.491642],[73.864228,18.4916074],[73.865291,18.4917672],[73.8656711,18.491799],[73.8660654,18.4918359],[73.8664649,18.4918701],[73.866749,18.4919106],[73.8668066,18.4918998],[73.8668421,18.4918932]]}},
{"type":"Feature","properties":{"osm_id":"53792048","code":5122,"fclass":"residential","name":"","ref":"","oneway":"B","maxspeed":0,"layer":0,"bridge":"F","tunnel":"F"},"geometry":{"type":"LineString","coordinates":[[73.8664645,18.4923757],[73.8664649,18.4918701],[73.8664857,18.4915293],[73.8664943,18.4913873]]}},
{"type":"Feature","properties":{"osm_id":"53792061","code":5122,"fclass":"residential","name":"","ref":"","oneway":"B","maxspeed":0,"layer":0,"bridge":"F","tunnel":"F"},"geometry":{"type":"LineString","coordinates":[[73.8660874,18.4914097],[73.8660654,18.4918359]]}},
{"type":"Feature","properties":{"osm_id":"53792065","code":5122,"fclass":"residential","name":"","ref":"","oneway":"B","maxspeed":0,"layer":0,"bridge":"F","tunnel":"F"},"geometry":{"type":"LineString","coordinates":[[73.8653334,18.4913719],[73.8653082,18.4916228],[73.865291,18.4917672],[73.8652378,18.4922125]]}},
{"type":"Feature","properties":{"osm_id":"53792069","code":5122,"fclass":"residential","name":"","ref":"","oneway":"B","maxspeed":0,"layer":0,"bridge":"F","tunnel":"F"},"geometry":{"type":"LineString","coordinates":[[73.8648061,18.4913454],[73.8648076,18.4911669],[73.8648103,18.4910207],[73.8648268,18.4909204],[73.864898,18.4908046],[73.865341,18.4904415],[73.8657145,18.490144],[73.8658929,18.4900413],[73.8660016,18.4900306]]}},
{"type":"Feature","properties":{"osm_id":"53792074","code":5122,"fclass":"residential","name":"","ref":"","oneway":"B","maxspeed":0,"layer":0,"bridge":"F","tunnel":"F"},"geometry":{"type":"LineString","coordinates":[[73.8658929,18.4900413],[73.8658815,18.4905794],[73.8658735,18.491399]]}},
{"type":"Feature","properties":{"osm_id":"53792078","code":5122,"fclass":"residential","name":"","ref":"","oneway":"B","maxspeed":0,"layer":0,"bridge":"F","tunnel":"F"},"geometry":{"type":"LineString","coordinates":[[73.865341,18.4904415],[73.8653398,18.49059],[73.8653334,18.4913719]]}},
{"type":"Feature","properties":{"osm_id":"53792079","code":5122,"fclass":"residential","name":"","ref":"","oneway":"B","maxspeed":0,"layer":0,"bridge":"F","tunnel":"F"},"geometry":{"type":"LineString","coordinates":[[73.8653398,18.49059],[73.8658815,18.4905794]]}},
{"type":"Feature","properties":{"osm_id":"53792080","code":5122,"fclass":"residential","name":"","ref":"","oneway":"B","maxspeed":0,"layer":0,"bridge":"F","tunnel":"F"},"geometry":{"type":"LineString","coordinates":[[73.8648076,18.4911669],[73.864744,18.4911648],[73.8645668,18.4911589],[73.8644948,18.4911565],[73.8641383,18.4911537]]}},
{"type":"Feature","properties":{"osm_id":"53792096","code":5122,"fclass":"residential","name":"","ref":"","oneway":"B","maxspeed":0,"layer":0,"bridge":"F","tunnel":"F"},"geometry":{"type":"LineString","coordinates":[[73.8676432,18.489197],[73.8675816,18.4892972],[73.8675347,18.4894054],[73.8674866,18.4896368],[73.8674439,18.4903989]]}},
{"type":"Feature","properties":{"osm_id":"53792133","code":5122,"fclass":"residential","name":"","ref":"","oneway":"B","maxspeed":0,"layer":0,"bridge":"F","tunnel":"F"},"geometry":{"type":"LineString","coordinates":[[73.8690846,18.4900477],[73.869275,18.4893998],[73.8693309,18.4893041]]}},
{"type":"Feature","properties":{"osm_id":"53792136","code":5122,"fclass":"residential","name":"","ref":"","oneway":"B","maxspeed":0,"layer":0,"bridge":"F","tunnel":"F"},"geometry":{"type":"LineString","coordinates":[[73.8704965,18.4834828],[73.8682297,18.4836523]]}},
{"type":"Feature","properties":{"osm_id":"53792225","code":5141,"fclass":"service","name":"","ref":"","oneway":"B","maxspeed":0,"layer":0,"bridge":"F","tunnel":"F"},"geometry":{"type":"LineString","coordinates":[[73.8643846,18.4874868],[73.864397,18.4875086],[73.86444,18.4875451],[73.8644935,18.4875655],[73.8645227,18.4875665],[73.8645511,18.4875674],[73.864606,18.4875506],[73.8646516,18.4875171],[73.8646763,18.4874802],[73.8647627,18.4870627],[73.8647987,18.4868891],[73.8648453,18.4866639],[73.86484,18.4865434],[73.8648097,18.4864672],[73.8647556,18.486404],[73.8646833,18.4863601],[73.8645968,18.48634],[73.8645146,18.4863458],[73.8644352,18.4863767],[73.8643702,18.4864298],[73.864326,18.4864996],[73.8643055,18.4865864],[73.8643295,18.4868594],[73.8643451,18.4870369],[73.8643846,18.4874868]]}},
{"type":"Feature","properties":{"osm_id":"53792237","code":5141,"fclass":"service","name":"","ref":"","oneway":"B","maxspeed":0,"layer":0,"bridge":"F","tunnel":"F"},"geometry":{"type":"LineString","coordinates":[[73.8645968,18.48634],[73.8646168,18.4860221],[73.864639,18.4857252],[73.8646538,18.4854344]]}},
{"type":"Feature","properties":{"osm_id":"53792249","code":5141,"fclass":"service","name":"","ref":"","oneway":"B","maxspeed":0,"layer":0,"bridge":"F","tunnel":"F"},"geometry":{"type":"LineString","coordinates":[[73.86406,18.4875782],[73.8640883,18.4876478],[73.8641326,18.4877062],[73.8641931,18.4877735],[73.8642623,18.4878162],[73.8643372,18.4878594],[73.8644237,18.4878777],[73.864508,18.4878806],[73.8645975,18.4878836],[73.8646914,18.4878691],[73.8647631,18.4878329],[73.8648443,18.4877919],[73.8649006,18.4877319],[73.8649529,18.487676],[73.8649896,18.4875986],[73.865087,18.4871281],[73.8651781,18.486688],[73.8651842,18.4865759],[73.865169,18.4864796],[73.8651449,18.4863937],[73.8651008,18.4863086],[73.8650552,18.4862401],[73.8649794,18.4861666],[73.8649037,18.4861107],[73.864817,18.486068],[73.864723,18.4860409],[73.8646168,18.4860221],[73.864525,18.486022],[73.8644379,18.4860357],[73.8643417,18.4860632],[73.8642596,18.4861053],[73.8641826,18.4861592],[73.8641134,18.4862245],[73.8640531,18.4862977],[73.8640142,18.4863813],[73.8639835,18.4864663],[73.8639709,18.4865646],[73.8640152,18.4870681],[73.86406,18.4875782]]}},
{"type":"Feature","properties":{"osm_id":"53792262","code":5141,"fclass":"service","name":"","ref":"","oneway":"B","maxspeed":0,"layer":0,"bridge":"F","tunnel":"F"},"geometry":{"type":"LineString","coordinates":[[73.8637632,18.4876617],[73.8637916,18.4877378],[73.8638373,18.4878246],[73.8638872,18.4878935],[73.8639476,18.4879596],[73.8640309,18.4880312],[73.8640962,18.4880801],[73.86418,18.4881217],[73.8642788,18.4881564],[73.8643578,18.4881748],[73.8644929,18.4881923],[73.8646417,18.4881969],[73.864745,18.4881773],[73.8648491,18.488144],[73.8649173,18.4881152],[73.864993,18.4880715],[73.8650785,18.4880094],[73.8651418,18.4879356],[73.8651887,18.4878826],[73.8652486,18.4877827],[73.8652872,18.4877115],[73.8654098,18.487194],[73.865509,18.4867223],[73.8655158,18.4866281],[73.8655022,18.4864997],[73.8654876,18.4864091],[73.8654671,18.4863287],[73.8654213,18.4862253],[73.8653863,18.4861467],[73.8653317,18.4860774],[73.8652713,18.4860035],[73.8652012,18.4859324],[73.8651286,18.4858862],[73.8650467,18.4858386],[73.864941,18.4857933],[73.8648581,18.4857637],[73.8647513,18.4857389],[73.864639,18.4857252],[73.8645489,18.485722],[73.8644485,18.4857308],[73.8643678,18.4857522],[73.8642717,18.4857798],[73.8641816,18.4858135],[73.864099,18.4858571],[73.8640271,18.4858976],[73.8639396,18.4859642],[73.8638782,18.4860209],[73.8638129,18.4861077],[73.8637645,18.4861872],[73.8637292,18.4862732],[73.8637027,18.4863464],[73.8636765,18.4864392],[73.863665,18.4865447],[73.8637135,18.4870966],[73.8637632,18.4876617]]}},
{"type":"Feature","properties":{"osm_id":"53792280","code":5115,"fclass":"tertiary","name":"Marketyard Road","ref":"","oneway":"F","maxspeed":0,"layer":0,"bridge":"F","tunnel":"F"},"geometry":{"type":"LineString","coordinates":[[73.8670176,18.485877],[73.8665252,18.4879901],[73.8663692,18.4887727],[73.8663023,18.489108],[73.8662895,18.4891976]]}},
{"type":"Feature","properties":{"osm_id":"53792299","code":5122,"fclass":"residential","name":"","ref":"","oneway":"B","maxspeed":0,"layer":0,"bridge":"F","tunnel":"F"},"geometry":{"type":"LineString","coordinates":[[73.8704965,18.4834828],[73.8705296,18.4839688]]}},
{"type":"Feature","properties":{"osm_id":"53792301","code":5122,"fclass":"residential","name":"","ref":"","oneway":"B","maxspeed":0,"layer":0,"bridge":"F","tunnel":"F"},"geometry":{"type":"LineString","coordinates":[[73.867667,18.4867709],[73.8689719,18.4870686],[73.8693912,18.4871644],[73.8697935,18.4872563]]}},
{"type":"Feature","properties":{"osm_id":"53792305","code":5122,"fclass":"residential","name":"","ref":"","oneway":"B","maxspeed":0,"layer":0,"bridge":"F","tunnel":"F"},"geometry":{"type":"LineString","coordinates":[[73.8703491,18.484738],[73.8695048,18.4847954],[73.8681146,18.4848446]]}},
{"type":"Feature","properties":{"osm_id":"53792306","code":5122,"fclass":"residential","name":"","ref":"","oneway":"B","maxspeed":0,"layer":0,"bridge":"F","tunnel":"F"},"geometry":{"type":"LineString","coordinates":[[73.8695048,18.4847954],[73.8693222,18.4855749],[73.8692296,18.4859703],[73.8691462,18.4863262],[73.8689719,18.4870686],[73.8686459,18.4884423],[73.8684707,18.4892075],[73.8684571,18.4892965]]}},
{"type":"Feature","properties":{"osm_id":"53792318","code":5122,"fclass":"residential","name":"","ref":"","oneway":"B","maxspeed":0,"layer":0,"bridge":"F","tunnel":"F"},"geometry":{"type":"LineString","coordinates":[[73.8686459,18.4884423],[73.8679219,18.488288],[73.8673582,18.4881677],[73.8669497,18.4880806],[73.8666345,18.4880134],[73.8665252,18.4879901],[73.8661018,18.4878998],[73.865741,18.4878229]]}},
{"type":"Feature","properties":{"osm_id":"53792319","code":5115,"fclass":"tertiary","name":"","ref":"","oneway":"B","maxspeed":0,"layer":0,"bridge":"F","tunnel":"F"},"geometry":{"type":"LineString","coordinates":[[73.8670176,18.485877],[73.8671239,18.4858994],[73.8674432,18.4859668],[73.8678226,18.4860469],[73.8691462,18.4863262],[73.8695677,18.4864152],[73.8699604,18.4864981],[73.8703895,18.4865886],[73.8707367,18.4866619],[73.8708024,18.4866757]]}},
{"type":"Feature","properties":{"osm_id":"53792333","code":5122,"fclass":"residential","name":"","ref":"","oneway":"B","maxspeed":0,"layer":0,"bridge":"F","tunnel":"F"},"geometry":{"type":"LineString","coordinates":[[73.8647402,18.4850505],[73.8658526,18.4850569],[73.8660776,18.4850582],[73.8661852,18.4850826],[73.8662333,18.4851212],[73.8662646,18.4851926],[73.8662811,18.4852464],[73.8662713,18.4853459],[73.866196,18.4857037],[73.865741,18.4878229]]}},
{"type":"Feature","properties":{"osm_id":"53792340","code":5122,"fclass":"residential","name":"","ref":"","oneway":"B","maxspeed":0,"layer":0,"bridge":"F","tunnel":"F"},"geometry":{"type":"LineString","coordinates":[[73.8645696,18.4850526],[73.864421,18.4850465],[73.8643024,18.484995],[73.8642325,18.4849251],[73.8641932,18.4845702],[73.8641323,18.4837911],[73.8640472,18.4827033],[73.8639596,18.4826346],[73.8638319,18.4825765],[73.8635838,18.4825116],[73.8629615,18.482476],[73.8628408,18.4824596],[73.8627348,18.4824009],[73.8625076,18.4821831],[73.8623513,18.482036],[73.8623203,18.4818659],[73.8622277,18.4813577],[73.8621524,18.4809443]]}},
{"type":"Feature","properties":{"osm_id":"53792341","code":5141,"fclass":"service","name":"","ref":"","oneway":"B","maxspeed":0,"layer":0,"bridge":"F","tunnel":"F"},"geometry":{"type":"LineString","coordinates":[[73.8610421,18.4816034],[73.8611863,18.4816285],[73.8616015,18.4817009],[73.8622173,18.481833]]}},
{"type":"Feature","properties":{"osm_id":"53792360","code":5122,"fclass":"residential","name":"","ref":"","oneway":"B","maxspeed":0,"layer":0,"bridge":"F","tunnel":"F"},"geometry":{"type":"LineString","coordinates":[[73.8582098,18.4892953],[73.8582285,18.4888944],[73.8582434,18.4884343]]}},
{"type":"Feature","properties":{"osm_id":"53792376","code":5141,"fclass":"service","name":"","ref":"","oneway":"B","maxspeed":0,"layer":0,"bridge":"F","tunnel":"F"},"geometry":{"type":"LineString","coordinates":[[73.8595934,18.4885078],[73.860686,18.4885669],[73.8606592,18.489062],[73.8606446,18.4893316],[73.8606414,18.4893911]]}},
{"type":"Feature","properties":{"osm_id":"53792382","code":5141,"fclass":"service","name":"","ref":"","oneway":"B","maxspeed":0,"layer":0,"bridge":"F","tunnel":"F"},"geometry":{"type":"LineString","coordinates":[[73.8595934,18.4885078],[73.8595797,18.4890163]]}},
{"type":"Feature","properties":{"osm_id":"53792394","code":5122,"fclass":"residential","name":"Swaroopanand Path","ref":"","oneway":"B","maxspeed":0,"layer":0,"bridge":"F","tunnel":"F"},"geometry":{"type":"LineString","coordinates":[[73.8575435,18.4879045],[73.8576574,18.4879124],[73.8583328,18.4879589],[73.8583961,18.4879633],[73.8585185,18.4879695],[73.8588196,18.4879846],[73.8588972,18.4879885],[73.8591109,18.4879992],[73.8592874,18.4880081],[73.85997,18.4880423],[73.8603928,18.4880635],[73.8606146,18.4880782],[73.8610436,18.4881004],[73.8614089,18.4881194],[73.8618481,18.4881421],[73.8622767,18.4881643],[73.862695,18.488186],[73.8631615,18.4882126]]}},
{"type":"Feature","properties":{"osm_id":"53792450","code":5122,"fclass":"residential","name":"","ref":"","oneway":"B","maxspeed":0,"layer":0,"bridge":"F","tunnel":"F"},"geometry":{"type":"LineString","coordinates":[[73.8583961,18.4879633],[73.8584837,18.4871438],[73.8579049,18.4870954],[73.8577575,18.4870207]]}},
{"type":"Feature","properties":{"osm_id":"53792471","code":5122,"fclass":"residential","name":"Swa Motilalji Kothari Path","ref":"","oneway":"B","maxspeed":0,"layer":0,"bridge":"F","tunnel":"F"},"geometry":{"type":"LineString","coordinates":[[73.8582002,18.4863446],[73.8582912,18.4864051],[73.8589386,18.4864105],[73.8592896,18.4864135],[73.8597131,18.486417],[73.8601876,18.4864209],[73.8606999,18.4864252]]}},
{"type":"Feature","properties":{"osm_id":"53792604","code":5122,"fclass":"residential","name":"","ref":"","oneway":"B","maxspeed":0,"layer":0,"bridge":"F","tunnel":"F"},"geometry":{"type":"LineString","coordinates":[[73.8606146,18.4880782],[73.8606628,18.4871442],[73.8606999,18.4864252],[73.8607132,18.4861411],[73.8607352,18.485674],[73.8607549,18.485608]]}},
{"type":"Feature","properties":{"osm_id":"53792605","code":5122,"fclass":"residential","name":"Premnagar Society Galli No 2","ref":"","oneway":"B","maxspeed":0,"layer":0,"bridge":"F","tunnel":"F"},"geometry":{"type":"LineString","coordinates":[[73.8615458,18.4856169],[73.8614089,18.4881194]]}},
{"type":"Feature","properties":{"osm_id":"53792606","code":5122,"fclass":"residential","name":"Premnagar Society Galli No 3","ref":"","oneway":"B","maxspeed":0,"layer":0,"bridge":"F","tunnel":"F"},"geometry":{"type":"LineString","coordinates":[[73.861945,18.4856214],[73.8618628,18.4877601],[73.8618481,18.4881421]]}},
{"type":"Feature","properties":{"osm_id":"53792607","code":5122,"fclass":"residential","name":"Premnagar Society Galli No 1","ref":"","oneway":"B","maxspeed":0,"layer":0,"bridge":"F","tunnel":"F"},"geometry":{"type":"LineString","coordinates":[[73.861151,18.4856125],[73.8611009,18.4869247]]}},
{"type":"Feature","properties":{"osm_id":"53792608","code":5122,"fclass":"residential","name":"","ref":"","oneway":"B","maxspeed":0,"layer":0,"bridge":"F","tunnel":"F"},"geometry":{"type":"LineString","coordinates":[[73.862695,18.488186],[73.8627617,18.4869862],[73.8627664,18.4869018]]}},
{"type":"Feature","properties":{"osm_id":"53792661","code":5122,"fclass":"residential","name":"","ref":"","oneway":"B","maxspeed":0,"layer":0,"bridge":"F","tunnel":"F"},"geometry":{"type":"LineString","coordinates":[[73.8603928,18.4880635],[73.8604017,18.4878191],[73.8604099,18.4876439],[73.8599927,18.4876371],[73.8597011,18.4876323]]}},
{"type":"Feature","properties":{"osm_id":"53792662","code":5122,"fclass":"residential","name":"","ref":"","oneway":"B","maxspeed":0,"layer":0,"bridge":"F","tunnel":"F"},"geometry":{"type":"LineString","coordinates":[[73.8600989,18.4833252],[73.8608645,18.4832978],[73.8611965,18.4832565],[73.8615485,18.48324],[73.8618926,18.4832238],[73.8622341,18.4832223]]}},
{"type":"Feature","properties":{"osm_id":"53792674","code":5141,"fclass":"service","name":"","ref":"","oneway":"B","maxspeed":0,"layer":0,"bridge":"F","tunnel":"F"},"geometry":{"type":"LineString","coordinates":[[73.8596257,18.4844531],[73.8597009,18.4844474],[73.860476,18.4844514],[73.8612323,18.4844171],[73.8612359,18.4846187],[73.8620875,18.4845987]]}},
{"type":"Feature","properties":{"osm_id":"53792751","code":5122,"fclass":"residential","name":"","ref":"","oneway":"B","maxspeed":0,"layer":0,"bridge":"F","tunnel":"F"},"geometry":{"type":"LineString","coordinates":[[73.8598337,18.4838453],[73.8605824,18.483792],[73.860664,18.4838484],[73.8607343,18.4838508],[73.8609059,18.4839322],[73.8612815,18.4839017],[73.8612815,18.4837287],[73.8623007,18.4836473]]}},
{"type":"Feature","properties":{"osm_id":"53792760","code":5122,"fclass":"residential","name":"","ref":"","oneway":"B","maxspeed":0,"layer":0,"bridge":"F","tunnel":"F"},"geometry":{"type":"LineString","coordinates":[[73.8605231,18.4824968],[73.8608252,18.4825372],[73.8611639,18.4825881],[73.8615226,18.4826392],[73.8618672,18.4826883],[73.8622115,18.4827392],[73.8623301,18.4827569]]}},
{"type":"Feature","properties":{"osm_id":"53792781","code":5122,"fclass":"residential","name":"","ref":"","oneway":"B","maxspeed":0,"layer":0,"bridge":"F","tunnel":"F"},"geometry":{"type":"LineString","coordinates":[[73.8591533,18.4851332],[73.8577031,18.4851254]]}},
{"type":"Feature","properties":{"osm_id":"53792785","code":5141,"fclass":"service","name":"","ref":"","oneway":"B","maxspeed":0,"layer":0,"bridge":"F","tunnel":"F"},"geometry":{"type":"LineString","coordinates":[[73.8589641,18.4847757],[73.8578407,18.4847994],[73.8578048,18.4848001],[73.8577689,18.4848009],[73.8576826,18.4848027]]}},
{"type":"Feature","properties":{"osm_id":"53792790","code":5122,"fclass":"residential","name":"Vasant Baug Road","ref":"","oneway":"B","maxspeed":0,"layer":0,"bridge":"F","tunnel":"F"},"geometry":{"type":"LineString","coordinates":[[73.8609767,18.4817249],[73.8608833,18.4816744],[73.8607532,18.4816668],[73.8603578,18.4816437],[73.8602929,18.4816399],[73.8598738,18.4816154],[73.8598133,18.4816118],[73.8593358,18.4815839]]}},
{"type":"Feature","properties":{"osm_id":"53792792","code":5122,"fclass":"residential","name":"","ref":"","oneway":"B","maxspeed":0,"layer":0,"bridge":"F","tunnel":"F"},"geometry":{"type":"LineString","coordinates":[[73.858644,18.4823386],[73.8593322,18.4823509],[73.8594521,18.482482],[73.8604152,18.4824934]]}},
{"type":"Feature","properties":{"osm_id":"53792799","code":5122,"fclass":"residential","name":"","ref":"","oneway":"B","maxspeed":0,"layer":0,"bridge":"F","tunnel":"F"},"geometry":{"type":"LineString","coordinates":[[73.8573037,18.481158],[73.8573776,18.4811548],[73.8575944,18.4811456],[73.8580018,18.4811534],[73.8583995,18.48114]]}},
{"type":"Feature","properties":{"osm_id":"53792842","code":5122,"fclass":"residential","name":"","ref":"","oneway":"B","maxspeed":0,"layer":0,"bridge":"F","tunnel":"F"},"geometry":{"type":"LineString","coordinates":[[73.8583995,18.48114],[73.8584146,18.4815576],[73.8584302,18.4821758]]}},
{"type":"Feature","properties":{"osm_id":"53792843","code":5122,"fclass":"residential","name":"","ref":"","oneway":"B","maxspeed":0,"layer":0,"bridge":"F","tunnel":"F"},"geometry":{"type":"LineString","coordinates":[[73.8583995,18.48114],[73.8584,18.4809717],[73.858401,18.4805883],[73.8584015,18.4804087]]}},
{"type":"Feature","properties":{"osm_id":"53792887","code":5122,"fclass":"residential","name":"","ref":"","oneway":"B","maxspeed":0,"layer":0,"bridge":"F","tunnel":"F"},"geometry":{"type":"LineString","coordinates":[[73.8630012,18.480362],[73.8628366,18.4801608],[73.8626866,18.4799109],[73.8626061,18.4796472],[73.8625366,18.4793419],[73.8625329,18.4791198],[73.8625582,18.4788444],[73.8618283,18.4787204],[73.8616683,18.4786662]]}},
{"type":"Feature","properties":{"osm_id":"53792892","code":5115,"fclass":"tertiary","name":"Keshavrao Jedhe Path","ref":"","oneway":"B","maxspeed":0,"layer":0,"bridge":"F","tunnel":"F"},"geometry":{"type":"LineString","coordinates":[[73.8616683,18.4786662],[73.8615652,18.4786543],[73.8614311,18.4786428],[73.8610066,18.4786065],[73.8608903,18.4785966],[73.8606121,18.4785728],[73.8602849,18.4785448],[73.8602193,18.4785448],[73.8597021,18.478545]]}},
{"type":"Feature","properties":{"osm_id":"53792893","code":5122,"fclass":"residential","name":"Shree Suvarna Bank Road","ref":"","oneway":"B","maxspeed":0,"layer":0,"bridge":"F","tunnel":"F"},"geometry":{"type":"LineString","coordinates":[[73.8618283,18.4787204],[73.8619239,18.4802728],[73.8620438,18.4808469]]}},
{"type":"Feature","properties":{"osm_id":"53792898","code":5141,"fclass":"service","name":"","ref":"","oneway":"B","maxspeed":0,"layer":0,"bridge":"F","tunnel":"F"},"geometry":{"type":"LineString","coordinates":[[73.8626708,18.4783989],[73.8629159,18.4782811],[73.863041,18.4782644],[73.8632019,18.4783305],[73.8632797,18.4784704],[73.8632663,18.4786918],[73.8632234,18.4790378],[73.8632234,18.479282],[73.8633092,18.4795262],[73.8634487,18.4797806],[73.8635774,18.4799638],[73.8637495,18.4801037],[73.8638027,18.4801469],[73.864028,18.4801266],[73.8645752,18.4797195],[73.864759,18.4791967],[73.864768,18.4791257],[73.8647613,18.4790799],[73.8647412,18.4790494],[73.8646781,18.4790074],[73.8643701,18.4789366],[73.8642087,18.4789031],[73.8638989,18.478837],[73.863715,18.4788066]]}},
{"type":"Feature","properties":{"osm_id":"53792899","code":5122,"fclass":"residential","name":"","ref":"","oneway":"B","maxspeed":0,"layer":0,"bridge":"F","tunnel":"F"},"geometry":{"type":"LineString","coordinates":[[73.8674116,18.484093],[73.8669614,18.4840579],[73.8668933,18.4840526],[73.86676,18.4840422],[73.8665042,18.4840223]]}},
{"type":"Feature","properties":{"osm_id":"53792900","code":5122,"fclass":"residential","name":"","ref":"","oneway":"B","maxspeed":0,"layer":0,"bridge":"F","tunnel":"F"},"geometry":{"type":"LineString","coordinates":[[73.8665042,18.4840223],[73.8663692,18.4840027],[73.8662011,18.4839782],[73.8661769,18.4839747],[73.8660376,18.4839544],[73.8658976,18.483934],[73.8655261,18.4838799],[73.8654657,18.4838711]]}},
{"type":"Feature","properties":{"osm_id":"53792987","code":5122,"fclass":"residential","name":"Haji Kadirbhai Satarkar Marg","ref":"","oneway":"B","maxspeed":0,"layer":0,"bridge":"F","tunnel":"F"},"geometry":{"type":"LineString","coordinates":[[73.8729482,18.480916],[73.8729004,18.481202],[73.8728434,18.481491],[73.8727563,18.4818107],[73.87258,18.4822799],[73.8723899,18.4828735],[73.8723003,18.4831922],[73.8722346,18.4834694],[73.8719852,18.484294],[73.8714483,18.4857701],[73.8710457,18.4856689]]}},
{"type":"Feature","properties":{"osm_id":"53793639","code":5141,"fclass":"service","name":"","ref":"","oneway":"B","maxspeed":0,"layer":0,"bridge":"F","tunnel":"F"},"geometry":{"type":"LineString","coordinates":[[73.7629755,18.4665962],[73.7626487,18.4666006],[73.7626065,18.466605],[73.7624624,18.4666669],[73.7624211,18.4666772],[73.7623216,18.466626],[73.7609102,18.4656098],[73.7605293,18.465354],[73.7604211,18.4652676],[73.7603033,18.4651622],[73.760054,18.4649949],[73.7596647,18.4647146],[73.75882,18.4641177],[73.7582077,18.4636682],[73.757933,18.4634409],[73.7578238,18.4633744],[73.7575552,18.4631458],[73.7572326,18.4628444],[73.7571791,18.4627875],[73.7571167,18.462715],[73.7567473,18.462227],[73.7564726,18.4618895],[73.7563771,18.4617612],[73.7558917,18.4611669],[73.7555391,18.4607106],[73.7553298,18.4604129],[73.7552507,18.4603125],[73.7549087,18.4598507],[73.7548135,18.4597184],[73.7540062,18.458895],[73.7538131,18.4587596],[73.753629,18.4586426],[73.7535035,18.458553],[73.7534631,18.458502],[73.7534135,18.4584394],[73.7532282,18.4581143],[73.7531817,18.4579978],[73.7531749,18.4579676],[73.7531717,18.457925],[73.7531738,18.4578912],[73.7532188,18.4575604],[73.7532709,18.4572752],[73.7532863,18.4572291],[73.7534516,18.4568486],[73.7535239,18.4566822],[73.7535579,18.456604],[73.7536171,18.4564733],[73.75382,18.4560253],[73.7539848,18.4556615]]}},
{"type":"Feature","properties":{"osm_id":"53859139","code":5115,"fclass":"tertiary","name":"Kahun Road","ref":"","oneway":"F","maxspeed":0,"layer":0,"bridge":"F","tunnel":"F"},"geometry":{"type":"LineString","coordinates":[[73.8854124,18.5221836],[73.8852786,18.5219158],[73.8850673,18.5214927],[73.884971,18.5213],[73.8842637,18.5198839],[73.8837626,18.5188806],[73.8837171,18.5187935],[73.8836392,18.5186743],[73.883482,18.5184633],[73.8834558,18.5184482]]}},
{"type":"Feature","properties":{"osm_id":"54032306","code":5122,"fclass":"residential","name":"","ref":"","oneway":"B","maxspeed":0,"layer":0,"bridge":"F","tunnel":"F"},"geometry":{"type":"LineString","coordinates":[[73.8555605,18.5512568],[73.8555139,18.5512883],[73.8546475,18.5520119],[73.8546108,18.5520426],[73.854059,18.5524933],[73.8539991,18.5525422],[73.8533997,18.5531397],[73.8533505,18.5532001],[73.8530884,18.5535221],[73.8529346,18.5537348],[73.8529031,18.5537783],[73.8525416,18.5542784],[73.8520659,18.5549618],[73.8515635,18.5556989],[73.8515428,18.5557293],[73.8514054,18.5558955],[73.8510781,18.5562252],[73.8509144,18.5563449],[73.850726,18.5565102]]}},
{"type":"Feature","properties":{"osm_id":"54032379","code":5114,"fclass":"secondary","name":"Breman Chowk - Khadki Bazar Road","ref":"","oneway":"B","maxspeed":0,"layer":0,"bridge":"F","tunnel":"F"},"geometry":{"type":"LineString","coordinates":[[73.8510166,18.5644058],[73.8496612,18.5636278],[73.8495407,18.5635586],[73.8481507,18.5627609],[73.8477492,18.5625304],[73.8473182,18.562283],[73.8459971,18.5615247],[73.8458059,18.5614248],[73.8457321,18.5613796]]}},
{"type":"Feature","properties":{"osm_id":"54032380","code":5113,"fclass":"primary","name":"General Thimayya Road","ref":"","oneway":"B","maxspeed":0,"layer":0,"bridge":"F","tunnel":"F"},"geometry":{"type":"LineString","coordinates":[[73.8521528,18.5623927],[73.85213,18.5623377],[73.8519177,18.5621886],[73.8514668,18.5618957],[73.8509806,18.5615798],[73.8505083,18.561273],[73.8490913,18.5603525],[73.8489351,18.5602511],[73.8487021,18.5600877],[73.8485573,18.5599987]]}},
{"type":"Feature","properties":{"osm_id":"54032388","code":5115,"fclass":"tertiary","name":"","ref":"","oneway":"F","maxspeed":0,"layer":0,"bridge":"F","tunnel":"F"},"geometry":{"type":"LineString","coordinates":[[73.8425876,18.5617151],[73.843006,18.5617332],[73.8441817,18.5618128],[73.8445185,18.5618285],[73.8447583,18.5618246],[73.8452159,18.5617025],[73.845716,18.56156]]}},
{"type":"Feature","properties":{"osm_id":"54032390","code":5122,"fclass":"residential","name":"","ref":"","oneway":"B","maxspeed":0,"layer":0,"bridge":"F","tunnel":"F"},"geometry":{"type":"LineString","coordinates":[[73.8408361,18.5638869],[73.8409666,18.5639683],[73.8411221,18.5639343],[73.8417956,18.5637875],[73.842208,18.5637399],[73.8424361,18.5637379],[73.8425327,18.5637371],[73.8430068,18.5637685],[73.8434005,18.5638624],[73.8437392,18.5639722],[73.8448795,18.5643798],[73.8460609,18.564802],[73.847,18.5651132],[73.8475022,18.5652829],[73.8483362,18.5655646],[73.8488795,18.5657072],[73.8489224,18.5657185],[73.8491607,18.5658351]]}},
{"type":"Feature","properties":{"osm_id":"54032593","code":5122,"fclass":"residential","name":"","ref":"","oneway":"B","maxspeed":0,"layer":0,"bridge":"F","tunnel":"F"},"geometry":{"type":"LineString","coordinates":[[73.8480129,18.5704803],[73.8482084,18.5701379],[73.8483954,18.5698493],[73.8485773,18.5696096],[73.8486052,18.5695801],[73.8486506,18.5695715],[73.8488347,18.5695629],[73.848957,18.569443],[73.8492733,18.5690941],[73.8492278,18.5686388],[73.8492034,18.5683325],[73.8491959,18.5682391],[73.8491916,18.5681189],[73.8492119,18.567987],[73.8486872,18.5678916],[73.8486014,18.5678459],[73.8485584,18.567813],[73.8481748,18.5674272],[73.8478901,18.5671409],[73.8475818,18.5668912]]}},
{"type":"Feature","properties":{"osm_id":"54032602","code":5122,"fclass":"residential","name":"","ref":"","oneway":"B","maxspeed":0,"layer":0,"bridge":"F","tunnel":"F"},"geometry":{"type":"LineString","coordinates":[[73.8501458,18.5650821],[73.850409,18.5657101],[73.8504567,18.5658234],[73.850526,18.5659982],[73.8506184,18.5662313],[73.8507428,18.5665454],[73.8508046,18.5667012],[73.8510438,18.5671933],[73.8511546,18.5674584],[73.851187,18.5675473],[73.8511933,18.5676474],[73.8511162,18.5681068],[73.851584,18.5684507],[73.8516944,18.5685318],[73.8519155,18.5686839],[73.8521526,18.5688471],[73.8524306,18.5690383],[73.8529427,18.5693907],[73.8530882,18.5694908],[73.85327,18.5696159],[73.8533432,18.5696673],[73.8533795,18.5696928],[73.8535597,18.5698193],[73.8538279,18.5700837],[73.8539978,18.5709005],[73.8540562,18.5711816],[73.8542678,18.5721991],[73.8542981,18.5723339],[73.8543688,18.5726481],[73.8544151,18.5728534],[73.8544321,18.572929],[73.8545253,18.5733429],[73.8546188,18.5738051],[73.8546408,18.5738304]]}},
{"type":"Feature","properties":{"osm_id":"54032606","code":5122,"fclass":"residential","name":"","ref":"","oneway":"B","maxspeed":0,"layer":0,"bridge":"F","tunnel":"F"},"geometry":{"type":"LineString","coordinates":[[73.8510438,18.5671933],[73.8507194,18.5676276],[73.8506109,18.5676954],[73.8503685,18.5678469],[73.8500347,18.5679472],[73.8499202,18.5679784],[73.8497198,18.5680063],[73.8495257,18.5680334],[73.8492119,18.567987]]}},
{"type":"Feature","properties":{"osm_id":"54032639","code":5141,"fclass":"service","name":"","ref":"","oneway":"B","maxspeed":0,"layer":0,"bridge":"F","tunnel":"F"},"geometry":{"type":"LineString","coordinates":[[73.8536717,18.5696966],[73.8538708,18.5694786],[73.8539647,18.5693684],[73.8542812,18.5690896],[73.8543785,18.5690523],[73.8544984,18.5690362],[73.8546058,18.5690464],[73.8547606,18.5690892],[73.8547988,18.5690997],[73.8550563,18.569176],[73.8552052,18.5692099]]}},
{"type":"Feature","properties":{"osm_id":"54032644","code":5141,"fclass":"service","name":"","ref":"","oneway":"B","maxspeed":0,"layer":0,"bridge":"F","tunnel":"F"},"geometry":{"type":"LineString","coordinates":[[73.8560354,18.571894],[73.8554479,18.5719855],[73.8553665,18.5720102],[73.8548962,18.5721527],[73.8542981,18.5723339]]}},
{"type":"Feature","properties":{"osm_id":"54032668","code":5141,"fclass":"service","name":"","ref":"","oneway":"B","maxspeed":0,"layer":0,"bridge":"F","tunnel":"F"},"geometry":{"type":"LineString","coordinates":[[73.8567601,18.5718293],[73.856469,18.5735737]]}},
{"type":"Feature","properties":{"osm_id":"54032669","code":5122,"fclass":"residential","name":"","ref":"","oneway":"B","maxspeed":0,"layer":0,"bridge":"F","tunnel":"F"},"geometry":{"type":"LineString","coordinates":[[73.8649149,18.5758736],[73.8654067,18.5762009],[73.8660081,18.5766287],[73.8665307,18.5769751],[73.8667501,18.5770939],[73.8678282,18.5772762]]}},
{"type":"Feature","properties":{"osm_id":"54032684","code":5141,"fclass":"service","name":"","ref":"","oneway":"B","maxspeed":0,"layer":0,"bridge":"F","tunnel":"F"},"geometry":{"type":"LineString","coordinates":[[73.8649149,18.5758736],[73.8649966,18.57644],[73.8650503,18.5773756],[73.8651361,18.5777417],[73.8652521,18.5782269],[73.8653077,18.5784739],[73.8652756,18.5792672],[73.8652434,18.5795621],[73.8646533,18.5800096],[73.8639237,18.5804163],[73.8633873,18.5807113],[73.8592245,18.5821655],[73.8589455,18.5822672],[73.8586773,18.5823079],[73.8584627,18.5822672],[73.8581623,18.582135],[73.8577976,18.5818909],[73.8576581,18.5816367],[73.8575186,18.5813825],[73.8569368,18.5808531],[73.856744,18.5806575],[73.8565574,18.5803976],[73.8556196,18.5782807]]}},
{"type":"Feature","properties":{"osm_id":"54032685","code":5122,"fclass":"residential","name":"","ref":"","oneway":"B","maxspeed":0,"layer":0,"bridge":"F","tunnel":"F"},"geometry":{"type":"LineString","coordinates":[[73.8491607,18.5658351],[73.8497242,18.566457],[73.8499034,18.5666695],[73.8502947,18.5671337],[73.8507194,18.5676276]]}},
{"type":"Feature","properties":{"osm_id":"54032687","code":5122,"fclass":"residential","name":"","ref":"","oneway":"F","maxspeed":0,"layer":0,"bridge":"F","tunnel":"F"},"geometry":{"type":"LineString","coordinates":[[73.8483972,18.5664351],[73.848602,18.5666307],[73.8490229,18.5670325]]}},
{"type":"Feature","properties":{"osm_id":"54032695","code":5122,"fclass":"residential","name":"","ref":"","oneway":"B","maxspeed":0,"layer":0,"bridge":"F","tunnel":"F"},"geometry":{"type":"LineString","coordinates":[[73.8504567,18.5658234],[73.849842,18.5663551],[73.8497242,18.566457],[73.8493982,18.5667245],[73.8491586,18.5669211],[73.8490229,18.5670325]]}},
{"type":"Feature","properties":{"osm_id":"54032703","code":5122,"fclass":"residential","name":"","ref":"","oneway":"B","maxspeed":0,"layer":0,"bridge":"F","tunnel":"F"},"geometry":{"type":"LineString","coordinates":[[73.8508046,18.5667012],[73.8504199,18.5670275],[73.8502947,18.5671337],[73.8499928,18.5673476],[73.8496014,18.5676248]]}},
{"type":"Feature","properties":{"osm_id":"54032728","code":5122,"fclass":"residential","name":"","ref":"","oneway":"B","maxspeed":0,"layer":0,"bridge":"F","tunnel":"F"},"geometry":{"type":"LineString","coordinates":[[73.8480129,18.5704803],[73.8485493,18.5703481],[73.8488059,18.5701129],[73.8489463,18.5700455],[73.8490167,18.5700401],[73.8490942,18.5700589],[73.8491834,18.5700946],[73.8492389,18.5701027],[73.8493131,18.5700973],[73.8494137,18.5700569],[73.8496239,18.5699076],[73.8496594,18.5698756],[73.8498994,18.5696592],[73.8501389,18.5695079],[73.8503714,18.5693647],[73.850743,18.569134],[73.850886,18.5690272],[73.8509863,18.5689523],[73.851092,18.5688734],[73.8516944,18.5685318]]}},
{"type":"Feature","properties":{"osm_id":"54032730","code":5141,"fclass":"service","name":"","ref":"","oneway":"B","maxspeed":0,"layer":0,"bridge":"F","tunnel":"F"},"geometry":{"type":"LineString","coordinates":[[73.842327,18.5694844],[73.8423574,18.5696632],[73.8424052,18.5699329],[73.8427118,18.5716644],[73.8427661,18.571985],[73.8427674,18.5720404],[73.8427306,18.5720769],[73.8426752,18.5721001]]}},
{"type":"Feature","properties":{"osm_id":"54032731","code":5141,"fclass":"service","name":"","ref":"","oneway":"B","maxspeed":0,"layer":0,"bridge":"F","tunnel":"F"},"geometry":{"type":"LineString","coordinates":[[73.8418709,18.5721901],[73.8417878,18.5718783],[73.8416954,18.5715319],[73.8415846,18.5710516],[73.8415718,18.5709959],[73.8414545,18.5700884]]}},
{"type":"Feature","properties":{"osm_id":"54032744","code":5122,"fclass":"residential","name":"","ref":"","oneway":"B","maxspeed":0,"layer":0,"bridge":"F","tunnel":"F"},"geometry":{"type":"LineString","coordinates":[[73.837388,18.571401],[73.8373037,18.5713684],[73.8371637,18.571344],[73.8370262,18.5713435],[73.8367154,18.5713651],[73.8366131,18.5713649],[73.8365603,18.5713605],[73.8364213,18.5713082],[73.836015,18.5711585],[73.8359412,18.5711369],[73.8357701,18.5710633],[73.8356532,18.5710194],[73.8352794,18.5709497],[73.8350789,18.5709123],[73.834986,18.5708865],[73.8347842,18.5708261],[73.834405,18.5706851],[73.8341227,18.5705924],[73.8338094,18.5706136],[73.8336656,18.5705924],[73.8335738,18.5705789],[73.8332562,18.570622],[73.8331755,18.570633],[73.8328971,18.5706592],[73.8328051,18.5706733]]}},
{"type":"Feature","properties":{"osm_id":"54032809","code":5122,"fclass":"residential","name":"","ref":"","oneway":"B","maxspeed":0,"layer":0,"bridge":"F","tunnel":"F"},"geometry":{"type":"LineString","coordinates":[[73.8350789,18.5709123],[73.8351135,18.5712176],[73.8351266,18.5713289],[73.8351842,18.5717001],[73.835176,18.5717691],[73.8351714,18.5718285],[73.8351538,18.5718974],[73.8350755,18.5722789],[73.8349869,18.5727105],[73.834907,18.5730965]]}},
{"type":"Feature","properties":{"osm_id":"54032810","code":5122,"fclass":"residential","name":"","ref":"","oneway":"B","maxspeed":0,"layer":0,"bridge":"F","tunnel":"F"},"geometry":{"type":"LineString","coordinates":[[73.8341227,18.5705924],[73.8341083,18.5703481],[73.8341508,18.5699831],[73.8341848,18.5698068],[73.8341941,18.5697583],[73.8342136,18.5696621],[73.834237,18.5695548],[73.8342094,18.5692289],[73.8341589,18.5686319]]}},
{"type":"Feature","properties":{"osm_id":"54032817","code":5122,"fclass":"residential","name":"","ref":"","oneway":"B","maxspeed":0,"layer":0,"bridge":"F","tunnel":"F"},"geometry":{"type":"LineString","coordinates":[[73.8341941,18.5697583],[73.8339009,18.5697731],[73.833674,18.5697846],[73.8336322,18.569793],[73.8334114,18.5698371],[73.8332958,18.5698874],[73.8331873,18.5699879],[73.8331563,18.5700398],[73.8330548,18.5702094],[73.8328265,18.5704975]]}},
{"type":"Feature","properties":{"osm_id":"54032818","code":5123,"fclass":"living_street","name":"","ref":"","oneway":"B","maxspeed":0,"layer":0,"bridge":"F","tunnel":"F"},"geometry":{"type":"LineString","coordinates":[[73.8342136,18.5696621],[73.8348204,18.5696391],[73.8350253,18.5696313]]}},
{"type":"Feature","properties":{"osm_id":"54032826","code":5141,"fclass":"service","name":"","ref":"","oneway":"B","maxspeed":0,"layer":0,"bridge":"F","tunnel":"F"},"geometry":{"type":"LineString","coordinates":[[73.8315569,18.5669711],[73.8314382,18.5669724],[73.8300562,18.5669516],[73.8285429,18.5669694]]}},
{"type":"Feature","properties":{"osm_id":"54032875","code":5122,"fclass":"residential","name":"","ref":"","oneway":"B","maxspeed":0,"layer":0,"bridge":"F","tunnel":"F"},"geometry":{"type":"LineString","coordinates":[[73.8368567,18.5619846],[73.8368562,18.5620585],[73.836876,18.5626132],[73.8368734,18.562766],[73.8367369,18.5628627],[73.8367332,18.5630179],[73.8367222,18.5631665],[73.8367154,18.5632593],[73.8367013,18.5633133],[73.8366747,18.5633626],[73.836611,18.5634576],[73.8365298,18.5635502],[73.836179,18.5638594],[73.8358414,18.5641256],[73.8358021,18.5651129]]}},
{"type":"Feature","properties":{"osm_id":"54032936","code":5141,"fclass":"service","name":"","ref":"","oneway":"B","maxspeed":0,"layer":0,"bridge":"F","tunnel":"F"},"geometry":{"type":"LineString","coordinates":[[73.8367332,18.5630179],[73.8366439,18.5630235],[73.8361873,18.5630521],[73.8359379,18.5630659],[73.8356911,18.5630827],[73.8350092,18.5631259],[73.8349453,18.56313],[73.8349286,18.5631284],[73.8349132,18.5631217]]}},
{"type":"Feature","properties":{"osm_id":"54032942","code":5122,"fclass":"residential","name":"","ref":"","oneway":"B","maxspeed":0,"layer":0,"bridge":"F","tunnel":"F"},"geometry":{"type":"LineString","coordinates":[[73.8327163,18.5614936],[73.832935,18.5623014],[73.8329415,18.562386],[73.8329434,18.56246],[73.8329388,18.5629644],[73.8329174,18.5632695],[73.8328794,18.5634346],[73.8327886,18.5638289]]}},
{"type":"Feature","properties":{"osm_id":"54032943","code":5122,"fclass":"residential","name":"","ref":"","oneway":"B","maxspeed":0,"layer":0,"bridge":"F","tunnel":"F"},"geometry":{"type":"LineString","coordinates":[[73.8328794,18.5634346],[73.8339273,18.5637791]]}},
{"type":"Feature","properties":{"osm_id":"54032948","code":5122,"fclass":"residential","name":"","ref":"","oneway":"B","maxspeed":0,"layer":0,"bridge":"F","tunnel":"F"},"geometry":{"type":"LineString","coordinates":[[73.8323901,18.5624981],[73.8323929,18.5625939],[73.8322173,18.5628629],[73.8321599,18.5629667],[73.8320679,18.5631649]]}},
{"type":"Feature","properties":{"osm_id":"54032950","code":5122,"fclass":"residential","name":"Kotkar lane","ref":"","oneway":"B","maxspeed":20,"layer":0,"bridge":"F","tunnel":"F"},"geometry":{"type":"LineString","coordinates":[[73.8309847,18.5649505],[73.8302313,18.5649709],[73.8294949,18.5649375],[73.8293661,18.5650595],[73.8284892,18.5651603],[73.8284721,18.5651592],[73.8284566,18.5651531],[73.8284458,18.5651398],[73.8284404,18.5651265],[73.8284372,18.5649382],[73.8284397,18.5649259],[73.8284459,18.5649147],[73.8284539,18.564906],[73.8284662,18.5649003],[73.8293439,18.5648297],[73.8294949,18.5649375]]}},
{"type":"Feature","properties":{"osm_id":"54032954","code":5122,"fclass":"residential","name":"","ref":"","oneway":"B","maxspeed":0,"layer":0,"bridge":"F","tunnel":"F"},"geometry":{"type":"LineString","coordinates":[[73.8309568,18.5652797],[73.8300714,18.5652917],[73.8295446,18.565315]]}},
{"type":"Feature","properties":{"osm_id":"54032959","code":5122,"fclass":"residential","name":"","ref":"","oneway":"B","maxspeed":0,"layer":0,"bridge":"F","tunnel":"F"},"geometry":{"type":"LineString","coordinates":[[73.8312822,18.5660192],[73.8299811,18.5660866],[73.8298043,18.5660999],[73.8284971,18.5661986]]}},
{"type":"Feature","properties":{"osm_id":"54033011","code":5122,"fclass":"residential","name":"","ref":"","oneway":"B","maxspeed":0,"layer":0,"bridge":"F","tunnel":"F"},"geometry":{"type":"LineString","coordinates":[[73.8308262,18.5643753],[73.8300888,18.5644319],[73.8296949,18.5644702]]}},
{"type":"Feature","properties":{"osm_id":"54033093","code":5122,"fclass":"residential","name":"Roseland Rhythm Road","ref":"","oneway":"B","maxspeed":0,"layer":0,"bridge":"F","tunnel":"F"},"geometry":{"type":"LineString","coordinates":[[73.7871908,18.5941499],[73.7873387,18.5940668],[73.7879304,18.5939027],[73.7883757,18.5937853],[73.7884581,18.5937372],[73.7885047,18.5936527],[73.7885189,18.5935856],[73.788644,18.5923988],[73.7886649,18.5922846],[73.7887093,18.5922028],[73.7887669,18.5921437],[73.7888773,18.5920902],[73.7890667,18.5920295],[73.7898557,18.5917713],[73.7909563,18.5913822],[73.7914711,18.5912026],[73.7918027,18.5910715],[73.7924901,18.5908365],[73.7926922,18.590755],[73.7928718,18.590671],[73.7929428,18.5906178],[73.793181,18.5902959],[73.7932869,18.5901952]]}},
{"type":"Feature","properties":{"osm_id":"54033100","code":5125,"fclass":"busway","name":"Nashik Phata - Wakad BRTS","ref":"","oneway":"F","maxspeed":30,"layer":0,"bridge":"F","tunnel":"F"},"geometry":{"type":"LineString","coordinates":[[73.7882419,18.5954602],[73.7883801,18.5954705]]}},
{"type":"Feature","properties":{"osm_id":"54033146","code":5115,"fclass":"tertiary","name":"","ref":"","oneway":"F","maxspeed":0,"layer":0,"bridge":"F","tunnel":"F"},"geometry":{"type":"LineString","coordinates":[[73.800558,18.6017782],[73.8005676,18.6018781],[73.8005702,18.6019957]]}},
{"type":"Feature","properties":{"osm_id":"54033194","code":5115,"fclass":"tertiary","name":"Pimple Saudagar-Pimpri Link Road","ref":"","oneway":"B","maxspeed":0,"layer":0,"bridge":"F","tunnel":"F"},"geometry":{"type":"LineString","coordinates":[[73.802323,18.6085808],[73.8023652,18.6086857],[73.8023867,18.6087911],[73.8024021,18.6088848],[73.8024087,18.6089952],[73.8024102,18.6090582],[73.8024114,18.6091052],[73.8024153,18.6092638],[73.8024153,18.6094325],[73.8024143,18.6094533],[73.8024087,18.609574],[73.8023823,18.6097219],[73.8022811,18.6101752],[73.8022529,18.6103013],[73.8021317,18.6108839],[73.8020286,18.6111857]]}},
{"type":"Feature","properties":{"osm_id":"54033272","code":5115,"fclass":"tertiary","name":"Pimple Saudagar-Pimpri Link Road","ref":"","oneway":"B","maxspeed":0,"layer":0,"bridge":"F","tunnel":"F"},"geometry":{"type":"LineString","coordinates":[[73.8027094,18.621469],[73.8028151,18.6213639],[73.8029586,18.6212214],[73.8030182,18.6211622],[73.8030404,18.6211402],[73.8031404,18.6210313],[73.8033123,18.6208442],[73.803335,18.6208193],[73.8036323,18.6204923],[73.8037753,18.6203009],[73.8038197,18.6202205],[73.8038592,18.6201316],[73.8039399,18.6200212],[73.8040823,18.6198829],[73.8042122,18.6197633],[73.8043368,18.6196486],[73.8044641,18.6195314],[73.804529,18.6194716],[73.804744,18.6193166],[73.8048031,18.619274],[73.8049962,18.619139],[73.8050385,18.6191123],[73.8051716,18.6190258],[73.805213,18.6189982],[73.8052616,18.6189074],[73.8052695,18.618874],[73.8053533,18.618471],[73.8053683,18.618332],[73.8053234,18.6178737],[73.8052916,18.6177022],[73.8052515,18.6174859],[73.8052071,18.6172672],[73.8050878,18.6166794],[73.8050068,18.6162659],[73.804923,18.6159448],[73.8049096,18.6158936],[73.8047364,18.6152989]]}},
{"type":"Feature","properties":{"osm_id":"54033273","code":5122,"fclass":"residential","name":"","ref":"","oneway":"B","maxspeed":0,"layer":0,"bridge":"F","tunnel":"F"},"geometry":{"type":"LineString","coordinates":[[73.8046268,18.6143013],[73.8052068,18.6142533],[73.8061254,18.6141774]]}},
{"type":"Feature","properties":{"osm_id":"54033282","code":5122,"fclass":"residential","name":"Pimple Saudagar-Pimpri Link Road","ref":"","oneway":"B","maxspeed":0,"layer":0,"bridge":"F","tunnel":"F"},"geometry":{"type":"LineString","coordinates":[[73.8026143,18.6167098],[73.8027004,18.6166752],[73.8028955,18.6165797],[73.8036276,18.6160358],[73.8036601,18.6160117],[73.8040055,18.6157682],[73.8042449,18.6155995]]}},
{"type":"Feature","properties":{"osm_id":"54033285","code":5122,"fclass":"residential","name":"","ref":"","oneway":"B","maxspeed":0,"layer":0,"bridge":"F","tunnel":"F"},"geometry":{"type":"LineString","coordinates":[[73.8024115,18.6161387],[73.8026143,18.6167098],[73.8028351,18.6173254],[73.8029042,18.6175373],[73.80309,18.6180797],[73.8031257,18.6181797],[73.8033801,18.618911],[73.8034227,18.6190333],[73.803517,18.6193046],[73.8035982,18.6195503],[73.8038197,18.6202205]]}},
{"type":"Feature","properties":{"osm_id":"54033288","code":5122,"fclass":"residential","name":"","ref":"","oneway":"B","maxspeed":0,"layer":0,"bridge":"F","tunnel":"F"},"geometry":{"type":"LineString","coordinates":[[73.8053234,18.6178737],[73.804498,18.6185275],[73.8042553,18.6187197],[73.8040412,18.6188893],[73.8037997,18.6190807],[73.8037604,18.6191118],[73.803517,18.6193046]]}},
{"type":"Feature","properties":{"osm_id":"54033290","code":5122,"fclass":"residential","name":"","ref":"","oneway":"B","maxspeed":0,"layer":0,"bridge":"F","tunnel":"F"},"geometry":{"type":"LineString","coordinates":[[73.8052515,18.6174859],[73.8050722,18.6176206],[73.804658,18.6179318],[73.8043874,18.618135],[73.8041435,18.6183229],[73.803917,18.6184973],[73.8036751,18.6186837],[73.8033801,18.618911]]}},
{"type":"Feature","properties":{"osm_id":"54033292","code":5122,"fclass":"residential","name":"","ref":"","oneway":"B","maxspeed":0,"layer":0,"bridge":"F","tunnel":"F"},"geometry":{"type":"LineString","coordinates":[[73.8029042,18.6175373],[73.803395,18.6173546],[73.8036047,18.6172648],[73.8038191,18.6171381],[73.8041574,18.6168886],[73.8047,18.6164848],[73.8047462,18.6164505],[73.804784,18.616422],[73.8050068,18.6162659]]}},
{"type":"Feature","properties":{"osm_id":"54033319","code":5115,"fclass":"tertiary","name":"Deluxe Road Hedgewar Path Kalewadi Road","ref":"","oneway":"F","maxspeed":0,"layer":0,"bridge":"F","tunnel":"F"},"geometry":{"type":"LineString","coordinates":[[73.8013085,18.619721],[73.8010721,18.6195225],[73.800931,18.6194621],[73.8008948,18.6194466],[73.8001068,18.6191237],[73.8000398,18.6191107],[73.7996721,18.6190394],[73.7994108,18.6190042],[73.7987958,18.6188917],[73.7985792,18.6188715],[73.7982757,18.6188693]]}},
{"type":"Feature","properties":{"osm_id":"54033367","code":5122,"fclass":"residential","name":"","ref":"","oneway":"B","maxspeed":0,"layer":0,"bridge":"F","tunnel":"F"},"geometry":{"type":"LineString","coordinates":[[73.8004352,18.6098926],[73.8005825,18.6099053],[73.8006974,18.6099153],[73.8010352,18.609919],[73.8012221,18.6099211],[73.8012822,18.6099285],[73.8013666,18.6099388],[73.8015929,18.6100169],[73.8017161,18.6100595],[73.8017978,18.6101009],[73.8018265,18.6101155],[73.8019359,18.6101809],[73.801998,18.6102132],[73.8020477,18.6102327],[73.8021638,18.6102833],[73.8022529,18.6103013]]}},
{"type":"Feature","properties":{"osm_id":"54033368","code":5122,"fclass":"residential","name":"","ref":"","oneway":"B","maxspeed":0,"layer":0,"bridge":"F","tunnel":"F"},"geometry":{"type":"LineString","coordinates":[[73.7994108,18.6190042],[73.7994242,18.6185467],[73.7994396,18.6184385],[73.7994594,18.6183448],[73.7994669,18.6183188],[73.7995011,18.6182011],[73.7995538,18.6180866],[73.7996264,18.6179825],[73.799671,18.6179235],[73.7998131,18.6178138],[73.7999625,18.6177326],[73.8001119,18.6176868],[73.8002218,18.6176701],[73.8008047,18.6176638]]}},
{"type":"Feature","properties":{"osm_id":"54033370","code":5122,"fclass":"residential","name":"","ref":"","oneway":"B","maxspeed":0,"layer":0,"bridge":"F","tunnel":"F"},"geometry":{"type":"LineString","coordinates":[[73.7981953,18.6183304],[73.798282,18.6179519],[73.7982978,18.6178828],[73.7983569,18.6176929],[73.7983958,18.6176168],[73.7984485,18.6175295],[73.7987615,18.617212],[73.7988628,18.6171038]]}},
{"type":"Feature","properties":{"osm_id":"54033378","code":5122,"fclass":"residential","name":"","ref":"","oneway":"B","maxspeed":0,"layer":0,"bridge":"F","tunnel":"F"},"geometry":{"type":"LineString","coordinates":[[73.7981953,18.6183304],[73.7978017,18.6175451],[73.7978609,18.6174374],[73.7981246,18.6169578]]}},
{"type":"Feature","properties":{"osm_id":"54033383","code":5122,"fclass":"residential","name":"","ref":"","oneway":"B","maxspeed":0,"layer":0,"bridge":"F","tunnel":"F"},"geometry":{"type":"LineString","coordinates":[[73.799161,18.622527],[73.7991086,18.6224777],[73.7989259,18.6223057],[73.7988777,18.6222306],[73.7988482,18.6221408],[73.7988094,18.6220436],[73.7986726,18.6217506],[73.7985919,18.6215474],[73.7985794,18.6214841],[73.7985825,18.6214282],[73.7985919,18.6213663],[73.7987344,18.6207027],[73.7987509,18.6206163],[73.7987574,18.620508],[73.798769,18.6203564],[73.7988069,18.6197901],[73.7988113,18.6197252],[73.7988113,18.6195985],[73.7987996,18.6192145],[73.79879,18.6189831]]}},
{"type":"Feature","properties":{"osm_id":"54033475","code":5122,"fclass":"residential","name":"","ref":"","oneway":"B","maxspeed":0,"layer":0,"bridge":"F","tunnel":"F"},"geometry":{"type":"LineString","coordinates":[[73.8003692,18.6213358],[73.8005272,18.6211266],[73.8006564,18.6209122],[73.8008257,18.6207135],[73.8010106,18.620553]]}},
{"type":"Feature","properties":{"osm_id":"54033477","code":5122,"fclass":"residential","name":"","ref":"","oneway":"B","maxspeed":0,"layer":0,"bridge":"F","tunnel":"F"},"geometry":{"type":"LineString","coordinates":[[73.8014467,18.6200464],[73.8014969,18.6200706],[73.8015484,18.6200727],[73.8016153,18.6200438],[73.8016594,18.6200627],[73.8017361,18.6200558],[73.8018346,18.6200264],[73.8018636,18.6200177],[73.8021861,18.6196829],[73.8022339,18.6196425],[73.8023289,18.6195621],[73.8024366,18.6194684],[73.8025311,18.6194039],[73.8026761,18.619331],[73.8027908,18.6192853],[73.8029338,18.6192282],[73.8034227,18.6190333]]}},
{"type":"Feature","properties":{"osm_id":"54033478","code":5122,"fclass":"residential","name":"","ref":"","oneway":"B","maxspeed":0,"layer":0,"bridge":"F","tunnel":"F"},"geometry":{"type":"LineString","coordinates":[[73.8042553,18.6187197],[73.804529,18.6194716]]}},
{"type":"Feature","properties":{"osm_id":"54033480","code":5122,"fclass":"residential","name":"","ref":"","oneway":"B","maxspeed":0,"layer":0,"bridge":"F","tunnel":"F"},"geometry":{"type":"LineString","coordinates":[[73.804498,18.6185275],[73.8048031,18.619274]]}},
{"type":"Feature","properties":{"osm_id":"54514167","code":5114,"fclass":"secondary","name":"Hedgewar Pul","ref":"","oneway":"B","maxspeed":0,"layer":1,"bridge":"T","tunnel":"F"},"geometry":{"type":"LineString","coordinates":[[73.7846706,18.6173458],[73.7849453,18.616564]]}},
{"type":"Feature","properties":{"osm_id":"54514179","code":5114,"fclass":"secondary","name":"","ref":"","oneway":"B","maxspeed":0,"layer":0,"bridge":"F","tunnel":"F"},"geometry":{"type":"LineString","coordinates":[[73.7849453,18.616564],[73.7851142,18.6160412],[73.7851578,18.6159061]]}},
{"type":"Feature","properties":{"osm_id":"54936975","code":5122,"fclass":"residential","name":"Aditya Birla Hospital - Thergaon Road","ref":"","oneway":"F","maxspeed":0,"layer":0,"bridge":"F","tunnel":"F"},"geometry":{"type":"LineString","coordinates":[[73.7756274,18.6245983],[73.7757992,18.624507],[73.7759251,18.6244372],[73.7760876,18.6243478],[73.776179,18.6242737],[73.7762152,18.6242326],[73.7762575,18.624168],[73.7762856,18.6241134],[73.7762951,18.6240542],[73.7763218,18.6239874],[73.7763286,18.623924],[73.7763367,18.6238369],[73.7763506,18.6236859],[73.7763987,18.6232316],[73.7764183,18.6231088],[73.7764462,18.6229594],[73.7764846,18.6226227],[73.7764858,18.6225914],[73.776488,18.6225364],[73.7764882,18.6224978],[73.7764925,18.6218854],[73.7764918,18.6217237],[73.7764918,18.6213151],[73.7764771,18.6210559],[73.7764733,18.6210123],[73.7764677,18.6209345],[73.7764511,18.6207229],[73.7763342,18.6192996],[73.7763173,18.6191177],[73.7762747,18.618658],[73.7762536,18.6184659],[73.7762189,18.6181499],[73.7762068,18.6180308],[73.7761947,18.6179123],[73.7761822,18.6178157],[73.776176,18.6177674],[73.7761384,18.6176098],[73.776077,18.6173985],[73.776007,18.6171574],[73.7759687,18.6170069],[73.7758353,18.6164825],[73.7757602,18.6162283],[73.7756757,18.6159462],[73.7755777,18.6156925],[73.7754958,18.6156093]]}},
{"type":"Feature","properties":{"osm_id":"54937082","code":5115,"fclass":"tertiary","name":"Pawana Bridge","ref":"","oneway":"F","maxspeed":0,"layer":1,"bridge":"T","tunnel":"F"},"geometry":{"type":"LineString","coordinates":[[73.7980999,18.6189058],[73.7969914,18.6192339]]}},
{"type":"Feature","properties":{"osm_id":"54937109","code":5114,"fclass":"secondary","name":"Hedgewar road","ref":"","oneway":"F","maxspeed":0,"layer":0,"bridge":"F","tunnel":"F"},"geometry":{"type":"LineString","coordinates":[[73.7964259,18.6193672],[73.7963943,18.6193747],[73.7963448,18.6193864],[73.7960892,18.6194467],[73.7957323,18.6195041],[73.7956254,18.6195177],[73.7955784,18.6195236],[73.7954098,18.619529],[73.7952294,18.6195236],[73.7950561,18.619506],[73.7949122,18.619471],[73.7946143,18.6193618],[73.7943797,18.6192757],[73.7939819,18.6191197],[73.793462,18.6189218],[73.7931687,18.6188102],[73.7929039,18.6187094],[73.7921251,18.6184439],[73.7915935,18.6182424],[73.7914451,18.618192],[73.791308,18.6180995],[73.7911314,18.6179078],[73.7909546,18.6177438],[73.7907711,18.6175736],[73.7902639,18.617103],[73.7901525,18.6169958],[73.7900442,18.6168916],[73.7898813,18.6167537],[73.78975,18.6166571],[73.7896315,18.6165963],[73.7893886,18.616456],[73.7892399,18.6164305],[73.7891397,18.6163941],[73.7890432,18.6163638],[73.7889429,18.616343],[73.7881874,18.6161925],[73.7873665,18.6160289],[73.7867485,18.6159129],[73.7866513,18.6158938],[73.7862989,18.6158326],[73.7859909,18.6157555],[73.7858491,18.6157096]]}},
{"type":"Feature","properties":{"osm_id":"54937122","code":5113,"fclass":"primary","name":"Kaspate Vasti Road","ref":"","oneway":"B","maxspeed":0,"layer":0,"bridge":"F","tunnel":"F"},"geometry":{"type":"LineString","coordinates":[[73.7733601,18.5904252],[73.773364,18.5906143],[73.7733677,18.5907308],[73.7733782,18.5910555],[73.7733846,18.5912526],[73.7733874,18.5913393],[73.7734056,18.5916112],[73.7734129,18.5918105]]}},
{"type":"Feature","properties":{"osm_id":"54937141","code":5122,"fclass":"residential","name":"Gabaji Thopate Marg","ref":"","oneway":"B","maxspeed":0,"layer":0,"bridge":"F","tunnel":"F"},"geometry":{"type":"LineString","coordinates":[[73.7871878,18.6046976],[73.7870058,18.6052101],[73.7869067,18.6054552],[73.7867127,18.6058099],[73.7865522,18.6061031],[73.7862238,18.6066813],[73.7861334,18.606845],[73.7860605,18.6069863],[73.786031,18.6070342],[73.7859046,18.6072381],[73.7856234,18.6076919],[73.7854282,18.6080071],[73.7853668,18.6081062],[73.7852753,18.6082457],[73.7851181,18.608513],[73.7850761,18.6085823],[73.7850282,18.6086765],[73.7849786,18.6087693],[73.7848771,18.6089711],[73.7847025,18.6093013],[73.7846041,18.6094873],[73.7844998,18.6097062],[73.7843292,18.6100643],[73.7842328,18.6103319],[73.7838429,18.6111943],[73.7837526,18.6114221]]}},
{"type":"Feature","properties":{"osm_id":"54937158","code":5122,"fclass":"residential","name":"","ref":"","oneway":"B","maxspeed":0,"layer":0,"bridge":"F","tunnel":"F"},"geometry":{"type":"LineString","coordinates":[[73.8008117,18.601361],[73.8008599,18.6013131],[73.8008924,18.6013006],[73.8014661,18.6012075],[73.8015156,18.6011985],[73.8019296,18.6011023]]}},
{"type":"Feature","properties":{"osm_id":"54937167","code":5122,"fclass":"residential","name":"","ref":"","oneway":"B","maxspeed":0,"layer":0,"bridge":"F","tunnel":"F"},"geometry":{"type":"LineString","coordinates":[[73.8121137,18.5954664],[73.8120967,18.5957646],[73.8120778,18.5960952],[73.8120604,18.5963989],[73.8120499,18.5965823],[73.8120402,18.5967527],[73.8120256,18.5970079],[73.8120102,18.5972774]]}},
{"type":"Feature","properties":{"osm_id":"54937171","code":5115,"fclass":"tertiary","name":"Pimple Saudagar Road","ref":"","oneway":"B","maxspeed":0,"layer":0,"bridge":"F","tunnel":"F"},"geometry":{"type":"LineString","coordinates":[[73.8120102,18.5972774],[73.8124074,18.5972478],[73.8138367,18.5971412],[73.8152681,18.5970344],[73.8162653,18.59696],[73.8171882,18.5968911]]}},
{"type":"Feature","properties":{"osm_id":"54937219","code":5122,"fclass":"residential","name":"","ref":"","oneway":"B","maxspeed":0,"layer":0,"bridge":"F","tunnel":"F"},"geometry":{"type":"LineString","coordinates":[[73.811964,18.6007576],[73.8130167,18.6006829],[73.8130677,18.6006901],[73.8130792,18.6007269],[73.813087,18.600807],[73.8131045,18.6008347],[73.8131415,18.6008467],[73.8132817,18.6008553],[73.8141268,18.6008927],[73.8142655,18.6008988]]}},
{"type":"Feature","properties":{"osm_id":"54937228","code":5122,"fclass":"residential","name":"","ref":"","oneway":"B","maxspeed":0,"layer":0,"bridge":"F","tunnel":"F"},"geometry":{"type":"LineString","coordinates":[[73.8152761,18.6032913],[73.8152784,18.6025259],[73.8152789,18.6024144],[73.8152765,18.6023553],[73.8152797,18.6021789],[73.8152805,18.601956],[73.8153243,18.6015425]]}},
{"type":"Feature","properties":{"osm_id":"54937231","code":5115,"fclass":"tertiary","name":"Kasarwadi - Pimple Gurav Bridge","ref":"","oneway":"B","maxspeed":0,"layer":1,"bridge":"T","tunnel":"F"},"geometry":{"type":"LineString","coordinates":[[73.8178858,18.5967896],[73.818689,18.5968252]]}},
{"type":"Feature","properties":{"osm_id":"54937246","code":5115,"fclass":"tertiary","name":"Kasarwadi - Pimple Gurav Road","ref":"","oneway":"B","maxspeed":0,"layer":0,"bridge":"F","tunnel":"F"},"geometry":{"type":"LineString","coordinates":[[73.8216414,18.6004586],[73.8216372,18.6004008],[73.82163,18.600301],[73.8215589,18.600187],[73.8214888,18.6001245],[73.8201865,18.5990758],[73.820078,18.5989575],[73.8200079,18.5988571],[73.8199446,18.5987492],[73.8198719,18.5986129],[73.8198182,18.59849],[73.8197708,18.5983642],[73.819732,18.5982151],[73.8194272,18.5970439],[73.8193924,18.5969615],[73.819345,18.5969166],[73.8192896,18.5968821],[73.8192043,18.5968672],[73.818689,18.5968252]]}},
{"type":"Feature","properties":{"osm_id":"54937319","code":5122,"fclass":"residential","name":"","ref":"","oneway":"B","maxspeed":0,"layer":0,"bridge":"F","tunnel":"F"},"geometry":{"type":"LineString","coordinates":[[73.8239232,18.6034506],[73.8240328,18.6031428],[73.8241225,18.6029402],[73.8242116,18.602739],[73.8242788,18.6025873],[73.8246456,18.6015904],[73.8247551,18.6012928],[73.8248732,18.6009718]]}},
{"type":"Feature","properties":{"osm_id":"54937320","code":5122,"fclass":"residential","name":"","ref":"","oneway":"B","maxspeed":0,"layer":0,"bridge":"F","tunnel":"F"},"geometry":{"type":"LineString","coordinates":[[73.824081,18.6025142],[73.8241648,18.6022118],[73.8241737,18.602127],[73.8241686,18.6020487],[73.8240859,18.6016441]]}},
{"type":"Feature","properties":{"osm_id":"54937324","code":5115,"fclass":"tertiary","name":"Kasarwadi - Pimple Gurav Road","ref":"","oneway":"B","maxspeed":0,"layer":0,"bridge":"F","tunnel":"F"},"geometry":{"type":"LineString","coordinates":[[73.8221842,18.6022464],[73.8222643,18.6022533],[73.8225868,18.6022809],[73.822683,18.6022838],[73.8228133,18.6022876],[73.8228241,18.6022879],[73.8230984,18.6022961],[73.8232371,18.6023002],[73.8234009,18.6022866],[73.8234681,18.6022813],[73.8235626,18.6022723],[73.823638,18.6022771],[73.8237116,18.6022918],[73.8237866,18.6023854],[73.8238095,18.6024071],[73.8238649,18.6024318],[73.824081,18.6025142],[73.8242788,18.6025873],[73.8244074,18.6026385],[73.8244537,18.6026617],[73.8249365,18.602814],[73.8249882,18.602831],[73.8250717,18.6028585],[73.8253878,18.6029984]]}},
{"type":"Feature","properties":{"osm_id":"54937332","code":5115,"fclass":"tertiary","name":"","ref":"","oneway":"B","maxspeed":0,"layer":0,"bridge":"F","tunnel":"F"},"geometry":{"type":"LineString","coordinates":[[73.8256652,18.6031691],[73.8257206,18.6032617],[73.8258796,18.6035876],[73.8260863,18.6040772],[73.8261146,18.6041418],[73.826169,18.604266],[73.8262293,18.6044069],[73.8264242,18.6048482],[73.8264479,18.6049415],[73.8264609,18.6050606],[73.8264482,18.6052056],[73.8264251,18.6053119],[73.8264105,18.6053492],[73.8263897,18.6054021],[73.8262708,18.605569],[73.8261161,18.6058665],[73.8260003,18.6060581],[73.8258809,18.6062658],[73.8258023,18.6063993],[73.8257718,18.606434]]}},
{"type":"Feature","properties":{"osm_id":"54937400","code":5122,"fclass":"residential","name":"Pimple Saudagar-Pimpri Link Road","ref":"","oneway":"B","maxspeed":0,"layer":0,"bridge":"F","tunnel":"F"},"geometry":{"type":"LineString","coordinates":[[73.8038376,18.6118493],[73.803824,18.6119058],[73.8038108,18.6120193],[73.8038108,18.6121296],[73.8038429,18.6123512],[73.8038819,18.6126204],[73.8039326,18.6129702],[73.8040108,18.6135102],[73.8041074,18.6143368],[73.8041116,18.6143984],[73.8041514,18.6149802],[73.8041364,18.615105],[73.8041184,18.6152093],[73.804125,18.6152905],[73.8041415,18.6153592],[73.8042449,18.6155995]]}},
{"type":"Feature","properties":{"osm_id":"54937401","code":5122,"fclass":"residential","name":"Hamu Kalani Road","ref":"","oneway":"B","maxspeed":0,"layer":0,"bridge":"F","tunnel":"F"},"geometry":{"type":"LineString","coordinates":[[73.8024115,18.6161387],[73.8026028,18.6160609],[73.8026684,18.6160145],[73.8027478,18.6159526],[73.8029761,18.6157531],[73.8030069,18.6157262],[73.8038939,18.6151256]]}},
{"type":"Feature","properties":{"osm_id":"54937404","code":5141,"fclass":"service","name":"","ref":"","oneway":"B","maxspeed":0,"layer":0,"bridge":"F","tunnel":"F"},"geometry":{"type":"LineString","coordinates":[[73.802098,18.6168826],[73.8021246,18.6166947],[73.8022344,18.6164211],[73.8023177,18.6161769]]}},
{"type":"Feature","properties":{"osm_id":"54937410","code":5122,"fclass":"residential","name":"","ref":"","oneway":"B","maxspeed":0,"layer":0,"bridge":"F","tunnel":"F"},"geometry":{"type":"LineString","coordinates":[[73.8030069,18.6157262],[73.8025605,18.6157645],[73.8020267,18.6158365],[73.8019161,18.6158198]]}},
{"type":"Feature","properties":{"osm_id":"54937413","code":5122,"fclass":"residential","name":"","ref":"","oneway":"B","maxspeed":0,"layer":0,"bridge":"F","tunnel":"F"},"geometry":{"type":"LineString","coordinates":[[73.8008594,18.615367],[73.801066,18.6153506],[73.8012977,18.6153329],[73.8013492,18.6153287],[73.8015904,18.6153089],[73.8018644,18.6152883],[73.8020314,18.6152768],[73.8024222,18.6152516],[73.8027296,18.6152182],[73.8029031,18.6152014],[73.8030361,18.6151885],[73.8032487,18.615168],[73.8033474,18.6151585],[73.8035271,18.6151436],[73.8038939,18.6151256],[73.8041364,18.615105]]}},
{"type":"Feature","properties":{"osm_id":"54937414","code":5122,"fclass":"residential","name":"","ref":"","oneway":"B","maxspeed":0,"layer":0,"bridge":"F","tunnel":"F"},"geometry":{"type":"LineString","coordinates":[[73.8027296,18.6152182],[73.8025605,18.6157645]]}},
{"type":"Feature","properties":{"osm_id":"54937416","code":5122,"fclass":"residential","name":"","ref":"","oneway":"B","maxspeed":0,"layer":0,"bridge":"F","tunnel":"F"},"geometry":{"type":"LineString","coordinates":[[73.8018644,18.6152883],[73.8018975,18.615634],[73.8019161,18.6158198],[73.8019698,18.6162861]]}},
{"type":"Feature","properties":{"osm_id":"55071670","code":5112,"fclass":"trunk","name":"Undri Pisoli Road","ref":"NH548DD","oneway":"B","maxspeed":0,"layer":0,"bridge":"F","tunnel":"F"},"geometry":{"type":"LineString","coordinates":[[73.8991327,18.4509487],[73.8994603,18.4508492],[73.8997022,18.4507384],[73.8998402,18.4506762],[73.8998746,18.4506607],[73.9000249,18.4505907],[73.9000886,18.450561],[73.9002121,18.4505035],[73.9006361,18.450306],[73.9006875,18.4502821],[73.9008484,18.4502316],[73.9009693,18.4501937],[73.9010426,18.4501707],[73.9014258,18.4500955],[73.9015532,18.4500705],[73.90181,18.4500134],[73.9018347,18.4500035],[73.9020697,18.449909],[73.9025235,18.4496689],[73.9026536,18.4496001],[73.9028649,18.4495235],[73.9031465,18.4494695],[73.9032116,18.4494648],[73.903308,18.449452],[73.9034506,18.4494267],[73.9035399,18.4494059],[73.9036097,18.4493834]]}},
{"type":"Feature","properties":{"osm_id":"55071836","code":5112,"fclass":"trunk","name":"Fursungi Flyover","ref":"NH965","oneway":"B","maxspeed":0,"layer":1,"bridge":"T","tunnel":"F"},"geometry":{"type":"LineString","coordinates":[[73.9586767,18.4732214],[73.9589122,18.472712],[73.9597617,18.470958],[73.960473,18.4694892]]}},
{"type":"Feature","properties":{"osm_id":"55077715","code":5122,"fclass":"residential","name":"","ref":"","oneway":"B","maxspeed":0,"layer":0,"bridge":"F","tunnel":"F"},"geometry":{"type":"LineString","coordinates":[[73.8701479,18.5015543],[73.8701543,18.5014212],[73.8701645,18.5012077],[73.8701787,18.5009118],[73.8701864,18.5007499],[73.8701942,18.5005985],[73.8702096,18.5003018],[73.8702176,18.5001454],[73.870224,18.5000219],[73.8702312,18.4998825],[73.8702332,18.4998442],[73.8702382,18.4997144],[73.8702428,18.499592],[73.8702476,18.4994677],[73.8702493,18.4994084],[73.8702588,18.499075],[73.8702493,18.4989357],[73.8702413,18.4988598],[73.8702369,18.4987982]]}},
{"type":"Feature","properties":{"osm_id":"55077841","code":5122,"fclass":"residential","name":"","ref":"","oneway":"B","maxspeed":0,"layer":0,"bridge":"F","tunnel":"F"},"geometry":{"type":"LineString","coordinates":[[73.8704312,18.4998362],[73.8706548,18.4998729],[73.8707061,18.4998764],[73.8709152,18.4998954],[73.8710524,18.4999078],[73.8712035,18.4999215],[73.871399,18.4999393],[73.8714625,18.4999431],[73.8717261,18.4999673]]}},
{"type":"Feature","properties":{"osm_id":"55077940","code":5122,"fclass":"residential","name":"","ref":"","oneway":"B","maxspeed":0,"layer":0,"bridge":"F","tunnel":"F"},"geometry":{"type":"LineString","coordinates":[[73.8707061,18.4998764],[73.8706902,18.5000749],[73.8706654,18.5003848],[73.8706428,18.5006676],[73.8706182,18.5009755],[73.870595,18.5012655]]}},
{"type":"Feature","properties":{"osm_id":"55078035","code":5122,"fclass":"residential","name":"","ref":"","oneway":"B","maxspeed":0,"layer":0,"bridge":"F","tunnel":"F"},"geometry":{"type":"LineString","coordinates":[[73.8702476,18.4994677],[73.8706567,18.4995074],[73.8712989,18.4995697],[73.8714901,18.4995883],[73.8716761,18.4996064],[73.8718144,18.4996198],[73.8720184,18.4996397],[73.8724153,18.4996785],[73.8725362,18.4996827],[73.8727457,18.49969],[73.87277,18.4996908],[73.8730152,18.4996625],[73.8732303,18.4995878],[73.8732641,18.49956],[73.8733482,18.4994908],[73.8734029,18.4994326],[73.8734394,18.4993938],[73.8735021,18.4992556],[73.8735288,18.4991565],[73.8735925,18.4989199],[73.8736536,18.4986061],[73.8737211,18.4982593],[73.8738001,18.4978538]]}},
{"type":"Feature","properties":{"osm_id":"55078048","code":5122,"fclass":"residential","name":"","ref":"","oneway":"B","maxspeed":0,"layer":0,"bridge":"F","tunnel":"F"},"geometry":{"type":"LineString","coordinates":[[73.8721342,18.4985614],[73.872181,18.4985596],[73.8726243,18.4986658],[73.8729639,18.4987549],[73.8732886,18.4988401],[73.8735925,18.4989199],[73.8742546,18.4989295]]}},
{"type":"Feature","properties":{"osm_id":"55078154","code":5122,"fclass":"residential","name":"","ref":"","oneway":"B","maxspeed":0,"layer":0,"bridge":"F","tunnel":"F"},"geometry":{"type":"LineString","coordinates":[[73.8724153,18.4996785],[73.8724707,18.4993867],[73.8725193,18.4991307],[73.8725381,18.4990473],[73.8725739,18.498889],[73.8726243,18.4986658]]}},
{"type":"Feature","properties":{"osm_id":"55078436","code":5114,"fclass":"secondary","name":"Chimaji Appa Peshwe Path","ref":"","oneway":"F","maxspeed":0,"layer":0,"bridge":"F","tunnel":"F"},"geometry":{"type":"LineString","coordinates":[[73.8540624,18.4982389],[73.8541011,18.4977559],[73.8541218,18.4976154],[73.8541443,18.4974867],[73.8541594,18.4974272],[73.8541787,18.4973511]]}},
{"type":"Feature","properties":{"osm_id":"55078508","code":5114,"fclass":"secondary","name":"Chimaji Appa Peshwe Path","ref":"","oneway":"F","maxspeed":0,"layer":1,"bridge":"T","tunnel":"F"},"geometry":{"type":"LineString","coordinates":[[73.8539588,18.499349],[73.854032,18.4985341]]}},
{"type":"Feature","properties":{"osm_id":"55078719","code":5122,"fclass":"residential","name":"Deep Chand Lodha Path","ref":"","oneway":"B","maxspeed":0,"layer":0,"bridge":"F","tunnel":"F"},"geometry":{"type":"LineString","coordinates":[[73.8717233,18.4935956],[73.8716673,18.494429],[73.871653,18.4947136],[73.8716421,18.4949318],[73.8716364,18.4950015],[73.8716082,18.4953458],[73.8715949,18.4955081],[73.8715473,18.4958282],[73.8715298,18.4960986],[73.8715106,18.4963947]]}},
{"type":"Feature","properties":{"osm_id":"55078822","code":5122,"fclass":"residential","name":"","ref":"","oneway":"B","maxspeed":0,"layer":0,"bridge":"F","tunnel":"F"},"geometry":{"type":"LineString","coordinates":[[73.8706307,18.4956541],[73.8706044,18.4958797],[73.8705909,18.4959961],[73.8705449,18.4964792]]}},
{"type":"Feature","properties":{"osm_id":"55078881","code":5122,"fclass":"residential","name":"","ref":"","oneway":"B","maxspeed":0,"layer":0,"bridge":"F","tunnel":"F"},"geometry":{"type":"LineString","coordinates":[[73.8715949,18.4955081],[73.8723609,18.4955828],[73.8727855,18.4956242]]}},
{"type":"Feature","properties":{"osm_id":"55078975","code":5122,"fclass":"residential","name":"","ref":"","oneway":"B","maxspeed":0,"layer":0,"bridge":"F","tunnel":"F"},"geometry":{"type":"LineString","coordinates":[[73.8727855,18.4956242],[73.8727496,18.4950993],[73.8727404,18.4950091],[73.8727417,18.4949788],[73.8727427,18.494955],[73.8727737,18.4948975],[73.8728325,18.494829],[73.873582,18.4940748]]}},
{"type":"Feature","properties":{"osm_id":"55079017","code":5122,"fclass":"residential","name":"","ref":"","oneway":"B","maxspeed":0,"layer":0,"bridge":"F","tunnel":"F"},"geometry":{"type":"LineString","coordinates":[[73.8749519,18.4948441],[73.8744657,18.4953761],[73.8741641,18.4957061],[73.8733877,18.4965558]]}},
{"type":"Feature","properties":{"osm_id":"55079153","code":5122,"fclass":"residential","name":"","ref":"","oneway":"B","maxspeed":0,"layer":0,"bridge":"F","tunnel":"F"},"geometry":{"type":"LineString","coordinates":[[73.875207,18.4969053],[73.8761377,18.496022]]}},
{"type":"Feature","properties":{"osm_id":"55079699","code":5141,"fclass":"service","name":"","ref":"","oneway":"B","maxspeed":0,"layer":0,"bridge":"F","tunnel":"F"},"geometry":{"type":"LineString","coordinates":[[73.877626,18.4986734],[73.8776342,18.4985409],[73.8776769,18.4982364],[73.8778523,18.4964453],[73.8779138,18.4958788],[73.8779346,18.495687],[73.8779545,18.4955397],[73.8780098,18.4951289],[73.8780416,18.4949451],[73.8780881,18.4946765],[73.8781038,18.4945861],[73.8781244,18.4944176],[73.8781408,18.4942837],[73.8783105,18.4928983],[73.8782969,18.4926819],[73.8782564,18.4925478],[73.8782604,18.4923919],[73.8783169,18.4922179],[73.8784118,18.4918865],[73.8796839,18.4922675],[73.8800734,18.4924362],[73.8801748,18.4924951],[73.8809082,18.4929213],[73.8810082,18.4929879],[73.8810944,18.4930432],[73.8820382,18.4936493],[73.8822742,18.493751],[73.8825961,18.4937612],[73.8828536,18.4936289],[73.8828763,18.4935958],[73.8831325,18.493222],[73.8831394,18.4931944],[73.8835873,18.4925725],[73.8837334,18.4923876],[73.8837548,18.4921536],[73.8836904,18.4919908],[73.8826605,18.4913396],[73.8824352,18.49136],[73.8821669,18.4914821],[73.882006,18.4916143],[73.8818934,18.4917908],[73.8810944,18.4930432]]}},
{"type":"Feature","properties":{"osm_id":"55079862","code":5141,"fclass":"service","name":"","ref":"","oneway":"B","maxspeed":0,"layer":0,"bridge":"F","tunnel":"F"},"geometry":{"type":"LineString","coordinates":[[73.884445,18.4936046],[73.8843776,18.4935519],[73.8842071,18.4934186],[73.8840247,18.4934491],[73.8831394,18.4931944],[73.8830484,18.4930014],[73.8830269,18.4928183],[73.8830698,18.4926555],[73.88322,18.4925232],[73.8834239,18.4925029],[73.8835873,18.4925725],[73.8842071,18.4932049],[73.8842071,18.4934186]]}},
{"type":"Feature","properties":{"osm_id":"55080017","code":5141,"fclass":"service","name":"","ref":"","oneway":"B","maxspeed":0,"layer":0,"bridge":"F","tunnel":"F"},"geometry":{"type":"LineString","coordinates":[[73.8809082,18.4929213],[73.8808772,18.4930453],[73.880709,18.4937182],[73.8806958,18.493771],[73.8806831,18.494023],[73.8807579,18.4944362],[73.8807332,18.4948307],[73.8806396,18.4952596],[73.8806104,18.4953446],[73.8800112,18.4970871],[73.8797173,18.4979418]]}},
{"type":"Feature","properties":{"osm_id":"55080096","code":5141,"fclass":"service","name":"","ref":"","oneway":"B","maxspeed":0,"layer":0,"bridge":"F","tunnel":"F"},"geometry":{"type":"LineString","coordinates":[[73.8806596,18.4982907],[73.8797173,18.4979418],[73.879464,18.4978986],[73.8794169,18.4979089],[73.879382,18.4979293],[73.8793468,18.4979699],[73.8792703,18.4981087],[73.8790647,18.4986085],[73.8788968,18.4991181]]}},
{"type":"Feature","properties":{"osm_id":"55080138","code":5141,"fclass":"service","name":"","ref":"","oneway":"B","maxspeed":0,"layer":0,"bridge":"F","tunnel":"F"},"geometry":{"type":"LineString","coordinates":[[73.8799386,18.4988443],[73.8790647,18.4986085],[73.8777791,18.4982638],[73.8776769,18.4982364]]}},
{"type":"Feature","properties":{"osm_id":"55080509","code":5122,"fclass":"residential","name":"","ref":"","oneway":"B","maxspeed":0,"layer":0,"bridge":"F","tunnel":"F"},"geometry":{"type":"LineString","coordinates":[[73.8760157,18.4925238],[73.8753021,18.4941792],[73.8749519,18.4948441]]}},
{"type":"Feature","properties":{"osm_id":"55080544","code":5122,"fclass":"residential","name":"","ref":"","oneway":"B","maxspeed":0,"layer":0,"bridge":"F","tunnel":"F"},"geometry":{"type":"LineString","coordinates":[[73.8746697,18.4938854],[73.8753021,18.4941792],[73.8760154,18.4945054],[73.8770562,18.4949814]]}},
{"type":"Feature","properties":{"osm_id":"55080946","code":5122,"fclass":"residential","name":"","ref":"","oneway":"B","maxspeed":0,"layer":0,"bridge":"F","tunnel":"F"},"geometry":{"type":"LineString","coordinates":[[73.8621681,18.4774167],[73.8624107,18.4774651],[73.8625175,18.4774988],[73.8627326,18.4775668],[73.8628382,18.4772222],[73.8633334,18.477231],[73.86343,18.4768749],[73.86343,18.4764373],[73.8634677,18.4758643],[73.8634729,18.4757861],[73.8635373,18.475379],[73.8637733,18.4751043],[73.8640208,18.4749846],[73.864349,18.475005],[73.86446,18.4750941],[73.8647205,18.4753977],[73.8650822,18.4759896],[73.8654792,18.4761219],[73.8662731,18.4763559],[73.8665735,18.4763356],[73.8674507,18.4756942]]}},
{"type":"Feature","properties":{"osm_id":"55080956","code":5122,"fclass":"residential","name":"","ref":"","oneway":"B","maxspeed":0,"layer":0,"bridge":"F","tunnel":"F"},"geometry":{"type":"LineString","coordinates":[[73.864492,18.4763561],[73.8642117,18.4756725],[73.8641595,18.4755972],[73.8641009,18.4755798],[73.8640308,18.4756131],[73.8639805,18.4757493],[73.8638806,18.4760201],[73.8638484,18.4763457],[73.8640308,18.4767324],[73.8638377,18.4768749],[73.8636553,18.4769258],[73.8637626,18.4772107],[73.8633334,18.477231]]}},
{"type":"Feature","properties":{"osm_id":"55080997","code":5115,"fclass":"tertiary","name":"Sitaram Abaji Bibve Path","ref":"","oneway":"B","maxspeed":0,"layer":0,"bridge":"F","tunnel":"F"},"geometry":{"type":"LineString","coordinates":[[73.8624703,18.4751826],[73.8623647,18.4751764],[73.8613399,18.4750968],[73.8590323,18.4748983],[73.8577878,18.4747944]]}},
{"type":"Feature","properties":{"osm_id":"55081002","code":5122,"fclass":"residential","name":"","ref":"","oneway":"B","maxspeed":0,"layer":0,"bridge":"F","tunnel":"F"},"geometry":{"type":"LineString","coordinates":[[73.8600421,18.4757489],[73.8604459,18.4757361],[73.8610143,18.4757751],[73.8616097,18.475816],[73.8623235,18.475865]]}},
{"type":"Feature","properties":{"osm_id":"55081009","code":5122,"fclass":"residential","name":"","ref":"","oneway":"B","maxspeed":0,"layer":0,"bridge":"F","tunnel":"F"},"geometry":{"type":"LineString","coordinates":[[73.8600477,18.4755036],[73.8586803,18.4754198],[73.858156,18.4753846],[73.8577469,18.4753628]]}},
{"type":"Feature","properties":{"osm_id":"55081012","code":5122,"fclass":"residential","name":"","ref":"","oneway":"B","maxspeed":0,"layer":0,"bridge":"F","tunnel":"F"},"geometry":{"type":"LineString","coordinates":[[73.8600168,18.4763647],[73.8586784,18.4763486],[73.8581532,18.4763414],[73.8573419,18.4763397]]}},
{"type":"Feature","properties":{"osm_id":"55081018","code":5115,"fclass":"tertiary","name":"","ref":"","oneway":"B","maxspeed":0,"layer":0,"bridge":"F","tunnel":"F"},"geometry":{"type":"LineString","coordinates":[[73.8571009,18.4770868],[73.8572224,18.4768194],[73.8573419,18.4763397],[73.8576667,18.4757699],[73.8577469,18.4753628],[73.8577729,18.475001],[73.8577878,18.4747944],[73.8578179,18.4743947],[73.8579121,18.4738628],[73.8579555,18.4736833],[73.8580489,18.4732643],[73.8580528,18.4732401],[73.8580771,18.4731641],[73.8581787,18.472847],[73.8582834,18.4725751],[73.8583047,18.4725153],[73.8583863,18.4722863],[73.85849,18.4720812],[73.8585953,18.4719284],[73.8588789,18.4715422],[73.8591118,18.4713783],[73.8600085,18.4709404],[73.8601002,18.4708942],[73.8602475,18.4708237],[73.8605424,18.4706127],[73.8608539,18.4703173],[73.8609072,18.4702667],[73.8610738,18.4700717],[73.8614737,18.4695625],[73.8615216,18.4694845],[73.8616673,18.4692457],[73.861758,18.4690971],[73.8617857,18.4689887],[73.8618219,18.4689213]]}},
{"type":"Feature","properties":{"osm_id":"55081047","code":5122,"fclass":"residential","name":"","ref":"","oneway":"B","maxspeed":0,"layer":0,"bridge":"F","tunnel":"F"},"geometry":{"type":"LineString","coordinates":[[73.867356,18.4694409],[73.8674318,18.4693729],[73.8674749,18.4692796],[73.8674192,18.4687565],[73.8673553,18.4682303],[73.867346,18.4681541],[73.8673293,18.4680165],[73.8672984,18.4677626],[73.8672847,18.4676496],[73.8672831,18.4676339],[73.8672741,18.4675467],[73.8672514,18.467327],[73.8672152,18.4669764],[73.8671986,18.4668325],[73.8671805,18.4666762],[73.8670908,18.4659007]]}},
{"type":"Feature","properties":{"osm_id":"55081110","code":5122,"fclass":"residential","name":"","ref":"","oneway":"B","maxspeed":0,"layer":0,"bridge":"F","tunnel":"F"},"geometry":{"type":"LineString","coordinates":[[73.8641571,18.4683087],[73.8639465,18.4682783],[73.8636872,18.4682408],[73.8634017,18.4681996],[73.8631533,18.4681637],[73.8629456,18.4681337],[73.8627552,18.4681062]]}},
{"type":"Feature","properties":{"osm_id":"55081137","code":5122,"fclass":"residential","name":"","ref":"","oneway":"B","maxspeed":0,"layer":0,"bridge":"F","tunnel":"F"},"geometry":{"type":"LineString","coordinates":[[73.8578179,18.4743947],[73.8598493,18.4745754]]}},
{"type":"Feature","properties":{"osm_id":"55081252","code":5115,"fclass":"tertiary","name":"Golwalkar Guruji Path","ref":"","oneway":"B","maxspeed":0,"layer":0,"bridge":"F","tunnel":"F"},"geometry":{"type":"LineString","coordinates":[[73.8564002,18.4744627],[73.8563009,18.4744583],[73.8561997,18.474455],[73.8556007,18.4744265],[73.8552001,18.4744064],[73.8550006,18.4743964],[73.8543494,18.4743826],[73.8542211,18.474374],[73.8541003,18.4743741],[73.853749,18.4743899],[73.8536817,18.474399],[73.8533071,18.4744905],[73.8531441,18.4746288],[73.8529099,18.4747851],[73.8526519,18.4749572],[73.852152,18.4753911],[73.851954,18.4755544],[73.8516778,18.4758384],[73.8513537,18.4761783],[73.8509926,18.4767485],[73.8509675,18.476972],[73.8508637,18.4774643],[73.8506993,18.478244],[73.8503903,18.4798401],[73.8503328,18.4800598],[73.8501884,18.4810732],[73.8501844,18.4811015],[73.8501272,18.4814489],[73.8500677,18.4818102],[73.8500409,18.4819929],[73.8499651,18.4824498],[73.8499016,18.4827855],[73.8498417,18.483137],[73.8498294,18.4832364],[73.8498038,18.4833929],[73.8497914,18.4834662],[73.8497715,18.4835841],[73.8497437,18.4837676],[73.849718,18.48406],[73.8497091,18.4841763],[73.8497211,18.4843092],[73.849732,18.4844654],[73.8497349,18.4845066],[73.8497955,18.4848275],[73.8498088,18.4848479],[73.8498803,18.4851314]]}},
{"type":"Feature","properties":{"osm_id":"55081263","code":5115,"fclass":"tertiary","name":"Shahu College Road","ref":"","oneway":"B","maxspeed":30,"layer":0,"bridge":"F","tunnel":"F"},"geometry":{"type":"LineString","coordinates":[[73.8576104,18.4924231],[73.8571184,18.4924359],[73.8570585,18.4924375],[73.8564918,18.4924522],[73.8563326,18.4924565],[73.8561187,18.4924623],[73.8559151,18.4924678],[73.8556171,18.4924757],[73.8554248,18.4924808],[73.8551194,18.4924889],[73.8549901,18.4924929],[73.8548066,18.4925006],[73.8547476,18.4925031],[73.8544611,18.4925076],[73.8541317,18.4925128]]}},
{"type":"Feature","properties":{"osm_id":"55081349","code":5115,"fclass":"tertiary","name":"Shiv Darshan Road","ref":"","oneway":"B","maxspeed":30,"layer":0,"bridge":"F","tunnel":"F"},"geometry":{"type":"LineString","coordinates":[[73.8540405,18.4888638],[73.8540681,18.4890401],[73.8540964,18.4893763],[73.8541084,18.4895178],[73.8541265,18.4897331],[73.8541419,18.4900487],[73.8541448,18.4901074],[73.8541534,18.4902861],[73.8541618,18.490458],[73.8541747,18.4907212],[73.8541885,18.4910046],[73.8541728,18.4912492],[73.8541584,18.491473],[73.8541397,18.4917626],[73.8541317,18.4925128]]}},
{"type":"Feature","properties":{"osm_id":"55081378","code":5115,"fclass":"tertiary","name":"Aranyeshwar Road","ref":"","oneway":"B","maxspeed":0,"layer":0,"bridge":"F","tunnel":"F"},"geometry":{"type":"LineString","coordinates":[[73.857467,18.4861353],[73.8573028,18.4861274],[73.8564569,18.4860864],[73.8556774,18.4860486],[73.855399,18.486036],[73.8543256,18.4859875],[73.8540067,18.4860066]]}},
{"type":"Feature","properties":{"osm_id":"57008253","code":5122,"fclass":"residential","name":"","ref":"","oneway":"B","maxspeed":30,"layer":0,"bridge":"F","tunnel":"F"},"geometry":{"type":"LineString","coordinates":[[73.8496869,18.4656358],[73.8496449,18.4661307],[73.8496256,18.4662327],[73.8496778,18.4662741],[73.849772,18.4663079],[73.8498961,18.4663678],[73.8500794,18.46641],[73.8502697,18.4664896],[73.8504277,18.4665557],[73.8504704,18.4665779],[73.8506373,18.466665],[73.8505169,18.4670423],[73.8503696,18.4677032],[73.8503653,18.4679296]]}},
{"type":"Feature","properties":{"osm_id":"57008254","code":5122,"fclass":"residential","name":"","ref":"","oneway":"B","maxspeed":0,"layer":0,"bridge":"F","tunnel":"F"},"geometry":{"type":"LineString","coordinates":[[73.8578377,18.4659373],[73.8576379,18.4659531],[73.8575556,18.4659564],[73.8572819,18.4659673],[73.8570898,18.4660039],[73.8569196,18.4660538],[73.8568351,18.4660548],[73.856768,18.4660293],[73.8566904,18.465998],[73.8563686,18.4658858],[73.8560396,18.4657829],[73.8557253,18.4656847],[73.8550631,18.4654774],[73.8549511,18.4653636]]}},
{"type":"Feature","properties":{"osm_id":"57008256","code":5122,"fclass":"residential","name":"","ref":"","oneway":"B","maxspeed":0,"layer":0,"bridge":"F","tunnel":"F"},"geometry":{"type":"LineString","coordinates":[[73.8580737,18.4656272],[73.8586757,18.4657271],[73.8593525,18.4658684],[73.859831,18.4659683],[73.8601659,18.4660429],[73.8602471,18.466061],[73.86045,18.4661062],[73.8604791,18.4661127],[73.8610186,18.4662385]]}},
{"type":"Feature","properties":{"osm_id":"57008257","code":5122,"fclass":"residential","name":"KP Nagar Road","ref":"","oneway":"B","maxspeed":0,"layer":0,"bridge":"F","tunnel":"F"},"geometry":{"type":"LineString","coordinates":[[73.8580166,18.4663666],[73.8583855,18.466438],[73.8599226,18.4667353],[73.8603222,18.4668248],[73.8612156,18.4670248]]}},
{"type":"Feature","properties":{"osm_id":"57008258","code":5122,"fclass":"residential","name":"","ref":"","oneway":"B","maxspeed":0,"layer":0,"bridge":"F","tunnel":"F"},"geometry":{"type":"LineString","coordinates":[[73.8579646,18.4670404],[73.8590955,18.4671987],[73.8596263,18.4673087],[73.8598432,18.4673514],[73.8604009,18.4674512],[73.8609567,18.4675383],[73.8610225,18.4675486]]}},
{"type":"Feature","properties":{"osm_id":"57008260","code":5122,"fclass":"residential","name":"","ref":"","oneway":"B","maxspeed":0,"layer":0,"bridge":"F","tunnel":"F"},"geometry":{"type":"LineString","coordinates":[[73.8548161,18.4676951],[73.854922,18.4677004],[73.855134,18.4677109],[73.8551476,18.4677116],[73.8553078,18.4677195],[73.8553779,18.4677277],[73.8555664,18.4677499],[73.8555798,18.4677519],[73.8558254,18.4677879],[73.8560275,18.4678004],[73.8563203,18.4678185],[73.8563283,18.4676027],[73.8563323,18.4674964],[73.8563519,18.4669684]]}},
{"type":"Feature","properties":{"osm_id":"57008320","code":5122,"fclass":"residential","name":"","ref":"","oneway":"B","maxspeed":0,"layer":0,"bridge":"F","tunnel":"F"},"geometry":{"type":"LineString","coordinates":[[73.8542456,18.4657435],[73.8543079,18.4659273],[73.8545835,18.466836],[73.854675,18.4672324],[73.8546935,18.4673126]]}},
{"type":"Feature","properties":{"osm_id":"57008447","code":5115,"fclass":"tertiary","name":"KK Market road","ref":"","oneway":"F","maxspeed":0,"layer":0,"bridge":"F","tunnel":"F"},"geometry":{"type":"LineString","coordinates":[[73.8591443,18.4686265],[73.8592913,18.4686442],[73.8597559,18.468703],[73.8598733,18.4687276],[73.8602352,18.4688033],[73.8607104,18.4689277],[73.8608664,18.4689546]]}},
{"type":"Feature","properties":{"osm_id":"57008448","code":5122,"fclass":"residential","name":"","ref":"","oneway":"B","maxspeed":0,"layer":0,"bridge":"F","tunnel":"F"},"geometry":{"type":"LineString","coordinates":[[73.8578747,18.4678177],[73.8589894,18.4678703],[73.8595663,18.467894],[73.8599922,18.4679177],[73.8601392,18.4679343],[73.8603594,18.4679591],[73.860378,18.4679612],[73.8605487,18.4679856],[73.8608509,18.4680287]]}},
{"type":"Feature","properties":{"osm_id":"57008449","code":5122,"fclass":"residential","name":"Bhakti Road Path","ref":"","oneway":"B","maxspeed":0,"layer":0,"bridge":"F","tunnel":"F"},"geometry":{"type":"LineString","coordinates":[[73.8604791,18.4661127],[73.8605439,18.4659763],[73.8605967,18.4658649],[73.860663,18.4657254],[73.8609615,18.4650968],[73.8610912,18.4648236],[73.8612847,18.4643673],[73.8614603,18.4639534],[73.8615095,18.4638374],[73.8615398,18.4638001],[73.8616129,18.46371],[73.8617301,18.463573],[73.8618627,18.4634714],[73.8618871,18.4634647],[73.8620225,18.4634279],[73.8620466,18.4634097],[73.8621058,18.463365],[73.8621347,18.4633021],[73.8622094,18.4630888],[73.8624932,18.4622786],[73.8625255,18.4621367],[73.8625334,18.462092],[73.8625549,18.4620309]]}},
{"type":"Feature","properties":{"osm_id":"57008450","code":5122,"fclass":"residential","name":"","ref":"","oneway":"B","maxspeed":0,"layer":0,"bridge":"F","tunnel":"F"},"geometry":{"type":"LineString","coordinates":[[73.859831,18.4659683],[73.8599329,18.4657358],[73.8600355,18.4655019],[73.8600531,18.4654617],[73.8602159,18.4650903],[73.8602714,18.4649636],[73.8604533,18.4645486],[73.8608244,18.4637578],[73.8610113,18.4633595],[73.8611231,18.4629294],[73.8611681,18.4627549],[73.8612424,18.4624734],[73.8612506,18.462422],[73.8612827,18.4623191]]}},
{"type":"Feature","properties":{"osm_id":"57008453","code":5122,"fclass":"residential","name":"","ref":"","oneway":"B","maxspeed":0,"layer":0,"bridge":"F","tunnel":"F"},"geometry":{"type":"LineString","coordinates":[[73.8582958,18.463597],[73.8584329,18.4636209],[73.8585281,18.4636697],[73.8588714,18.4638588],[73.8589089,18.4638773],[73.8594931,18.4641641],[73.8598627,18.4643102],[73.8604533,18.4645486],[73.8610912,18.4648236],[73.8614458,18.4649474]]}},
{"type":"Feature","properties":{"osm_id":"57008462","code":5122,"fclass":"residential","name":"Dhankawadi Road","ref":"","oneway":"B","maxspeed":0,"layer":0,"bridge":"F","tunnel":"F"},"geometry":{"type":"LineString","coordinates":[[73.8579618,18.4605472],[73.8574128,18.4605739],[73.8572579,18.4605861],[73.8572564,18.4606376],[73.8572436,18.461091],[73.8572412,18.461174],[73.8571531,18.4613777],[73.8566688,18.4624751],[73.8565794,18.4627118],[73.8565416,18.4630263],[73.8565376,18.4631195],[73.856476,18.463717],[73.8564522,18.4639806]]}},
{"type":"Feature","properties":{"osm_id":"60865774","code":5122,"fclass":"residential","name":"Ivory Estate Road","ref":"","oneway":"B","maxspeed":0,"layer":0,"bridge":"F","tunnel":"F"},"geometry":{"type":"LineString","coordinates":[[73.7998073,18.551931],[73.8002579,18.5519107],[73.8008158,18.5518496],[73.8013367,18.5517894],[73.8013913,18.5517827],[73.8017805,18.5517353],[73.8020531,18.5517092],[73.8027113,18.5516157]]}},
{"type":"Feature","properties":{"osm_id":"60869547","code":5115,"fclass":"tertiary","name":"Baner-Pashan Link Road","ref":"","oneway":"B","maxspeed":0,"layer":0,"bridge":"F","tunnel":"F"},"geometry":{"type":"LineString","coordinates":[[73.7900418,18.5427351],[73.7901344,18.543175],[73.7901354,18.5431798],[73.7901436,18.5432186],[73.7901615,18.5434532],[73.790165,18.5434991],[73.7902401,18.5441356],[73.7902814,18.5444859],[73.790302,18.5446686],[73.7903274,18.5448938],[73.7903389,18.5449565],[73.7904594,18.5456112],[73.7905191,18.5458118],[73.7906572,18.5463229],[73.7907417,18.5466434],[73.7908088,18.5469147],[73.7908977,18.5473082],[73.7908987,18.5473357],[73.7909181,18.5474214],[73.7910193,18.5478678],[73.7911081,18.5483045],[73.7911609,18.5484624]]}},
{"type":"Feature","properties":{"osm_id":"60884106","code":5115,"fclass":"tertiary","name":"","ref":"","oneway":"B","maxspeed":0,"layer":0,"bridge":"F","tunnel":"F"},"geometry":{"type":"LineString","coordinates":[[73.7685059,18.561018],[73.7677691,18.5630602],[73.7676894,18.5632765],[73.7674896,18.5638191],[73.76737,18.5641597],[73.7670159,18.5651192],[73.7667779,18.565764],[73.7666406,18.566136],[73.7664837,18.5665611],[73.7663696,18.5668702],[73.7663596,18.5668972],[73.7661373,18.5674941]]}},
{"type":"Feature","properties":{"osm_id":"60884947","code":5133,"fclass":"primary_link","name":"Baner to NH4 merge","ref":"","oneway":"F","maxspeed":0,"layer":0,"bridge":"F","tunnel":"F"},"geometry":{"type":"LineString","coordinates":[[73.766567,18.5686919],[73.7664999,18.56869],[73.7664571,18.5686892],[73.7664159,18.5686743],[73.7663796,18.5686517],[73.7663532,18.5686251],[73.7663383,18.5685953],[73.7663196,18.5685099]]}},
{"type":"Feature","properties":{"osm_id":"60884951","code":5113,"fclass":"primary","name":"Baner Exit Ramp","ref":"","oneway":"F","maxspeed":0,"layer":0,"bridge":"F","tunnel":"F"},"geometry":{"type":"LineString","coordinates":[[73.7649973,18.5717722],[73.7652085,18.5713597],[73.7653003,18.5712039],[73.7653586,18.5710774],[73.7654136,18.5709306],[73.7657468,18.5700413],[73.7660749,18.5691656],[73.7661124,18.5690656]]}},
{"type":"Feature","properties":{"osm_id":"60977081","code":5133,"fclass":"primary_link","name":"To NH4 Bypass","ref":"","oneway":"F","maxspeed":20,"layer":-1,"bridge":"F","tunnel":"F"},"geometry":{"type":"LineString","coordinates":[[73.7548576,18.5920253],[73.7550191,18.5920766],[73.7552105,18.5920836],[73.7559352,18.5920864],[73.7562322,18.5920842],[73.7566738,18.592081],[73.7567667,18.5920803],[73.7568621,18.5920844],[73.7569026,18.5920864],[73.7569194,18.5920872]]}},
{"type":"Feature","properties":{"osm_id":"60979273","code":5133,"fclass":"primary_link","name":"To NH4 Bypass","ref":"","oneway":"F","maxspeed":0,"layer":0,"bridge":"F","tunnel":"F"},"geometry":{"type":"LineString","coordinates":[[73.7607847,18.5924187],[73.760691,18.5923677],[73.7602963,18.5923128],[73.759164,18.592155],[73.7586925,18.5920893],[73.7584826,18.5920605],[73.7583133,18.5920427],[73.7580309,18.5920197],[73.7575535,18.5919809],[73.757478,18.591956],[73.7574403,18.5919255]]}},
{"type":"Feature","properties":{"osm_id":"60979278","code":5133,"fclass":"primary_link","name":"Exit to Hinjawadi","ref":"","oneway":"F","maxspeed":20,"layer":0,"bridge":"F","tunnel":"F"},"geometry":{"type":"LineString","coordinates":[[73.7570128,18.5918573],[73.7567869,18.5918453],[73.7565363,18.591832],[73.7562086,18.591823],[73.7558613,18.5918275],[73.7554278,18.591834],[73.7551316,18.5918285],[73.7550068,18.5918192],[73.75496,18.5918165],[73.7547759,18.5917946],[73.7545987,18.5917597],[73.7544844,18.5917369],[73.7543421,18.5917063],[73.7542227,18.5916717],[73.7539292,18.5915932]]}},
{"type":"Feature","properties":{"osm_id":"60979344","code":5112,"fclass":"trunk","name":"Katraj - Dehu Road Bypass","ref":"NH48","oneway":"F","maxspeed":80,"layer":0,"bridge":"F","tunnel":"F"},"geometry":{"type":"LineString","coordinates":[[73.7803705,18.5399166],[73.7802805,18.5400231],[73.780091,18.5402003],[73.7798571,18.540387],[73.7795786,18.5405891],[73.7792105,18.5408467],[73.7780843,18.5416208],[73.7777287,18.5418635],[73.7774164,18.5421044],[73.7771021,18.5423615],[73.7767593,18.5426649],[73.7756036,18.5436469]]}},
{"type":"Feature","properties":{"osm_id":"60979745","code":5141,"fclass":"service","name":"Gold Coast Road","ref":"","oneway":"B","maxspeed":0,"layer":0,"bridge":"F","tunnel":"F"},"geometry":{"type":"LineString","coordinates":[[73.8006603,18.5512926],[73.800671,18.5514452],[73.8007193,18.5515952],[73.8008588,18.5516639],[73.8010251,18.5516537],[73.8011583,18.551634]]}},
{"type":"Feature","properties":{"osm_id":"60979746","code":5141,"fclass":"service","name":"Gold Coast Road","ref":"","oneway":"F","maxspeed":0,"layer":0,"bridge":"F","tunnel":"F"},"geometry":{"type":"LineString","coordinates":[[73.8013913,18.5517827],[73.8013792,18.5517554],[73.801355,18.551702],[73.801347,18.5516461],[73.8013577,18.5515774],[73.8013711,18.5515189],[73.8013711,18.5514579],[73.8013711,18.5513842],[73.801347,18.5513028],[73.8013201,18.5512468],[73.8012772,18.5511884],[73.8012316,18.551135],[73.8011726,18.5510994],[73.8011324,18.5510866],[73.8011002,18.5510816],[73.801068,18.5510816],[73.8010412,18.5510917],[73.8010331,18.5511197],[73.8010519,18.5511426],[73.8010948,18.5511426],[73.8011351,18.5511451],[73.8011619,18.5511706],[73.8011619,18.5512087],[73.8011646,18.5512418],[73.8011887,18.5512723],[73.8012236,18.5513028],[73.8012182,18.5513282],[73.8012102,18.5513638],[73.8012021,18.551402],[73.801186,18.5514452],[73.8011699,18.5514986],[73.8011431,18.5515596],[73.8011442,18.5515915],[73.8011583,18.551634]]}},
{"type":"Feature","properties":{"osm_id":"60980782","code":5115,"fclass":"tertiary","name":"Dahanukar Circle","ref":"","oneway":"B","maxspeed":0,"layer":0,"bridge":"F","tunnel":"F"},"geometry":{"type":"LineString","coordinates":[[73.8114584,18.4954568],[73.8114953,18.4955249],[73.8115489,18.4955821],[73.8116158,18.4956249],[73.8116918,18.4956505],[73.8117721,18.4956575],[73.8118518,18.4956452],[73.8119198,18.4956178],[73.8119795,18.4955764],[73.8120277,18.4955232],[73.8120617,18.4954609],[73.8120799,18.4953929],[73.8120812,18.4953228],[73.8120648,18.495252],[73.8120313,18.4951869],[73.8119825,18.4951311],[73.8119212,18.4950877],[73.8118509,18.4950593],[73.8117755,18.4950475],[73.8116993,18.4950528],[73.8116242,18.495076],[73.8115574,18.4951159],[73.8115028,18.4951701],[73.8114637,18.4952352],[73.8114425,18.4953073],[73.8114405,18.4953822],[73.8114584,18.4954568]]}},
{"type":"Feature","properties":{"osm_id":"60980787","code":5122,"fclass":"residential","name":"","ref":"","oneway":"B","maxspeed":0,"layer":0,"bridge":"F","tunnel":"F"},"geometry":{"type":"LineString","coordinates":[[73.8223806,18.4974418],[73.8223471,18.4972664],[73.8223249,18.4971505],[73.8222758,18.4968937],[73.8222554,18.496787],[73.8221926,18.4964591],[73.8221744,18.4963637],[73.8220763,18.495851],[73.8220239,18.4955769],[73.8219149,18.4950069],[73.8216983,18.4938745],[73.8215879,18.4934263],[73.8215081,18.4931024],[73.8214697,18.4929466],[73.8213999,18.4926634],[73.8213043,18.4922754],[73.8211833,18.4917841]]}},
{"type":"Feature","properties":{"osm_id":"60980799","code":5115,"fclass":"tertiary","name":"V G alias Abasaheb Patwardhan Road","ref":"","oneway":"B","maxspeed":0,"layer":0,"bridge":"F","tunnel":"F"},"geometry":{"type":"LineString","coordinates":[[73.832823,18.4972872],[73.8326054,18.4974817],[73.8324717,18.4976012],[73.8323974,18.4976736],[73.8323587,18.4977113],[73.8322957,18.4977727],[73.8321804,18.4978934],[73.8321142,18.4979627]]}},
{"type":"Feature","properties":{"osm_id":"60980800","code":5122,"fclass":"residential","name":"","ref":"","oneway":"F","maxspeed":0,"layer":0,"bridge":"F","tunnel":"F"},"geometry":{"type":"LineString","coordinates":[[73.8340768,18.5064867],[73.833893,18.5062846],[73.8338111,18.5061946],[73.8333399,18.5058528],[73.8332682,18.5058104],[73.8329645,18.5056786]]}},
{"type":"Feature","properties":{"osm_id":"60980803","code":5115,"fclass":"tertiary","name":"Imambhai Shekh Path","ref":"","oneway":"B","maxspeed":0,"layer":0,"bridge":"F","tunnel":"F"},"geometry":{"type":"LineString","coordinates":[[73.8307875,18.5041844],[73.8308219,18.5041283]]}},
{"type":"Feature","properties":{"osm_id":"60980973","code":5122,"fclass":"residential","name":"Lane 6","ref":"","oneway":"B","maxspeed":30,"layer":0,"bridge":"F","tunnel":"F"},"geometry":{"type":"LineString","coordinates":[[73.8119097,18.4958569],[73.8120968,18.4965412],[73.8122185,18.4969863],[73.8123961,18.4976878]]}},
{"type":"Feature","properties":{"osm_id":"60981092","code":5115,"fclass":"tertiary","name":"Rahul Gangavane Path","ref":"","oneway":"B","maxspeed":0,"layer":0,"bridge":"F","tunnel":"F"},"geometry":{"type":"LineString","coordinates":[[73.7975664,18.5076603],[73.7974872,18.506522],[73.7974964,18.5064753],[73.797503,18.5064416],[73.7975487,18.5063433],[73.7975792,18.5062554],[73.7976017,18.5061503],[73.7976214,18.5060353],[73.7976572,18.5059421]]}},
{"type":"Feature","properties":{"osm_id":"60981093","code":5141,"fclass":"service","name":"","ref":"","oneway":"B","maxspeed":0,"layer":0,"bridge":"F","tunnel":"F"},"geometry":{"type":"LineString","coordinates":[[73.8034948,18.5019928],[73.803487,18.5019281],[73.8033953,18.5011633],[73.8033563,18.5008822],[73.8033518,18.5008499],[73.8033251,18.5006571],[73.8032869,18.500381]]}},
{"type":"Feature","properties":{"osm_id":"60981748","code":5141,"fclass":"service","name":"","ref":"","oneway":"B","maxspeed":0,"layer":0,"bridge":"F","tunnel":"F"},"geometry":{"type":"LineString","coordinates":[[73.8040683,18.5457337],[73.8040527,18.5456153],[73.8040547,18.5450057]]}},
{"type":"Feature","properties":{"osm_id":"60981750","code":5122,"fclass":"residential","name":"Gurucharan Singh Sehmbey Lane","ref":"","oneway":"B","maxspeed":0,"layer":0,"bridge":"F","tunnel":"F"},"geometry":{"type":"LineString","coordinates":[[73.806539,18.5604711],[73.8065397,18.5604081],[73.8065368,18.5601419],[73.8065363,18.5601217],[73.806531,18.5599161],[73.8064023,18.5596192],[73.8064568,18.5592961],[73.8064648,18.5592485],[73.8065632,18.5586651],[73.80655,18.5585898],[73.806531,18.558482],[73.8061743,18.5582645],[73.80615,18.5580079],[73.8061707,18.5577607],[73.8061817,18.5575591],[73.8061803,18.5572256],[73.8061767,18.5563373],[73.8061753,18.5559835]]}},
{"type":"Feature","properties":{"osm_id":"60981752","code":5122,"fclass":"residential","name":"Someshwar Wadi Road","ref":"","oneway":"B","maxspeed":0,"layer":0,"bridge":"F","tunnel":"F"},"geometry":{"type":"LineString","coordinates":[[73.8049276,18.5511723],[73.8049268,18.5510648],[73.8049002,18.5509249],[73.8048418,18.5502979],[73.8048005,18.5498548],[73.8047332,18.5490288],[73.8046839,18.5484984],[73.8046531,18.5481664],[73.8046467,18.5480974],[73.8044253,18.5457145],[73.8043912,18.5456743],[73.8043365,18.5456625],[73.8040683,18.5457337],[73.8035912,18.5458591],[73.803037,18.5460048],[73.8029639,18.546024],[73.8025865,18.5461233],[73.8024905,18.5461485]]}},
{"type":"Feature","properties":{"osm_id":"60981753","code":5122,"fclass":"residential","name":"","ref":"","oneway":"B","maxspeed":0,"layer":0,"bridge":"F","tunnel":"F"},"geometry":{"type":"LineString","coordinates":[[73.8036078,18.5447402],[73.8035979,18.5449434],[73.8035815,18.5452782],[73.803574,18.545424],[73.8035774,18.545649],[73.8035912,18.5458591]]}},
{"type":"Feature","properties":{"osm_id":"60981754","code":5122,"fclass":"residential","name":"","ref":"","oneway":"B","maxspeed":0,"layer":0,"bridge":"F","tunnel":"F"},"geometry":{"type":"LineString","coordinates":[[73.8024905,18.5461485],[73.8024707,18.5458178],[73.8024738,18.5454228],[73.8024739,18.545409],[73.8024808,18.5452137],[73.8024859,18.54507],[73.8024932,18.5449283],[73.8024939,18.5449115],[73.8025012,18.5447359],[73.8025064,18.5446292],[73.8025154,18.544446],[73.8025231,18.5442885],[73.8025319,18.5441094],[73.8025274,18.5440976],[73.8025208,18.5440878],[73.8025128,18.5440791],[73.802501,18.5440724],[73.8021784,18.5440669],[73.8021665,18.5440612],[73.8021557,18.5440534]]}},
{"type":"Feature","properties":{"osm_id":"60981800","code":5122,"fclass":"residential","name":"Ashiyana Park Lane 2","ref":"","oneway":"B","maxspeed":30,"layer":0,"bridge":"F","tunnel":"F"},"geometry":{"type":"LineString","coordinates":[[73.8001751,18.5571295],[73.8001957,18.5571333],[73.8010095,18.557285],[73.8012273,18.5573256],[73.8013252,18.5573519],[73.8013941,18.5573783],[73.8014951,18.5574105],[73.802176,18.5574836],[73.8038176,18.5576598]]}},
{"type":"Feature","properties":{"osm_id":"60981874","code":5114,"fclass":"secondary","name":"Mahadji Shinde Marg","ref":"","oneway":"F","maxspeed":0,"layer":0,"bridge":"F","tunnel":"F"},"geometry":{"type":"LineString","coordinates":[[73.8074085,18.5604669],[73.8074018,18.5605258],[73.8074078,18.5608726],[73.807419,18.5616824],[73.807431,18.5624902],[73.8074354,18.5627834]]}},
{"type":"Feature","properties":{"osm_id":"60981877","code":5122,"fclass":"residential","name":"Wireless Colony Lane","ref":"","oneway":"B","maxspeed":0,"layer":0,"bridge":"F","tunnel":"F"},"geometry":{"type":"LineString","coordinates":[[73.8057802,18.5628332],[73.8059755,18.5628244],[73.8060747,18.5628199],[73.8064461,18.5628033],[73.8071692,18.5627888],[73.8074354,18.5627834]]}},
{"type":"Feature","properties":{"osm_id":"60981989","code":5114,"fclass":"secondary","name":"Ramchandra Gayakwad Path","ref":"","oneway":"F","maxspeed":30,"layer":0,"bridge":"F","tunnel":"F"},"geometry":{"type":"LineString","coordinates":[[73.8035008,18.5603138],[73.8036059,18.5603245],[73.803928,18.5603434],[73.8041557,18.5603568],[73.8045726,18.5603812],[73.8046033,18.5603827],[73.8046966,18.5603871],[73.8052124,18.5604114],[73.8054747,18.5604188],[73.8057271,18.560426],[73.805821,18.5604287],[73.8059165,18.5604343],[73.8060725,18.5604435],[73.8065033,18.560469],[73.806539,18.5604711],[73.8069985,18.5605002],[73.8074018,18.5605258],[73.8074588,18.5605301],[73.8076747,18.5605493],[73.8090818,18.5606193],[73.8091826,18.5606155]]}},
{"type":"Feature","properties":{"osm_id":"60987839","code":5134,"fclass":"secondary_link","name":"Mula Road Underpass","ref":"","oneway":"F","maxspeed":0,"layer":0,"bridge":"F","tunnel":"F"},"geometry":{"type":"LineString","coordinates":[[73.8515398,18.5443013],[73.8514546,18.5443522],[73.8514096,18.5443823],[73.8513426,18.544443],[73.8513175,18.5444883],[73.8513057,18.5445409],[73.8513053,18.5446087],[73.8513189,18.5446527],[73.8513638,18.5447003],[73.8514305,18.544738],[73.8514814,18.5447578]]}},
{"type":"Feature","properties":{"osm_id":"60989945","code":5122,"fclass":"residential","name":"EIL Road","ref":"","oneway":"F","maxspeed":0,"layer":0,"bridge":"F","tunnel":"F"},"geometry":{"type":"LineString","coordinates":[[73.8806259,18.5728968],[73.8806535,18.572445],[73.8806505,18.5723466],[73.8806194,18.5722764],[73.8806043,18.5722587],[73.8804482,18.5720753],[73.8803033,18.5719051],[73.879997,18.5715922],[73.8798917,18.5715135],[73.879845,18.5714868],[73.8795086,18.5712944]]}},
{"type":"Feature","properties":{"osm_id":"60989946","code":5122,"fclass":"residential","name":"","ref":"","oneway":"B","maxspeed":0,"layer":0,"bridge":"F","tunnel":"F"},"geometry":{"type":"LineString","coordinates":[[73.8832051,18.5724615],[73.8829576,18.5722143],[73.8828405,18.572144],[73.8827519,18.5720836],[73.8827086,18.5720541],[73.8826508,18.5719684],[73.8826108,18.5718518],[73.8824575,18.5709627],[73.8824507,18.570853],[73.8824433,18.570749],[73.8824412,18.570713],[73.8824295,18.5705079],[73.8824287,18.5702924],[73.8824285,18.5702348],[73.8824313,18.5701553],[73.8824327,18.5701272],[73.8824386,18.5699694],[73.8824433,18.5699018],[73.882462,18.569647],[73.88247,18.569538],[73.8825145,18.5692331],[73.8825524,18.5691053],[73.8826805,18.5688243],[73.8827145,18.5687217],[73.882722,18.5686388],[73.8827189,18.5685071]]}},
{"type":"Feature","properties":{"osm_id":"60989947","code":5113,"fclass":"primary","name":"Sant Dyaneshwar Marg","ref":"","oneway":"F","maxspeed":0,"layer":0,"bridge":"F","tunnel":"F"},"geometry":{"type":"LineString","coordinates":[[73.8781045,18.5725529],[73.8780513,18.5727324],[73.878025,18.5727865],[73.8780009,18.5728359],[73.8771222,18.5744976]]}},
{"type":"Feature","properties":{"osm_id":"60990745","code":5122,"fclass":"residential","name":"Lane No 10","ref":"","oneway":"B","maxspeed":0,"layer":0,"bridge":"F","tunnel":"F"},"geometry":{"type":"LineString","coordinates":[[73.8929978,18.5782979],[73.8930156,18.5776536],[73.8930413,18.5767217],[73.8930504,18.5763894],[73.8930679,18.5758557]]}},
{"type":"Feature","properties":{"osm_id":"60990746","code":5122,"fclass":"residential","name":"Lane Number 14","ref":"","oneway":"B","maxspeed":0,"layer":0,"bridge":"F","tunnel":"F"},"geometry":{"type":"LineString","coordinates":[[73.8958313,18.5754783],[73.8958482,18.5757189],[73.8958702,18.5760315],[73.8958999,18.5764551],[73.8959419,18.5770529],[73.8959527,18.5772061],[73.8959639,18.5773657],[73.895977,18.5775758],[73.8960149,18.5780398],[73.896035,18.578297],[73.8960494,18.5784756],[73.8960777,18.5788062],[73.8961047,18.5791422],[73.8961336,18.579502],[73.8961597,18.5798269],[73.8961873,18.5801612],[73.8962213,18.5806437],[73.8962225,18.580661],[73.8962474,18.5810064],[73.8962594,18.5811731],[73.8962659,18.5812638],[73.896291,18.581821],[73.8963374,18.5823844],[73.8963318,18.5826009],[73.8963588,18.5829862],[73.8963687,18.5831267]]}},
{"type":"Feature","properties":{"osm_id":"60990747","code":5122,"fclass":"residential","name":"Road Number 7D","ref":"","oneway":"B","maxspeed":0,"layer":0,"bridge":"F","tunnel":"F"},"geometry":{"type":"LineString","coordinates":[[73.8904939,18.5782722],[73.8910824,18.5782903],[73.8914657,18.5782899],[73.8918074,18.5782952],[73.8926458,18.5782884],[73.8929978,18.5782979],[73.8936497,18.5783246]]}},
{"type":"Feature","properties":{"osm_id":"60990748","code":5122,"fclass":"residential","name":"","ref":"","oneway":"B","maxspeed":0,"layer":0,"bridge":"F","tunnel":"F"},"geometry":{"type":"LineString","coordinates":[[73.8941786,18.5777428],[73.8941871,18.5783467],[73.894182,18.5789394],[73.8941773,18.5794868],[73.8941743,18.5798416],[73.894171,18.5802208],[73.8941682,18.58055],[73.8941657,18.580842],[73.8941601,18.5814964]]}},
{"type":"Feature","properties":{"osm_id":"60990749","code":5122,"fclass":"residential","name":"Road Number 11","ref":"","oneway":"B","maxspeed":0,"layer":0,"bridge":"F","tunnel":"F"},"geometry":{"type":"LineString","coordinates":[[73.8943895,18.5777485],[73.8944114,18.5771514],[73.8944302,18.5766411],[73.8944377,18.5764369],[73.8944643,18.5757147]]}},
{"type":"Feature","properties":{"osm_id":"60990750","code":5115,"fclass":"tertiary","name":"Lane Number 13","ref":"","oneway":"B","maxspeed":0,"layer":0,"bridge":"F","tunnel":"F"},"geometry":{"type":"LineString","coordinates":[[73.8951609,18.5746322],[73.8951431,18.5747387],[73.8951983,18.5755878],[73.8952095,18.5759858],[73.8952142,18.5761546],[73.8952462,18.5766222],[73.8952745,18.5769487],[73.8952948,18.5771836],[73.8952979,18.5772347],[73.8953117,18.5774632],[73.8953278,18.5777295],[73.8953854,18.5783831]]}},
{"type":"Feature","properties":{"osm_id":"60990751","code":5122,"fclass":"residential","name":"Lane Number 13","ref":"","oneway":"B","maxspeed":0,"layer":0,"bridge":"F","tunnel":"F"},"geometry":{"type":"LineString","coordinates":[[73.8952043,18.5788951],[73.8953703,18.578892],[73.8953918,18.5788833]]}},
{"type":"Feature","properties":{"osm_id":"60990752","code":5122,"fclass":"residential","name":"","ref":"","oneway":"B","maxspeed":0,"layer":0,"bridge":"F","tunnel":"F"},"geometry":{"type":"LineString","coordinates":[[73.8903811,18.5755942],[73.8904539,18.5747102],[73.8905189,18.5741417]]}},
{"type":"Feature","properties":{"osm_id":"60990753","code":5122,"fclass":"residential","name":"","ref":"","oneway":"B","maxspeed":0,"layer":0,"bridge":"F","tunnel":"F"},"geometry":{"type":"LineString","coordinates":[[73.8916475,18.5741664],[73.8916441,18.5742748],[73.8916544,18.57487],[73.8916735,18.5757043]]}},
{"type":"Feature","properties":{"osm_id":"60990754","code":5122,"fclass":"residential","name":"","ref":"","oneway":"B","maxspeed":0,"layer":0,"bridge":"F","tunnel":"F"},"geometry":{"type":"LineString","coordinates":[[73.8933853,18.5758728],[73.8933688,18.5753367],[73.8933726,18.5744876]]}},
{"type":"Feature","properties":{"osm_id":"60990755","code":5122,"fclass":"residential","name":"","ref":"","oneway":"B","maxspeed":0,"layer":0,"bridge":"F","tunnel":"F"},"geometry":{"type":"LineString","coordinates":[[73.8895929,18.5753908],[73.8903081,18.5755797],[73.8903811,18.5755942],[73.8905846,18.5756282],[73.8908068,18.5756651],[73.8916735,18.5757043],[73.8922579,18.5757798],[73.8928731,18.5758369],[73.8930679,18.5758557],[73.8933853,18.5758728],[73.8937101,18.5758469],[73.8939419,18.5758264],[73.8940245,18.5758103],[73.894152,18.5757855],[73.8942651,18.5757601],[73.8944643,18.5757147],[73.8947963,18.5756573],[73.8948314,18.5756512],[73.8949897,18.5756238],[73.8951983,18.5755878],[73.8954779,18.5755394],[73.8957799,18.5754872],[73.8958313,18.5754783],[73.8960063,18.5754423],[73.8967818,18.5752828],[73.8971452,18.575199],[73.8973534,18.575132],[73.8974729,18.5750827],[73.8974957,18.5749771]]}},
{"type":"Feature","properties":{"osm_id":"60990785","code":5113,"fclass":"primary","name":"Vishrantwadi - Airport Road","ref":"","oneway":"F","maxspeed":0,"layer":0,"bridge":"F","tunnel":"F"},"geometry":{"type":"LineString","coordinates":[[73.8840557,18.5734022],[73.8847152,18.5735065],[73.8848734,18.5735166],[73.8851192,18.573536],[73.885209,18.5735409],[73.8853082,18.5735464],[73.8855978,18.5735561],[73.8860364,18.5735884],[73.8879058,18.5738249]]}},
{"type":"Feature","properties":{"osm_id":"60990807","code":5122,"fclass":"residential","name":"Puru Society Main Road","ref":"","oneway":"B","maxspeed":0,"layer":0,"bridge":"F","tunnel":"F"},"geometry":{"type":"LineString","coordinates":[[73.8998957,18.5728971],[73.9001361,18.5729238],[73.900786,18.5729401],[73.9009757,18.5729337],[73.9014454,18.5729177],[73.9017392,18.5729077],[73.9029823,18.5728654],[73.9044238,18.5728165],[73.9046167,18.5728099]]}},
{"type":"Feature","properties":{"osm_id":"60991570","code":5112,"fclass":"trunk","name":"Shivaji Road","ref":"NH60;NH65","oneway":"B","maxspeed":0,"layer":1,"bridge":"T","tunnel":"F"},"geometry":{"type":"LineString","coordinates":[[73.8550363,18.5217074],[73.855011,18.5217641]]}},
{"type":"Feature","properties":{"osm_id":"60991571","code":5112,"fclass":"trunk","name":"Shivaji Road","ref":"NH60;NH65","oneway":"F","maxspeed":0,"layer":0,"bridge":"F","tunnel":"F"},"geometry":{"type":"LineString","coordinates":[[73.8554326,18.5210055],[73.8555358,18.5208561],[73.8556954,18.5206653],[73.8558408,18.5205286],[73.856029,18.5203046],[73.8560368,18.5202954],[73.856056,18.5202656],[73.8561095,18.5201824],[73.8561283,18.5200921],[73.8561483,18.5197231],[73.8561747,18.5192133],[73.8562076,18.5186487],[73.8562138,18.518542]]}},
{"type":"Feature","properties":{"osm_id":"60993711","code":5115,"fclass":"tertiary","name":"Gopal Ganesh Agarkar Path","ref":"","oneway":"B","maxspeed":0,"layer":0,"bridge":"F","tunnel":"F"},"geometry":{"type":"LineString","coordinates":[[73.8307467,18.5201983],[73.8313573,18.5201926],[73.8314647,18.5201919],[73.831814,18.5201894],[73.8319626,18.5201884],[73.8320174,18.5201878],[73.8323195,18.5201846],[73.8325731,18.5201737],[73.8327611,18.5201609],[73.8328523,18.5201559],[73.8334673,18.5201122],[73.8335003,18.5201099],[73.8339182,18.5200802],[73.8339767,18.520076],[73.8341946,18.5200563],[73.8343169,18.5200347],[73.8343947,18.520021],[73.8345009,18.5199933],[73.8345947,18.5199689],[73.8345948,18.5199744],[73.8347004,18.5199315],[73.8347415,18.519917],[73.8348262,18.5198871],[73.8350752,18.5197968],[73.835251,18.519733],[73.8353033,18.5197141],[73.8353849,18.5196844],[73.8354799,18.51965],[73.8360237,18.5194528],[73.8363031,18.5193515],[73.8364973,18.5192975],[73.8366993,18.5192715],[73.8368896,18.5192789],[73.8370759,18.5193068],[73.8372465,18.5193589],[73.8374211,18.5194296],[73.8376545,18.5195579],[73.8377506,18.5196453],[73.8378271,18.519742],[73.8379095,18.5198183],[73.837986,18.5198629],[73.838086,18.5198889],[73.8381723,18.5198871],[73.8382662,18.5198711],[73.8383209,18.5198618],[73.8384165,18.5198455],[73.8389088,18.5197617],[73.840198,18.5195374],[73.8407773,18.5194074],[73.8410845,18.5193384],[73.8411885,18.5193272],[73.841293,18.5193386]]}},
{"type":"Feature","properties":{"osm_id":"60994043","code":5122,"fclass":"residential","name":"Gulmohar Path","ref":"","oneway":"B","maxspeed":0,"layer":0,"bridge":"F","tunnel":"F"},"geometry":{"type":"LineString","coordinates":[[73.8291833,18.5104733],[73.8289058,18.5104957],[73.8285732,18.5105058],[73.8281011,18.5105669],[73.8275539,18.5106584],[73.827114,18.5107195],[73.8267922,18.5107195],[73.8263523,18.5107093],[73.825891,18.5106991],[73.8254833,18.5106991],[73.8253009,18.5106991],[73.8251829,18.5107093]]}},
{"type":"Feature","properties":{"osm_id":"60994047","code":5122,"fclass":"residential","name":"Bhakti Marg","ref":"","oneway":"B","maxspeed":0,"layer":0,"bridge":"F","tunnel":"F"},"geometry":{"type":"LineString","coordinates":[[73.8253068,18.5114452],[73.8257837,18.511391],[73.8262589,18.511391],[73.8263094,18.511391],[73.8267815,18.5113808],[73.8271355,18.5114113],[73.8273715,18.511391],[73.8278865,18.5113401],[73.8284392,18.5111959],[73.8289487,18.5110857],[73.8291853,18.5110535],[73.8294056,18.5110527]]}},
{"type":"Feature","properties":{"osm_id":"60994076","code":5115,"fclass":"tertiary","name":"Shripati Shastri Path","ref":"","oneway":"B","maxspeed":0,"layer":0,"bridge":"F","tunnel":"F"},"geometry":{"type":"LineString","coordinates":[[73.8295683,18.5107026],[73.8296383,18.5107478],[73.8296695,18.5107782],[73.829741,18.5108673],[73.8297748,18.5109738],[73.8298297,18.5111733],[73.8298392,18.5112078],[73.8299572,18.5115639],[73.8300754,18.5117906],[73.8300967,18.5119302],[73.8300703,18.5120104],[73.8299894,18.5121438],[73.8299346,18.5122139],[73.829902,18.5123377],[73.8299035,18.5124795],[73.8299518,18.5125787],[73.8300537,18.512683],[73.8302111,18.5127393],[73.830358,18.5127838],[73.830488,18.512857],[73.8306116,18.5130696],[73.8306811,18.5133248],[73.8306975,18.513385],[73.8307325,18.5135579],[73.8307511,18.5136495],[73.8307797,18.5138441],[73.8307916,18.5139157],[73.8307988,18.5139592],[73.8308524,18.5141621],[73.8309887,18.5143764],[73.8310656,18.5144701],[73.8311463,18.5145363],[73.8313029,18.5146655],[73.8313974,18.5147794]]}},
{"type":"Feature","properties":{"osm_id":"60994804","code":5123,"fclass":"living_street","name":"Lane 15","ref":"","oneway":"B","maxspeed":0,"layer":0,"bridge":"F","tunnel":"F"},"geometry":{"type":"LineString","coordinates":[[73.8311113,18.5189955],[73.8311814,18.5186181],[73.8312125,18.518451],[73.8313159,18.5178945],[73.8313168,18.5178425],[73.8313179,18.5177823],[73.8313197,18.5176836],[73.8313054,18.5176307],[73.8312594,18.5174598],[73.831229,18.5173468],[73.8311883,18.5172258],[73.8311676,18.5171643],[73.8310553,18.5168302],[73.8308905,18.5163398],[73.8308062,18.516089],[73.8306462,18.5155211],[73.8305883,18.5153156],[73.8304978,18.5149947]]}},
{"type":"Feature","properties":{"osm_id":"60995098","code":5141,"fclass":"service","name":"Varsha Park Road","ref":"","oneway":"B","maxspeed":0,"layer":0,"bridge":"F","tunnel":"F"},"geometry":{"type":"LineString","coordinates":[[73.7982236,18.5527327],[73.7991703,18.552721],[73.7991771,18.5527209],[73.7997348,18.552714],[73.7998493,18.5527126],[73.7999328,18.5527115],[73.8006574,18.552628],[73.8016447,18.5525143],[73.8021588,18.5524609],[73.803149,18.552358],[73.8032797,18.5523444],[73.8035254,18.552346]]}},
{"type":"Feature","properties":{"osm_id":"61381836","code":5115,"fclass":"tertiary","name":"Dhananjay Gadgil Path","ref":"","oneway":"B","maxspeed":0,"layer":0,"bridge":"F","tunnel":"F"},"geometry":{"type":"LineString","coordinates":[[73.8318803,18.5147286],[73.831789,18.5143592],[73.8317223,18.5140396],[73.831655,18.5137168],[73.8316151,18.5134103],[73.8315959,18.5131442],[73.831577,18.5128344],[73.8315737,18.5125839],[73.831593,18.5121659],[73.8316112,18.5119313],[73.8316375,18.5116949],[73.8316843,18.5114594],[73.8317421,18.5111611],[73.8317608,18.5110817],[73.8318646,18.5107329],[73.8319583,18.5104679],[73.831991,18.5103813],[73.8320548,18.5102507],[73.8321252,18.5101066],[73.8322714,18.5098081],[73.8325245,18.5093758]]}},
{"type":"Feature","properties":{"osm_id":"61556019","code":5141,"fclass":"service","name":"","ref":"","oneway":"B","maxspeed":0,"layer":0,"bridge":"F","tunnel":"F"},"geometry":{"type":"LineString","coordinates":[[73.8627084,18.5497944],[73.8632559,18.5492982],[73.8633169,18.5492533],[73.8633634,18.5492324],[73.8633846,18.5492228],[73.8635962,18.5491297],[73.8637045,18.5490928],[73.8645575,18.5487771],[73.8647045,18.5487227],[73.8648147,18.5486728],[73.8649475,18.548599],[73.8653259,18.5483548],[73.865394,18.5483108],[73.8654383,18.548279],[73.8657001,18.5480747],[73.86605,18.5477297]]}},
{"type":"Feature","properties":{"osm_id":"61556023","code":5141,"fclass":"service","name":"","ref":"","oneway":"B","maxspeed":0,"layer":0,"bridge":"F","tunnel":"F"},"geometry":{"type":"LineString","coordinates":[[73.8625454,18.5501195],[73.8626075,18.5499921],[73.8627084,18.5497944]]}},
{"type":"Feature","properties":{"osm_id":"61556024","code":5141,"fclass":"service","name":"","ref":"","oneway":"B","maxspeed":0,"layer":0,"bridge":"F","tunnel":"F"},"geometry":{"type":"LineString","coordinates":[[73.8645575,18.5487771],[73.8650325,18.5495884]]}},
{"type":"Feature","properties":{"osm_id":"61556033","code":5141,"fclass":"service","name":"","ref":"","oneway":"B","maxspeed":0,"layer":0,"bridge":"F","tunnel":"F"},"geometry":{"type":"LineString","coordinates":[[73.8661729,18.547565],[73.8662422,18.5474767],[73.8663048,18.5474382],[73.8663895,18.5473965],[73.866486,18.547366],[73.8669177,18.5472938],[73.8669701,18.54726],[73.8670226,18.5471926],[73.8674476,18.5461483]]}},
{"type":"Feature","properties":{"osm_id":"61556204","code":5122,"fclass":"residential","name":"Tupe Patil Road","ref":"","oneway":"B","maxspeed":0,"layer":0,"bridge":"F","tunnel":"F"},"geometry":{"type":"LineString","coordinates":[[73.9376945,18.5038929],[73.9376538,18.5039493],[73.9372756,18.504473],[73.9372248,18.5045631],[73.9371963,18.5046706],[73.9371963,18.5048841],[73.9371961,18.505709],[73.9372489,18.5063429],[73.9372567,18.5064809],[73.9372663,18.5065458],[73.9372716,18.506582],[73.937329,18.5067134],[73.9373815,18.5067986],[73.9374715,18.5069008],[73.9375909,18.5069725],[73.9377986,18.5070264],[73.9378244,18.5070422],[73.9378386,18.507074],[73.9378364,18.5071132],[73.9377187,18.5075814]]}},
{"type":"Feature","properties":{"osm_id":"61556243","code":5115,"fclass":"tertiary","name":"","ref":"","oneway":"F","maxspeed":0,"layer":0,"bridge":"F","tunnel":"F"},"geometry":{"type":"LineString","coordinates":[[73.9007734,18.4854329],[73.9010269,18.4851615],[73.9011593,18.4850556],[73.9013269,18.4849738],[73.9015175,18.4849208],[73.9020988,18.4848065],[73.90216,18.4847934],[73.902185,18.4847859],[73.9022085,18.4847777],[73.9022375,18.484759],[73.9022585,18.4847415]]}},
{"type":"Feature","properties":{"osm_id":"61556393","code":5141,"fclass":"service","name":"","ref":"","oneway":"B","maxspeed":0,"layer":0,"bridge":"F","tunnel":"F"},"geometry":{"type":"LineString","coordinates":[[73.8625664,18.5561202],[73.8625085,18.5563531],[73.8623776,18.5568798],[73.8618733,18.5591275],[73.8641317,18.5637807],[73.8642436,18.5639849],[73.8643026,18.5640662],[73.864426,18.5641171],[73.8646674,18.5642035],[73.8651663,18.5642696],[73.8653755,18.5643103],[73.8665779,18.5648587],[73.8667657,18.5649757],[73.8670726,18.5651822],[73.8672718,18.5653452],[73.8673075,18.5654232],[73.8673665,18.5655631],[73.8676876,18.566586],[73.8677044,18.5666996],[73.8676983,18.5667843],[73.8674845,18.5673378],[73.8670634,18.5683345],[73.8668477,18.5688409]]}},
{"type":"Feature","properties":{"osm_id":"61717166","code":5114,"fclass":"secondary","name":"Chhatrapati Rajaram Maharaj Bridge","ref":"","oneway":"F","maxspeed":0,"layer":1,"bridge":"T","tunnel":"F"},"geometry":{"type":"LineString","coordinates":[[73.8284705,18.4880308],[73.8268115,18.4888683]]}},
{"type":"Feature","properties":{"osm_id":"61717168","code":5114,"fclass":"secondary","name":"Rajaram Bridge","ref":"","oneway":"F","maxspeed":0,"layer":0,"bridge":"F","tunnel":"F"},"geometry":{"type":"LineString","coordinates":[[73.8268115,18.4888683],[73.8266223,18.4889875]]}},
{"type":"Feature","properties":{"osm_id":"61717182","code":5114,"fclass":"secondary","name":"Raveendra Mhatre Bridge","ref":"","oneway":"F","maxspeed":0,"layer":1,"bridge":"T","tunnel":"F"},"geometry":{"type":"LineString","coordinates":[[73.837357,18.5045923],[73.8355704,18.5045112]]}},
{"type":"Feature","properties":{"osm_id":"61720915","code":5115,"fclass":"tertiary","name":"","ref":"","oneway":"B","maxspeed":0,"layer":0,"bridge":"F","tunnel":"F"},"geometry":{"type":"LineString","coordinates":[[73.8597248,18.5186506],[73.8596498,18.5190235]]}},
{"type":"Feature","properties":{"osm_id":"61720916","code":5122,"fclass":"residential","name":"","ref":"","oneway":"B","maxspeed":0,"layer":0,"bridge":"F","tunnel":"F"},"geometry":{"type":"LineString","coordinates":[[73.865081,18.5216217],[73.8649642,18.5216306],[73.8645294,18.5216308],[73.8642985,18.5216309],[73.8641377,18.521631],[73.863901,18.5216492],[73.8637023,18.5216431],[73.8631419,18.521626],[73.8628705,18.5216016],[73.8627001,18.5216101],[73.8625527,18.5216303],[73.8623502,18.521671],[73.8621173,18.5217606],[73.8619914,18.5218077],[73.8619145,18.5218301],[73.8618714,18.5220728]]}},
{"type":"Feature","properties":{"osm_id":"61720919","code":5122,"fclass":"residential","name":"","ref":"","oneway":"B","maxspeed":0,"layer":0,"bridge":"F","tunnel":"F"},"geometry":{"type":"LineString","coordinates":[[73.8638695,18.5220903],[73.8630286,18.5221087],[73.8627986,18.5221137],[73.8627343,18.5221119],[73.8618714,18.5220728],[73.8616503,18.5220783],[73.86162,18.5224062]]}},
{"type":"Feature","properties":{"osm_id":"61721193","code":5122,"fclass":"residential","name":"","ref":"","oneway":"B","maxspeed":0,"layer":0,"bridge":"F","tunnel":"F"},"geometry":{"type":"LineString","coordinates":[[73.8638147,18.5251841],[73.8647167,18.5249648],[73.8649664,18.5249264]]}},
{"type":"Feature","properties":{"osm_id":"61721195","code":5122,"fclass":"residential","name":"","ref":"","oneway":"B","maxspeed":0,"layer":0,"bridge":"F","tunnel":"F"},"geometry":{"type":"LineString","coordinates":[[73.8629625,18.5233509],[73.8630009,18.5239635],[73.8630351,18.5241286],[73.8630937,18.5242861],[73.8632366,18.5244509],[73.8633698,18.5246064],[73.8633947,18.5246355]]}},
{"type":"Feature","properties":{"osm_id":"61721200","code":5122,"fclass":"residential","name":"","ref":"","oneway":"B","maxspeed":0,"layer":0,"bridge":"F","tunnel":"F"},"geometry":{"type":"LineString","coordinates":[[73.8731593,18.5274008],[73.8736608,18.5272316],[73.8738223,18.5271829],[73.8738654,18.5271699],[73.8741144,18.5271155],[73.8742446,18.5271071],[73.8744261,18.5271164],[73.8748606,18.5271808]]}},
{"type":"Feature","properties":{"osm_id":"61968443","code":5122,"fclass":"residential","name":"","ref":"","oneway":"B","maxspeed":0,"layer":0,"bridge":"F","tunnel":"F"},"geometry":{"type":"LineString","coordinates":[[73.8658621,18.510907],[73.8646037,18.5110835],[73.8641512,18.5111265]]}},
{"type":"Feature","properties":{"osm_id":"61968453","code":5122,"fclass":"residential","name":"","ref":"","oneway":"B","maxspeed":0,"layer":0,"bridge":"F","tunnel":"F"},"geometry":{"type":"LineString","coordinates":[[73.8659599,18.5113059],[73.8660394,18.5112884],[73.8672084,18.5109242]]}},
{"type":"Feature","properties":{"osm_id":"61968765","code":5122,"fclass":"residential","name":"","ref":"","oneway":"B","maxspeed":0,"layer":0,"bridge":"F","tunnel":"F"},"geometry":{"type":"LineString","coordinates":[[73.8651204,18.5146398],[73.8659681,18.5146677],[73.8665446,18.514677],[73.8666597,18.5146917],[73.8669174,18.5146975],[73.8671387,18.5146996],[73.8673723,18.5146854],[73.8678776,18.5146713],[73.8681976,18.514666],[73.8682204,18.5146637],[73.8684054,18.5146447],[73.8685895,18.5146357],[73.8686801,18.5146376]]}},
{"type":"Feature","properties":{"osm_id":"61968767","code":5122,"fclass":"residential","name":"","ref":"","oneway":"B","maxspeed":0,"layer":0,"bridge":"F","tunnel":"F"},"geometry":{"type":"LineString","coordinates":[[73.8678674,18.5130515],[73.8678703,18.5133735],[73.8678725,18.513621],[73.8678758,18.5139922],[73.8678776,18.5146713],[73.8678572,18.5150565],[73.8678405,18.515371],[73.8678317,18.5154953],[73.8678396,18.5162557],[73.8678413,18.5164279],[73.8678424,18.5165447],[73.8678443,18.5167478]]}},
{"type":"Feature","properties":{"osm_id":"61968772","code":5122,"fclass":"residential","name":"","ref":"","oneway":"B","maxspeed":0,"layer":0,"bridge":"F","tunnel":"F"},"geometry":{"type":"LineString","coordinates":[[73.8659793,18.5167545],[73.8671742,18.5167465],[73.8675586,18.5167448],[73.8678443,18.5167478],[73.868516,18.5167602],[73.8685864,18.5167618]]}},
{"type":"Feature","properties":{"osm_id":"61968776","code":5122,"fclass":"residential","name":"","ref":"","oneway":"B","maxspeed":0,"layer":0,"bridge":"F","tunnel":"F"},"geometry":{"type":"LineString","coordinates":[[73.8671404,18.5153687],[73.867142,18.5155225],[73.8671602,18.5159799],[73.8671776,18.5161851],[73.8671826,18.5162434],[73.8671826,18.5164157],[73.8671826,18.5165309],[73.8671742,18.5167465]]}},
{"type":"Feature","properties":{"osm_id":"61968863","code":5122,"fclass":"residential","name":"Vitthalrao Kangle Road","ref":"","oneway":"B","maxspeed":0,"layer":0,"bridge":"F","tunnel":"F"},"geometry":{"type":"LineString","coordinates":[[73.8659635,18.5153778],[73.8659596,18.516075],[73.8659666,18.5165008],[73.8659793,18.5167545],[73.865959,18.5170203],[73.8659581,18.5171185],[73.8659537,18.5171802],[73.8659481,18.5172605],[73.8659452,18.5174715]]}},
{"type":"Feature","properties":{"osm_id":"61968914","code":5122,"fclass":"residential","name":"","ref":"","oneway":"B","maxspeed":0,"layer":0,"bridge":"F","tunnel":"F"},"geometry":{"type":"LineString","coordinates":[[73.8671394,18.513979],[73.8671387,18.5146996],[73.8671404,18.5153687]]}},
{"type":"Feature","properties":{"osm_id":"61969013","code":5122,"fclass":"residential","name":"Vitthalrao Navale Path","ref":"","oneway":"B","maxspeed":0,"layer":0,"bridge":"F","tunnel":"F"},"geometry":{"type":"LineString","coordinates":[[73.8648657,18.5181961],[73.8651988,18.5181957],[73.8653769,18.5182086],[73.8659163,18.5182412],[73.8671075,18.5182309],[73.8683451,18.5182197]]}},
{"type":"Feature","properties":{"osm_id":"61969023","code":5122,"fclass":"residential","name":"","ref":"","oneway":"B","maxspeed":0,"layer":0,"bridge":"F","tunnel":"F"},"geometry":{"type":"LineString","coordinates":[[73.8671206,18.5175506],[73.8671144,18.5178675],[73.8671075,18.5182309],[73.8671016,18.5185441],[73.867114,18.5188752],[73.8671206,18.5189653],[73.8671332,18.5191495],[73.8671454,18.5194582]]}},
{"type":"Feature","properties":{"osm_id":"61969026","code":5122,"fclass":"residential","name":"Naidu Ganapati Road","ref":"","oneway":"B","maxspeed":0,"layer":0,"bridge":"F","tunnel":"F"},"geometry":{"type":"LineString","coordinates":[[73.8648815,18.5188641],[73.8653632,18.5188668],[73.8659128,18.5188712],[73.867114,18.5188752],[73.8683455,18.5188544]]}},
{"type":"Feature","properties":{"osm_id":"61969048","code":5122,"fclass":"residential","name":"","ref":"","oneway":"B","maxspeed":0,"layer":0,"bridge":"F","tunnel":"F"},"geometry":{"type":"LineString","coordinates":[[73.8561747,18.5192133],[73.85624,18.5192064],[73.8565451,18.5191744],[73.8567878,18.5191472],[73.8569622,18.5191167],[73.8571704,18.5190854]]}},
{"type":"Feature","properties":{"osm_id":"61969075","code":5122,"fclass":"residential","name":"","ref":"","oneway":"B","maxspeed":0,"layer":0,"bridge":"F","tunnel":"F"},"geometry":{"type":"LineString","coordinates":[[73.8556954,18.5206653],[73.8557886,18.5206678],[73.8561023,18.5206761],[73.8562747,18.5206569],[73.8564602,18.5206532],[73.8566591,18.5206332],[73.8568247,18.5206381],[73.8569809,18.5206427],[73.8573302,18.5206473],[73.8578035,18.5206833]]}},
{"type":"Feature","properties":{"osm_id":"61969580","code":5114,"fclass":"secondary","name":"","ref":"","oneway":"F","maxspeed":0,"layer":0,"bridge":"F","tunnel":"F"},"geometry":{"type":"LineString","coordinates":[[73.8701424,18.5241546],[73.8703092,18.5242461],[73.8704746,18.5243262],[73.8709396,18.5245446],[73.8710215,18.5245667],[73.8711034,18.5245674]]}},
{"type":"Feature","properties":{"osm_id":"61969591","code":5114,"fclass":"secondary","name":"Sassoon Marg","ref":"","oneway":"F","maxspeed":0,"layer":0,"bridge":"F","tunnel":"F"},"geometry":{"type":"LineString","coordinates":[[73.8674812,18.525578],[73.8675862,18.5256365],[73.8678658,18.5257722]]}},
{"type":"Feature","properties":{"osm_id":"61970171","code":5113,"fclass":"primary","name":"Jagannath Shankarsheth Marg","ref":"","oneway":"F","maxspeed":0,"layer":0,"bridge":"F","tunnel":"F"},"geometry":{"type":"LineString","coordinates":[[73.873207,18.5018375],[73.8728363,18.5017925],[73.8725456,18.5017573],[73.8718564,18.5017324],[73.8717665,18.5017292]]}},
{"type":"Feature","properties":{"osm_id":"62745421","code":5112,"fclass":"trunk","name":"Katraj - Dehu Road Bypass","ref":"NH48","oneway":"F","maxspeed":80,"layer":0,"bridge":"F","tunnel":"F"},"geometry":{"type":"LineString","coordinates":[[73.8088302,18.4751868],[73.8072692,18.4769249],[73.8071562,18.4770516]]}},
{"type":"Feature","properties":{"osm_id":"62745430","code":5112,"fclass":"trunk","name":"Katraj - Dehu Road Bypass","ref":"NH48","oneway":"F","maxspeed":80,"layer":1,"bridge":"T","tunnel":"F"},"geometry":{"type":"LineString","coordinates":[[73.805801,18.4785577],[73.8033733,18.4812929]]}},
{"type":"Feature","properties":{"osm_id":"62755182","code":5113,"fclass":"primary","name":"Sinhagad Road","ref":"","oneway":"B","maxspeed":0,"layer":0,"bridge":"F","tunnel":"F"},"geometry":{"type":"LineString","coordinates":[[73.7733165,18.4388602],[73.7732476,18.4388608],[73.7731001,18.4388155],[73.7728871,18.4387059],[73.7727659,18.4386272],[73.7726743,18.4385609],[73.7726048,18.4385065],[73.7723859,18.4383289],[73.7723279,18.4382648],[73.7722615,18.4381855],[73.7721396,18.4380233],[73.7720918,18.4379427],[73.7720484,18.4378513],[73.7718143,18.4373011],[73.7717683,18.4371728],[73.7717288,18.4370227],[73.7716866,18.4368362],[73.7710777,18.4339496],[73.771047,18.433854],[73.7710209,18.4337946],[73.7709577,18.4336736],[73.7709175,18.4336112],[73.7708741,18.4335634],[73.7708122,18.4334998],[73.7707382,18.433432],[73.7705589,18.4332819],[73.7704683,18.4331899],[73.7703981,18.4330858],[73.7703177,18.4329417],[73.7699452,18.4322197],[73.7698701,18.4320696],[73.7697896,18.43195],[73.7691234,18.4310561],[73.7689447,18.430782],[73.768875,18.4306421],[73.7688214,18.4305123],[73.7684934,18.4298716],[73.7683977,18.4297089],[73.7682587,18.4295138],[73.7681577,18.4293751],[73.7680151,18.4291388],[73.7679386,18.4289917],[73.7678833,18.4288854],[73.7675476,18.4281854],[73.7674799,18.4280183],[73.7674238,18.4278331],[73.7672973,18.4272775],[73.7672013,18.4269475],[73.7671183,18.4267598],[73.7670226,18.4265746],[73.7669141,18.426439],[73.7667916,18.4262864],[73.766323,18.4257821],[73.7662786,18.4257343],[73.7661918,18.4256726],[73.7661063,18.4256411],[73.7660183,18.425635],[73.7659111,18.4256592],[73.7655217,18.4257334],[73.7653971,18.4257522],[73.7646264,18.4258148],[73.7644413,18.4258403],[73.7633201,18.4260133],[73.7631914,18.4260413],[73.7627918,18.4261024],[73.7626281,18.4261507],[73.7624645,18.4262016],[73.7623224,18.4262576],[73.7621319,18.4263518],[73.7616491,18.4265833],[73.7615365,18.4266266],[73.7614533,18.4266597],[73.7610161,18.4267589],[73.7605855,18.4269552],[73.7604796,18.4270108],[73.7603647,18.4270932],[73.7597983,18.4275005],[73.7597234,18.4275433],[73.7596305,18.4275878],[73.7589383,18.4278578],[73.7588553,18.4278878],[73.7587577,18.4279066],[73.7580845,18.4279855],[73.7579825,18.4279855],[73.7578967,18.4279829],[73.7570465,18.4278888],[73.7568614,18.427904],[73.7567326,18.4279091],[73.7566334,18.4279295],[73.7559626,18.4281192],[73.7558615,18.4281286],[73.7557604,18.4281278],[73.7556828,18.4281124],[73.7552092,18.4279462],[73.7550856,18.4279009],[73.7549962,18.4278443],[73.7547914,18.4277057],[73.7546994,18.4276243],[73.754619,18.4275387],[73.7545369,18.4274274],[73.7544972,18.4273392],[73.7539742,18.4261053],[73.75395,18.4260278],[73.7539334,18.4259491],[73.7538597,18.4255551],[73.7538571,18.4254668],[73.753861,18.4254171],[73.7538699,18.4253263],[73.7539107,18.4251205],[73.7539382,18.4250327],[73.7539758,18.424928],[73.7540728,18.4247246],[73.7541379,18.4245926],[73.7542336,18.4244231],[73.7543338,18.4242596],[73.7544161,18.4241355],[73.7549322,18.4234841],[73.7555421,18.4227941],[73.756004,18.4223158],[73.7561082,18.4222097],[73.7561849,18.4221378],[73.7562796,18.4220667],[73.7564448,18.4219631],[73.7565521,18.4218844],[73.7566252,18.421815],[73.7566821,18.4217371],[73.7567489,18.4216429],[73.756794,18.4215496],[73.7568382,18.4214383],[73.7569832,18.4210029],[73.7572109,18.4203436],[73.7572314,18.4202468],[73.7572428,18.4201366],[73.7572543,18.4200046],[73.7572599,18.4191775],[73.7572676,18.4190504],[73.7572826,18.4189677],[73.7572953,18.4189303],[73.7573301,18.4188276],[73.7573799,18.4187041],[73.7575795,18.4183182],[73.7576409,18.4182112],[73.7576986,18.418129],[73.7578033,18.4180109],[73.757936,18.4178859],[73.758568,18.4173165],[73.7587591,18.4171444],[73.7594134,18.4165549],[73.7596738,18.4163394],[73.7597449,18.4162816],[73.7601683,18.4159132],[73.7604679,18.4156942],[73.7605609,18.4156205],[73.7606728,18.4155435],[73.7610188,18.4153049],[73.7613675,18.4151064],[73.7614882,18.4150224],[73.7616599,18.4149359],[73.7622856,18.4145988],[73.7623733,18.4145516],[73.7629357,18.4142581],[73.7631644,18.4141388],[73.7633397,18.4140467],[73.7636444,18.4138879],[73.7636819,18.4138669],[73.7641758,18.4136533],[73.7646745,18.4133541],[73.7649724,18.4131993],[73.7656323,18.4128564],[73.7661847,18.4125895],[73.7667324,18.4122847],[73.7668172,18.4122368]]}},
{"type":"Feature","properties":{"osm_id":"63977050","code":5141,"fclass":"service","name":"","ref":"","oneway":"B","maxspeed":0,"layer":0,"bridge":"F","tunnel":"F"},"geometry":{"type":"LineString","coordinates":[[73.8728608,18.524539],[73.8728515,18.5246124],[73.8728457,18.5246576],[73.8728067,18.5249646],[73.8727376,18.5253066],[73.8727308,18.5253982],[73.8727164,18.5255141],[73.872716,18.525599],[73.8727305,18.5256993]]}},
{"type":"Feature","properties":{"osm_id":"63995001","code":5122,"fclass":"residential","name":"","ref":"","oneway":"B","maxspeed":0,"layer":0,"bridge":"F","tunnel":"F"},"geometry":{"type":"LineString","coordinates":[[73.8749451,18.5266792],[73.8749179,18.5268703],[73.8748688,18.5271365],[73.8748606,18.5271808],[73.8747874,18.5277007],[73.8747512,18.5279574],[73.87474,18.528037]]}},
{"type":"Feature","properties":{"osm_id":"63995003","code":5122,"fclass":"residential","name":"","ref":"","oneway":"B","maxspeed":0,"layer":0,"bridge":"F","tunnel":"F"},"geometry":{"type":"LineString","coordinates":[[73.8749179,18.5268703],[73.8739107,18.5267118]]}},
{"type":"Feature","properties":{"osm_id":"63995004","code":5122,"fclass":"residential","name":"","ref":"","oneway":"B","maxspeed":0,"layer":0,"bridge":"F","tunnel":"F"},"geometry":{"type":"LineString","coordinates":[[73.8738654,18.5271699],[73.8739107,18.5267118],[73.873946,18.5263961]]}},
{"type":"Feature","properties":{"osm_id":"63995114","code":5141,"fclass":"service","name":"Mahadji Shinde Bhavan BSNL Exchange Road","ref":"","oneway":"B","maxspeed":0,"layer":0,"bridge":"F","tunnel":"F"},"geometry":{"type":"LineString","coordinates":[[73.8788642,18.5208608],[73.8789333,18.520982],[73.8797113,18.5223463],[73.8798877,18.5226711]]}},
{"type":"Feature","properties":{"osm_id":"63995372","code":5122,"fclass":"residential","name":"","ref":"","oneway":"B","maxspeed":0,"layer":0,"bridge":"F","tunnel":"F"},"geometry":{"type":"LineString","coordinates":[[73.8797177,18.5154686],[73.8807999,18.5154466]]}},
{"type":"Feature","properties":{"osm_id":"65155463","code":5115,"fclass":"tertiary","name":"Aundh - Ravet BRTS Road","ref":"","oneway":"F","maxspeed":0,"layer":0,"bridge":"F","tunnel":"F"},"geometry":{"type":"LineString","coordinates":[[73.7801683,18.5998352],[73.7799108,18.6000643],[73.779681,18.6004177],[73.7792302,18.6011111],[73.7786326,18.6020303],[73.7784935,18.6022044],[73.7783233,18.6023812],[73.7782474,18.6024552],[73.7781772,18.6025152],[73.777925,18.6027277],[73.777898,18.6027504],[73.777583,18.6030068],[73.7773378,18.6032065],[73.7770967,18.6034027],[73.7770308,18.6034575],[73.7760712,18.6042431],[73.77584,18.6044324],[73.7749723,18.6051231],[73.7747442,18.6054102]]}},
{"type":"Feature","properties":{"osm_id":"65486017","code":5112,"fclass":"trunk","name":"Castellino Marg","ref":"NH65","oneway":"F","maxspeed":0,"layer":0,"bridge":"F","tunnel":"F"},"geometry":{"type":"LineString","coordinates":[[73.878698,18.5030725],[73.8786606,18.5031832],[73.8786076,18.5033552],[73.8785951,18.5034084],[73.8785342,18.5036671],[73.8784826,18.5039631],[73.8784505,18.5041475],[73.878437,18.5042751],[73.8784147,18.5044872],[73.8784129,18.5045039],[73.8784359,18.504916],[73.8784541,18.5052406],[73.8784568,18.5052897]]}},
{"type":"Feature","properties":{"osm_id":"67624355","code":5112,"fclass":"trunk","name":"Saswad Road","ref":"NH965","oneway":"B","maxspeed":0,"layer":0,"bridge":"F","tunnel":"F"},"geometry":{"type":"LineString","coordinates":[[73.960473,18.4694892],[73.9610499,18.4682983]]}},
{"type":"Feature","properties":{"osm_id":"68017699","code":5114,"fclass":"secondary","name":"North Main Road","ref":"","oneway":"F","maxspeed":40,"layer":0,"bridge":"F","tunnel":"F"},"geometry":{"type":"LineString","coordinates":[[73.9038468,18.5389772],[73.9037093,18.5390186],[73.9036003,18.5390469],[73.9034617,18.5390828]]}},
{"type":"Feature","properties":{"osm_id":"68017853","code":5122,"fclass":"residential","name":"Deccan Paper Mill Road","ref":"","oneway":"B","maxspeed":0,"layer":0,"bridge":"F","tunnel":"F"},"geometry":{"type":"LineString","coordinates":[[73.9272546,18.5272549],[73.9272662,18.5273729],[73.9272883,18.5274898],[73.9273114,18.5275907],[73.9273556,18.5277678],[73.9274302,18.5280671],[73.9274624,18.5281832],[73.9274916,18.5282884],[73.9275517,18.5286085],[73.9276605,18.5289791],[73.9277103,18.52925],[73.9277804,18.5295337],[73.9278201,18.5296556],[73.9279062,18.5300445],[73.9282132,18.5312942],[73.9282397,18.5314115],[73.9282785,18.5315835],[73.9283539,18.5319075],[73.9283862,18.5320494],[73.9284732,18.5324319],[73.9286169,18.5330636],[73.9289112,18.5341145],[73.928932,18.5342034]]}},
{"type":"Feature","properties":{"osm_id":"68335077","code":5141,"fclass":"service","name":"","ref":"","oneway":"B","maxspeed":0,"layer":0,"bridge":"F","tunnel":"F"},"geometry":{"type":"LineString","coordinates":[[73.8102816,18.5498085],[73.8102805,18.5499139],[73.8102726,18.5506362],[73.8102502,18.551344],[73.8102426,18.551715],[73.8102359,18.5520459],[73.810222,18.5527275],[73.81022,18.5537161]]}},
{"type":"Feature","properties":{"osm_id":"68335091","code":5141,"fclass":"service","name":"","ref":"","oneway":"B","maxspeed":0,"layer":0,"bridge":"F","tunnel":"F"},"geometry":{"type":"LineString","coordinates":[[73.8102726,18.5506362],[73.8110578,18.550425],[73.8114486,18.5504624],[73.8116643,18.550551],[73.8120341,18.5507646],[73.812143,18.5509043],[73.8122165,18.5509986],[73.812356,18.5512122],[73.8123416,18.5517467],[73.8123321,18.5520985],[73.8122487,18.5522293],[73.8120882,18.5524717],[73.8118135,18.5527034],[73.8116339,18.5528557],[73.8112587,18.5529369],[73.8109216,18.5529689],[73.8106179,18.5528802],[73.810339,18.5527785],[73.810222,18.5527275]]}},
{"type":"Feature","properties":{"osm_id":"68335101","code":5141,"fclass":"service","name":"","ref":"","oneway":"B","maxspeed":0,"layer":0,"bridge":"F","tunnel":"F"},"geometry":{"type":"LineString","coordinates":[[73.8122455,18.549053],[73.8122714,18.5492192],[73.8123682,18.5498392],[73.8123636,18.5500698],[73.8123727,18.5506425],[73.812356,18.5512122]]}},
{"type":"Feature","properties":{"osm_id":"68335102","code":5141,"fclass":"service","name":"","ref":"","oneway":"B","maxspeed":0,"layer":0,"bridge":"F","tunnel":"F"},"geometry":{"type":"LineString","coordinates":[[73.8110578,18.550425],[73.8116746,18.5501737],[73.8117682,18.5501285],[73.8123682,18.5498392]]}},
{"type":"Feature","properties":{"osm_id":"68335197","code":5141,"fclass":"service","name":"","ref":"","oneway":"B","maxspeed":0,"layer":0,"bridge":"F","tunnel":"F"},"geometry":{"type":"LineString","coordinates":[[73.8152722,18.5398527],[73.8152549,18.540001],[73.8145774,18.541001],[73.8142497,18.5416572],[73.813888,18.5422679],[73.813437,18.5430257]]}},
{"type":"Feature","properties":{"osm_id":"68335412","code":5141,"fclass":"service","name":"","ref":"","oneway":"F","maxspeed":0,"layer":0,"bridge":"F","tunnel":"F"},"geometry":{"type":"LineString","coordinates":[[73.8116693,18.5398707],[73.8114977,18.5402064],[73.8113961,18.5410094],[73.8113689,18.5412236],[73.8114011,18.5415796],[73.8115513,18.5417118],[73.8117766,18.5416915],[73.8118625,18.5415287],[73.8118839,18.5411015],[73.8118625,18.5410201]]}},
{"type":"Feature","properties":{"osm_id":"68335461","code":5141,"fclass":"service","name":"","ref":"","oneway":"F","maxspeed":0,"layer":0,"bridge":"F","tunnel":"F"},"geometry":{"type":"LineString","coordinates":[[73.8113961,18.5410094],[73.8118625,18.5410201]]}},
{"type":"Feature","properties":{"osm_id":"68335695","code":5141,"fclass":"service","name":"","ref":"","oneway":"B","maxspeed":0,"layer":0,"bridge":"F","tunnel":"F"},"geometry":{"type":"LineString","coordinates":[[73.8113003,18.5344375],[73.8108702,18.534384],[73.8110142,18.5335224]]}},
{"type":"Feature","properties":{"osm_id":"68335744","code":5122,"fclass":"residential","name":"Panchawati Road","ref":"","oneway":"B","maxspeed":0,"layer":0,"bridge":"F","tunnel":"F"},"geometry":{"type":"LineString","coordinates":[[73.8094705,18.5390942],[73.8094745,18.5390321],[73.8094834,18.5388965],[73.8094872,18.5388386],[73.8095747,18.537502],[73.8095961,18.5371753],[73.8096163,18.5371115],[73.8096478,18.5370585],[73.8097263,18.5370071],[73.8098935,18.5369675],[73.8101164,18.5369515],[73.8110793,18.536931],[73.8111597,18.5369215],[73.8112163,18.5368806],[73.8112392,18.536809],[73.8112414,18.536723],[73.8111329,18.5359239],[73.811141,18.5357311],[73.8111436,18.5356696],[73.8111938,18.5353297],[73.8112187,18.535161],[73.8112856,18.5345683],[73.8113003,18.5344375],[73.8112613,18.533451],[73.8112526,18.5332318],[73.8112277,18.5329184],[73.8112162,18.5327729],[73.8111826,18.5323453],[73.8111712,18.5322009],[73.811154,18.5319821],[73.811139,18.5317917],[73.8111266,18.5315714],[73.811116,18.5313841],[73.8111105,18.5312875],[73.8110975,18.5310875],[73.8110942,18.5310004],[73.8111051,18.5308824],[73.8111502,18.5306196]]}},
{"type":"Feature","properties":{"osm_id":"68335748","code":5141,"fclass":"service","name":"","ref":"","oneway":"B","maxspeed":0,"layer":0,"bridge":"F","tunnel":"F"},"geometry":{"type":"LineString","coordinates":[[73.8096115,18.536751],[73.8094586,18.5367397],[73.8090656,18.5367105],[73.8082229,18.5366308],[73.8080043,18.536607],[73.807505,18.5365526],[73.8070559,18.5365037],[73.8064855,18.5364672],[73.8064491,18.536465],[73.8063927,18.5364704],[73.8063713,18.5364775]]}},
{"type":"Feature","properties":{"osm_id":"68336294","code":5112,"fclass":"trunk","name":"Katraj - Dehu Road Bypass","ref":"NH48","oneway":"F","maxspeed":80,"layer":0,"bridge":"F","tunnel":"F"},"geometry":{"type":"LineString","coordinates":[[73.776266,18.527345],[73.776475,18.5274421],[73.7767126,18.5275674],[73.7769523,18.5277055],[73.7771617,18.5278453],[73.7774249,18.528051],[73.7776343,18.5282382],[73.7776856,18.5282878],[73.7778506,18.5284472],[73.7780832,18.528699],[73.7783278,18.5290249],[73.7785448,18.5293824],[73.7786267,18.5295264],[73.7787242,18.5297351],[73.7793618,18.5312591]]}},
{"type":"Feature","properties":{"osm_id":"68336530","code":5112,"fclass":"trunk","name":"Katraj - Dehu Road Bypass","ref":"NH48","oneway":"F","maxspeed":80,"layer":0,"bridge":"F","tunnel":"F"},"geometry":{"type":"LineString","coordinates":[[73.7794928,18.5312068],[73.7788553,18.5296829],[73.7787544,18.529467],[73.7786699,18.5293185],[73.7784391,18.5289563],[73.7781874,18.5286209],[73.7779479,18.5283616],[73.7778062,18.5282247],[73.7777271,18.5281484],[73.7775127,18.5279566],[73.7772422,18.5277452],[73.777025,18.5276002],[73.7767793,18.5274586],[73.7765395,18.5273321],[73.77633,18.5272321],[73.776084,18.5271398],[73.7742386,18.5264506],[73.7738359,18.5262887],[73.7735272,18.5261443],[73.7732274,18.5259752],[73.7729632,18.5257911],[73.7728137,18.5256757]]}},
{"type":"Feature","properties":{"osm_id":"68336690","code":5112,"fclass":"trunk","name":"Katraj - Dehu Road Bypass","ref":"NH48","oneway":"F","maxspeed":80,"layer":0,"bridge":"F","tunnel":"F"},"geometry":{"type":"LineString","coordinates":[[73.7728137,18.5256757],[73.7726953,18.5255786],[73.7724557,18.5253614],[73.7722532,18.525148],[73.77205,18.5249101],[73.7718363,18.5246302],[73.770045,18.5223253],[73.769899,18.5221239],[73.7698063,18.5219794],[73.7697198,18.5218403],[73.7696643,18.5217217],[73.7696099,18.5215898],[73.7695572,18.5214471],[73.7694267,18.5210051],[73.7693156,18.5205875],[73.7692247,18.5202413],[73.7691487,18.5199104],[73.7690833,18.519533]]}},
{"type":"Feature","properties":{"osm_id":"68336927","code":5112,"fclass":"trunk","name":"Katraj - Dehu Road Bypass","ref":"NH48","oneway":"F","maxspeed":80,"layer":1,"bridge":"T","tunnel":"F"},"geometry":{"type":"LineString","coordinates":[[73.7875263,18.5074983],[73.7881204,18.5075182],[73.7884811,18.5075227]]}},
{"type":"Feature","properties":{"osm_id":"68338295","code":5115,"fclass":"tertiary","name":"Dattawadi Road","ref":"","oneway":"B","maxspeed":0,"layer":0,"bridge":"F","tunnel":"F"},"geometry":{"type":"LineString","coordinates":[[73.8384635,18.4960189],[73.838384,18.4961082],[73.8383851,18.4963002],[73.8383865,18.4965325],[73.8383905,18.4971525],[73.8383916,18.4973662],[73.83841,18.4976708],[73.8384216,18.4978624],[73.8384252,18.497926],[73.8384807,18.4981196],[73.8385115,18.4982115],[73.8385558,18.4983434],[73.8387001,18.4985639],[73.838942,18.4989335],[73.8391217,18.4992909],[73.8391361,18.4997126],[73.8391441,18.4999477],[73.839167,18.5006219],[73.8391781,18.5009559],[73.8392005,18.5020944],[73.8392063,18.5029073],[73.838938,18.5033753],[73.8388373,18.5044659],[73.8388339,18.5045629],[73.8388301,18.5046947]]}},
{"type":"Feature","properties":{"osm_id":"68338353","code":5122,"fclass":"residential","name":"","ref":"","oneway":"B","maxspeed":0,"layer":0,"bridge":"F","tunnel":"F"},"geometry":{"type":"LineString","coordinates":[[73.838938,18.5033753],[73.8388509,18.5032351],[73.8388454,18.5028927],[73.8388393,18.5025118],[73.8388328,18.5021006],[73.8388252,18.5016187],[73.8388198,18.5012917],[73.8388143,18.5009545]]}},
{"type":"Feature","properties":{"osm_id":"68338411","code":5115,"fclass":"tertiary","name":"","ref":"","oneway":"B","maxspeed":0,"layer":0,"bridge":"F","tunnel":"F"},"geometry":{"type":"LineString","coordinates":[[73.8376548,18.5009493],[73.8384194,18.5009527],[73.8388143,18.5009545],[73.8391781,18.5009559],[73.8395565,18.5009866],[73.8398113,18.5009866],[73.8403006,18.5009865],[73.8405368,18.500985],[73.840789,18.5009824],[73.8411922,18.5009783],[73.8415729,18.5009744],[73.8420285,18.5009698],[73.8421344,18.5009687]]}},
{"type":"Feature","properties":{"osm_id":"68338431","code":5115,"fclass":"tertiary","name":"","ref":"","oneway":"B","maxspeed":0,"layer":0,"bridge":"F","tunnel":"F"},"geometry":{"type":"LineString","coordinates":[[73.8421468,18.5001259],[73.8421432,18.5003685],[73.8421382,18.5007133],[73.8421344,18.5009687],[73.8426855,18.5015908],[73.8431242,18.502086],[73.8432785,18.5022739],[73.8433964,18.5023897],[73.8435726,18.5025414]]}},
{"type":"Feature","properties":{"osm_id":"68338437","code":5115,"fclass":"tertiary","name":"","ref":"","oneway":"B","maxspeed":0,"layer":1,"bridge":"T","tunnel":"F"},"geometry":{"type":"LineString","coordinates":[[73.8435726,18.5025414],[73.8438556,18.5027371]]}},
{"type":"Feature","properties":{"osm_id":"68338440","code":5115,"fclass":"tertiary","name":"","ref":"","oneway":"B","maxspeed":0,"layer":0,"bridge":"F","tunnel":"F"},"geometry":{"type":"LineString","coordinates":[[73.8438556,18.5027371],[73.843921,18.5027579],[73.8445303,18.5027872],[73.8449004,18.5028153],[73.8449846,18.50283],[73.8450591,18.5028681],[73.8451968,18.5029485],[73.8452173,18.5029586],[73.8452667,18.5029831]]}},
{"type":"Feature","properties":{"osm_id":"68338464","code":5122,"fclass":"residential","name":"Shivaprasad Housing Society Road","ref":"","oneway":"B","maxspeed":0,"layer":0,"bridge":"F","tunnel":"F"},"geometry":{"type":"LineString","coordinates":[[73.8435885,18.4996634],[73.8435765,18.4998291],[73.8435709,18.4999062],[73.8435553,18.500121],[73.8435335,18.5004198],[73.843468,18.5008991],[73.8433478,18.501495],[73.8428473,18.5012947],[73.8427606,18.501207],[73.8427404,18.5010946],[73.8427417,18.5008768],[73.8427449,18.5003747],[73.8427482,18.4998455]]}},
{"type":"Feature","properties":{"osm_id":"68338501","code":5115,"fclass":"tertiary","name":"","ref":"","oneway":"B","maxspeed":0,"layer":0,"bridge":"F","tunnel":"F"},"geometry":{"type":"LineString","coordinates":[[73.8404584,18.4976522],[73.8404681,18.4980662],[73.8404701,18.4981526],[73.8404718,18.4982244],[73.8404764,18.4984168],[73.8404825,18.4986769],[73.8404842,18.4987502],[73.8404922,18.4990916],[73.8404944,18.4991856],[73.840504,18.4995913],[73.8405134,18.4999411],[73.8405199,18.5002686],[73.8405271,18.5005733],[73.8405281,18.5006169],[73.8405368,18.500985]]}},
{"type":"Feature","properties":{"osm_id":"68338532","code":5122,"fclass":"residential","name":"","ref":"","oneway":"B","maxspeed":0,"layer":0,"bridge":"F","tunnel":"F"},"geometry":{"type":"LineString","coordinates":[[73.8395565,18.5009866],[73.8395638,18.5013521],[73.8395707,18.5016948],[73.8395786,18.5020884],[73.8395852,18.5024161],[73.839594,18.5028514],[73.8395796,18.5028888]]}},
{"type":"Feature","properties":{"osm_id":"68572755","code":5112,"fclass":"trunk","name":"Katraj - Dehu Road Bypass","ref":"NH48","oneway":"F","maxspeed":80,"layer":1,"bridge":"T","tunnel":"F"},"geometry":{"type":"LineString","coordinates":[[73.8033982,18.4814094],[73.8058933,18.4786297]]}},
{"type":"Feature","properties":{"osm_id":"68573155","code":5112,"fclass":"trunk","name":"Katraj - Dehu Road Bypass","ref":"NH48","oneway":"F","maxspeed":80,"layer":0,"bridge":"F","tunnel":"F"},"geometry":{"type":"LineString","coordinates":[[73.807305,18.4770673],[73.8078209,18.4765055],[73.8084546,18.4757893],[73.8089247,18.475258]]}},
{"type":"Feature","properties":{"osm_id":"68573252","code":5112,"fclass":"trunk","name":"Katraj - Dehu Road Bypass","ref":"NH48","oneway":"F","maxspeed":80,"layer":1,"bridge":"T","tunnel":"F"},"geometry":{"type":"LineString","coordinates":[[73.8089247,18.475258],[73.8098873,18.4741676]]}},
{"type":"Feature","properties":{"osm_id":"68573683","code":5112,"fclass":"trunk","name":"Katraj - Dehu Road Bypass","ref":"NH48","oneway":"F","maxspeed":80,"layer":0,"bridge":"F","tunnel":"F"},"geometry":{"type":"LineString","coordinates":[[73.8098873,18.4741676],[73.810024,18.4740136],[73.8102066,18.4737944],[73.8107553,18.4731506],[73.8112293,18.4726129],[73.8119356,18.4718288],[73.8121471,18.4716019]]}},
{"type":"Feature","properties":{"osm_id":"68573693","code":5112,"fclass":"trunk","name":"Katraj - Dehu Road Bypass","ref":"NH48","oneway":"F","maxspeed":80,"layer":1,"bridge":"T","tunnel":"F"},"geometry":{"type":"LineString","coordinates":[[73.8130316,18.47068],[73.8154735,18.4679437],[73.8156416,18.4677554],[73.8183305,18.4647807]]}},
{"type":"Feature","properties":{"osm_id":"68573807","code":5122,"fclass":"residential","name":"Annasaheb Aavate Path","ref":"","oneway":"B","maxspeed":0,"layer":0,"bridge":"F","tunnel":"F"},"geometry":{"type":"LineString","coordinates":[[73.8511596,18.5259976],[73.8509028,18.5260214],[73.8503993,18.5262444]]}},
{"type":"Feature","properties":{"osm_id":"68573854","code":5122,"fclass":"residential","name":"Baburao Baloba Bahirat (Patil) Path","ref":"","oneway":"B","maxspeed":0,"layer":0,"bridge":"F","tunnel":"F"},"geometry":{"type":"LineString","coordinates":[[73.8532282,18.5256872],[73.8532033,18.5256547],[73.8528133,18.5251445],[73.8526266,18.5250847],[73.85245,18.5250281],[73.8519328,18.5248273],[73.8514848,18.524719],[73.8508203,18.524867]]}},
{"type":"Feature","properties":{"osm_id":"68707642","code":5112,"fclass":"trunk","name":"Katraj - Dehu Road Bypass","ref":"NH48","oneway":"F","maxspeed":80,"layer":0,"bridge":"F","tunnel":"F"},"geometry":{"type":"LineString","coordinates":[[73.8183305,18.4647807],[73.8195068,18.4633973],[73.8197935,18.4630867]]}},
{"type":"Feature","properties":{"osm_id":"69366487","code":5114,"fclass":"secondary","name":"Airport Road","ref":"","oneway":"F","maxspeed":0,"layer":0,"bridge":"F","tunnel":"F"},"geometry":{"type":"LineString","coordinates":[[73.9079796,18.5781233],[73.9077369,18.578148],[73.9076845,18.5781533],[73.9076376,18.5781592],[73.9073673,18.5781815],[73.9067575,18.5782474],[73.9065425,18.5782716],[73.9052709,18.5784014],[73.9041697,18.5785042]]}},
{"type":"Feature","properties":{"osm_id":"69371051","code":5141,"fclass":"service","name":"","ref":"","oneway":"F","maxspeed":0,"layer":0,"bridge":"F","tunnel":"F"},"geometry":{"type":"LineString","coordinates":[[73.9085199,18.5788839],[73.9084459,18.5784391],[73.9083815,18.5780899]]}},
{"type":"Feature","properties":{"osm_id":"69548403","code":5115,"fclass":"tertiary","name":"","ref":"","oneway":"B","maxspeed":0,"layer":0,"bridge":"F","tunnel":"F"},"geometry":{"type":"LineString","coordinates":[[73.8279419,18.5068934],[73.827942,18.5067284],[73.8279095,18.5065307],[73.8279016,18.5064825],[73.8277579,18.5059616],[73.8276881,18.5057186],[73.8274586,18.5054626],[73.8271667,18.5052393],[73.8268954,18.5050172],[73.8266907,18.5049282],[73.826654,18.5049122],[73.8263793,18.5047972],[73.8259866,18.5046517],[73.8254093,18.5045128]]}},
{"type":"Feature","properties":{"osm_id":"69548404","code":5122,"fclass":"residential","name":"Shivtirth Road","ref":"","oneway":"F","maxspeed":0,"layer":0,"bridge":"F","tunnel":"F"},"geometry":{"type":"LineString","coordinates":[[73.8248371,18.5055812],[73.8248494,18.5055095],[73.8249232,18.5050774],[73.8250309,18.5045368]]}},
{"type":"Feature","properties":{"osm_id":"69602684","code":5115,"fclass":"tertiary","name":"","ref":"","oneway":"B","maxspeed":0,"layer":0,"bridge":"F","tunnel":"F"},"geometry":{"type":"LineString","coordinates":[[73.8161177,18.5008663],[73.8162266,18.5008737],[73.8164231,18.5010188],[73.8167298,18.501145],[73.8170005,18.5011921],[73.8172508,18.5013011],[73.817341,18.5013885],[73.8174087,18.5014872],[73.8174378,18.5015545]]}},
{"type":"Feature","properties":{"osm_id":"69731956","code":5122,"fclass":"residential","name":"Deccan Gymkhana Road","ref":"","oneway":"B","maxspeed":0,"layer":0,"bridge":"F","tunnel":"F"},"geometry":{"type":"LineString","coordinates":[[73.8420199,18.515744],[73.841879,18.5156915],[73.8415203,18.5157335],[73.8409033,18.5158361],[73.8398983,18.5159806],[73.8394647,18.5160205],[73.8392602,18.5160393],[73.8388105,18.5161211],[73.8386418,18.5161518],[73.8384564,18.5161855],[73.8381815,18.516237],[73.8379605,18.5162791],[73.8377023,18.5163282],[73.8374744,18.5163831],[73.8365974,18.5165351]]}},
{"type":"Feature","properties":{"osm_id":"69732058","code":5122,"fclass":"residential","name":"Sudhabhau Kelkar Path","ref":"","oneway":"F","maxspeed":0,"layer":0,"bridge":"F","tunnel":"F"},"geometry":{"type":"LineString","coordinates":[[73.8431391,18.5190151],[73.8424237,18.5193405],[73.8419641,18.5195527],[73.841194,18.5199083]]}},
{"type":"Feature","properties":{"osm_id":"69732124","code":5122,"fclass":"residential","name":"Lane 3","ref":"","oneway":"B","maxspeed":0,"layer":0,"bridge":"F","tunnel":"F"},"geometry":{"type":"LineString","coordinates":[[73.8398492,18.5177985],[73.8399894,18.518614],[73.8400534,18.5189216],[73.8400637,18.5189713],[73.8401111,18.5191991],[73.840198,18.5195374]]}},
{"type":"Feature","properties":{"osm_id":"69732130","code":5122,"fclass":"residential","name":"","ref":"","oneway":"B","maxspeed":0,"layer":0,"bridge":"F","tunnel":"F"},"geometry":{"type":"LineString","coordinates":[[73.8414602,18.5183339],[73.8413554,18.5183549],[73.8408885,18.5184484],[73.8399894,18.518614],[73.8391483,18.5187807],[73.8391282,18.5187953],[73.8391175,18.5188112],[73.8391063,18.5188349],[73.8391003,18.5188572],[73.8392009,18.5193633]]}},
{"type":"Feature","properties":{"osm_id":"69732170","code":5122,"fclass":"residential","name":"Ratnakant Phade Path","ref":"","oneway":"B","maxspeed":0,"layer":0,"bridge":"F","tunnel":"F"},"geometry":{"type":"LineString","coordinates":[[73.8384564,18.5161855],[73.8385572,18.516789],[73.8386575,18.5173892],[73.8387512,18.5179497]]}},
{"type":"Feature","properties":{"osm_id":"69732209","code":5122,"fclass":"residential","name":"Lane 7","ref":"","oneway":"B","maxspeed":0,"layer":0,"bridge":"F","tunnel":"F"},"geometry":{"type":"LineString","coordinates":[[73.8376774,18.518755],[73.8376125,18.5184335],[73.8376311,18.5180517]]}},
{"type":"Feature","properties":{"osm_id":"69732289","code":5122,"fclass":"residential","name":"Pandit Shrikrushna Anant Jakatdar Path","ref":"","oneway":"B","maxspeed":0,"layer":0,"bridge":"F","tunnel":"F"},"geometry":{"type":"LineString","coordinates":[[73.8386575,18.5173892],[73.8381396,18.5173795],[73.8376192,18.5174014],[73.8372393,18.5174166],[73.8368629,18.5174507],[73.8366746,18.517471]]}},
{"type":"Feature","properties":{"osm_id":"69732293","code":5122,"fclass":"residential","name":"Lane 10","ref":"","oneway":"B","maxspeed":0,"layer":0,"bridge":"F","tunnel":"F"},"geometry":{"type":"LineString","coordinates":[[73.8359309,18.5174586],[73.8357392,18.5163407],[73.8356688,18.5161544],[73.8355212,18.5153029],[73.8352942,18.5139928]]}},
{"type":"Feature","properties":{"osm_id":"69732374","code":5122,"fclass":"residential","name":"Shantabai Kalmadi Path","ref":"","oneway":"B","maxspeed":0,"layer":0,"bridge":"F","tunnel":"F"},"geometry":{"type":"LineString","coordinates":[[73.8335474,18.5113465],[73.833773,18.511428],[73.8339959,18.5114711],[73.8345787,18.5115042],[73.834996,18.5114992],[73.8353286,18.511428],[73.8356353,18.511358]]}},
{"type":"Feature","properties":{"osm_id":"69877866","code":5141,"fclass":"service","name":"","ref":"","oneway":"B","maxspeed":0,"layer":0,"bridge":"F","tunnel":"F"},"geometry":{"type":"LineString","coordinates":[[73.8807999,18.5154466],[73.8808973,18.5154479],[73.8815366,18.5154562],[73.8821565,18.5154596],[73.8822149,18.5154764],[73.8822517,18.5155078],[73.8823471,18.5156397],[73.8824107,18.5156911],[73.8825365,18.5157118],[73.8832343,18.5156768],[73.8834199,18.5156685],[73.8834886,18.5156654]]}},
{"type":"Feature","properties":{"osm_id":"69877880","code":5141,"fclass":"service","name":"","ref":"","oneway":"B","maxspeed":0,"layer":0,"bridge":"F","tunnel":"F"},"geometry":{"type":"LineString","coordinates":[[73.8815366,18.5154562],[73.8815577,18.5155842],[73.8816221,18.5157165],[73.8816526,18.5157877],[73.8816809,18.5158537],[73.8817423,18.5159922],[73.8817931,18.5160855]]}},
{"type":"Feature","properties":{"osm_id":"70116975","code":5122,"fclass":"residential","name":"Lane Number 7","ref":"","oneway":"B","maxspeed":0,"layer":0,"bridge":"F","tunnel":"F"},"geometry":{"type":"LineString","coordinates":[[73.9038445,18.5443766],[73.9038748,18.544919],[73.9039106,18.5455613],[73.9039421,18.5461916],[73.9039493,18.5462619]]}},
{"type":"Feature","properties":{"osm_id":"70130675","code":5113,"fclass":"primary","name":"Lohgaon Road","ref":"","oneway":"F","maxspeed":0,"layer":0,"bridge":"F","tunnel":"F"},"geometry":{"type":"LineString","coordinates":[[73.9210745,18.5930572],[73.9211808,18.5930566],[73.9212336,18.593016],[73.9213302,18.5929386]]}},
{"type":"Feature","properties":{"osm_id":"70130685","code":5141,"fclass":"service","name":"","ref":"","oneway":"B","maxspeed":0,"layer":0,"bridge":"F","tunnel":"F"},"geometry":{"type":"LineString","coordinates":[[73.9212336,18.593016],[73.9213396,18.5931842],[73.9213385,18.5933134],[73.9212769,18.5935099],[73.9212081,18.5936812],[73.9209192,18.5941327],[73.9205266,18.5946603],[73.9199291,18.5954155],[73.9191617,18.5963417],[73.918431,18.5972385],[73.9183612,18.5972755],[73.9182896,18.5972671],[73.9173161,18.5966248],[73.9173192,18.5965823],[73.9173092,18.5965546],[73.9172881,18.5965331]]}},
{"type":"Feature","properties":{"osm_id":"70130746","code":5141,"fclass":"service","name":"","ref":"","oneway":"B","maxspeed":0,"layer":0,"bridge":"F","tunnel":"F"},"geometry":{"type":"LineString","coordinates":[[73.9173161,18.5966248],[73.9172885,18.5966587],[73.9172589,18.5966721],[73.9172152,18.59668],[73.9171821,18.5966818],[73.9171478,18.5966726],[73.9171244,18.5966515],[73.9170263,18.5966838],[73.9151877,18.596638],[73.9150044,18.5966399],[73.9137239,18.5966194],[73.9136601,18.5966124],[73.9136017,18.5965979],[73.913548,18.5965458],[73.9135267,18.5964856],[73.9134192,18.5957111],[73.913341,18.5949928],[73.9133521,18.5949192],[73.9133834,18.5948694],[73.9134578,18.5948256],[73.9144521,18.5945686],[73.9148162,18.5945264],[73.9150954,18.5945081],[73.9154774,18.5945406]]}},
{"type":"Feature","properties":{"osm_id":"70130806","code":5141,"fclass":"service","name":"","ref":"","oneway":"B","maxspeed":0,"layer":0,"bridge":"F","tunnel":"F"},"geometry":{"type":"LineString","coordinates":[[73.9151877,18.596638],[73.9152901,18.5960305],[73.915551,18.5946718]]}},
{"type":"Feature","properties":{"osm_id":"70130843","code":5141,"fclass":"service","name":"","ref":"","oneway":"B","maxspeed":0,"layer":0,"bridge":"F","tunnel":"F"},"geometry":{"type":"LineString","coordinates":[[73.9172881,18.5965331],[73.9177229,18.596181],[73.9179698,18.5958813],[73.9179767,18.5958728],[73.9181384,18.5956766],[73.9188198,18.5948569],[73.9195254,18.5939744]]}},
{"type":"Feature","properties":{"osm_id":"70131009","code":5141,"fclass":"service","name":"","ref":"","oneway":"B","maxspeed":0,"layer":0,"bridge":"F","tunnel":"F"},"geometry":{"type":"LineString","coordinates":[[73.9205266,18.5946603],[73.9195254,18.5939744],[73.919274,18.5937852],[73.9182541,18.5933367],[73.9172098,18.5928727]]}},
{"type":"Feature","properties":{"osm_id":"70131046","code":5141,"fclass":"service","name":"","ref":"","oneway":"B","maxspeed":0,"layer":0,"bridge":"F","tunnel":"F"},"geometry":{"type":"LineString","coordinates":[[73.9151729,18.5894031],[73.9154293,18.5892965],[73.9159628,18.5890747],[73.9160565,18.5890375],[73.9160762,18.5890296],[73.9165862,18.5888253],[73.917016,18.5886521],[73.9172854,18.5885435],[73.9173664,18.5885108],[73.9185055,18.5880484],[73.9185775,18.5880253],[73.9188346,18.587919],[73.9189941,18.5878547],[73.9194133,18.5876857],[73.92007,18.5874205],[73.9205459,18.5872402],[73.9207195,18.5871689],[73.9210253,18.5870432],[73.9217773,18.5867343],[73.9235257,18.5860311],[73.9237859,18.5859436]]}},
{"type":"Feature","properties":{"osm_id":"70131132","code":5141,"fclass":"service","name":"","ref":"","oneway":"B","maxspeed":0,"layer":0,"bridge":"F","tunnel":"F"},"geometry":{"type":"LineString","coordinates":[[73.9213903,18.5854172],[73.9213961,18.5857737],[73.9214094,18.5858568],[73.9214896,18.5860839],[73.9217773,18.5867343]]}},
{"type":"Feature","properties":{"osm_id":"70131689","code":5141,"fclass":"service","name":"","ref":"","oneway":"B","maxspeed":0,"layer":0,"bridge":"F","tunnel":"F"},"geometry":{"type":"LineString","coordinates":[[73.9216819,18.5918389],[73.9221391,18.5922172],[73.9224352,18.5924391],[73.922573,18.5925845],[73.9226153,18.5926931],[73.9227164,18.5931234]]}},
{"type":"Feature","properties":{"osm_id":"70844717","code":5122,"fclass":"residential","name":"","ref":"","oneway":"B","maxspeed":0,"layer":0,"bridge":"F","tunnel":"F"},"geometry":{"type":"LineString","coordinates":[[73.8908412,18.5214468],[73.8916265,18.5221507]]}},
{"type":"Feature","properties":{"osm_id":"70844727","code":5122,"fclass":"residential","name":"जिजामाता रस्ता","ref":"","oneway":"B","maxspeed":0,"layer":0,"bridge":"F","tunnel":"F"},"geometry":{"type":"LineString","coordinates":[[73.8916265,18.5221507],[73.8910935,18.522303],[73.8907475,18.5224018],[73.8905961,18.5224451],[73.8904077,18.5224994],[73.8899033,18.5226448],[73.8897504,18.5226637]]}},
{"type":"Feature","properties":{"osm_id":"71465469","code":5141,"fclass":"service","name":"","ref":"","oneway":"B","maxspeed":0,"layer":0,"bridge":"F","tunnel":"F"},"geometry":{"type":"LineString","coordinates":[[73.8134646,18.5452025],[73.812336,18.5451884],[73.8115779,18.545179],[73.8109126,18.5451707],[73.8107048,18.5451681],[73.809349,18.5451512]]}},
{"type":"Feature","properties":{"osm_id":"71465478","code":5141,"fclass":"service","name":"","ref":"","oneway":"B","maxspeed":0,"layer":0,"bridge":"F","tunnel":"F"},"geometry":{"type":"LineString","coordinates":[[73.8134469,18.5424334],[73.8134473,18.5423886],[73.8134677,18.5399864]]}},
{"type":"Feature","properties":{"osm_id":"72676316","code":5141,"fclass":"service","name":"","ref":"","oneway":"B","maxspeed":0,"layer":0,"bridge":"F","tunnel":"F"},"geometry":{"type":"LineString","coordinates":[[73.9242137,18.5721934],[73.9242717,18.5718315],[73.9243381,18.5713708],[73.9245274,18.5701394],[73.9245992,18.569671],[73.9246445,18.5693758],[73.9247374,18.5691876],[73.9247969,18.5691002],[73.924888,18.5690143],[73.9250004,18.5689242],[73.9263286,18.5681946],[73.926813,18.5679326],[73.9271977,18.5677245],[73.9273965,18.5676117]]}},
{"type":"Feature","properties":{"osm_id":"72946169","code":5114,"fclass":"secondary","name":"Balewadi Gaon Road","ref":"","oneway":"F","maxspeed":0,"layer":0,"bridge":"F","tunnel":"F"},"geometry":{"type":"LineString","coordinates":[[73.7807575,18.5736836],[73.7807775,18.5736601],[73.7807808,18.5736327],[73.7807996,18.5734784],[73.7808069,18.5734169],[73.7808187,18.573299],[73.7808294,18.5731503],[73.780841,18.5730161],[73.7808489,18.5729246],[73.7808502,18.5729089],[73.7808615,18.5728058],[73.7808642,18.5727618],[73.7808674,18.5727104],[73.7808831,18.5725274],[73.7808925,18.572419],[73.7809106,18.5721871],[73.7809202,18.5720965],[73.7809627,18.5716047],[73.7809635,18.5715952],[73.7809953,18.5712056],[73.7809959,18.5711986],[73.7810201,18.5710031],[73.7810235,18.5709632],[73.7810399,18.570883],[73.7810931,18.5705158],[73.781102,18.5704572],[73.7811214,18.5703021],[73.7811262,18.5702624],[73.7811522,18.5700686],[73.7811703,18.5700145],[73.7812147,18.5698962],[73.781361,18.5696393],[73.7813714,18.5696165],[73.7814194,18.569555],[73.7815192,18.5694188],[73.7815873,18.5693294],[73.7817836,18.5690853],[73.7818983,18.5689362],[73.7819611,18.5687984],[73.7820191,18.568641],[73.7821154,18.5683794],[73.7822812,18.567995],[73.7824267,18.5676561],[73.7824682,18.5675436],[73.782492,18.5674238],[73.782493,18.5674107],[73.7825043,18.5672541],[73.7825062,18.5671948],[73.7825166,18.5668668],[73.7825508,18.5657866],[73.7825522,18.5657417],[73.7825844,18.5647241],[73.7825878,18.5646936]]}},
{"type":"Feature","properties":{"osm_id":"72946170","code":5122,"fclass":"residential","name":"Prathamesh Park","ref":"","oneway":"B","maxspeed":0,"layer":0,"bridge":"F","tunnel":"F"},"geometry":{"type":"LineString","coordinates":[[73.7850451,18.5668546],[73.7848939,18.5671685],[73.7848148,18.5673328],[73.7847978,18.5673885],[73.784787,18.5674529],[73.7847751,18.567603],[73.7847966,18.5676488],[73.7848476,18.5676945],[73.7849722,18.5676987],[73.7853258,18.5677294]]}},
{"type":"Feature","properties":{"osm_id":"72950568","code":5141,"fclass":"service","name":"Chintamani nagar","ref":"","oneway":"B","maxspeed":0,"layer":0,"bridge":"F","tunnel":"F"},"geometry":{"type":"LineString","coordinates":[[73.8065375,18.5556006],[73.8061065,18.5556547]]}},
{"type":"Feature","properties":{"osm_id":"73533877","code":5114,"fclass":"secondary","name":"Balewadi Road","ref":"","oneway":"F","maxspeed":0,"layer":0,"bridge":"F","tunnel":"F"},"geometry":{"type":"LineString","coordinates":[[73.7662771,18.5750513],[73.7663002,18.5750525],[73.7663329,18.5750543],[73.7669183,18.5751048],[73.7673714,18.5751546],[73.7678976,18.5751984],[73.7681714,18.5752234],[73.768335,18.5752377],[73.7686646,18.575255],[73.7690239,18.5752738],[73.7690828,18.5752712],[73.7691182,18.575269],[73.7691856,18.5752622],[73.7692383,18.5752539],[73.7694131,18.5752268],[73.7701169,18.5750374],[73.7702149,18.5750082]]}},
{"type":"Feature","properties":{"osm_id":"73533947","code":5122,"fclass":"residential","name":"Aundh-Baner Road","ref":"","oneway":"B","maxspeed":25,"layer":0,"bridge":"F","tunnel":"F"},"geometry":{"type":"LineString","coordinates":[[73.8029492,18.5607678],[73.8023439,18.5606132],[73.8016038,18.5604587],[73.8010829,18.5603596],[73.8003691,18.5601552],[73.8001997,18.5601044],[73.8000318,18.560061],[73.7997543,18.5600482],[73.7997192,18.5600466],[73.7995957,18.5600555],[73.799307,18.5601145],[73.798998,18.5601867],[73.7988484,18.560262],[73.7987627,18.5603243],[73.7986801,18.5604314],[73.7985942,18.56058],[73.7985703,18.560604],[73.7984155,18.5606375],[73.798102,18.5606247],[73.7979794,18.5606036]]}},
{"type":"Feature","properties":{"osm_id":"73534008","code":5122,"fclass":"residential","name":"","ref":"","oneway":"B","maxspeed":0,"layer":0,"bridge":"F","tunnel":"F"},"geometry":{"type":"LineString","coordinates":[[73.8066455,18.5542662],[73.8073854,18.5542293],[73.8074609,18.5542255],[73.8079866,18.554195],[73.8088878,18.5541543],[73.8093766,18.5541136],[73.8094823,18.554112]]}},
{"type":"Feature","properties":{"osm_id":"73534011","code":5122,"fclass":"residential","name":"","ref":"","oneway":"B","maxspeed":0,"layer":0,"bridge":"F","tunnel":"F"},"geometry":{"type":"LineString","coordinates":[[73.8073795,18.5552235],[73.8073854,18.5542293]]}},
{"type":"Feature","properties":{"osm_id":"73534020","code":5122,"fclass":"residential","name":"","ref":"","oneway":"B","maxspeed":0,"layer":0,"bridge":"F","tunnel":"F"},"geometry":{"type":"LineString","coordinates":[[73.8079792,18.5551715],[73.8079778,18.5548977],[73.8079866,18.554195]]}},
{"type":"Feature","properties":{"osm_id":"73534047","code":5122,"fclass":"residential","name":"हनुमान मार्केट लेन","ref":"","oneway":"B","maxspeed":0,"layer":0,"bridge":"F","tunnel":"F"},"geometry":{"type":"LineString","coordinates":[[73.8092728,18.5548592],[73.8086161,18.554878],[73.8079778,18.5548977]]}},
{"type":"Feature","properties":{"osm_id":"73534048","code":5122,"fclass":"residential","name":"Sanewadi Lane 1","ref":"","oneway":"B","maxspeed":0,"layer":0,"bridge":"F","tunnel":"F"},"geometry":{"type":"LineString","coordinates":[[73.8079792,18.5551715],[73.8073795,18.5552235],[73.8066592,18.555234],[73.8066428,18.5552293],[73.8066303,18.5552196],[73.8066184,18.5552068],[73.8066124,18.5551912],[73.8066322,18.5548036],[73.8066455,18.5542662],[73.8066438,18.5542076],[73.8066349,18.5539103]]}},
{"type":"Feature","properties":{"osm_id":"80236913","code":5115,"fclass":"tertiary","name":"","ref":"","oneway":"B","maxspeed":0,"layer":0,"bridge":"F","tunnel":"F"},"geometry":{"type":"LineString","coordinates":[[73.881896,18.4995046],[73.8812571,18.4992853],[73.8809703,18.4991869],[73.8801593,18.498907],[73.8800812,18.4988828]]}},
{"type":"Feature","properties":{"osm_id":"80236920","code":5122,"fclass":"residential","name":"Right Flank Road","ref":"","oneway":"B","maxspeed":0,"layer":0,"bridge":"F","tunnel":"F"},"geometry":{"type":"LineString","coordinates":[[73.8822561,18.4984101],[73.8832122,18.4987231],[73.8833245,18.4987527],[73.8835079,18.4988011],[73.8838421,18.4988396],[73.8848113,18.4989512],[73.885007,18.4989737],[73.8855842,18.4989656],[73.8865857,18.4989515],[73.8868836,18.4989473],[73.8875825,18.4989225],[73.8878256,18.4989238],[73.8888405,18.4988779],[73.8892192,18.4988614],[73.8894379,18.4988519],[73.8897073,18.4988182],[73.8898326,18.4988025],[73.8900671,18.4987704],[73.8903585,18.4986843],[73.8905232,18.4986351],[73.8907725,18.4984972],[73.8908524,18.498453],[73.8911145,18.4983345],[73.8913432,18.4982738],[73.8918114,18.4981328],[73.8922008,18.4979943],[73.8924638,18.4979008],[73.8926628,18.4977759],[73.893043,18.4974405],[73.8932128,18.4973106],[73.8933764,18.4972244],[73.8935052,18.4971845],[73.8937363,18.4971129],[73.8948864,18.4968118]]}},
{"type":"Feature","properties":{"osm_id":"80236922","code":5115,"fclass":"tertiary","name":"","ref":"","oneway":"B","maxspeed":0,"layer":0,"bridge":"F","tunnel":"F"},"geometry":{"type":"LineString","coordinates":[[73.88396,18.5002512],[73.8835461,18.5000834],[73.8833463,18.5000024],[73.8831934,18.4999499],[73.8829891,18.4998798],[73.8827697,18.4998045],[73.8826076,18.4997489],[73.881896,18.4995046]]}},
{"type":"Feature","properties":{"osm_id":"80237601","code":5122,"fclass":"residential","name":"Dastur Meher Road","ref":"","oneway":"F","maxspeed":0,"layer":0,"bridge":"F","tunnel":"F"},"geometry":{"type":"LineString","coordinates":[[73.8769249,18.5147207],[73.8769277,18.514959],[73.8769329,18.5153957],[73.8769334,18.5154378],[73.8769348,18.5155582],[73.8769722,18.5158876],[73.8770434,18.5161097],[73.877143,18.5164659],[73.8771683,18.5165564],[73.8772762,18.5169422],[73.877313,18.5170986]]}},
{"type":"Feature","properties":{"osm_id":"80237937","code":5122,"fclass":"residential","name":"","ref":"","oneway":"B","maxspeed":0,"layer":0,"bridge":"F","tunnel":"F"},"geometry":{"type":"LineString","coordinates":[[73.8787373,18.5091471],[73.8790716,18.5091364],[73.8793204,18.5091284],[73.8796794,18.5091037],[73.8797602,18.5090773]]}},
{"type":"Feature","properties":{"osm_id":"80237950","code":5141,"fclass":"service","name":"Fashion Street","ref":"","oneway":"B","maxspeed":0,"layer":0,"bridge":"F","tunnel":"F"},"geometry":{"type":"LineString","coordinates":[[73.8793204,18.5091284],[73.8793597,18.5101235]]}},
{"type":"Feature","properties":{"osm_id":"82501551","code":5115,"fclass":"tertiary","name":"Katraj Ambegaon Khurd Road","ref":"","oneway":"B","maxspeed":0,"layer":0,"bridge":"F","tunnel":"F"},"geometry":{"type":"LineString","coordinates":[[73.8587737,18.4472369],[73.8585847,18.447198],[73.8585199,18.4471876],[73.8580128,18.4471734],[73.8576849,18.447331],[73.8576308,18.4473859],[73.8574341,18.4475856],[73.8572532,18.4477694],[73.8571696,18.4478543],[73.8569853,18.4479192],[73.8567706,18.4479948],[73.8567376,18.4480064],[73.8565523,18.4480777],[73.856318,18.4481677],[73.8562015,18.4482125],[73.8561791,18.4482412],[73.8560241,18.448439],[73.8560062,18.4484618],[73.8558261,18.4486453],[73.8557965,18.4486754],[73.8555533,18.4487524],[73.855284,18.4488377],[73.8547972,18.4489918],[73.854197,18.4491818],[73.8541173,18.4492071],[73.8525037,18.4495559],[73.8521017,18.4496427],[73.8515565,18.4497566],[73.8513581,18.4497573],[73.8513123,18.4497607],[73.8511268,18.4497743],[73.8508385,18.4497819],[73.8506027,18.449788],[73.8497146,18.4497616]]}},
{"type":"Feature","properties":{"osm_id":"86918425","code":5114,"fclass":"secondary","name":"Pancard Club Road","ref":"","oneway":"B","maxspeed":0,"layer":0,"bridge":"F","tunnel":"F"},"geometry":{"type":"LineString","coordinates":[[73.7863799,18.5614481],[73.7864003,18.5612523],[73.7864022,18.5608902],[73.7864026,18.5608142],[73.7864036,18.5606093],[73.7863892,18.5604876],[73.7863516,18.5603795],[73.7862941,18.5603145],[73.7860504,18.560106],[73.7858357,18.5599317],[73.7857561,18.5598123],[73.7856399,18.5595381]]}},
{"type":"Feature","properties":{"osm_id":"86918552","code":5122,"fclass":"residential","name":"Shivalaya Society Road","ref":"","oneway":"B","maxspeed":0,"layer":0,"bridge":"F","tunnel":"F"},"geometry":{"type":"LineString","coordinates":[[73.7847802,18.5450665],[73.7851217,18.5442985],[73.7854252,18.5436158],[73.7854647,18.5435269]]}},
{"type":"Feature","properties":{"osm_id":"86918595","code":5122,"fclass":"residential","name":"Kirti Gardens Road","ref":"","oneway":"B","maxspeed":0,"layer":0,"bridge":"F","tunnel":"F"},"geometry":{"type":"LineString","coordinates":[[73.7675557,18.5487583],[73.7675365,18.5485895],[73.7675411,18.5485069],[73.7675716,18.5483062],[73.7676718,18.5480383],[73.7676609,18.5479372],[73.7676552,18.5478244],[73.7676652,18.5476675],[73.7676682,18.5475178],[73.7677054,18.5474009],[73.767825,18.5470886],[73.767926,18.5468566],[73.7680093,18.5466773],[73.7681243,18.5464565],[73.7681845,18.5463727],[73.7682358,18.546284],[73.7683268,18.546133],[73.7685256,18.5458574]]}},
{"type":"Feature","properties":{"osm_id":"86918606","code":5141,"fclass":"service","name":"Kirti Gardens Phase I Road","ref":"","oneway":"B","maxspeed":0,"layer":0,"bridge":"F","tunnel":"F"},"geometry":{"type":"LineString","coordinates":[[73.7696337,18.5443057],[73.7699713,18.5443737],[73.7705293,18.544486],[73.7705608,18.5444761],[73.7705867,18.544453],[73.7710622,18.5434615],[73.7711397,18.5433617],[73.7711633,18.5433373],[73.7711986,18.543322],[73.7712307,18.5433213],[73.771257,18.5433262],[73.7712944,18.5433344],[73.7713269,18.5433307],[73.7713575,18.5433206],[73.7717672,18.5429709],[73.772922,18.5420148],[73.7740652,18.5410565],[73.7748372,18.5404403],[73.7760281,18.539535],[73.776492,18.5391788],[73.7766582,18.5390695],[73.7768029,18.538945],[73.7776911,18.5379075],[73.7780988,18.5373378]]}},
{"type":"Feature","properties":{"osm_id":"86918652","code":5115,"fclass":"tertiary","name":"","ref":"","oneway":"B","maxspeed":0,"layer":0,"bridge":"F","tunnel":"F"},"geometry":{"type":"LineString","coordinates":[[73.7817578,18.5372835],[73.781742,18.5374878],[73.781682,18.5379913],[73.7816287,18.538098],[73.7815606,18.5381823],[73.7815323,18.5382689],[73.7815021,18.5383793],[73.7814881,18.5385081]]}},
{"type":"Feature","properties":{"osm_id":"86918661","code":5115,"fclass":"tertiary","name":"","ref":"","oneway":"B","maxspeed":0,"layer":0,"bridge":"F","tunnel":"F"},"geometry":{"type":"LineString","coordinates":[[73.7817578,18.5372835],[73.7817578,18.5370279],[73.781731,18.5367762],[73.7816997,18.5365509],[73.781642,18.5364318],[73.7815902,18.5363184],[73.7814702,18.536021],[73.7814017,18.5358709],[73.7813299,18.5357283],[73.7812647,18.5355867],[73.781185,18.5354398],[73.7810063,18.535161],[73.780922,18.5350531]]}},
{"type":"Feature","properties":{"osm_id":"86918676","code":5115,"fclass":"tertiary","name":"Sus-Pashan Highway Ramp","ref":"","oneway":"B","maxspeed":0,"layer":0,"bridge":"F","tunnel":"F"},"geometry":{"type":"LineString","coordinates":[[73.7736104,18.5480995],[73.7740169,18.5475282],[73.7740851,18.5474041],[73.7742527,18.5470646],[73.7743926,18.5467398]]}},
{"type":"Feature","properties":{"osm_id":"86918684","code":5115,"fclass":"tertiary","name":"Pashan-Sus Road","ref":"","oneway":"F","maxspeed":0,"layer":0,"bridge":"F","tunnel":"F"},"geometry":{"type":"LineString","coordinates":[[73.7733568,18.5469144],[73.7732596,18.546968],[73.7730579,18.5470698]]}},
{"type":"Feature","properties":{"osm_id":"86918742","code":5114,"fclass":"secondary","name":"Sus Road","ref":"","oneway":"B","maxspeed":0,"layer":0,"bridge":"F","tunnel":"F"},"geometry":{"type":"LineString","coordinates":[[73.7656507,18.5489936],[73.7654698,18.5490221],[73.7653207,18.5490456],[73.7647628,18.5492389],[73.7644195,18.5494525],[73.7642046,18.5496026],[73.7639948,18.5497483],[73.7639854,18.5497548],[73.7639546,18.5497752],[73.7636226,18.5499955],[73.7633504,18.5501762],[73.763073,18.5503603],[73.7629056,18.5504884],[73.7625175,18.5507852],[73.7624347,18.5508485],[73.761874,18.5512612],[73.7615427,18.551505],[73.7614785,18.5515523],[73.7612599,18.5517131],[73.7611769,18.5517665],[73.7610728,18.5518335],[73.7608542,18.5519743],[73.7608254,18.5519928],[73.7605521,18.5521267],[73.7603912,18.5521728],[73.7600722,18.5522639],[73.7597627,18.5523529],[73.7597468,18.5523575],[73.7595996,18.5523997],[73.7593612,18.5524435],[73.7592265,18.5524682],[73.7589896,18.5525117],[73.7588413,18.5525386],[73.7586648,18.5525713],[73.7584736,18.5526122],[73.7583825,18.5526317],[73.7583117,18.5526767],[73.7582762,18.5526992],[73.7581271,18.5527938],[73.7580883,18.5528156],[73.7578369,18.5529569],[73.757755,18.5530029],[73.7576657,18.5530531],[73.757362,18.5530883],[73.7570293,18.5530051],[73.7567377,18.5528802],[73.7566234,18.552855],[73.7559545,18.5527073],[73.7556885,18.552665],[73.7554917,18.5526696],[73.7554315,18.5526814],[73.7552948,18.5527083],[73.755129,18.5527809],[73.7548228,18.5529416],[73.7546456,18.553043],[73.7546232,18.5530516],[73.7543384,18.5531611],[73.7540656,18.5532659],[73.75402,18.5532775],[73.7539292,18.5533005],[73.753699,18.5533588],[73.753586,18.5533875],[73.7535694,18.5533917],[73.7531727,18.5533914],[73.7530691,18.5533578],[73.752755,18.5532126],[73.752553,18.5529853],[73.7523697,18.552854],[73.7523344,18.5528455],[73.7521724,18.5528064],[73.7519848,18.552809],[73.7516926,18.552854],[73.7514054,18.5529481],[73.7512489,18.5530148],[73.7511742,18.5530466],[73.7510977,18.5530795],[73.7508578,18.5531827],[73.7507967,18.5532065],[73.7507361,18.5532301],[73.750614,18.5532777],[73.7503014,18.5533995],[73.7502356,18.5534251],[73.7499717,18.5535255],[73.7498498,18.5535719],[73.7496211,18.5536323],[73.7492274,18.5537295],[73.7490203,18.5537918],[73.7487658,18.5538454],[73.7480366,18.5539991],[73.7476265,18.5540848],[73.7473151,18.5541499],[73.747063,18.5542431],[73.7469966,18.5542667],[73.7466548,18.5543883],[73.7464516,18.5544608],[73.7460652,18.5545986],[73.7456997,18.5546993],[73.7449244,18.554799],[73.744243,18.5548867],[73.7438493,18.5549373],[73.7436971,18.5549746],[73.7426748,18.5552254],[73.7422755,18.5553523],[73.7422244,18.5553629],[73.7421064,18.5553875],[73.7420385,18.5554012],[73.7415733,18.5554953],[73.7415287,18.5555043],[73.740957,18.5555789],[73.7408909,18.5555875],[73.7408491,18.5555871],[73.7405918,18.5555862],[73.7405412,18.555585],[73.7404753,18.5555834],[73.7402562,18.5555759],[73.7399229,18.5555357],[73.7396038,18.5554972],[73.7394767,18.5555169],[73.7393697,18.5555534],[73.7391398,18.5556859],[73.7389493,18.5558401],[73.7387746,18.5559312],[73.7386703,18.5559723],[73.7384876,18.5560007],[73.7383055,18.556013],[73.7380463,18.5559897],[73.7377798,18.5559418],[73.7375653,18.5559199],[73.7374178,18.5559264],[73.73734,18.5559299],[73.7370395,18.5560435],[73.7370099,18.5560648],[73.7367713,18.5562367],[73.7365353,18.5565215],[73.73631,18.5566436],[73.7359237,18.5566029],[73.7355375,18.5564808],[73.7350762,18.5563893],[73.7341106,18.5560638],[73.7336278,18.5556468],[73.7325272,18.5548692]]}},
{"type":"Feature","properties":{"osm_id":"86918791","code":5115,"fclass":"tertiary","name":"Sutarwadi-Pashan Link Road","ref":"","oneway":"F","maxspeed":0,"layer":0,"bridge":"F","tunnel":"F"},"geometry":{"type":"LineString","coordinates":[[73.7845874,18.538186],[73.7845958,18.5382803],[73.7846285,18.5385293],[73.7846469,18.5386977],[73.784686,18.5391665],[73.7846908,18.5392242],[73.7847644,18.5401161],[73.7847715,18.5402666],[73.7847897,18.5406498],[73.7848015,18.5408979],[73.7849194,18.5422637],[73.7849492,18.5426423],[73.7849525,18.5426708],[73.7849715,18.5429265],[73.7849872,18.5431007],[73.7850133,18.5434225],[73.7850274,18.5434949],[73.7850649,18.5435572]]}},
{"type":"Feature","properties":{"osm_id":"86918798","code":5115,"fclass":"tertiary","name":"Sutarwadi Road","ref":"","oneway":"B","maxspeed":0,"layer":0,"bridge":"F","tunnel":"F"},"geometry":{"type":"LineString","coordinates":[[73.7845874,18.538186],[73.7841634,18.538242],[73.7841457,18.5382443],[73.7841265,18.5382468],[73.7839904,18.5382643],[73.7837387,18.5382968],[73.78367,18.5383063],[73.7834071,18.5383427],[73.7833628,18.5383449],[73.7832474,18.5383532],[73.7827312,18.5383904],[73.7826342,18.5383974],[73.7824777,18.538423],[73.7820613,18.538491],[73.7816537,18.5385615],[73.7815833,18.5385673],[73.781527,18.5385488],[73.7814881,18.5385081]]}},
{"type":"Feature","properties":{"osm_id":"87218844","code":5115,"fclass":"tertiary","name":"","ref":"","oneway":"B","maxspeed":0,"layer":0,"bridge":"F","tunnel":"F"},"geometry":{"type":"LineString","coordinates":[[73.9267384,18.5224268],[73.9267359,18.5222421],[73.9267312,18.521893],[73.9266822,18.5215279],[73.926612,18.5210986],[73.926594,18.5208704],[73.9265483,18.5203731],[73.926538,18.5202606],[73.9265061,18.519914],[73.9264772,18.5195758],[73.9264839,18.5195245]]}},
{"type":"Feature","properties":{"osm_id":"87654431","code":5141,"fclass":"service","name":"","ref":"","oneway":"B","maxspeed":0,"layer":0,"bridge":"F","tunnel":"F"},"geometry":{"type":"LineString","coordinates":[[73.927808,18.5093008],[73.9278065,18.5092993],[73.9278034,18.509271],[73.9278037,18.509242],[73.9277958,18.5091334],[73.9277719,18.5088242],[73.9277671,18.5087622]]}},
{"type":"Feature","properties":{"osm_id":"91567642","code":5122,"fclass":"residential","name":"Padmalaya","ref":"","oneway":"B","maxspeed":0,"layer":0,"bridge":"F","tunnel":"F"},"geometry":{"type":"LineString","coordinates":[[73.785829,18.5453471],[73.7858801,18.5452841],[73.7869099,18.5434069],[73.7869696,18.543298]]}},
{"type":"Feature","properties":{"osm_id":"91567643","code":5122,"fclass":"residential","name":"Vishwakarma Nagar","ref":"","oneway":"B","maxspeed":0,"layer":0,"bridge":"F","tunnel":"F"},"geometry":{"type":"LineString","coordinates":[[73.7866462,18.5452068],[73.7877326,18.5433164],[73.7877944,18.5431901],[73.7877718,18.5430278]]}},
{"type":"Feature","properties":{"osm_id":"91658534","code":5141,"fclass":"service","name":"IMD Colony Road","ref":"","oneway":"B","maxspeed":0,"layer":0,"bridge":"F","tunnel":"F"},"geometry":{"type":"LineString","coordinates":[[73.8022849,18.5435217],[73.803767,18.5434336]]}},
{"type":"Feature","properties":{"osm_id":"91658535","code":5122,"fclass":"residential","name":"","ref":"","oneway":"B","maxspeed":0,"layer":0,"bridge":"F","tunnel":"F"},"geometry":{"type":"LineString","coordinates":[[73.8014667,18.5417525],[73.8014297,18.5413104],[73.8014408,18.5412671],[73.8014561,18.5412291],[73.8018428,18.5408763],[73.8023028,18.5404567],[73.8032659,18.5395809]]}},
{"type":"Feature","properties":{"osm_id":"91658536","code":5122,"fclass":"residential","name":"","ref":"","oneway":"B","maxspeed":0,"layer":0,"bridge":"F","tunnel":"F"},"geometry":{"type":"LineString","coordinates":[[73.8021557,18.5440534],[73.8021473,18.5440451],[73.8021416,18.5440321],[73.8021792,18.5436513],[73.8021728,18.5435674],[73.8021516,18.5432999],[73.8021479,18.5431155],[73.8021476,18.5431018],[73.8021008,18.5421818]]}},
{"type":"Feature","properties":{"osm_id":"91658560","code":5141,"fclass":"service","name":"Swami Samarth Road","ref":"","oneway":"B","maxspeed":0,"layer":0,"bridge":"F","tunnel":"F"},"geometry":{"type":"LineString","coordinates":[[73.783188,18.5457528],[73.783759,18.5441789],[73.7837887,18.544097],[73.7838345,18.5439708],[73.783853,18.5439198]]}},
{"type":"Feature","properties":{"osm_id":"91658841","code":5141,"fclass":"service","name":"","ref":"","oneway":"B","maxspeed":0,"layer":0,"bridge":"F","tunnel":"F"},"geometry":{"type":"LineString","coordinates":[[73.7816997,18.5365509],[73.7817803,18.5365575],[73.7820395,18.5365509],[73.7823921,18.5365254],[73.7829841,18.5365999]]}},
{"type":"Feature","properties":{"osm_id":"91911231","code":5115,"fclass":"tertiary","name":"Balaji Mandir Lane","ref":"","oneway":"B","maxspeed":0,"layer":0,"bridge":"F","tunnel":"F"},"geometry":{"type":"LineString","coordinates":[[73.7899817,18.5425658],[73.7898593,18.5423286],[73.789619,18.5420218],[73.7894402,18.5417621],[73.7892715,18.5415542],[73.7888502,18.5410921],[73.788729,18.5409591],[73.7887236,18.5407537]]}},
{"type":"Feature","properties":{"osm_id":"92000557","code":5141,"fclass":"service","name":"","ref":"","oneway":"B","maxspeed":0,"layer":0,"bridge":"F","tunnel":"F"},"geometry":{"type":"LineString","coordinates":[[73.7782937,18.5467124],[73.7788082,18.546562]]}},
{"type":"Feature","properties":{"osm_id":"92000558","code":5141,"fclass":"service","name":"","ref":"","oneway":"B","maxspeed":0,"layer":0,"bridge":"F","tunnel":"F"},"geometry":{"type":"LineString","coordinates":[[73.7782937,18.5467124],[73.777805,18.5469017],[73.7773564,18.5470755]]}},
{"type":"Feature","properties":{"osm_id":"92000561","code":5141,"fclass":"service","name":"","ref":"","oneway":"B","maxspeed":0,"layer":0,"bridge":"F","tunnel":"F"},"geometry":{"type":"LineString","coordinates":[[73.775173,18.5463127],[73.7752377,18.5463473],[73.7752925,18.5463765],[73.775341,18.5464024],[73.7759419,18.5465346],[73.7763173,18.5466174],[73.7765356,18.5466915],[73.7771798,18.5469914],[73.7773564,18.5470755],[73.7776298,18.5472277],[73.7777598,18.5473],[73.7778814,18.5473115],[73.7784334,18.5471652],[73.7789044,18.5470317]]}},
{"type":"Feature","properties":{"osm_id":"92000562","code":5141,"fclass":"service","name":"Vardhayani Society Road","ref":"","oneway":"B","maxspeed":0,"layer":0,"bridge":"F","tunnel":"F"},"geometry":{"type":"LineString","coordinates":[[73.7784334,18.5471652],[73.7782937,18.5467124],[73.778045,18.5460315],[73.7780014,18.5458978],[73.7778831,18.5455355]]}},
{"type":"Feature","properties":{"osm_id":"92000563","code":5141,"fclass":"service","name":"","ref":"","oneway":"B","maxspeed":0,"layer":0,"bridge":"F","tunnel":"F"},"geometry":{"type":"LineString","coordinates":[[73.778045,18.5460315],[73.7785315,18.5458874]]}},
{"type":"Feature","properties":{"osm_id":"92000565","code":5141,"fclass":"service","name":"","ref":"","oneway":"B","maxspeed":0,"layer":0,"bridge":"F","tunnel":"F"},"geometry":{"type":"LineString","coordinates":[[73.778045,18.5460315],[73.7772939,18.5462823],[73.7763173,18.5466174]]}},
{"type":"Feature","properties":{"osm_id":"92000600","code":5153,"fclass":"footway","name":"Pashan Hill Trail","ref":"","oneway":"B","maxspeed":0,"layer":0,"bridge":"F","tunnel":"F"},"geometry":{"type":"LineString","coordinates":[[73.7762332,18.5485505],[73.7765092,18.5486845],[73.7767052,18.5488218],[73.776773,18.5488587],[73.7769429,18.5488518],[73.7773007,18.5489652],[73.7773616,18.5489774],[73.7774987,18.5489796],[73.7775565,18.5489336],[73.7777534,18.5489675],[73.7780834,18.5489899],[73.7782016,18.5488716],[73.7784917,18.5488355],[73.7786196,18.5488157],[73.778783,18.5487593],[73.7788241,18.5487695],[73.7788995,18.548801],[73.7790314,18.5488224],[73.7791319,18.5488294],[73.7791936,18.5488257],[73.7792879,18.5488145],[73.779379,18.5487958],[73.7795191,18.5487785],[73.7796942,18.5487383],[73.7800478,18.5487059],[73.7802263,18.5486743],[73.7803011,18.5486496],[73.7804329,18.5486246],[73.7804937,18.5486175],[73.7805368,18.5485821],[73.7806095,18.5485595],[73.7806507,18.5485502],[73.7806786,18.5485439],[73.7807217,18.5485345],[73.7808625,18.5485242],[73.7809223,18.5485092],[73.7813256,18.5485772],[73.7815283,18.5486292],[73.7817957,18.548562],[73.7819212,18.5485462],[73.7820081,18.5485356],[73.7821431,18.5484935],[73.7822035,18.5484746],[73.7823698,18.5484394],[73.7825698,18.5483773],[73.7827167,18.548228],[73.7828959,18.5481843],[73.7830263,18.5481475],[73.7830961,18.5480618],[73.7831603,18.5480571]]}},
{"type":"Feature","properties":{"osm_id":"93846212","code":5154,"fclass":"path","name":"","ref":"","oneway":"B","maxspeed":0,"layer":0,"bridge":"F","tunnel":"F"},"geometry":{"type":"LineString","coordinates":[[73.8222602,18.5204252],[73.8219918,18.5202093],[73.8217517,18.5200636],[73.8213052,18.5198861],[73.8209931,18.5197404],[73.8205178,18.5196402],[73.8202057,18.5196357],[73.8198264,18.5195355],[73.8192839,18.5193443],[73.8192503,18.5192851],[73.8190918,18.5192532],[73.8189622,18.5192032],[73.8188325,18.519194],[73.8187461,18.5192441],[73.8186789,18.5192578],[73.8185493,18.5192214],[73.8184868,18.5191167],[73.8182836,18.518912],[73.8182773,18.5189057]]}},
{"type":"Feature","properties":{"osm_id":"93846234","code":5142,"fclass":"track","name":"","ref":"","oneway":"B","maxspeed":0,"layer":0,"bridge":"F","tunnel":"F"},"geometry":{"type":"LineString","coordinates":[[73.8257958,18.5202434],[73.82571,18.5203349],[73.8254632,18.5204468],[73.825195,18.5204774],[73.8247336,18.52063],[73.8241757,18.5207724],[73.8239719,18.5208741],[73.8237895,18.5210674],[73.8236393,18.5212912],[73.8234462,18.5216981],[73.8232209,18.5222271],[73.8230278,18.5228782],[73.8229097,18.5235598],[73.8228776,18.5237836],[73.8227381,18.5238854]]}},
{"type":"Feature","properties":{"osm_id":"93846249","code":5141,"fclass":"service","name":"ARAI Road","ref":"","oneway":"B","maxspeed":0,"layer":0,"bridge":"F","tunnel":"F"},"geometry":{"type":"LineString","coordinates":[[73.8166951,18.5233442],[73.8167606,18.5233246],[73.816955,18.5232198],[73.8170733,18.523143],[73.8171114,18.5231182],[73.8172513,18.5230273],[73.8185875,18.5221594],[73.8193541,18.5215914],[73.8197733,18.5212808],[73.820172,18.521113],[73.8209527,18.5208904],[73.8217332,18.5206431],[73.8217851,18.5206266],[73.8218784,18.520587],[73.8221228,18.5204834],[73.8222602,18.5204252],[73.8225322,18.5203192],[73.822561,18.5202993],[73.8225826,18.5202679],[73.8225936,18.5202125],[73.8225732,18.5201708],[73.8224726,18.5200771],[73.8223217,18.5199287],[73.8220391,18.519554],[73.8219021,18.5193042],[73.8218626,18.5190543],[73.8219416,18.5184797],[73.8220497,18.517925],[73.8222526,18.5172929],[73.822466,18.5166632],[73.822511,18.5164795],[73.8225668,18.5162517],[73.8225774,18.5161161],[73.8226781,18.5148285],[73.8226824,18.5147688],[73.8227126,18.5143806],[73.8227297,18.5141707],[73.8229322,18.5130036],[73.8229598,18.5128687],[73.8231207,18.5125029]]}},
{"type":"Feature","properties":{"osm_id":"93846273","code":5154,"fclass":"path","name":"","ref":"","oneway":"B","maxspeed":0,"layer":0,"bridge":"F","tunnel":"F"},"geometry":{"type":"LineString","coordinates":[[73.8136293,18.5377607],[73.8138117,18.5377201],[73.8139726,18.5376285],[73.8140799,18.537364],[73.814273,18.5371606],[73.8144876,18.5369978],[73.8148417,18.5369165],[73.8150562,18.5366927],[73.8152279,18.5363773],[73.8154747,18.536123],[73.8157,18.5359704],[73.8159157,18.535752],[73.816077,18.535642],[73.8162682,18.5355558],[73.8166169,18.5353662],[73.8167514,18.5351973],[73.8169016,18.5349939],[73.8171805,18.5347599],[73.8174166,18.5345972],[73.8175049,18.5345355],[73.8177919,18.5345069],[73.8181335,18.5344303],[73.8185817,18.5343015],[73.8188328,18.5341292],[73.8190474,18.5340847]]}},
{"type":"Feature","properties":{"osm_id":"93846301","code":5142,"fclass":"track","name":"","ref":"","oneway":"B","maxspeed":0,"layer":0,"bridge":"F","tunnel":"F"},"geometry":{"type":"LineString","coordinates":[[73.8176312,18.52416],[73.8177555,18.5242144],[73.8179101,18.5242821],[73.8180925,18.5243533],[73.8184127,18.5243443],[73.8184573,18.5243431],[73.8188757,18.5243431],[73.8193478,18.5243228],[73.8196804,18.5243126],[73.8200451,18.5242923],[73.820485,18.5242923],[73.820646,18.5242312],[73.8208069,18.5240379],[73.8210215,18.5239362],[73.8212039,18.5239973],[73.8214077,18.5240685],[73.8217188,18.5240685],[73.8221158,18.5240786],[73.8224484,18.5239973],[73.8226201,18.523926],[73.8227381,18.5238854],[73.8229312,18.5238854],[73.8231243,18.5237938],[73.8233067,18.5236819],[73.8234033,18.5236005],[73.8235213,18.5235496],[73.8236178,18.5234072],[73.8237251,18.5232851]]}},
{"type":"Feature","properties":{"osm_id":"93846314","code":5142,"fclass":"track","name":"","ref":"","oneway":"B","maxspeed":0,"layer":0,"bridge":"F","tunnel":"F"},"geometry":{"type":"LineString","coordinates":[[73.8169236,18.5247212],[73.8169983,18.5246268],[73.8170699,18.5245686],[73.8171361,18.5245058],[73.8172348,18.5244059],[73.8173147,18.5243498],[73.8174137,18.5242803],[73.8176312,18.52416],[73.8176848,18.5240583],[73.8178028,18.5239566],[73.8180281,18.5236615],[73.8180925,18.5234581],[73.8181783,18.5233258],[73.818586,18.5231325],[73.8188435,18.5230206],[73.819,18.5229279],[73.8190152,18.5229189],[73.8192941,18.5229393],[73.8194336,18.5229596],[73.819616,18.5229393],[73.8197662,18.5229494],[73.8200122,18.5230034],[73.8203676,18.5229734],[73.820603,18.5229494],[73.8208605,18.5229189],[73.8211073,18.5228172],[73.8211824,18.522746],[73.8214721,18.5224713],[73.8216008,18.5223085],[73.8217188,18.5220237],[73.8219549,18.5218304],[73.82203,18.5217287],[73.8221587,18.521515],[73.8222124,18.5213929],[73.8222124,18.5213014],[73.8221051,18.5211895],[73.822148,18.5210064],[73.8222767,18.5207927],[73.8225235,18.5207113],[73.8226596,18.5207148],[73.8228454,18.5207012],[73.8231887,18.5207012],[73.8234462,18.5206605],[73.8236286,18.5205893],[73.8239612,18.520457],[73.8240899,18.5204367],[73.8244118,18.5203655],[73.8246693,18.5203349],[73.8250341,18.5202841],[73.8253452,18.5202841],[73.8257958,18.5202434],[73.8259138,18.5201315],[73.8259138,18.5200501],[73.8258924,18.5198873],[73.8258924,18.5197958],[73.8258709,18.5195821],[73.8257851,18.5192871],[73.8257314,18.5189921],[73.8257743,18.5188293],[73.8259889,18.5187581],[73.8263215,18.5186258],[73.8264395,18.5183918],[73.8266112,18.5183512],[73.8268043,18.5182698],[73.8269116,18.5181273],[73.8271369,18.5180968]]}},
{"type":"Feature","properties":{"osm_id":"93846324","code":5122,"fclass":"residential","name":"SBI Nagar Road","ref":"","oneway":"B","maxspeed":0,"layer":0,"bridge":"F","tunnel":"F"},"geometry":{"type":"LineString","coordinates":[[73.8121629,18.5331977],[73.8123833,18.532912],[73.8125671,18.5326339],[73.8126644,18.5324196],[73.8127245,18.5322392],[73.8127495,18.5320948]]}},
{"type":"Feature","properties":{"osm_id":"93846329","code":5122,"fclass":"residential","name":"","ref":"","oneway":"B","maxspeed":0,"layer":0,"bridge":"F","tunnel":"F"},"geometry":{"type":"LineString","coordinates":[[73.8133577,18.5306625],[73.8137248,18.5306349]]}},
{"type":"Feature","properties":{"osm_id":"93846330","code":5122,"fclass":"residential","name":"","ref":"","oneway":"B","maxspeed":0,"layer":0,"bridge":"F","tunnel":"F"},"geometry":{"type":"LineString","coordinates":[[73.8133999,18.5309875],[73.8137826,18.5309539]]}},
{"type":"Feature","properties":{"osm_id":"95664927","code":5141,"fclass":"service","name":"","ref":"","oneway":"B","maxspeed":0,"layer":0,"bridge":"F","tunnel":"F"},"geometry":{"type":"LineString","coordinates":[[73.8096473,18.5074567],[73.8097152,18.506854]]}},
{"type":"Feature","properties":{"osm_id":"95665300","code":5115,"fclass":"tertiary","name":"Rambaug Colony Road","ref":"","oneway":"B","maxspeed":0,"layer":0,"bridge":"F","tunnel":"F"},"geometry":{"type":"LineString","coordinates":[[73.8058847,18.5123806],[73.8065987,18.5123813],[73.8066668,18.5123823],[73.8067125,18.5123806],[73.8070161,18.5123876],[73.8073243,18.5123923],[73.8075562,18.5123958],[73.8076527,18.5123973],[73.8078309,18.5123984],[73.8081142,18.5124028],[73.8082364,18.5124121],[73.8088219,18.5124568],[73.8088882,18.5124491],[73.8089585,18.512441],[73.8089959,18.5124159],[73.8090425,18.5123847],[73.809467,18.5123879],[73.8098634,18.5123742],[73.8101004,18.512366],[73.8104057,18.5123554]]}},
{"type":"Feature","properties":{"osm_id":"95665368","code":5115,"fclass":"tertiary","name":"Ramchandra More Path","ref":"","oneway":"B","maxspeed":0,"layer":0,"bridge":"F","tunnel":"F"},"geometry":{"type":"LineString","coordinates":[[73.8058733,18.5155627],[73.8058807,18.5146681],[73.8058826,18.5144375],[73.8058826,18.5138096],[73.8058826,18.5135662],[73.8058826,18.5133823],[73.8058826,18.5130743],[73.8058837,18.5129311],[73.8058847,18.5123806],[73.8058866,18.5123479]]}},
{"type":"Feature","properties":{"osm_id":"95671031","code":5122,"fclass":"residential","name":"Lane 3","ref":"","oneway":"B","maxspeed":40,"layer":0,"bridge":"F","tunnel":"F"},"geometry":{"type":"LineString","coordinates":[[73.8090089,18.5112338],[73.8084863,18.5112296],[73.807983,18.5112159],[73.807515,18.5112163]]}},
{"type":"Feature","properties":{"osm_id":"95774947","code":5122,"fclass":"residential","name":"","ref":"","oneway":"B","maxspeed":0,"layer":0,"bridge":"F","tunnel":"F"},"geometry":{"type":"LineString","coordinates":[[73.8065938,18.5102155],[73.8062903,18.5102155],[73.8059735,18.5102658],[73.805897,18.5102448],[73.8054254,18.5102499],[73.8049996,18.5102446],[73.804638,18.5102402],[73.8045704,18.5102394],[73.8033451,18.5102238],[73.8026911,18.5102233],[73.802348,18.5102227],[73.802005,18.5102052]]}},
{"type":"Feature","properties":{"osm_id":"95774949","code":5122,"fclass":"residential","name":"","ref":"","oneway":"B","maxspeed":0,"layer":0,"bridge":"F","tunnel":"F"},"geometry":{"type":"LineString","coordinates":[[73.8026301,18.5088466],[73.8026702,18.5083064],[73.8027099,18.5077707]]}},
{"type":"Feature","properties":{"osm_id":"95774952","code":5122,"fclass":"residential","name":"","ref":"","oneway":"B","maxspeed":0,"layer":0,"bridge":"F","tunnel":"F"},"geometry":{"type":"LineString","coordinates":[[73.8021318,18.508812],[73.8021437,18.508806],[73.8021642,18.5088055],[73.8026301,18.5088466],[73.8034731,18.5089257]]}},
{"type":"Feature","properties":{"osm_id":"95775349","code":5122,"fclass":"residential","name":"","ref":"","oneway":"B","maxspeed":0,"layer":0,"bridge":"F","tunnel":"F"},"geometry":{"type":"LineString","coordinates":[[73.8123739,18.509376],[73.8123796,18.5092683],[73.8124054,18.5087815],[73.8124275,18.5083267],[73.8124694,18.5076701],[73.812482,18.5074515],[73.8124961,18.5072065],[73.8125244,18.5067143],[73.8125543,18.5061962],[73.812581,18.5057257]]}},
{"type":"Feature","properties":{"osm_id":"95806117","code":5115,"fclass":"tertiary","name":"","ref":"","oneway":"F","maxspeed":0,"layer":0,"bridge":"F","tunnel":"F"},"geometry":{"type":"LineString","coordinates":[[73.8173743,18.5108103],[73.8174577,18.510398],[73.8174796,18.5102896]]}},
{"type":"Feature","properties":{"osm_id":"95806118","code":5113,"fclass":"primary","name":"","ref":"","oneway":"B","maxspeed":0,"layer":0,"bridge":"F","tunnel":"F"},"geometry":{"type":"LineString","coordinates":[[73.815697,18.5099286],[73.8156723,18.5099722],[73.8156125,18.5100779]]}},
{"type":"Feature","properties":{"osm_id":"98840317","code":5115,"fclass":"tertiary","name":"","ref":"","oneway":"B","maxspeed":0,"layer":0,"bridge":"F","tunnel":"F"},"geometry":{"type":"LineString","coordinates":[[73.8171746,18.5755303],[73.81721,18.5727857]]}},
{"type":"Feature","properties":{"osm_id":"98840318","code":5114,"fclass":"secondary","name":"","ref":"","oneway":"F","maxspeed":0,"layer":0,"bridge":"F","tunnel":"F"},"geometry":{"type":"LineString","coordinates":[[73.8061403,18.5740077],[73.8063884,18.573934]]}},
{"type":"Feature","properties":{"osm_id":"98840319","code":5114,"fclass":"secondary","name":"Sangvi Phata-Old Sangvi Road","ref":"","oneway":"B","maxspeed":50,"layer":0,"bridge":"F","tunnel":"F"},"geometry":{"type":"LineString","coordinates":[[73.811917,18.5762277],[73.8119604,18.5762405],[73.8120056,18.5762482],[73.8120586,18.5762476],[73.812577,18.5761873],[73.8126659,18.5761617],[73.8127259,18.5761269],[73.8127722,18.5760847],[73.8129966,18.5758211],[73.8130362,18.5757952],[73.8131059,18.5757667],[73.8146117,18.5753845],[73.8147856,18.5753534],[73.8149345,18.5753332],[73.8151761,18.5753259],[73.8153205,18.5753347],[73.8154214,18.5753453],[73.8171746,18.5755303],[73.8178648,18.5757144],[73.8185743,18.5758863],[73.8190634,18.5760009],[73.8193492,18.5760565],[73.8194849,18.5760738],[73.8197166,18.5761071],[73.8198329,18.5761016]]}},
{"type":"Feature","properties":{"osm_id":"98840320","code":5122,"fclass":"residential","name":"Satpuda Housing Society road","ref":"","oneway":"B","maxspeed":0,"layer":0,"bridge":"F","tunnel":"F"},"geometry":{"type":"LineString","coordinates":[[73.8196936,18.5706757],[73.819652,18.5711499],[73.8196633,18.5717957],[73.8196717,18.5721704],[73.8196775,18.5726043],[73.8196955,18.5736275]]}},
{"type":"Feature","properties":{"osm_id":"98853373","code":5115,"fclass":"tertiary","name":"","ref":"","oneway":"B","maxspeed":0,"layer":0,"bridge":"F","tunnel":"F"},"geometry":{"type":"LineString","coordinates":[[73.8171063,18.5628127],[73.817093,18.5628847],[73.81709,18.5629356],[73.8170954,18.5629814],[73.8172215,18.5634347],[73.8172642,18.5635883],[73.8173106,18.563777],[73.8173198,18.5638273],[73.8173363,18.5639171],[73.8173473,18.5639768],[73.817386,18.5641124],[73.8174169,18.5642351],[73.8174362,18.5643469],[73.8174459,18.5644275],[73.8175363,18.5661568],[73.8175431,18.5662887],[73.8176043,18.5674589],[73.8176043,18.567578],[73.8175946,18.5677594],[73.8175811,18.567939],[73.8175019,18.568452]]}},
{"type":"Feature","properties":{"osm_id":"98854258","code":5122,"fclass":"residential","name":"Dhore Nagar , Lane No 2","ref":"","oneway":"B","maxspeed":0,"layer":0,"bridge":"F","tunnel":"F"},"geometry":{"type":"LineString","coordinates":[[73.820237,18.570316],[73.8202422,18.5711217],[73.8202543,18.5719749],[73.820259,18.5737959],[73.8202601,18.5739321]]}},
{"type":"Feature","properties":{"osm_id":"99668047","code":5115,"fclass":"tertiary","name":"","ref":"","oneway":"B","maxspeed":0,"layer":1,"bridge":"T","tunnel":"F"},"geometry":{"type":"LineString","coordinates":[[73.8175019,18.568452],[73.8173666,18.5695532]]}},
{"type":"Feature","properties":{"osm_id":"99668048","code":5115,"fclass":"tertiary","name":"","ref":"","oneway":"B","maxspeed":0,"layer":0,"bridge":"F","tunnel":"F"},"geometry":{"type":"LineString","coordinates":[[73.8173666,18.5695532],[73.8173595,18.5696025],[73.8173299,18.5698086],[73.8173228,18.569858],[73.8172811,18.5701478],[73.8171802,18.5708501],[73.8171747,18.5709511],[73.8171692,18.5710496],[73.8171854,18.5717385],[73.81721,18.5727857]]}},
{"type":"Feature","properties":{"osm_id":"99686676","code":5122,"fclass":"residential","name":"","ref":"","oneway":"B","maxspeed":0,"layer":0,"bridge":"F","tunnel":"F"},"geometry":{"type":"LineString","coordinates":[[73.8179185,18.5469906],[73.8179524,18.5471162],[73.8179824,18.5479228],[73.8179972,18.5484977]]}},
{"type":"Feature","properties":{"osm_id":"99686677","code":5122,"fclass":"residential","name":"","ref":"","oneway":"B","maxspeed":0,"layer":0,"bridge":"F","tunnel":"F"},"geometry":{"type":"LineString","coordinates":[[73.8183331,18.548394],[73.8184234,18.5493557],[73.8184456,18.5496429]]}},
{"type":"Feature","properties":{"osm_id":"99686678","code":5122,"fclass":"residential","name":"","ref":"","oneway":"B","maxspeed":0,"layer":0,"bridge":"F","tunnel":"F"},"geometry":{"type":"LineString","coordinates":[[73.8185087,18.5467394],[73.8185541,18.5468007],[73.8185887,18.5469044],[73.8186409,18.5482996]]}},
{"type":"Feature","properties":{"osm_id":"99687007","code":5122,"fclass":"residential","name":"","ref":"","oneway":"B","maxspeed":0,"layer":0,"bridge":"F","tunnel":"F"},"geometry":{"type":"LineString","coordinates":[[73.8177948,18.548556],[73.817857,18.5497018],[73.8178549,18.5497244],[73.8178468,18.5497452],[73.8178285,18.5497592],[73.8178051,18.5497657],[73.8173017,18.5497878]]}},
{"type":"Feature","properties":{"osm_id":"99999245","code":5141,"fclass":"service","name":"","ref":"","oneway":"B","maxspeed":0,"layer":0,"bridge":"F","tunnel":"F"},"geometry":{"type":"LineString","coordinates":[[73.7652366,18.5749141],[73.7652561,18.5748678],[73.7652835,18.5747973],[73.7653008,18.5747091],[73.7653448,18.5746319],[73.7653957,18.574505],[73.7654381,18.5743732],[73.7654624,18.5742667],[73.7654864,18.5741144],[73.765487,18.5740072],[73.7654911,18.5732965],[73.7654719,18.5730965],[73.765448,18.5728874],[73.7652921,18.5722465],[73.7651914,18.5720601],[73.7651027,18.5719283],[73.7649973,18.5717722]]}},
{"type":"Feature","properties":{"osm_id":"99999247","code":5113,"fclass":"primary","name":"Hinjawadi Service Road","ref":"","oneway":"F","maxspeed":40,"layer":0,"bridge":"F","tunnel":"F"},"geometry":{"type":"LineString","coordinates":[[73.7645441,18.5718374],[73.7643389,18.572333],[73.7640945,18.5729859],[73.7636668,18.5741404],[73.7633119,18.5750984],[73.7628923,18.5762311],[73.7626139,18.5769828],[73.7613097,18.5804338],[73.7610853,18.5810278],[73.7608761,18.5815813],[73.7608031,18.5817762],[73.7606805,18.582109],[73.7594708,18.5853946]]}},
{"type":"Feature","properties":{"osm_id":"99999250","code":5141,"fclass":"service","name":"","ref":"","oneway":"B","maxspeed":0,"layer":0,"bridge":"F","tunnel":"F"},"geometry":{"type":"LineString","coordinates":[[73.7609831,18.5749891],[73.7611589,18.5749985],[73.7613654,18.5750095],[73.7624885,18.5750695],[73.7631047,18.5750891],[73.7633119,18.5750984]]}},
{"type":"Feature","properties":{"osm_id":"100111821","code":5114,"fclass":"secondary","name":"New DP Road","ref":"","oneway":"F","maxspeed":0,"layer":0,"bridge":"F","tunnel":"F"},"geometry":{"type":"LineString","coordinates":[[73.7893142,18.5752212],[73.7892575,18.5752591],[73.7892315,18.5752978],[73.7890834,18.5755096],[73.7886275,18.5760915],[73.78823,18.5765509],[73.787984,18.5767982],[73.7879031,18.5768796],[73.787558,18.5772266],[73.787475,18.5773101],[73.7872504,18.577536],[73.7872257,18.5775626],[73.7870381,18.5777496],[73.786945,18.577847],[73.78687,18.5779256],[73.7868225,18.5779753],[73.7866715,18.5781334],[73.786457,18.5783561],[73.7862711,18.5785878],[73.786097,18.5788032],[73.7859713,18.5789681],[73.7855455,18.5795002],[73.7854466,18.5796267],[73.7852746,18.5798469],[73.7848952,18.58033],[73.7846254,18.580678],[73.7844533,18.5808939],[73.7844034,18.5809649],[73.7842664,18.5811426],[73.7842319,18.58119],[73.7840575,18.5814375],[73.7839239,18.5816278],[73.7837986,18.5818063],[73.7837564,18.5818728],[73.7836684,18.5819916],[73.7834801,18.5822834],[73.7830793,18.5829045],[73.7829453,18.5831121],[73.7829226,18.5831473],[73.7827474,18.5834579],[73.7826417,18.5836355],[73.7824163,18.5840144],[73.7823413,18.5841428],[73.7822981,18.5842167],[73.7819922,18.5847187],[73.7818327,18.5849751],[73.7818209,18.584994],[73.7817596,18.5850909],[73.7816605,18.5852475],[73.7816125,18.5853234],[73.781564,18.5854017],[73.78115,18.5860696],[73.7809018,18.5864628],[73.7808649,18.5865213],[73.780677,18.586816],[73.7805732,18.5869661],[73.7805549,18.5869921],[73.7804317,18.5871851],[73.780315,18.5873764],[73.7802932,18.5874105],[73.779779,18.5882526],[73.7796935,18.5883895],[73.7796434,18.5884612],[73.7796246,18.5885565]]}},
{"type":"Feature","properties":{"osm_id":"100111822","code":5122,"fclass":"residential","name":"","ref":"","oneway":"B","maxspeed":0,"layer":0,"bridge":"F","tunnel":"F"},"geometry":{"type":"LineString","coordinates":[[73.7788463,18.5861874],[73.7789348,18.5862248]]}},
{"type":"Feature","properties":{"osm_id":"100113288","code":5141,"fclass":"service","name":"Lane No. 7","ref":"","oneway":"B","maxspeed":0,"layer":0,"bridge":"F","tunnel":"F"},"geometry":{"type":"LineString","coordinates":[[73.8092208,18.5567048],[73.8093177,18.556699],[73.8097782,18.5566716],[73.8104056,18.5566723],[73.8108896,18.5566762],[73.8124644,18.5566888],[73.812766,18.5566943]]}},
{"type":"Feature","properties":{"osm_id":"100113289","code":5122,"fclass":"residential","name":"Cosmopolitan Lane","ref":"","oneway":"B","maxspeed":0,"layer":0,"bridge":"F","tunnel":"F"},"geometry":{"type":"LineString","coordinates":[[73.8093273,18.5551626],[73.8093709,18.5551617],[73.8100162,18.5551409],[73.810686,18.5551303],[73.8112927,18.5551001],[73.8116264,18.5550882],[73.8118947,18.5550809],[73.8123948,18.555065],[73.812484,18.5550622]]}},
{"type":"Feature","properties":{"osm_id":"101476572","code":5114,"fclass":"secondary","name":"Sangvi Phata-Old Sangvi Road","ref":"","oneway":"B","maxspeed":0,"layer":0,"bridge":"F","tunnel":"F"},"geometry":{"type":"LineString","coordinates":[[73.8260385,18.5757097],[73.8260084,18.5755905],[73.8259865,18.575527],[73.8259551,18.575479],[73.8257115,18.5752569],[73.8254457,18.5750147],[73.8253646,18.574975],[73.8251937,18.5748816],[73.825069,18.5748383],[73.8246841,18.5746899],[73.8246087,18.5746532],[73.8245295,18.5746312],[73.8245019,18.5746317],[73.8244231,18.5746331],[73.8238587,18.5747357],[73.8237466,18.5747687],[73.8237057,18.5747989],[73.8236597,18.5748328],[73.8235398,18.5749739],[73.8234451,18.5750765],[73.8233156,18.5751846],[73.8231049,18.575322],[73.8229793,18.5753898],[73.8227763,18.5754557],[73.8226046,18.5755238]]}},
{"type":"Feature","properties":{"osm_id":"101476573","code":5114,"fclass":"secondary","name":"","ref":"","oneway":"B","maxspeed":0,"layer":0,"bridge":"F","tunnel":"F"},"geometry":{"type":"LineString","coordinates":[[73.8199027,18.5761034],[73.8198329,18.5761016]]}},
{"type":"Feature","properties":{"osm_id":"101476574","code":5115,"fclass":"tertiary","name":"","ref":"","oneway":"B","maxspeed":0,"layer":0,"bridge":"F","tunnel":"F"},"geometry":{"type":"LineString","coordinates":[[73.81721,18.5727857],[73.817825,18.5728011],[73.818018,18.5728059],[73.818141,18.5728344],[73.8182449,18.5728707],[73.8183796,18.5729241],[73.8185533,18.5730167],[73.8187882,18.5731379],[73.8189871,18.5732452],[73.8194436,18.5734915],[73.8196955,18.5736275],[73.8199456,18.5737613],[73.8202601,18.5739321],[73.8209128,18.5743076]]}},
{"type":"Feature","properties":{"osm_id":"101476575","code":5115,"fclass":"tertiary","name":"","ref":"","oneway":"B","maxspeed":0,"layer":0,"bridge":"F","tunnel":"F"},"geometry":{"type":"LineString","coordinates":[[73.8209128,18.5743076],[73.8209471,18.5751139],[73.820865,18.5753634],[73.8208072,18.5754698],[73.8207511,18.5755395],[73.8206738,18.5755963],[73.820583,18.5756329],[73.8204342,18.5756716],[73.8203878,18.5757001],[73.8204112,18.5760311]]}},
{"type":"Feature","properties":{"osm_id":"101476627","code":5122,"fclass":"residential","name":"","ref":"","oneway":"B","maxspeed":0,"layer":0,"bridge":"F","tunnel":"F"},"geometry":{"type":"LineString","coordinates":[[73.8178668,18.5695347],[73.8178381,18.5701528],[73.8178012,18.5709443],[73.8178012,18.5711211],[73.8178131,18.5717655],[73.817825,18.5728011]]}},
{"type":"Feature","properties":{"osm_id":"101476628","code":5122,"fclass":"residential","name":"","ref":"","oneway":"B","maxspeed":0,"layer":0,"bridge":"F","tunnel":"F"},"geometry":{"type":"LineString","coordinates":[[73.8183604,18.5701753],[73.818367,18.5711271],[73.8183748,18.5722384],[73.8183796,18.5729241]]}},
{"type":"Feature","properties":{"osm_id":"101482657","code":5141,"fclass":"service","name":"","ref":"","oneway":"B","maxspeed":0,"layer":0,"bridge":"F","tunnel":"F"},"geometry":{"type":"LineString","coordinates":[[73.8262651,18.5789613],[73.8258312,18.5789642],[73.823999,18.5789767],[73.8238593,18.5789777],[73.8232814,18.5789816]]}},
{"type":"Feature","properties":{"osm_id":"101482658","code":5114,"fclass":"secondary","name":"Sangvi Phata-Old Sangvi-Dapodi Road","ref":"","oneway":"B","maxspeed":0,"layer":1,"bridge":"T","tunnel":"F"},"geometry":{"type":"LineString","coordinates":[[73.8260385,18.5757097],[73.8262612,18.5767487]]}},
{"type":"Feature","properties":{"osm_id":"101482659","code":5114,"fclass":"secondary","name":"Sangvi Phata-Old Sangvi-Dapodi Road","ref":"","oneway":"B","maxspeed":0,"layer":0,"bridge":"F","tunnel":"F"},"geometry":{"type":"LineString","coordinates":[[73.8262651,18.5789613],[73.8262754,18.5777191],[73.8262817,18.5769689],[73.8262722,18.5768666],[73.8262662,18.5768022],[73.8262612,18.5767487]]}},
{"type":"Feature","properties":{"osm_id":"101483115","code":5114,"fclass":"secondary","name":"Sangvi Phata-Old Sangvi-Dapodi Road","ref":"","oneway":"B","maxspeed":0,"layer":0,"bridge":"F","tunnel":"F"},"geometry":{"type":"LineString","coordinates":[[73.8262651,18.5789613],[73.8267043,18.5790373],[73.8269532,18.5790804],[73.8270634,18.5791207],[73.8271581,18.5791647],[73.8272219,18.5791702],[73.827276,18.5791592],[73.8276747,18.5789688],[73.8278557,18.5788823],[73.8280009,18.5788129],[73.8280937,18.5787817],[73.828175,18.5787622],[73.8282753,18.5787634],[73.8284087,18.5787781],[73.8285556,18.5788001],[73.828689,18.5788349],[73.8289805,18.5789041],[73.829375,18.5790167]]}},
{"type":"Feature","properties":{"osm_id":"102423871","code":5122,"fclass":"residential","name":"","ref":"","oneway":"B","maxspeed":0,"layer":0,"bridge":"F","tunnel":"F"},"geometry":{"type":"LineString","coordinates":[[73.8368371,18.5412778],[73.8367935,18.542016],[73.8367559,18.542727]]}},
{"type":"Feature","properties":{"osm_id":"102423872","code":5122,"fclass":"residential","name":"","ref":"","oneway":"B","maxspeed":0,"layer":0,"bridge":"F","tunnel":"F"},"geometry":{"type":"LineString","coordinates":[[73.8367935,18.542016],[73.8373444,18.5425572],[73.8374037,18.542708]]}},
{"type":"Feature","properties":{"osm_id":"102423873","code":5122,"fclass":"residential","name":"","ref":"","oneway":"B","maxspeed":0,"layer":0,"bridge":"F","tunnel":"F"},"geometry":{"type":"LineString","coordinates":[[73.8381521,18.5426255],[73.8380351,18.5426704],[73.8375831,18.5427027],[73.8374037,18.542708],[73.8367559,18.542727]]}},
{"type":"Feature","properties":{"osm_id":"102425089","code":5122,"fclass":"residential","name":"","ref":"","oneway":"B","maxspeed":0,"layer":0,"bridge":"F","tunnel":"F"},"geometry":{"type":"LineString","coordinates":[[73.8364154,18.541059],[73.8363694,18.5427675],[73.8363469,18.5431732],[73.8363442,18.5432211],[73.8363229,18.5432587],[73.83627,18.5432768],[73.8360525,18.5433004]]}},
{"type":"Feature","properties":{"osm_id":"102425090","code":5122,"fclass":"residential","name":"","ref":"","oneway":"B","maxspeed":0,"layer":0,"bridge":"F","tunnel":"F"},"geometry":{"type":"LineString","coordinates":[[73.83658,18.541017],[73.8365438,18.5410491],[73.8364154,18.541059],[73.8360273,18.5410898],[73.8356831,18.5411045],[73.8356385,18.541113],[73.8353139,18.5411747],[73.8347586,18.5412802],[73.8342463,18.5413727],[73.8340805,18.5413947]]}},
{"type":"Feature","properties":{"osm_id":"102428511","code":5122,"fclass":"residential","name":"","ref":"","oneway":"B","maxspeed":0,"layer":0,"bridge":"F","tunnel":"F"},"geometry":{"type":"LineString","coordinates":[[73.8331051,18.539409],[73.833173,18.5394942],[73.8335514,18.5399836],[73.8336724,18.5401366],[73.833755,18.5402409],[73.8342303,18.5408414],[73.8343795,18.5409489],[73.8345227,18.5409545]]}},
{"type":"Feature","properties":{"osm_id":"102428512","code":5122,"fclass":"residential","name":"","ref":"","oneway":"B","maxspeed":0,"layer":0,"bridge":"F","tunnel":"F"},"geometry":{"type":"LineString","coordinates":[[73.8356743,18.5402449],[73.8345227,18.5409545]]}},
{"type":"Feature","properties":{"osm_id":"102428972","code":5122,"fclass":"residential","name":"","ref":"","oneway":"B","maxspeed":0,"layer":0,"bridge":"F","tunnel":"F"},"geometry":{"type":"LineString","coordinates":[[73.8320659,18.5401141],[73.8325187,18.5406706],[73.8326417,18.5408342],[73.8328925,18.5411679],[73.8317265,18.5419068],[73.8314521,18.5421345]]}},
{"type":"Feature","properties":{"osm_id":"102429782","code":5122,"fclass":"residential","name":"","ref":"","oneway":"B","maxspeed":0,"layer":0,"bridge":"F","tunnel":"F"},"geometry":{"type":"LineString","coordinates":[[73.8328925,18.5411679],[73.8330538,18.5414905],[73.833142,18.5418217],[73.8330906,18.5425507],[73.8330416,18.5432467],[73.8332081,18.5434362],[73.8326738,18.5439145]]}},
{"type":"Feature","properties":{"osm_id":"102430710","code":5122,"fclass":"residential","name":"","ref":"","oneway":"B","maxspeed":0,"layer":0,"bridge":"F","tunnel":"F"},"geometry":{"type":"LineString","coordinates":[[73.8354283,18.5433681],[73.834263,18.543457],[73.8342356,18.5434673],[73.8342169,18.5434794],[73.8342039,18.5435009],[73.8341966,18.5435252],[73.8341834,18.5438516],[73.8341749,18.5440627],[73.8341386,18.5449636]]}},
{"type":"Feature","properties":{"osm_id":"102430713","code":5122,"fclass":"residential","name":"","ref":"","oneway":"B","maxspeed":0,"layer":0,"bridge":"F","tunnel":"F"},"geometry":{"type":"LineString","coordinates":[[73.8353933,18.5439544],[73.8341749,18.5440627]]}},
{"type":"Feature","properties":{"osm_id":"103404719","code":5115,"fclass":"tertiary","name":"","ref":"","oneway":"B","maxspeed":0,"layer":0,"bridge":"F","tunnel":"F"},"geometry":{"type":"LineString","coordinates":[[73.7679754,18.5638098],[73.769527,18.5638145],[73.7698197,18.5637477],[73.7698703,18.563729],[73.7702631,18.5635842],[73.7703909,18.5635371],[73.7705427,18.5635044],[73.7707007,18.5634955],[73.7707688,18.5635048],[73.7708399,18.5635145],[73.7709511,18.5635297],[73.7713001,18.5636038],[73.7720358,18.5637693],[73.7721521,18.5638002],[73.7722203,18.5638086],[73.7723302,18.5638243],[73.7724895,18.5638471],[73.7727234,18.5638685],[73.7731217,18.5639049],[73.7737742,18.5639645],[73.7742895,18.5640128],[73.7748626,18.5640665],[73.7752969,18.5641071],[73.775774,18.5641275],[73.7759552,18.5641352],[73.7761134,18.5641416],[73.7763482,18.5641512],[73.7764626,18.5641607],[73.7765201,18.5642543]]}},
{"type":"Feature","properties":{"osm_id":"103404832","code":5115,"fclass":"tertiary","name":"","ref":"","oneway":"B","maxspeed":0,"layer":0,"bridge":"F","tunnel":"F"},"geometry":{"type":"LineString","coordinates":[[73.7714083,18.5659865],[73.7714399,18.5660571],[73.7714781,18.5661658],[73.7714915,18.5662097],[73.7715223,18.5663533],[73.7715331,18.5664169],[73.7715589,18.5666077],[73.7715666,18.5666648],[73.7715767,18.5667137],[73.7716088,18.566858],[73.7716605,18.5670424],[73.7716938,18.5671379],[73.7717298,18.5672413],[73.7717383,18.5672655],[73.7717479,18.5673173],[73.7717523,18.5673411],[73.7717483,18.5678808],[73.7717456,18.5682812],[73.7717537,18.5684395],[73.7717516,18.5684737],[73.771745,18.5685069],[73.7717008,18.5686309],[73.7715525,18.5689582],[73.7715342,18.5689981]]}},
{"type":"Feature","properties":{"osm_id":"103404907","code":5141,"fclass":"service","name":"","ref":"","oneway":"B","maxspeed":0,"layer":0,"bridge":"F","tunnel":"F"},"geometry":{"type":"LineString","coordinates":[[73.7663098,18.5712163],[73.7664663,18.570796],[73.766637,18.5703376],[73.7667248,18.5701018],[73.7668849,18.5695861],[73.7672371,18.5695435],[73.7677127,18.5695071]]}},
{"type":"Feature","properties":{"osm_id":"103405542","code":5115,"fclass":"tertiary","name":"Baner - Balewadi Road","ref":"","oneway":"F","maxspeed":0,"layer":1,"bridge":"T","tunnel":"F"},"geometry":{"type":"LineString","coordinates":[[73.7765781,18.5611843],[73.7766085,18.5614739]]}},
{"type":"Feature","properties":{"osm_id":"103405821","code":5122,"fclass":"residential","name":"","ref":"","oneway":"B","maxspeed":0,"layer":0,"bridge":"F","tunnel":"F"},"geometry":{"type":"LineString","coordinates":[[73.7718934,18.5626692],[73.7719989,18.5626555],[73.7725991,18.5625774],[73.7731771,18.5624991]]}},
{"type":"Feature","properties":{"osm_id":"103405823","code":5122,"fclass":"residential","name":"","ref":"","oneway":"B","maxspeed":0,"layer":0,"bridge":"F","tunnel":"F"},"geometry":{"type":"LineString","coordinates":[[73.7674896,18.5638191],[73.7673236,18.5638175],[73.7669979,18.5638852],[73.7663605,18.5640137],[73.7660118,18.5640903],[73.7656364,18.5641684],[73.765486,18.5641997],[73.7648178,18.5643972]]}},
{"type":"Feature","properties":{"osm_id":"103406138","code":5114,"fclass":"secondary","name":"Pancard Club Road","ref":"","oneway":"F","maxspeed":0,"layer":0,"bridge":"F","tunnel":"F"},"geometry":{"type":"LineString","coordinates":[[73.7719005,18.5573802],[73.7718181,18.5574146],[73.7716478,18.5574685],[73.7714806,18.5575077],[73.7713739,18.5575302],[73.7712234,18.557543],[73.7710482,18.557543],[73.7709816,18.5575403],[73.7708853,18.5575364],[73.7707763,18.5575301],[73.7707081,18.5575251],[73.7705546,18.5574899],[73.7703955,18.5574545],[73.7703254,18.5574676]]}},
{"type":"Feature","properties":{"osm_id":"103406142","code":5122,"fclass":"residential","name":"Pravinchandra Shroff Road","ref":"","oneway":"B","maxspeed":0,"layer":0,"bridge":"F","tunnel":"F"},"geometry":{"type":"LineString","coordinates":[[73.7840227,18.5621438],[73.7837361,18.5619778],[73.7837479,18.5615564],[73.7837743,18.5606189],[73.783793,18.5599536]]}},
{"type":"Feature","properties":{"osm_id":"103406338","code":5122,"fclass":"residential","name":"Alpine Ridge Road","ref":"","oneway":"B","maxspeed":0,"layer":0,"bridge":"F","tunnel":"F"},"geometry":{"type":"LineString","coordinates":[[73.7838525,18.5529035],[73.7838008,18.5531659],[73.7837746,18.5534324],[73.7837031,18.5539886],[73.7836841,18.554968],[73.7836647,18.5551425],[73.7836253,18.555453],[73.7835565,18.5559614],[73.7835417,18.5560363]]}},
{"type":"Feature","properties":{"osm_id":"103406339","code":5122,"fclass":"residential","name":"","ref":"","oneway":"B","maxspeed":0,"layer":0,"bridge":"F","tunnel":"F"},"geometry":{"type":"LineString","coordinates":[[73.7816895,18.5550862],[73.7816871,18.5549909],[73.7816822,18.5549135],[73.781745,18.5529262],[73.7817385,18.5528703]]}},
{"type":"Feature","properties":{"osm_id":"103406486","code":5141,"fclass":"service","name":"","ref":"","oneway":"B","maxspeed":0,"layer":0,"bridge":"F","tunnel":"F"},"geometry":{"type":"LineString","coordinates":[[73.7778252,18.5627234],[73.7778259,18.562664],[73.777809,18.5626233],[73.7777637,18.5626014],[73.7774836,18.5625966],[73.7774514,18.562566],[73.7774366,18.5625292],[73.7774192,18.5615108]]}},
{"type":"Feature","properties":{"osm_id":"103406489","code":5122,"fclass":"residential","name":"","ref":"","oneway":"B","maxspeed":0,"layer":0,"bridge":"F","tunnel":"F"},"geometry":{"type":"LineString","coordinates":[[73.7737742,18.5639645],[73.7736358,18.562445]]}},
{"type":"Feature","properties":{"osm_id":"103406789","code":5122,"fclass":"residential","name":"","ref":"","oneway":"B","maxspeed":0,"layer":0,"bridge":"F","tunnel":"F"},"geometry":{"type":"LineString","coordinates":[[73.8035567,18.5587975],[73.8010672,18.5584203]]}},
{"type":"Feature","properties":{"osm_id":"103406790","code":5122,"fclass":"residential","name":"","ref":"","oneway":"B","maxspeed":0,"layer":0,"bridge":"F","tunnel":"F"},"geometry":{"type":"LineString","coordinates":[[73.8033826,18.5594061],[73.8006357,18.5589615]]}},
{"type":"Feature","properties":{"osm_id":"103406792","code":5122,"fclass":"residential","name":"Darshan Park Socity Road","ref":"","oneway":"B","maxspeed":0,"layer":0,"bridge":"F","tunnel":"F"},"geometry":{"type":"LineString","coordinates":[[73.803048,18.5604179],[73.8024212,18.5602954],[73.8016711,18.5601633],[73.8008031,18.560014],[73.8002567,18.5598993]]}},
{"type":"Feature","properties":{"osm_id":"103406793","code":5122,"fclass":"residential","name":"","ref":"","oneway":"B","maxspeed":0,"layer":0,"bridge":"F","tunnel":"F"},"geometry":{"type":"LineString","coordinates":[[73.8032128,18.5599137],[73.8029324,18.5598555],[73.8005163,18.55949]]}},
{"type":"Feature","properties":{"osm_id":"103406819","code":5122,"fclass":"residential","name":"Ashiyana Park Lane 1","ref":"","oneway":"B","maxspeed":0,"layer":0,"bridge":"F","tunnel":"F"},"geometry":{"type":"LineString","coordinates":[[73.8037504,18.5581372],[73.8036506,18.5581231],[73.8030475,18.5580378],[73.8016858,18.5578968]]}},
{"type":"Feature","properties":{"osm_id":"103407145","code":5122,"fclass":"residential","name":"","ref":"","oneway":"B","maxspeed":0,"layer":0,"bridge":"F","tunnel":"F"},"geometry":{"type":"LineString","coordinates":[[73.8046033,18.5603827],[73.8046049,18.5603184],[73.8046223,18.5601769],[73.8046405,18.5600439],[73.804644,18.560018],[73.8046613,18.5599906],[73.8046937,18.5599791],[73.8050594,18.5600262],[73.8059258,18.5600903],[73.8062278,18.5601016],[73.8065368,18.5601419]]}},
{"type":"Feature","properties":{"osm_id":"103407146","code":5141,"fclass":"service","name":"","ref":"","oneway":"B","maxspeed":0,"layer":0,"bridge":"F","tunnel":"F"},"geometry":{"type":"LineString","coordinates":[[73.8041388,18.5594136],[73.8047932,18.5594799],[73.8052189,18.5594988],[73.8060376,18.5595881],[73.8062238,18.5596043],[73.8063149,18.5596119],[73.8064023,18.5596192]]}},
{"type":"Feature","properties":{"osm_id":"103407375","code":5122,"fclass":"residential","name":"","ref":"","oneway":"B","maxspeed":0,"layer":0,"bridge":"F","tunnel":"F"},"geometry":{"type":"LineString","coordinates":[[73.8040018,18.5587171],[73.8040603,18.5587228],[73.8045556,18.5587706],[73.8046838,18.5587829],[73.8050176,18.5588152],[73.8052291,18.5588356]]}},
{"type":"Feature","properties":{"osm_id":"103494166","code":5122,"fclass":"residential","name":"Park Avenue Lane","ref":"","oneway":"B","maxspeed":0,"layer":0,"bridge":"F","tunnel":"F"},"geometry":{"type":"LineString","coordinates":[[73.8046995,18.5603242],[73.8046966,18.5603871],[73.8046556,18.5614375],[73.8046468,18.5616642],[73.8046213,18.5623009],[73.8046121,18.5625431],[73.8046014,18.5628695],[73.8045821,18.5633308],[73.8045719,18.5636076]]}},
{"type":"Feature","properties":{"osm_id":"103494167","code":5122,"fclass":"residential","name":"","ref":"","oneway":"B","maxspeed":0,"layer":0,"bridge":"F","tunnel":"F"},"geometry":{"type":"LineString","coordinates":[[73.8039331,18.5602807],[73.803928,18.5603434],[73.8037173,18.5628617]]}},
{"type":"Feature","properties":{"osm_id":"103494190","code":5122,"fclass":"residential","name":"","ref":"","oneway":"B","maxspeed":0,"layer":0,"bridge":"F","tunnel":"F"},"geometry":{"type":"LineString","coordinates":[[73.8027252,18.5627976],[73.8030921,18.5628213],[73.8032698,18.5628328],[73.8034255,18.5628429],[73.8037173,18.5628617],[73.803751,18.5628627],[73.8039754,18.5628692]]}},
{"type":"Feature","properties":{"osm_id":"104230723","code":5141,"fclass":"service","name":"IITM Interior Road","ref":"","oneway":"B","maxspeed":0,"layer":0,"bridge":"F","tunnel":"F"},"geometry":{"type":"LineString","coordinates":[[73.8045884,18.5377804],[73.8046039,18.537714],[73.8046485,18.5375231],[73.8047395,18.5371333],[73.8048341,18.536728],[73.8048456,18.536695],[73.8048684,18.5366637],[73.8049084,18.5366416],[73.804956,18.5366355],[73.8052614,18.536713],[73.8061891,18.5368216],[73.8063489,18.5368434],[73.8063472,18.5365156],[73.8063568,18.536496],[73.8063713,18.5364775]]}},
{"type":"Feature","properties":{"osm_id":"104231653","code":5114,"fclass":"secondary","name":"Pashan-Sus Road","ref":"","oneway":"F","maxspeed":0,"layer":0,"bridge":"F","tunnel":"F"},"geometry":{"type":"LineString","coordinates":[[73.793773,18.5403763],[73.7937992,18.5402657]]}},
{"type":"Feature","properties":{"osm_id":"105461216","code":5122,"fclass":"residential","name":"Phayre Road","ref":"","oneway":"B","maxspeed":0,"layer":0,"bridge":"F","tunnel":"F"},"geometry":{"type":"LineString","coordinates":[[73.8822561,18.4984101],[73.881896,18.4995046],[73.881534,18.5004045],[73.8812894,18.5010126],[73.8810576,18.5015888],[73.8809638,18.5018151],[73.8802208,18.5036899]]}},
{"type":"Feature","properties":{"osm_id":"105461748","code":5122,"fclass":"residential","name":"Lawrence Road","ref":"","oneway":"B","maxspeed":0,"layer":0,"bridge":"F","tunnel":"F"},"geometry":{"type":"LineString","coordinates":[[73.8830037,18.502904],[73.8829636,18.5027968],[73.8829004,18.5026676],[73.8827561,18.5024691],[73.882575,18.5022756],[73.8824236,18.5021925],[73.8823552,18.502155],[73.8817704,18.5018998],[73.8816596,18.5018514],[73.8810576,18.5015888]]}},
{"type":"Feature","properties":{"osm_id":"105461790","code":5122,"fclass":"residential","name":"","ref":"","oneway":"B","maxspeed":0,"layer":0,"bridge":"F","tunnel":"F"},"geometry":{"type":"LineString","coordinates":[[73.8826076,18.4997489],[73.8817704,18.5018998]]}},
{"type":"Feature","properties":{"osm_id":"105461812","code":5122,"fclass":"residential","name":"","ref":"","oneway":"B","maxspeed":0,"layer":0,"bridge":"F","tunnel":"F"},"geometry":{"type":"LineString","coordinates":[[73.8809703,18.4991869],[73.8800392,18.5015081],[73.8794247,18.5030343]]}},
{"type":"Feature","properties":{"osm_id":"105462316","code":5115,"fclass":"tertiary","name":"Prince Of Wales Drive","ref":"","oneway":"F","maxspeed":60,"layer":0,"bridge":"F","tunnel":"F"},"geometry":{"type":"LineString","coordinates":[[73.8947408,18.4961356],[73.8948864,18.4968118],[73.8950713,18.4974463],[73.8951481,18.4976759],[73.8951897,18.4978095],[73.8952108,18.4979196],[73.895428,18.4986807],[73.8954411,18.498725],[73.8954624,18.4987972],[73.8955639,18.4990496]]}},
{"type":"Feature","properties":{"osm_id":"106229739","code":5141,"fclass":"service","name":"","ref":"","oneway":"B","maxspeed":0,"layer":0,"bridge":"F","tunnel":"F"},"geometry":{"type":"LineString","coordinates":[[73.9099183,18.5076359],[73.90984,18.5076961],[73.9088173,18.5084817],[73.9082833,18.5089327]]}},
{"type":"Feature","properties":{"osm_id":"106229786","code":5141,"fclass":"service","name":"","ref":"","oneway":"B","maxspeed":0,"layer":0,"bridge":"F","tunnel":"F"},"geometry":{"type":"LineString","coordinates":[[73.9091208,18.5070532],[73.908955,18.5070861],[73.9085874,18.5071592],[73.9082279,18.5071861],[73.9081206,18.5072086],[73.9080725,18.5072485],[73.9080619,18.5073157],[73.9082833,18.5089327],[73.9083333,18.5092671],[73.9083572,18.5093174],[73.9084982,18.5094841]]}},
{"type":"Feature","properties":{"osm_id":"106229803","code":5141,"fclass":"service","name":"","ref":"","oneway":"B","maxspeed":0,"layer":0,"bridge":"F","tunnel":"F"},"geometry":{"type":"LineString","coordinates":[[73.9085874,18.5071592],[73.9088173,18.5084817]]}},
{"type":"Feature","properties":{"osm_id":"106229804","code":5141,"fclass":"service","name":"","ref":"","oneway":"B","maxspeed":0,"layer":0,"bridge":"F","tunnel":"F"},"geometry":{"type":"LineString","coordinates":[[73.9080407,18.5098136],[73.9082891,18.5096549],[73.9084982,18.5094841],[73.9092732,18.5088441],[73.909534,18.5086429]]}},
{"type":"Feature","properties":{"osm_id":"106229818","code":5141,"fclass":"service","name":"","ref":"","oneway":"B","maxspeed":0,"layer":0,"bridge":"F","tunnel":"F"},"geometry":{"type":"LineString","coordinates":[[73.9082891,18.5096549],[73.9085503,18.5102269],[73.9086662,18.5104467],[73.908777,18.5110714],[73.9088078,18.5112504]]}},
{"type":"Feature","properties":{"osm_id":"106229849","code":5141,"fclass":"service","name":"","ref":"","oneway":"B","maxspeed":0,"layer":0,"bridge":"F","tunnel":"F"},"geometry":{"type":"LineString","coordinates":[[73.9085503,18.5102269],[73.9093626,18.5095685],[73.9096108,18.5093563],[73.9096318,18.5093099],[73.9096251,18.5092482],[73.9096056,18.5092062],[73.9092732,18.5088441]]}},
{"type":"Feature","properties":{"osm_id":"106229853","code":5141,"fclass":"service","name":"","ref":"","oneway":"B","maxspeed":0,"layer":0,"bridge":"F","tunnel":"F"},"geometry":{"type":"LineString","coordinates":[[73.908777,18.5110714],[73.9094976,18.5107303],[73.9095279,18.5106857],[73.9095359,18.5106232],[73.9094257,18.5101153],[73.9093626,18.5095685]]}},
{"type":"Feature","properties":{"osm_id":"106229858","code":5141,"fclass":"service","name":"","ref":"","oneway":"B","maxspeed":0,"layer":0,"bridge":"F","tunnel":"F"},"geometry":{"type":"LineString","coordinates":[[73.9084323,18.5105382],[73.9086662,18.5104467],[73.9094257,18.5101153]]}},
{"type":"Feature","properties":{"osm_id":"106229907","code":5115,"fclass":"tertiary","name":"Sopan Baug Road","ref":"","oneway":"B","maxspeed":0,"layer":0,"bridge":"F","tunnel":"F"},"geometry":{"type":"LineString","coordinates":[[73.8986054,18.5162512],[73.8986858,18.5171254],[73.8987052,18.5171612],[73.8987397,18.5171949],[73.8988011,18.5172245],[73.8995383,18.5172756],[73.8996686,18.5172935],[73.9008255,18.5174522],[73.9014769,18.5174385],[73.9016563,18.5174325],[73.902022,18.5174202],[73.9022742,18.5174264],[73.9028834,18.5174299],[73.9029413,18.5174134],[73.9032215,18.5172721],[73.903364,18.5172386],[73.9042694,18.5172999],[73.9043678,18.5172836],[73.9044645,18.5172302],[73.9045332,18.5171524],[73.9048916,18.5165171],[73.9051242,18.516138],[73.9054617,18.5155389],[73.9056462,18.5152563],[73.9058803,18.5149253]]}},
{"type":"Feature","properties":{"osm_id":"106234143","code":5112,"fclass":"trunk","name":"Solapur Road","ref":"NH65","oneway":"F","maxspeed":0,"layer":0,"bridge":"F","tunnel":"F"},"geometry":{"type":"LineString","coordinates":[[73.8994549,18.5065216],[73.8987579,18.5065235]]}},
{"type":"Feature","properties":{"osm_id":"106234144","code":5112,"fclass":"trunk","name":"Solapur Road","ref":"NH65","oneway":"F","maxspeed":0,"layer":1,"bridge":"T","tunnel":"F"},"geometry":{"type":"LineString","coordinates":[[73.8997169,18.5065167],[73.8994549,18.5065216]]}},
{"type":"Feature","properties":{"osm_id":"106234204","code":5122,"fclass":"residential","name":"Mahadji Shinde Path","ref":"","oneway":"B","maxspeed":0,"layer":1,"bridge":"T","tunnel":"F"},"geometry":{"type":"LineString","coordinates":[[73.896453,18.4919959],[73.8968089,18.4920073]]}},
{"type":"Feature","properties":{"osm_id":"106234205","code":5122,"fclass":"residential","name":"Mahadji Shinde Path","ref":"","oneway":"B","maxspeed":0,"layer":0,"bridge":"F","tunnel":"F"},"geometry":{"type":"LineString","coordinates":[[73.8968089,18.4920073],[73.8968815,18.4920109],[73.8976921,18.4920506],[73.8980712,18.4920692],[73.898286,18.4920798],[73.8985367,18.4920921],[73.9000297,18.4921619]]}},
{"type":"Feature","properties":{"osm_id":"106234216","code":5115,"fclass":"tertiary","name":"","ref":"","oneway":"B","maxspeed":0,"layer":1,"bridge":"T","tunnel":"F"},"geometry":{"type":"LineString","coordinates":[[73.8955304,18.4894883],[73.8956274,18.4892377]]}},
{"type":"Feature","properties":{"osm_id":"106234217","code":5115,"fclass":"tertiary","name":"Bhairoba Nala Road","ref":"","oneway":"B","maxspeed":30,"layer":0,"bridge":"F","tunnel":"F"},"geometry":{"type":"LineString","coordinates":[[73.8956274,18.4892377],[73.8956485,18.4891074],[73.8956136,18.4888898],[73.8955308,18.4886577],[73.8953466,18.4883337],[73.8952543,18.488142],[73.8952144,18.4879574],[73.8952408,18.4878321]]}},
{"type":"Feature","properties":{"osm_id":"106234397","code":5115,"fclass":"tertiary","name":"Salunkhe Vihar Road","ref":"","oneway":"B","maxspeed":40,"layer":1,"bridge":"T","tunnel":"F"},"geometry":{"type":"LineString","coordinates":[[73.8975331,18.4817595],[73.8971701,18.4818381]]}},
{"type":"Feature","properties":{"osm_id":"106234647","code":5114,"fclass":"secondary","name":"NIBM Road","ref":"","oneway":"B","maxspeed":0,"layer":0,"bridge":"F","tunnel":"F"},"geometry":{"type":"LineString","coordinates":[[73.8933743,18.4777546],[73.8938711,18.477636],[73.8942296,18.4775185],[73.8945133,18.4774217],[73.8950065,18.4772679],[73.8953496,18.4771626],[73.8954012,18.4771472],[73.8954202,18.4771389],[73.8958367,18.4770474]]}},
{"type":"Feature","properties":{"osm_id":"106234655","code":5114,"fclass":"secondary","name":"NIBM Road","ref":"","oneway":"B","maxspeed":0,"layer":0,"bridge":"F","tunnel":"F"},"geometry":{"type":"LineString","coordinates":[[73.8926522,18.4778623],[73.8933743,18.4777546]]}},
{"type":"Feature","properties":{"osm_id":"106235646","code":5122,"fclass":"residential","name":"Kondhwa Budruk Village Road","ref":"","oneway":"B","maxspeed":0,"layer":0,"bridge":"F","tunnel":"F"},"geometry":{"type":"LineString","coordinates":[[73.8881709,18.4563858],[73.8881329,18.4568362],[73.8881304,18.4568788],[73.8881199,18.4570224],[73.8881219,18.4571669],[73.8881199,18.457221],[73.888116,18.4574362],[73.8881118,18.4576623],[73.8881068,18.4579395],[73.8881051,18.4580293],[73.8881043,18.4580746],[73.8881059,18.4581201],[73.8881068,18.4581447],[73.8881074,18.4581631],[73.8881081,18.4581819],[73.8881157,18.4583942],[73.8881162,18.4584087],[73.8881229,18.4585955],[73.8881409,18.4587806],[73.8881434,18.4588057],[73.8881751,18.4589434],[73.8882272,18.4591183],[73.8883005,18.459271],[73.8883091,18.459289],[73.8883813,18.4594395],[73.8884011,18.4594911],[73.8884221,18.4595456],[73.8885083,18.4597699],[73.8885214,18.4598511],[73.8885102,18.45992],[73.8884888,18.4599968],[73.8884432,18.4601602],[73.8884404,18.460193],[73.8884339,18.4602697],[73.8884273,18.4603376],[73.8884357,18.4603951],[73.8884765,18.460925],[73.8884924,18.4611323],[73.888499,18.461218],[73.8885213,18.4613099],[73.8885698,18.4614635],[73.8886834,18.4616513],[73.8889057,18.4620189],[73.8889931,18.4621635],[73.8891786,18.4625124],[73.8894752,18.4631939]]}},
{"type":"Feature","properties":{"osm_id":"106236255","code":5122,"fclass":"residential","name":"Sant Shiromani Namdeo Maharaj Path","ref":"","oneway":"B","maxspeed":0,"layer":0,"bridge":"F","tunnel":"F"},"geometry":{"type":"LineString","coordinates":[[73.8952868,18.4976781],[73.8953067,18.4976327],[73.8960494,18.4972301],[73.8963188,18.4970859],[73.8964902,18.4969648],[73.8966145,18.4968458]]}},
{"type":"Feature","properties":{"osm_id":"106236293","code":5122,"fclass":"residential","name":"","ref":"","oneway":"B","maxspeed":0,"layer":0,"bridge":"F","tunnel":"F"},"geometry":{"type":"LineString","coordinates":[[73.8960494,18.4972301],[73.8962764,18.4972262],[73.8963511,18.4972541],[73.8964132,18.497312],[73.8969132,18.4979062],[73.8974613,18.4985577],[73.8975442,18.4986562],[73.8975795,18.4987305],[73.8976129,18.4988008],[73.8977005,18.4990222],[73.8977724,18.4992569],[73.8980158,18.5000512],[73.8986271,18.5020462]]}},
{"type":"Feature","properties":{"osm_id":"106236488","code":5122,"fclass":"residential","name":"Sant Shiromani Namdeo Maharaj Path","ref":"","oneway":"B","maxspeed":0,"layer":1,"bridge":"T","tunnel":"F"},"geometry":{"type":"LineString","coordinates":[[73.8966145,18.4968458],[73.8968773,18.4965487]]}},
{"type":"Feature","properties":{"osm_id":"106236513","code":5122,"fclass":"residential","name":"Sant Shiromani Namdeo Maharaj Path","ref":"","oneway":"B","maxspeed":0,"layer":0,"bridge":"F","tunnel":"F"},"geometry":{"type":"LineString","coordinates":[[73.8968773,18.4965487],[73.8969174,18.4965106],[73.8970729,18.4963626],[73.8971296,18.4963072],[73.8972368,18.496149],[73.8973761,18.4959816],[73.8975823,18.4958194],[73.8976154,18.4958041],[73.8978482,18.495697],[73.8978928,18.4956765],[73.8981301,18.4955833],[73.8983197,18.4955088],[73.8986121,18.495394],[73.8987355,18.4953455],[73.899127,18.4951917],[73.8993863,18.495116],[73.8994826,18.4950879],[73.8995449,18.4950787],[73.8997116,18.495054],[73.9001093,18.4949933]]}},
{"type":"Feature","properties":{"osm_id":"106236804","code":5122,"fclass":"residential","name":"","ref":"","oneway":"B","maxspeed":0,"layer":0,"bridge":"F","tunnel":"F"},"geometry":{"type":"LineString","coordinates":[[73.9001019,18.4921652],[73.9001212,18.4921637],[73.9002247,18.4921321],[73.9003253,18.4921014],[73.9004429,18.4920655],[73.9006745,18.4919496],[73.9007738,18.49189],[73.9010755,18.4917088],[73.9011368,18.4916721],[73.9014371,18.4914918],[73.9018019,18.491329],[73.9022306,18.4912551]]}},
{"type":"Feature","properties":{"osm_id":"106237007","code":5122,"fclass":"residential","name":"","ref":"","oneway":"B","maxspeed":0,"layer":0,"bridge":"F","tunnel":"F"},"geometry":{"type":"LineString","coordinates":[[73.9005874,18.5008041],[73.9009562,18.5007694],[73.9013081,18.5007362],[73.9016516,18.5006994],[73.9017393,18.5006928],[73.9027919,18.5006066],[73.9028586,18.5006338],[73.9028989,18.5007016],[73.902907,18.5010051]]}},
{"type":"Feature","properties":{"osm_id":"106237106","code":5122,"fclass":"residential","name":"","ref":"","oneway":"B","maxspeed":0,"layer":0,"bridge":"F","tunnel":"F"},"geometry":{"type":"LineString","coordinates":[[73.8986271,18.5020462],[73.8990255,18.502025]]}},
{"type":"Feature","properties":{"osm_id":"106237172","code":5122,"fclass":"residential","name":"","ref":"","oneway":"B","maxspeed":0,"layer":1,"bridge":"T","tunnel":"F"},"geometry":{"type":"LineString","coordinates":[[73.8990255,18.502025],[73.899258,18.5019923]]}},
{"type":"Feature","properties":{"osm_id":"106237203","code":5122,"fclass":"residential","name":"","ref":"","oneway":"B","maxspeed":0,"layer":0,"bridge":"F","tunnel":"F"},"geometry":{"type":"LineString","coordinates":[[73.9006767,18.5019063],[73.9017215,18.5018278],[73.9030394,18.5017964],[73.902907,18.5010051]]}},
{"type":"Feature","properties":{"osm_id":"106237372","code":5122,"fclass":"residential","name":"","ref":"","oneway":"B","maxspeed":0,"layer":0,"bridge":"F","tunnel":"F"},"geometry":{"type":"LineString","coordinates":[[73.9017215,18.5018278],[73.9016516,18.5006994]]}},
{"type":"Feature","properties":{"osm_id":"106237538","code":5122,"fclass":"residential","name":"","ref":"","oneway":"B","maxspeed":0,"layer":0,"bridge":"F","tunnel":"F"},"geometry":{"type":"LineString","coordinates":[[73.9017393,18.5006928],[73.9016906,18.5002054],[73.9016302,18.499601],[73.9018111,18.499577]]}},
{"type":"Feature","properties":{"osm_id":"106237664","code":5122,"fclass":"residential","name":"","ref":"","oneway":"B","maxspeed":0,"layer":0,"bridge":"F","tunnel":"F"},"geometry":{"type":"LineString","coordinates":[[73.904086,18.497257],[73.904139,18.4970953],[73.9041341,18.4970305],[73.9041206,18.496853],[73.9041047,18.4967896],[73.9039914,18.4963382],[73.9039887,18.4963273],[73.9039434,18.4961669],[73.9038961,18.4960347],[73.9038675,18.4959553],[73.9038226,18.4958653],[73.9036279,18.4954754],[73.9036151,18.4954498],[73.9035867,18.4953995],[73.9034485,18.4951549],[73.9034234,18.4951104],[73.903322,18.4949466],[73.9031366,18.4946188],[73.9028046,18.4940269]]}},
{"type":"Feature","properties":{"osm_id":"106237712","code":5141,"fclass":"service","name":"Riviera  Society Road","ref":"","oneway":"B","maxspeed":0,"layer":0,"bridge":"F","tunnel":"F"},"geometry":{"type":"LineString","coordinates":[[73.901367,18.4969287],[73.9013821,18.4969264],[73.9029942,18.4966855],[73.9031599,18.4966199],[73.9032054,18.4965724],[73.9032259,18.4964853],[73.903179,18.496305],[73.9031752,18.4962231],[73.9031971,18.4961528],[73.9032432,18.496115],[73.9037763,18.4959157]]}},
{"type":"Feature","properties":{"osm_id":"106237790","code":5122,"fclass":"residential","name":"Bapusaheb Kedari Road","ref":"","oneway":"B","maxspeed":0,"layer":0,"bridge":"F","tunnel":"F"},"geometry":{"type":"LineString","coordinates":[[73.9003335,18.4977351],[73.8994997,18.4978489]]}},
{"type":"Feature","properties":{"osm_id":"106237959","code":5122,"fclass":"residential","name":"","ref":"","oneway":"B","maxspeed":0,"layer":0,"bridge":"F","tunnel":"F"},"geometry":{"type":"LineString","coordinates":[[73.9023241,18.5048808],[73.9023322,18.5054515],[73.9023332,18.505618],[73.9023374,18.5062994]]}},
{"type":"Feature","properties":{"osm_id":"106237966","code":5122,"fclass":"residential","name":"","ref":"","oneway":"B","maxspeed":0,"layer":0,"bridge":"F","tunnel":"F"},"geometry":{"type":"LineString","coordinates":[[73.9010692,18.5049059],[73.9013925,18.5048988],[73.9015531,18.5048957],[73.9018457,18.50489],[73.9023241,18.5048808],[73.9028121,18.5048846],[73.9030027,18.5048863],[73.9031922,18.5048878],[73.9033532,18.5048891],[73.9035139,18.5048904],[73.9036838,18.5048894]]}},
{"type":"Feature","properties":{"osm_id":"106238141","code":5122,"fclass":"residential","name":"","ref":"","oneway":"B","maxspeed":0,"layer":0,"bridge":"F","tunnel":"F"},"geometry":{"type":"LineString","coordinates":[[73.9009277,18.5035719],[73.9012727,18.5035445],[73.9015293,18.503524],[73.9020314,18.5034841],[73.9023372,18.5034571],[73.9029367,18.5034009],[73.9032272,18.5033737],[73.9033633,18.5033609],[73.9033953,18.5033465],[73.903418,18.5033107],[73.9034177,18.5032739],[73.903357,18.5030922],[73.903283,18.5028709],[73.9030394,18.5017964]]}},
{"type":"Feature","properties":{"osm_id":"106240828","code":5122,"fclass":"residential","name":"","ref":"","oneway":"B","maxspeed":0,"layer":0,"bridge":"F","tunnel":"F"},"geometry":{"type":"LineString","coordinates":[[73.9023322,18.5054515],[73.902814,18.5054457],[73.9030003,18.5054433],[73.9031654,18.50544]]}},
{"type":"Feature","properties":{"osm_id":"106240941","code":5122,"fclass":"residential","name":"","ref":"","oneway":"B","maxspeed":0,"layer":0,"bridge":"F","tunnel":"F"},"geometry":{"type":"LineString","coordinates":[[73.9030027,18.5048863],[73.9030003,18.5054433]]}},
{"type":"Feature","properties":{"osm_id":"106241073","code":5122,"fclass":"residential","name":"","ref":"","oneway":"B","maxspeed":0,"layer":0,"bridge":"F","tunnel":"F"},"geometry":{"type":"LineString","coordinates":[[73.9028121,18.5048846],[73.902814,18.5054457]]}},
{"type":"Feature","properties":{"osm_id":"106241595","code":5141,"fclass":"service","name":"","ref":"","oneway":"B","maxspeed":0,"layer":0,"bridge":"F","tunnel":"F"},"geometry":{"type":"LineString","coordinates":[[73.9031366,18.4946188],[73.9031514,18.4946091],[73.9032108,18.4945701],[73.9038373,18.4941596],[73.9039942,18.4940609],[73.904091,18.4940191]]}},
{"type":"Feature","properties":{"osm_id":"106242925","code":5141,"fclass":"service","name":"","ref":"","oneway":"B","maxspeed":0,"layer":0,"bridge":"F","tunnel":"F"},"geometry":{"type":"LineString","coordinates":[[73.9042593,18.4911145],[73.9039229,18.4894302],[73.9038569,18.4890997],[73.9037786,18.4886683],[73.9036941,18.4882841],[73.9036126,18.4878763],[73.9035197,18.4874049],[73.9032714,18.4861441],[73.9031694,18.4857162],[73.9030365,18.4849512],[73.9030103,18.4848183]]}},
{"type":"Feature","properties":{"osm_id":"106243793","code":5122,"fclass":"residential","name":"","ref":"","oneway":"B","maxspeed":0,"layer":0,"bridge":"F","tunnel":"F"},"geometry":{"type":"LineString","coordinates":[[73.9034891,18.481609],[73.903758,18.4819038],[73.9039303,18.4820869],[73.9039804,18.4821413],[73.9042354,18.4824175],[73.9042987,18.4824888],[73.90456,18.4827832],[73.9050563,18.4832429],[73.9051418,18.4833527],[73.9052982,18.4835536],[73.9056957,18.4840487]]}},
{"type":"Feature","properties":{"osm_id":"106243825","code":5122,"fclass":"residential","name":"","ref":"","oneway":"B","maxspeed":0,"layer":0,"bridge":"F","tunnel":"F"},"geometry":{"type":"LineString","coordinates":[[73.9005961,18.4798023],[73.9005465,18.4797995],[73.8999358,18.4797655],[73.8983855,18.4796701]]}},
{"type":"Feature","properties":{"osm_id":"106243878","code":5122,"fclass":"residential","name":"","ref":"","oneway":"B","maxspeed":0,"layer":0,"bridge":"F","tunnel":"F"},"geometry":{"type":"LineString","coordinates":[[73.9005573,18.4804343],[73.8999818,18.4803934],[73.8988124,18.4803104],[73.8984763,18.4802655],[73.8966896,18.4800269],[73.8966591,18.4800208],[73.8966203,18.4800152],[73.8966379,18.4798871],[73.8966431,18.4797886],[73.8966429,18.4797686]]}},
{"type":"Feature","properties":{"osm_id":"106244015","code":5115,"fclass":"tertiary","name":"B G Lonkar Road","ref":"","oneway":"B","maxspeed":0,"layer":0,"bridge":"F","tunnel":"F"},"geometry":{"type":"LineString","coordinates":[[73.8962316,18.4772128],[73.896266,18.4773539],[73.8963115,18.4776317],[73.8963264,18.4778066],[73.8963408,18.4779742],[73.8963418,18.4779864],[73.8963516,18.4781011],[73.8963551,18.4783472],[73.8963567,18.4784923],[73.8963594,18.4786406],[73.8963536,18.4787709],[73.8963483,18.4791169],[73.8963541,18.4791268],[73.8963505,18.4792478],[73.8963443,18.4794592],[73.8963409,18.4795766],[73.8963337,18.4797307],[73.89633,18.4798062],[73.8963265,18.4798772],[73.8963126,18.4801644],[73.8963086,18.4802467],[73.8962997,18.48043],[73.896298,18.4804651],[73.8962858,18.4807151],[73.8962784,18.4809014]]}},
{"type":"Feature","properties":{"osm_id":"106244067","code":5122,"fclass":"residential","name":"","ref":"","oneway":"B","maxspeed":0,"layer":0,"bridge":"F","tunnel":"F"},"geometry":{"type":"LineString","coordinates":[[73.9010091,18.4791026],[73.8963594,18.4786406]]}},
{"type":"Feature","properties":{"osm_id":"106244284","code":5122,"fclass":"residential","name":"","ref":"","oneway":"B","maxspeed":0,"layer":0,"bridge":"F","tunnel":"F"},"geometry":{"type":"LineString","coordinates":[[73.9027519,18.4811199],[73.9027671,18.4808245],[73.9027698,18.4804807],[73.9027831,18.4800777],[73.9028272,18.4794538],[73.9028777,18.4790069],[73.9029156,18.4789739],[73.9029692,18.4789358],[73.9030171,18.4789302]]}},
{"type":"Feature","properties":{"osm_id":"106244358","code":5122,"fclass":"residential","name":"","ref":"","oneway":"B","maxspeed":0,"layer":0,"bridge":"F","tunnel":"F"},"geometry":{"type":"LineString","coordinates":[[73.9030849,18.4763207],[73.9031251,18.47652],[73.9031507,18.4766387],[73.9032434,18.4770676],[73.9033073,18.477363],[73.9033316,18.4774755]]}},
{"type":"Feature","properties":{"osm_id":"106244904","code":5122,"fclass":"residential","name":"Clover Village Internal Road","ref":"","oneway":"B","maxspeed":0,"layer":0,"bridge":"F","tunnel":"F"},"geometry":{"type":"LineString","coordinates":[[73.8974518,18.4840925],[73.8974494,18.4841736],[73.89743,18.4848273],[73.8974108,18.485476],[73.8974046,18.4857086],[73.897397,18.4859389],[73.8973898,18.4861816],[73.8973758,18.4866551],[73.8973656,18.487],[73.8973636,18.4870667]]}},
{"type":"Feature","properties":{"osm_id":"106245073","code":5122,"fclass":"residential","name":"Lane Number 3","ref":"","oneway":"B","maxspeed":0,"layer":0,"bridge":"F","tunnel":"F"},"geometry":{"type":"LineString","coordinates":[[73.9019964,18.4835957],[73.9006192,18.4835032]]}},
{"type":"Feature","properties":{"osm_id":"106245095","code":5122,"fclass":"residential","name":"","ref":"","oneway":"B","maxspeed":0,"layer":0,"bridge":"F","tunnel":"F"},"geometry":{"type":"LineString","coordinates":[[73.9023598,18.4827819],[73.9019324,18.4827612],[73.9015112,18.4827409],[73.9010905,18.4827205],[73.9007117,18.4827022],[73.9006411,18.4826988]]}},
{"type":"Feature","properties":{"osm_id":"106245292","code":5122,"fclass":"residential","name":"","ref":"","oneway":"B","maxspeed":0,"layer":0,"bridge":"F","tunnel":"F"},"geometry":{"type":"LineString","coordinates":[[73.8987835,18.4821499],[73.8989656,18.4820608],[73.8991514,18.4819717],[73.8993894,18.4818852],[73.8994779,18.4818551],[73.8995314,18.481837],[73.8996304,18.4818094],[73.8996715,18.481798],[73.8997504,18.4817867]]}},
{"type":"Feature","properties":{"osm_id":"106245349","code":5122,"fclass":"residential","name":"","ref":"","oneway":"B","maxspeed":0,"layer":0,"bridge":"F","tunnel":"F"},"geometry":{"type":"LineString","coordinates":[[73.9021667,18.482904],[73.9006397,18.4828427],[73.8995951,18.4828157]]}},
{"type":"Feature","properties":{"osm_id":"106245564","code":5141,"fclass":"service","name":"","ref":"","oneway":"B","maxspeed":0,"layer":0,"bridge":"F","tunnel":"F"},"geometry":{"type":"LineString","coordinates":[[73.9036126,18.4878763],[73.9031822,18.4879379],[73.9027804,18.4879954],[73.9023433,18.4880707],[73.9022395,18.4880997],[73.9021777,18.4881458],[73.9021571,18.4881612],[73.9021178,18.4882562],[73.9020989,18.4883948],[73.9019718,18.4893236]]}},
{"type":"Feature","properties":{"osm_id":"106245656","code":5141,"fclass":"service","name":"","ref":"","oneway":"B","maxspeed":0,"layer":0,"bridge":"F","tunnel":"F"},"geometry":{"type":"LineString","coordinates":[[73.9038569,18.4890997],[73.9032764,18.4891812],[73.902893,18.4892351],[73.9023826,18.4893068],[73.9022259,18.489323],[73.902113,18.4893347],[73.9019718,18.4893236]]}},
{"type":"Feature","properties":{"osm_id":"106245897","code":5141,"fclass":"service","name":"","ref":"","oneway":"B","maxspeed":0,"layer":0,"bridge":"F","tunnel":"F"},"geometry":{"type":"LineString","coordinates":[[73.9025503,18.4903209],[73.9025274,18.4901642],[73.9025023,18.4899922],[73.9024458,18.4896647],[73.9023826,18.4893068],[73.902303,18.488906],[73.9022309,18.4885386],[73.9021571,18.4881612]]}},
{"type":"Feature","properties":{"osm_id":"106245940","code":5141,"fclass":"service","name":"","ref":"","oneway":"B","maxspeed":0,"layer":0,"bridge":"F","tunnel":"F"},"geometry":{"type":"LineString","coordinates":[[73.902303,18.488906],[73.9037786,18.4886683]]}},
{"type":"Feature","properties":{"osm_id":"106245971","code":5141,"fclass":"service","name":"","ref":"","oneway":"B","maxspeed":0,"layer":0,"bridge":"F","tunnel":"F"},"geometry":{"type":"LineString","coordinates":[[73.9036941,18.4882841],[73.9032618,18.4883593],[73.9022309,18.4885386]]}},
{"type":"Feature","properties":{"osm_id":"106246079","code":5141,"fclass":"service","name":"","ref":"","oneway":"B","maxspeed":0,"layer":0,"bridge":"F","tunnel":"F"},"geometry":{"type":"LineString","coordinates":[[73.9024458,18.4896647],[73.902957,18.4895864],[73.9033408,18.4895274]]}},
{"type":"Feature","properties":{"osm_id":"106246097","code":5141,"fclass":"service","name":"","ref":"","oneway":"B","maxspeed":0,"layer":0,"bridge":"F","tunnel":"F"},"geometry":{"type":"LineString","coordinates":[[73.9025023,18.4899922],[73.9029336,18.4899148],[73.9029785,18.4898778]]}},
{"type":"Feature","properties":{"osm_id":"106247042","code":5122,"fclass":"residential","name":"","ref":"","oneway":"B","maxspeed":0,"layer":0,"bridge":"F","tunnel":"F"},"geometry":{"type":"LineString","coordinates":[[73.8999723,18.4899674],[73.8997858,18.4899714],[73.8993944,18.4899799],[73.8989261,18.4899821],[73.8987854,18.4899827],[73.8984242,18.4899844]]}},
{"type":"Feature","properties":{"osm_id":"106247406","code":5141,"fclass":"service","name":"","ref":"","oneway":"B","maxspeed":0,"layer":0,"bridge":"F","tunnel":"F"},"geometry":{"type":"LineString","coordinates":[[73.9027804,18.4879954],[73.9026892,18.4875259]]}},
{"type":"Feature","properties":{"osm_id":"106248049","code":5122,"fclass":"residential","name":"Kausar Baugh Road","ref":"","oneway":"B","maxspeed":0,"layer":0,"bridge":"F","tunnel":"F"},"geometry":{"type":"LineString","coordinates":[[73.8936893,18.4757563],[73.893678,18.4757082],[73.8936661,18.4756573],[73.893603,18.4754117],[73.8935839,18.4753308],[73.8935716,18.4752784],[73.893571,18.4752753],[73.8935307,18.4750783],[73.8935217,18.4750323],[73.8935019,18.4749312],[73.8934796,18.4747539],[73.8934589,18.4745893],[73.8934587,18.4745859],[73.893457,18.4745541],[73.8934428,18.4742952],[73.8934288,18.4740407]]}},
{"type":"Feature","properties":{"osm_id":"106251501","code":5122,"fclass":"residential","name":"","ref":"","oneway":"B","maxspeed":0,"layer":0,"bridge":"F","tunnel":"F"},"geometry":{"type":"LineString","coordinates":[[73.8907204,18.4694375],[73.8894276,18.4694689],[73.8893277,18.4694713],[73.8890265,18.469466],[73.8889261,18.4694645]]}},
{"type":"Feature","properties":{"osm_id":"106251509","code":5122,"fclass":"residential","name":"","ref":"","oneway":"B","maxspeed":0,"layer":1,"bridge":"T","tunnel":"F"},"geometry":{"type":"LineString","coordinates":[[73.8908961,18.4694268],[73.8907204,18.4694375]]}},
{"type":"Feature","properties":{"osm_id":"106251519","code":5122,"fclass":"residential","name":"","ref":"","oneway":"B","maxspeed":0,"layer":0,"bridge":"F","tunnel":"F"},"geometry":{"type":"LineString","coordinates":[[73.8920332,18.4779173],[73.8919549,18.4770373]]}},
{"type":"Feature","properties":{"osm_id":"106251580","code":5122,"fclass":"residential","name":"","ref":"","oneway":"B","maxspeed":0,"layer":0,"bridge":"F","tunnel":"F"},"geometry":{"type":"LineString","coordinates":[[73.891294,18.4721566],[73.8914232,18.4713939],[73.891414,18.4712764],[73.8914076,18.471194],[73.8913376,18.4702941],[73.8912938,18.4698139],[73.8912594,18.4694029],[73.8908961,18.4694268]]}},
{"type":"Feature","properties":{"osm_id":"106251590","code":5122,"fclass":"residential","name":"","ref":"","oneway":"B","maxspeed":0,"layer":1,"bridge":"T","tunnel":"F"},"geometry":{"type":"LineString","coordinates":[[73.8919549,18.4770373],[73.8918805,18.4767922]]}},
{"type":"Feature","properties":{"osm_id":"106251798","code":5122,"fclass":"residential","name":"","ref":"","oneway":"B","maxspeed":0,"layer":0,"bridge":"F","tunnel":"F"},"geometry":{"type":"LineString","coordinates":[[73.893678,18.4757082],[73.8934234,18.4757355],[73.89318,18.4757711],[73.892873,18.475816],[73.8927675,18.4758315],[73.8917815,18.4759567],[73.8916887,18.4760009]]}},
{"type":"Feature","properties":{"osm_id":"106251849","code":5122,"fclass":"residential","name":"","ref":"","oneway":"B","maxspeed":0,"layer":0,"bridge":"F","tunnel":"F"},"geometry":{"type":"LineString","coordinates":[[73.8932757,18.4740722],[73.8926096,18.4741684],[73.8923226,18.4742099],[73.8917799,18.4742608],[73.8913445,18.4743016],[73.8912545,18.47431]]}},
{"type":"Feature","properties":{"osm_id":"106251907","code":5122,"fclass":"residential","name":"","ref":"","oneway":"B","maxspeed":0,"layer":0,"bridge":"F","tunnel":"F"},"geometry":{"type":"LineString","coordinates":[[73.8931641,18.473524],[73.8928127,18.4735147],[73.8923822,18.4735033],[73.8917318,18.4734744],[73.8913186,18.4734561],[73.8912011,18.4734509]]}},
{"type":"Feature","properties":{"osm_id":"106252040","code":5122,"fclass":"residential","name":"Abdul Rashid Khan Road","ref":"","oneway":"B","maxspeed":0,"layer":0,"bridge":"F","tunnel":"F"},"geometry":{"type":"LineString","coordinates":[[73.88886,18.4704161],[73.8882426,18.4707033],[73.8881333,18.4707541],[73.8878991,18.4708413],[73.8878329,18.470866],[73.887554,18.4709067],[73.8873601,18.4709321],[73.8872429,18.4709474],[73.8870432,18.4709367],[73.8869554,18.4709341],[73.8866213,18.4709142],[73.8864798,18.4709194],[73.8863737,18.4709326],[73.8861242,18.4709698],[73.8859588,18.4710038],[73.8858731,18.4710144],[73.8856367,18.4710424],[73.8856062,18.4710447],[73.8854577,18.4710537],[73.8852911,18.4710639],[73.8851293,18.4710899],[73.8850671,18.4711215],[73.8848967,18.471208],[73.8848245,18.4712446],[73.8847041,18.4713057],[73.884511,18.471377]]}},
{"type":"Feature","properties":{"osm_id":"106252147","code":5122,"fclass":"residential","name":"","ref":"","oneway":"B","maxspeed":0,"layer":0,"bridge":"F","tunnel":"F"},"geometry":{"type":"LineString","coordinates":[[73.886763,18.4724574],[73.8862673,18.4724302],[73.8860712,18.4724804],[73.88584,18.4725112],[73.8858208,18.4725138],[73.8856565,18.4725375],[73.8854731,18.4725616],[73.8852819,18.4725746],[73.8851087,18.4725863],[73.8850373,18.4725958],[73.8849881,18.4726024],[73.8846434,18.4726483],[73.8845661,18.4726539],[73.8843665,18.4726683],[73.8840993,18.4726876],[73.8838767,18.4727614],[73.8837055,18.4728181],[73.8834019,18.4729114],[73.8831149,18.4729726],[73.8828762,18.4730234],[73.8827527,18.4730406],[73.8822461,18.4731111],[73.8811681,18.4732279],[73.8799603,18.4733291]]}},
{"type":"Feature","properties":{"osm_id":"106252183","code":5122,"fclass":"residential","name":"","ref":"","oneway":"B","maxspeed":0,"layer":0,"bridge":"F","tunnel":"F"},"geometry":{"type":"LineString","coordinates":[[73.8873601,18.4709321],[73.8874266,18.4712015],[73.8874518,18.4714053],[73.8874439,18.4716512],[73.8874284,18.4721377],[73.887413,18.4726206]]}},
{"type":"Feature","properties":{"osm_id":"106252389","code":5122,"fclass":"residential","name":"Unity Park Road","ref":"","oneway":"B","maxspeed":0,"layer":0,"bridge":"F","tunnel":"F"},"geometry":{"type":"LineString","coordinates":[[73.8889681,18.4685466],[73.8884271,18.468519],[73.8878828,18.4685072],[73.8877054,18.4685034]]}},
{"type":"Feature","properties":{"osm_id":"106252474","code":5122,"fclass":"residential","name":"Unity Park Road","ref":"","oneway":"B","maxspeed":0,"layer":0,"bridge":"F","tunnel":"F"},"geometry":{"type":"LineString","coordinates":[[73.8877054,18.4685034],[73.8875987,18.4683695],[73.8875463,18.4683038],[73.887475,18.4682144],[73.8873689,18.4680831],[73.8872368,18.4679059],[73.8871716,18.4678314],[73.8869547,18.4676603],[73.8867169,18.4674728],[73.8866931,18.4674504],[73.8864882,18.4672577],[73.8863632,18.4670716],[73.8863089,18.4670102],[73.8861997,18.4669582],[73.8860365,18.4667809],[73.8857795,18.4665444],[73.8855692,18.4662867],[73.8854082,18.4661951],[73.8853009,18.4661544],[73.88514,18.4661239]]}},
{"type":"Feature","properties":{"osm_id":"106252510","code":5122,"fclass":"residential","name":"","ref":"","oneway":"B","maxspeed":0,"layer":0,"bridge":"F","tunnel":"F"},"geometry":{"type":"LineString","coordinates":[[73.8888674,18.4702035],[73.8882755,18.4702496],[73.8879287,18.4702713],[73.8871733,18.4703361]]}},
{"type":"Feature","properties":{"osm_id":"106252881","code":5141,"fclass":"service","name":"","ref":"","oneway":"B","maxspeed":0,"layer":0,"bridge":"F","tunnel":"F"},"geometry":{"type":"LineString","coordinates":[[73.8910116,18.4827967],[73.8908962,18.4827422],[73.8904686,18.4824608],[73.8901826,18.4822528],[73.8899694,18.4820701],[73.8898613,18.4818684],[73.8897626,18.4818764],[73.8896219,18.4818811],[73.8895451,18.481874],[73.8894663,18.4818409],[73.889371,18.4817585],[73.8892784,18.4816471],[73.8891973,18.4815339],[73.8891386,18.4814337],[73.8890704,18.4813438],[73.8889762,18.4812759],[73.8888738,18.481212],[73.8883521,18.4809495]]}},
{"type":"Feature","properties":{"osm_id":"106252937","code":5141,"fclass":"service","name":"","ref":"","oneway":"B","maxspeed":0,"layer":0,"bridge":"F","tunnel":"F"},"geometry":{"type":"LineString","coordinates":[[73.8904686,18.4824608],[73.8905118,18.4822102],[73.8904891,18.4816464],[73.8904225,18.4810158],[73.8903415,18.4807711],[73.8902267,18.4805182],[73.890086,18.480411],[73.8899215,18.4803776],[73.889742,18.4803986]]}},
{"type":"Feature","properties":{"osm_id":"106252987","code":5141,"fclass":"service","name":"","ref":"","oneway":"B","maxspeed":0,"layer":0,"bridge":"F","tunnel":"F"},"geometry":{"type":"LineString","coordinates":[[73.8898613,18.4818684],[73.8898398,18.4815842],[73.889742,18.4803986],[73.8897108,18.4798933]]}},
{"type":"Feature","properties":{"osm_id":"106252995","code":5122,"fclass":"residential","name":"","ref":"","oneway":"B","maxspeed":0,"layer":0,"bridge":"F","tunnel":"F"},"geometry":{"type":"LineString","coordinates":[[73.8904124,18.4837003],[73.8899202,18.4834393],[73.8891031,18.4830068],[73.8888391,18.4828671],[73.8882143,18.4825549],[73.887809,18.4823638],[73.8877273,18.4823117],[73.8876323,18.4822373],[73.8875849,18.4821519]]}},
{"type":"Feature","properties":{"osm_id":"106253054","code":5122,"fclass":"residential","name":"","ref":"","oneway":"B","maxspeed":0,"layer":0,"bridge":"F","tunnel":"F"},"geometry":{"type":"LineString","coordinates":[[73.8883327,18.4853674],[73.8884399,18.4850743],[73.8885841,18.4846797],[73.8887024,18.4843162],[73.8888007,18.4839883],[73.8888378,18.483955],[73.8888834,18.4839481],[73.8889735,18.4839726]]}},
{"type":"Feature","properties":{"osm_id":"106253109","code":5141,"fclass":"service","name":"","ref":"","oneway":"B","maxspeed":0,"layer":0,"bridge":"F","tunnel":"F"},"geometry":{"type":"LineString","coordinates":[[73.887021,18.4865267],[73.8869835,18.4865286],[73.8863104,18.4865628],[73.8849872,18.4866678],[73.8841614,18.4867705]]}},
{"type":"Feature","properties":{"osm_id":"106253125","code":5141,"fclass":"service","name":"","ref":"","oneway":"B","maxspeed":0,"layer":0,"bridge":"F","tunnel":"F"},"geometry":{"type":"LineString","coordinates":[[73.8877139,18.4871506],[73.8876404,18.4871557],[73.8864802,18.487236],[73.8850928,18.4873863],[73.8841959,18.487475]]}},
{"type":"Feature","properties":{"osm_id":"106253135","code":5122,"fclass":"residential","name":"","ref":"","oneway":"B","maxspeed":0,"layer":0,"bridge":"F","tunnel":"F"},"geometry":{"type":"LineString","coordinates":[[73.8819046,18.4844218],[73.8820419,18.4844213],[73.8836681,18.4848232],[73.8837026,18.4846973],[73.8842018,18.4848117],[73.8843969,18.4848564],[73.8850425,18.4850044],[73.8851238,18.4850484]]}},
{"type":"Feature","properties":{"osm_id":"106253209","code":5122,"fclass":"residential","name":"","ref":"","oneway":"B","maxspeed":0,"layer":0,"bridge":"F","tunnel":"F"},"geometry":{"type":"LineString","coordinates":[[73.8851078,18.4855801],[73.8836322,18.4852904]]}},
{"type":"Feature","properties":{"osm_id":"106253328","code":5141,"fclass":"service","name":"","ref":"","oneway":"B","maxspeed":0,"layer":0,"bridge":"F","tunnel":"F"},"geometry":{"type":"LineString","coordinates":[[73.882884,18.4862413],[73.8827583,18.4862963],[73.882544,18.4863901],[73.8823384,18.4864801],[73.8820485,18.4865992],[73.8819303,18.4866515]]}},
{"type":"Feature","properties":{"osm_id":"106254074","code":5141,"fclass":"service","name":"","ref":"","oneway":"B","maxspeed":0,"layer":0,"bridge":"F","tunnel":"F"},"geometry":{"type":"LineString","coordinates":[[73.894723,18.4907486],[73.8946478,18.4907588],[73.8945016,18.4907743],[73.894158,18.4908106],[73.8938708,18.490841],[73.8935189,18.4908782],[73.8934858,18.4908817],[73.8929001,18.4909423],[73.8928113,18.4909906]]}},
{"type":"Feature","properties":{"osm_id":"106254095","code":5141,"fclass":"service","name":"","ref":"","oneway":"B","maxspeed":0,"layer":0,"bridge":"F","tunnel":"F"},"geometry":{"type":"LineString","coordinates":[[73.8928113,18.4909906],[73.892787,18.4910705],[73.8928872,18.4919638],[73.8929239,18.4920225]]}},
{"type":"Feature","properties":{"osm_id":"106254320","code":5122,"fclass":"residential","name":"","ref":"","oneway":"B","maxspeed":0,"layer":0,"bridge":"F","tunnel":"F"},"geometry":{"type":"LineString","coordinates":[[73.9002333,18.4969548],[73.8998407,18.4970113],[73.8994569,18.4970665],[73.8993947,18.4970754]]}},
{"type":"Feature","properties":{"osm_id":"106255494","code":5115,"fclass":"tertiary","name":"Prince Of Wales Drive","ref":"","oneway":"F","maxspeed":60,"layer":0,"bridge":"F","tunnel":"F"},"geometry":{"type":"LineString","coordinates":[[73.8955639,18.4990496],[73.8958028,18.4989633],[73.895874,18.4989343]]}},
{"type":"Feature","properties":{"osm_id":"106357935","code":5122,"fclass":"residential","name":"","ref":"","oneway":"B","maxspeed":0,"layer":0,"bridge":"F","tunnel":"F"},"geometry":{"type":"LineString","coordinates":[[73.877914,18.512166],[73.8784949,18.5121694],[73.8787887,18.5121648]]}},
{"type":"Feature","properties":{"osm_id":"106357981","code":5123,"fclass":"living_street","name":"","ref":"","oneway":"B","maxspeed":0,"layer":0,"bridge":"F","tunnel":"F"},"geometry":{"type":"LineString","coordinates":[[73.8784949,18.5121694],[73.8785032,18.5126155],[73.8784933,18.5128472],[73.8784734,18.5130745]]}},
{"type":"Feature","properties":{"osm_id":"106358075","code":5123,"fclass":"living_street","name":"","ref":"","oneway":"B","maxspeed":0,"layer":0,"bridge":"F","tunnel":"F"},"geometry":{"type":"LineString","coordinates":[[73.8776037,18.5128341],[73.8776159,18.5136225]]}},
{"type":"Feature","properties":{"osm_id":"106359054","code":5122,"fclass":"residential","name":"Shankarrao Mahajan Path","ref":"","oneway":"F","maxspeed":0,"layer":0,"bridge":"F","tunnel":"F"},"geometry":{"type":"LineString","coordinates":[[73.84162,18.5308433],[73.8418147,18.5308444],[73.8420139,18.5308465],[73.8423904,18.5308508],[73.8425409,18.5308371],[73.8426707,18.5308185],[73.8431123,18.5306645],[73.8436374,18.5304814],[73.8439815,18.5303614]]}},
{"type":"Feature","properties":{"osm_id":"106359113","code":5115,"fclass":"tertiary","name":"Baba Maharaj Sahasrabuddhe Path","ref":"","oneway":"F","maxspeed":0,"layer":0,"bridge":"F","tunnel":"F"},"geometry":{"type":"LineString","coordinates":[[73.8362407,18.5298931],[73.836308,18.5298665],[73.8364524,18.529743],[73.8366083,18.5296112],[73.8367396,18.5294782],[73.8370472,18.5290693],[73.8371105,18.5290076],[73.837309,18.5288141],[73.8375439,18.528597],[73.8377624,18.5284111],[73.8378,18.5283791],[73.8380377,18.528216],[73.8382569,18.5280948],[73.8385575,18.5279827],[73.8387443,18.527913],[73.8391118,18.5278038],[73.8393426,18.5277792],[73.8397026,18.5277903],[73.8406097,18.527742],[73.8408531,18.5277288],[73.8410947,18.5277276],[73.8413825,18.5277261],[73.8414625,18.5277245],[73.8415434,18.5277042],[73.841643,18.5276451],[73.8417165,18.5275388],[73.8417913,18.527384],[73.8418101,18.5270412],[73.841814,18.5269703]]}},
{"type":"Feature","properties":{"osm_id":"106359141","code":5122,"fclass":"residential","name":"","ref":"","oneway":"B","maxspeed":0,"layer":0,"bridge":"F","tunnel":"F"},"geometry":{"type":"LineString","coordinates":[[73.8387529,18.53157],[73.838804,18.5311896],[73.8389219,18.5303128],[73.839017,18.5296449],[73.8390866,18.5290594]]}},
{"type":"Feature","properties":{"osm_id":"106359183","code":5122,"fclass":"residential","name":"Lt Col Suryakant Sadashiv Pandit Path","ref":"","oneway":"B","maxspeed":0,"layer":0,"bridge":"F","tunnel":"F"},"geometry":{"type":"LineString","coordinates":[[73.8395576,18.5304744],[73.8396726,18.5297367],[73.8398356,18.5287075]]}},
{"type":"Feature","properties":{"osm_id":"106359188","code":5122,"fclass":"residential","name":"Dattatray Dhondiba Thopte Path","ref":"","oneway":"F","maxspeed":0,"layer":0,"bridge":"F","tunnel":"F"},"geometry":{"type":"LineString","coordinates":[[73.8438461,18.5264774],[73.8437124,18.5258376],[73.8436626,18.5255996],[73.8435751,18.5251809],[73.843487,18.5247595],[73.8434506,18.5245856],[73.8433945,18.5243172]]}},
{"type":"Feature","properties":{"osm_id":"106359212","code":5122,"fclass":"residential","name":"","ref":"","oneway":"B","maxspeed":0,"layer":0,"bridge":"F","tunnel":"F"},"geometry":{"type":"LineString","coordinates":[[73.8472873,18.521802],[73.8471714,18.5218479],[73.8460285,18.5223008],[73.8454284,18.5225148],[73.8451617,18.5225796],[73.8450808,18.5225726],[73.8450345,18.522553],[73.8450009,18.5225043],[73.8447994,18.5219772],[73.8447512,18.5218892],[73.8445321,18.5212573],[73.8443772,18.5207926],[73.844239,18.5203688]]}},
{"type":"Feature","properties":{"osm_id":"106359270","code":5122,"fclass":"residential","name":"G. H. Patil Path","ref":"","oneway":"B","maxspeed":0,"layer":0,"bridge":"F","tunnel":"F"},"geometry":{"type":"LineString","coordinates":[[73.8425054,18.5225506],[73.8426839,18.5237539],[73.842851,18.5244308]]}},
{"type":"Feature","properties":{"osm_id":"106359291","code":5115,"fclass":"tertiary","name":"Shankarrao Kanitkar Path","ref":"","oneway":"B","maxspeed":0,"layer":0,"bridge":"F","tunnel":"F"},"geometry":{"type":"LineString","coordinates":[[73.8466053,18.5234474],[73.8469015,18.52403],[73.8471852,18.5245876],[73.8474729,18.5251539],[73.8475931,18.5253903],[73.8477667,18.5257318]]}},
{"type":"Feature","properties":{"osm_id":"106359293","code":5115,"fclass":"tertiary","name":"","ref":"","oneway":"F","maxspeed":0,"layer":0,"bridge":"F","tunnel":"F"},"geometry":{"type":"LineString","coordinates":[[73.8457535,18.5216796],[73.8460285,18.5223008],[73.8462857,18.522849],[73.8463084,18.5228916],[73.8466053,18.5234474]]}},
{"type":"Feature","properties":{"osm_id":"106359312","code":5122,"fclass":"residential","name":"Appasaheb Shinde Path","ref":"","oneway":"B","maxspeed":0,"layer":0,"bridge":"F","tunnel":"F"},"geometry":{"type":"LineString","coordinates":[[73.8485123,18.5233369],[73.8485928,18.5233107],[73.84873,18.523266],[73.8496341,18.5229421],[73.8498772,18.5228906],[73.850209,18.5228339],[73.851002,18.5227898],[73.851417,18.5228092],[73.8515499,18.5228177],[73.8517785,18.5228323],[73.8522681,18.5228808],[73.8529874,18.5229448],[73.8530496,18.5229503]]}},
{"type":"Feature","properties":{"osm_id":"106359438","code":5122,"fclass":"residential","name":"Shirole Galli","ref":"","oneway":"B","maxspeed":0,"layer":0,"bridge":"F","tunnel":"F"},"geometry":{"type":"LineString","coordinates":[[73.8514848,18.524719],[73.8515081,18.5240089],[73.8515096,18.5239569],[73.8515261,18.523375]]}},
{"type":"Feature","properties":{"osm_id":"106359446","code":5122,"fclass":"residential","name":"Rambhau Palshikar Path","ref":"","oneway":"B","maxspeed":0,"layer":0,"bridge":"F","tunnel":"F"},"geometry":{"type":"LineString","coordinates":[[73.8459313,18.5201337],[73.8458451,18.5201767],[73.8454135,18.520392],[73.8443772,18.5207926],[73.8438712,18.5209625]]}},
{"type":"Feature","properties":{"osm_id":"106359461","code":5122,"fclass":"residential","name":"Bapusaheb Gupte Path","ref":"","oneway":"B","maxspeed":0,"layer":0,"bridge":"F","tunnel":"F"},"geometry":{"type":"LineString","coordinates":[[73.8455859,18.5197229],[73.8454862,18.5197822],[73.8452702,18.5199106],[73.8451277,18.5199953],[73.8448398,18.5201205],[73.8447605,18.5201533],[73.8446678,18.5201916],[73.8446168,18.5202127],[73.8445951,18.5202217],[73.844239,18.5203688],[73.8439893,18.5204476],[73.8437166,18.5205337]]}},
{"type":"Feature","properties":{"osm_id":"106359495","code":5122,"fclass":"residential","name":"Shirole Road","ref":"","oneway":"B","maxspeed":0,"layer":0,"bridge":"F","tunnel":"F"},"geometry":{"type":"LineString","coordinates":[[73.8462268,18.5205121],[73.8461427,18.5205597],[73.8457113,18.520804],[73.8451086,18.5210622],[73.8445321,18.5212573],[73.8440106,18.5214031]]}},
{"type":"Feature","properties":{"osm_id":"106359509","code":5122,"fclass":"residential","name":"Shankarrao Kirloskar Path","ref":"","oneway":"B","maxspeed":0,"layer":0,"bridge":"F","tunnel":"F"},"geometry":{"type":"LineString","coordinates":[[73.8297674,18.5106977],[73.8299914,18.510611],[73.8301474,18.5106112]]}},
{"type":"Feature","properties":{"osm_id":"106359659","code":5122,"fclass":"residential","name":"Shankarrao Kirloskar Path","ref":"","oneway":"B","maxspeed":0,"layer":0,"bridge":"F","tunnel":"F"},"geometry":{"type":"LineString","coordinates":[[73.8307475,18.5101251],[73.8322714,18.5098081]]}},
{"type":"Feature","properties":{"osm_id":"106359661","code":5122,"fclass":"residential","name":"","ref":"","oneway":"B","maxspeed":0,"layer":0,"bridge":"F","tunnel":"F"},"geometry":{"type":"LineString","coordinates":[[73.8301947,18.5108493],[73.8319583,18.5104679]]}},
{"type":"Feature","properties":{"osm_id":"106359670","code":5122,"fclass":"residential","name":"","ref":"","oneway":"B","maxspeed":0,"layer":0,"bridge":"F","tunnel":"F"},"geometry":{"type":"LineString","coordinates":[[73.831991,18.5103813],[73.8330375,18.5107451],[73.8331168,18.5108247],[73.8331863,18.5108931],[73.8335978,18.5110322]]}},
{"type":"Feature","properties":{"osm_id":"106359674","code":5122,"fclass":"residential","name":"","ref":"","oneway":"B","maxspeed":0,"layer":0,"bridge":"F","tunnel":"F"},"geometry":{"type":"LineString","coordinates":[[73.8317608,18.5110817],[73.8326428,18.5108867],[73.8329993,18.5108239],[73.8331168,18.5108247]]}},
{"type":"Feature","properties":{"osm_id":"106359686","code":5122,"fclass":"residential","name":"Kumudini Pednekar Path","ref":"","oneway":"B","maxspeed":0,"layer":0,"bridge":"F","tunnel":"F"},"geometry":{"type":"LineString","coordinates":[[73.8309411,18.513816],[73.8315819,18.5136894],[73.831655,18.5137168],[73.8336531,18.5133237]]}},
{"type":"Feature","properties":{"osm_id":"106359687","code":5122,"fclass":"residential","name":"","ref":"","oneway":"B","maxspeed":0,"layer":0,"bridge":"F","tunnel":"F"},"geometry":{"type":"LineString","coordinates":[[73.8305571,18.5127791],[73.8315737,18.5125839],[73.8325646,18.5123821],[73.8327699,18.5123692],[73.8328075,18.5123563],[73.8328299,18.5123445],[73.8328474,18.5123317]]}},
{"type":"Feature","properties":{"osm_id":"106359688","code":5122,"fclass":"residential","name":"Fattelal Path","ref":"","oneway":"B","maxspeed":0,"layer":0,"bridge":"F","tunnel":"F"},"geometry":{"type":"LineString","coordinates":[[73.8287056,18.5143278],[73.830514,18.5139728],[73.8306898,18.5139383]]}},
{"type":"Feature","properties":{"osm_id":"106359689","code":5122,"fclass":"residential","name":"Ashok Path","ref":"","oneway":"B","maxspeed":0,"layer":0,"bridge":"F","tunnel":"F"},"geometry":{"type":"LineString","coordinates":[[73.8246166,18.5145487],[73.8262882,18.5143456],[73.8270928,18.5142134],[73.8281767,18.5140358],[73.8282234,18.5140282],[73.8287121,18.5139482]]}},
{"type":"Feature","properties":{"osm_id":"106359700","code":5122,"fclass":"residential","name":"V. G. Damle Path","ref":"","oneway":"B","maxspeed":0,"layer":0,"bridge":"F","tunnel":"F"},"geometry":{"type":"LineString","coordinates":[[73.8250007,18.5153121],[73.8287201,18.5145352]]}},
{"type":"Feature","properties":{"osm_id":"106359715","code":5122,"fclass":"residential","name":"Kanchan Gully","ref":"","oneway":"B","maxspeed":0,"layer":0,"bridge":"F","tunnel":"F"},"geometry":{"type":"LineString","coordinates":[[73.8250544,18.5158005],[73.8287663,18.5149658]]}},
{"type":"Feature","properties":{"osm_id":"106359719","code":5122,"fclass":"residential","name":"Shri V S Kane Path","ref":"","oneway":"B","maxspeed":0,"layer":0,"bridge":"F","tunnel":"F"},"geometry":{"type":"LineString","coordinates":[[73.832071,18.515597],[73.8323426,18.5156062],[73.8326966,18.515613],[73.8330941,18.5156141],[73.8339309,18.5156447]]}},
{"type":"Feature","properties":{"osm_id":"106359728","code":5122,"fclass":"residential","name":"Lane 11","ref":"","oneway":"B","maxspeed":0,"layer":0,"bridge":"F","tunnel":"F"},"geometry":{"type":"LineString","coordinates":[[73.8346355,18.5140926],[73.8346759,18.5145168],[73.8347744,18.5155495],[73.8348021,18.5160398],[73.8348203,18.5163625]]}},
{"type":"Feature","properties":{"osm_id":"106359879","code":5122,"fclass":"residential","name":"Tukaram Buaa Navle Path","ref":"","oneway":"B","maxspeed":0,"layer":0,"bridge":"F","tunnel":"F"},"geometry":{"type":"LineString","coordinates":[[73.8438461,18.5088496],[73.8439011,18.5088606],[73.84407,18.5088944],[73.8448397,18.5089866],[73.84528,18.509022],[73.845904,18.5090721],[73.8461852,18.5091062]]}},
{"type":"Feature","properties":{"osm_id":"106359939","code":5122,"fclass":"residential","name":"Gopal Gayan Samaj Road","ref":"","oneway":"F","maxspeed":0,"layer":0,"bridge":"F","tunnel":"F"},"geometry":{"type":"LineString","coordinates":[[73.8491441,18.5086514],[73.8489884,18.5086195],[73.8481861,18.5085112],[73.8479781,18.5084862],[73.8465514,18.5083146]]}},
{"type":"Feature","properties":{"osm_id":"106359947","code":5122,"fclass":"residential","name":"Dhawale Path","ref":"","oneway":"B","maxspeed":0,"layer":0,"bridge":"F","tunnel":"F"},"geometry":{"type":"LineString","coordinates":[[73.8462429,18.5087619],[73.8468502,18.5088215],[73.846987,18.5088219],[73.8471154,18.5087826],[73.8472556,18.508776],[73.8479684,18.5088531]]}},
{"type":"Feature","properties":{"osm_id":"106359949","code":5122,"fclass":"residential","name":"","ref":"","oneway":"B","maxspeed":0,"layer":0,"bridge":"F","tunnel":"F"},"geometry":{"type":"LineString","coordinates":[[73.8468502,18.5088215],[73.8467558,18.5095354],[73.846712,18.5099761],[73.8466999,18.510104]]}},
{"type":"Feature","properties":{"osm_id":"106359954","code":5122,"fclass":"residential","name":"","ref":"","oneway":"B","maxspeed":0,"layer":0,"bridge":"F","tunnel":"F"},"geometry":{"type":"LineString","coordinates":[[73.850921,18.5096335],[73.8512098,18.5096807],[73.8516547,18.5097468],[73.8524213,18.5098296]]}},
{"type":"Feature","properties":{"osm_id":"106359955","code":5122,"fclass":"residential","name":"","ref":"","oneway":"B","maxspeed":0,"layer":0,"bridge":"F","tunnel":"F"},"geometry":{"type":"LineString","coordinates":[[73.8490829,18.50898],[73.8496751,18.5090811]]}},
{"type":"Feature","properties":{"osm_id":"106365013","code":5122,"fclass":"residential","name":"","ref":"","oneway":"B","maxspeed":0,"layer":0,"bridge":"F","tunnel":"F"},"geometry":{"type":"LineString","coordinates":[[73.8069573,18.4830553],[73.8070228,18.483036],[73.8072843,18.4830442],[73.8075625,18.4830914],[73.8077195,18.4831428],[73.8078608,18.4831983],[73.8089818,18.4836889]]}},
{"type":"Feature","properties":{"osm_id":"106365021","code":5122,"fclass":"residential","name":"","ref":"","oneway":"B","maxspeed":0,"layer":0,"bridge":"F","tunnel":"F"},"geometry":{"type":"LineString","coordinates":[[73.8079082,18.4829265],[73.8078608,18.4831983],[73.8079366,18.4836197],[73.8079898,18.483916],[73.8080478,18.4842388]]}},
{"type":"Feature","properties":{"osm_id":"106365025","code":5122,"fclass":"residential","name":"","ref":"","oneway":"B","maxspeed":0,"layer":0,"bridge":"F","tunnel":"F"},"geometry":{"type":"LineString","coordinates":[[73.8055541,18.4848117],[73.8050547,18.4848211],[73.804666,18.484829]]}},
{"type":"Feature","properties":{"osm_id":"106365026","code":5122,"fclass":"residential","name":"","ref":"","oneway":"B","maxspeed":0,"layer":0,"bridge":"F","tunnel":"F"},"geometry":{"type":"LineString","coordinates":[[73.8026008,18.4877871],[73.8026481,18.4877632],[73.8028388,18.4876667],[73.8033626,18.4874016],[73.8046004,18.4868513],[73.8045937,18.4867676],[73.8046247,18.4866868],[73.8046264,18.4864084],[73.8046293,18.4859517]]}},
{"type":"Feature","properties":{"osm_id":"106365038","code":5122,"fclass":"residential","name":"","ref":"","oneway":"B","maxspeed":0,"layer":0,"bridge":"F","tunnel":"F"},"geometry":{"type":"LineString","coordinates":[[73.8046293,18.4859517],[73.805584,18.4859316],[73.8058914,18.4859172],[73.8061656,18.4859044],[73.8066078,18.4858806]]}},
{"type":"Feature","properties":{"osm_id":"106365061","code":5122,"fclass":"residential","name":"","ref":"","oneway":"B","maxspeed":0,"layer":0,"bridge":"F","tunnel":"F"},"geometry":{"type":"LineString","coordinates":[[73.8070953,18.48221],[73.8070347,18.4825597],[73.8069573,18.4830553],[73.8068969,18.4833551],[73.8068482,18.4837243],[73.8068239,18.4839087],[73.8068208,18.4840178],[73.806838,18.4841438]]}},
{"type":"Feature","properties":{"osm_id":"106365093","code":5122,"fclass":"residential","name":"","ref":"","oneway":"B","maxspeed":0,"layer":0,"bridge":"F","tunnel":"F"},"geometry":{"type":"LineString","coordinates":[[73.8066268,18.4823252],[73.8059478,18.4823714],[73.8055168,18.4829689],[73.8054213,18.4831196],[73.8053633,18.48339],[73.8053232,18.4836257],[73.8052664,18.4838868]]}},
{"type":"Feature","properties":{"osm_id":"106365100","code":5122,"fclass":"residential","name":"","ref":"","oneway":"B","maxspeed":0,"layer":0,"bridge":"F","tunnel":"F"},"geometry":{"type":"LineString","coordinates":[[73.8066293,18.4864097],[73.8066078,18.4858806]]}},
{"type":"Feature","properties":{"osm_id":"106365103","code":5122,"fclass":"residential","name":"","ref":"","oneway":"B","maxspeed":0,"layer":0,"bridge":"F","tunnel":"F"},"geometry":{"type":"LineString","coordinates":[[73.7995215,18.4792448],[73.7994447,18.4792994],[73.799259,18.4794118],[73.798211,18.4800313]]}},
{"type":"Feature","properties":{"osm_id":"106365105","code":5122,"fclass":"residential","name":"","ref":"","oneway":"B","maxspeed":0,"layer":0,"bridge":"F","tunnel":"F"},"geometry":{"type":"LineString","coordinates":[[73.7977541,18.4800386],[73.798211,18.4800313],[73.7986469,18.4800519],[73.7995514,18.4801034],[73.799259,18.4794118]]}},
{"type":"Feature","properties":{"osm_id":"106365167","code":5122,"fclass":"residential","name":"Sahyognagar Road","ref":"","oneway":"B","maxspeed":0,"layer":0,"bridge":"F","tunnel":"F"},"geometry":{"type":"LineString","coordinates":[[73.801152,18.4804214],[73.8011417,18.4807376],[73.8007889,18.4807774],[73.8005649,18.4808026],[73.8004618,18.4808614],[73.7998713,18.4811043],[73.7997709,18.4811376],[73.7993148,18.4812891],[73.7989904,18.4814136],[73.7986671,18.4815094],[73.7984754,18.4815662],[73.7983299,18.481694]]}},
{"type":"Feature","properties":{"osm_id":"106365211","code":5122,"fclass":"residential","name":"Popular Nagar Road","ref":"","oneway":"B","maxspeed":0,"layer":0,"bridge":"F","tunnel":"F"},"geometry":{"type":"LineString","coordinates":[[73.7961559,18.4835665],[73.7960827,18.4839543],[73.7960399,18.4841813],[73.7966922,18.4842828],[73.7968924,18.484314],[73.7974132,18.484395],[73.7974482,18.4843848],[73.7976814,18.4843237],[73.7977296,18.4842943],[73.7978277,18.4842344],[73.798116,18.4842782],[73.7982823,18.4843034],[73.7986069,18.4844282],[73.7986309,18.4844381],[73.7986792,18.484456],[73.7989045,18.4847002]]}},
{"type":"Feature","properties":{"osm_id":"106365224","code":5122,"fclass":"residential","name":"","ref":"","oneway":"B","maxspeed":0,"layer":0,"bridge":"F","tunnel":"F"},"geometry":{"type":"LineString","coordinates":[[73.7973115,18.4825209],[73.7976133,18.4829034],[73.7976171,18.4829297],[73.7976431,18.4829937],[73.7976613,18.4830383],[73.7977254,18.483196],[73.7978477,18.4834247],[73.7982449,18.4831305],[73.7983849,18.4830362],[73.7985533,18.4829228],[73.7986088,18.4828854],[73.7987613,18.4827827],[73.7988052,18.4827532],[73.7988518,18.4827233],[73.7988858,18.4827015],[73.7992833,18.4824469],[73.7994263,18.4824324],[73.7996074,18.4822943],[73.7996659,18.4822566],[73.7997468,18.4821605],[73.7998104,18.4821153]]}},
{"type":"Feature","properties":{"osm_id":"106365234","code":5122,"fclass":"residential","name":"Dnyanesh Society Road","ref":"","oneway":"B","maxspeed":0,"layer":0,"bridge":"F","tunnel":"F"},"geometry":{"type":"LineString","coordinates":[[73.7991149,18.4789377],[73.7974352,18.4799009],[73.7971308,18.4800755]]}},
{"type":"Feature","properties":{"osm_id":"106365240","code":5122,"fclass":"residential","name":"","ref":"","oneway":"B","maxspeed":0,"layer":0,"bridge":"F","tunnel":"F"},"geometry":{"type":"LineString","coordinates":[[73.8011048,18.480392],[73.8007874,18.48041],[73.8001899,18.4804167],[73.7996648,18.4803607]]}},
{"type":"Feature","properties":{"osm_id":"106365250","code":5122,"fclass":"residential","name":"","ref":"","oneway":"B","maxspeed":0,"layer":0,"bridge":"F","tunnel":"F"},"geometry":{"type":"LineString","coordinates":[[73.7995514,18.4801034],[73.7996648,18.4803607]]}},
{"type":"Feature","properties":{"osm_id":"106365347","code":5141,"fclass":"service","name":"","ref":"","oneway":"B","maxspeed":0,"layer":0,"bridge":"F","tunnel":"F"},"geometry":{"type":"LineString","coordinates":[[73.8084599,18.4842745],[73.80844,18.4843372],[73.8080348,18.485616]]}},
{"type":"Feature","properties":{"osm_id":"106365405","code":5115,"fclass":"tertiary","name":"Cummins College Road","ref":"","oneway":"B","maxspeed":0,"layer":0,"bridge":"F","tunnel":"F"},"geometry":{"type":"LineString","coordinates":[[73.815471,18.48666],[73.8157631,18.4867073],[73.8162413,18.4867847],[73.816756,18.4868681],[73.8170245,18.4869146],[73.8172837,18.4869466],[73.8174223,18.4869638],[73.817951,18.4870267],[73.8180275,18.4870367],[73.8180906,18.487045],[73.8182221,18.4870587],[73.8183993,18.4870771],[73.8185698,18.4870972],[73.8188569,18.4871311]]}},
{"type":"Feature","properties":{"osm_id":"106365406","code":5115,"fclass":"tertiary","name":"","ref":"","oneway":"B","maxspeed":0,"layer":0,"bridge":"F","tunnel":"F"},"geometry":{"type":"LineString","coordinates":[[73.8224252,18.4845405],[73.822332,18.4847134],[73.8221145,18.4851172],[73.8220708,18.4852059],[73.8219208,18.4855103],[73.8217077,18.4859819],[73.8216747,18.4860624],[73.8215321,18.4863518],[73.821373,18.486719],[73.8212996,18.4868441],[73.821124,18.4872339]]}},
{"type":"Feature","properties":{"osm_id":"106365409","code":5122,"fclass":"residential","name":"Gulabrao Tathe Path","ref":"","oneway":"B","maxspeed":0,"layer":0,"bridge":"F","tunnel":"F"},"geometry":{"type":"LineString","coordinates":[[73.820162,18.4921654],[73.8202279,18.4926013],[73.820256,18.4927635],[73.8203002,18.4930245],[73.8203776,18.4934668],[73.820405,18.4936436],[73.8204476,18.4938951],[73.8204837,18.4941083]]}},
{"type":"Feature","properties":{"osm_id":"106365426","code":5122,"fclass":"residential","name":"","ref":"","oneway":"B","maxspeed":0,"layer":0,"bridge":"F","tunnel":"F"},"geometry":{"type":"LineString","coordinates":[[73.8290082,18.4923315],[73.8288756,18.4923717],[73.8280409,18.4926033],[73.8276831,18.4927079],[73.8272715,18.4928146],[73.8269157,18.4929068],[73.8263192,18.4930491],[73.826091,18.4931035]]}},
{"type":"Feature","properties":{"osm_id":"106365427","code":5122,"fclass":"residential","name":"","ref":"","oneway":"B","maxspeed":0,"layer":0,"bridge":"F","tunnel":"F"},"geometry":{"type":"LineString","coordinates":[[73.822508,18.4927589],[73.8228075,18.4927569],[73.823348,18.4926397],[73.8238632,18.4924933],[73.8240125,18.4924454],[73.82451,18.4923076],[73.8247367,18.4922457],[73.825068,18.4921553]]}},
{"type":"Feature","properties":{"osm_id":"106365429","code":5122,"fclass":"residential","name":"","ref":"","oneway":"B","maxspeed":0,"layer":0,"bridge":"F","tunnel":"F"},"geometry":{"type":"LineString","coordinates":[[73.8260776,18.4899958],[73.8261409,18.4902189],[73.8261979,18.4904201],[73.8263825,18.4910569],[73.8265182,18.4915252],[73.8266203,18.4918774],[73.8266416,18.4919507],[73.8267608,18.4923619],[73.8269157,18.4929068]]}},
{"type":"Feature","properties":{"osm_id":"106365431","code":5122,"fclass":"residential","name":"","ref":"","oneway":"B","maxspeed":0,"layer":0,"bridge":"F","tunnel":"F"},"geometry":{"type":"LineString","coordinates":[[73.8267608,18.4923619],[73.8274739,18.4921857],[73.8282415,18.4919558],[73.8282539,18.4919173],[73.8279126,18.491504],[73.827853,18.4914942],[73.8277401,18.4915331],[73.8277529,18.4915666],[73.8273134,18.4917179],[73.8273006,18.4916844]]}},
{"type":"Feature","properties":{"osm_id":"106365593","code":5122,"fclass":"residential","name":"","ref":"","oneway":"B","maxspeed":0,"layer":0,"bridge":"F","tunnel":"F"},"geometry":{"type":"LineString","coordinates":[[73.8249756,18.4967429],[73.8261054,18.4965274]]}},
{"type":"Feature","properties":{"osm_id":"106365596","code":5122,"fclass":"residential","name":"","ref":"","oneway":"B","maxspeed":0,"layer":0,"bridge":"F","tunnel":"F"},"geometry":{"type":"LineString","coordinates":[[73.8240477,18.4963387],[73.8248784,18.496239],[73.8259815,18.4960576]]}},
{"type":"Feature","properties":{"osm_id":"106366390","code":5122,"fclass":"residential","name":"","ref":"","oneway":"B","maxspeed":0,"layer":0,"bridge":"F","tunnel":"F"},"geometry":{"type":"LineString","coordinates":[[73.8240061,18.4973358],[73.8241729,18.497318],[73.8250691,18.4972291],[73.8262186,18.4970044]]}},
{"type":"Feature","properties":{"osm_id":"106366443","code":5122,"fclass":"residential","name":"","ref":"","oneway":"B","maxspeed":0,"layer":0,"bridge":"F","tunnel":"F"},"geometry":{"type":"LineString","coordinates":[[73.8249196,18.4945234],[73.8248066,18.4939332],[73.8247039,18.4934052],[73.8246582,18.4931682],[73.8246076,18.4929059],[73.8245598,18.4926128],[73.82451,18.4923076]]}},
{"type":"Feature","properties":{"osm_id":"106366446","code":5122,"fclass":"residential","name":"","ref":"","oneway":"B","maxspeed":0,"layer":0,"bridge":"F","tunnel":"F"},"geometry":{"type":"LineString","coordinates":[[73.8293923,18.4936297],[73.8291746,18.4937113],[73.829076,18.4937435],[73.8288404,18.4938204],[73.8284943,18.4939333],[73.8281371,18.4940499]]}},
{"type":"Feature","properties":{"osm_id":"106366533","code":5122,"fclass":"residential","name":"","ref":"","oneway":"B","maxspeed":0,"layer":0,"bridge":"F","tunnel":"F"},"geometry":{"type":"LineString","coordinates":[[73.8250253,18.4919752],[73.8255927,18.4918445],[73.8259948,18.4917516],[73.8256965,18.4906145],[73.8256703,18.4905897],[73.8252903,18.4906908]]}},
{"type":"Feature","properties":{"osm_id":"106366534","code":5122,"fclass":"residential","name":"","ref":"","oneway":"B","maxspeed":0,"layer":0,"bridge":"F","tunnel":"F"},"geometry":{"type":"LineString","coordinates":[[73.825127,18.4900535],[73.8252903,18.4906908],[73.8255927,18.4918445]]}},
{"type":"Feature","properties":{"osm_id":"106366570","code":5122,"fclass":"residential","name":"","ref":"","oneway":"B","maxspeed":0,"layer":0,"bridge":"F","tunnel":"F"},"geometry":{"type":"LineString","coordinates":[[73.8273448,18.4949101],[73.8272161,18.4944516],[73.8270927,18.494012]]}},
{"type":"Feature","properties":{"osm_id":"106366624","code":5122,"fclass":"residential","name":"Kanchan Path","ref":"","oneway":"B","maxspeed":0,"layer":0,"bridge":"F","tunnel":"F"},"geometry":{"type":"LineString","coordinates":[[73.8318797,18.4962299],[73.8317748,18.4962641],[73.8313207,18.4963785],[73.8309941,18.496474],[73.8306765,18.4965777],[73.8303598,18.4966768],[73.8300264,18.4967811],[73.8293251,18.4969992]]}},
{"type":"Feature","properties":{"osm_id":"106366626","code":5122,"fclass":"residential","name":"","ref":"","oneway":"B","maxspeed":0,"layer":0,"bridge":"F","tunnel":"F"},"geometry":{"type":"LineString","coordinates":[[73.8278174,18.4951552],[73.827846,18.4952673],[73.8279909,18.4958892]]}},
{"type":"Feature","properties":{"osm_id":"106366631","code":5122,"fclass":"residential","name":"","ref":"","oneway":"B","maxspeed":0,"layer":0,"bridge":"F","tunnel":"F"},"geometry":{"type":"LineString","coordinates":[[73.8289868,18.4962161],[73.8297358,18.495991],[73.8306662,18.4956663]]}},
{"type":"Feature","properties":{"osm_id":"106366632","code":5122,"fclass":"residential","name":"","ref":"","oneway":"B","maxspeed":0,"layer":0,"bridge":"F","tunnel":"F"},"geometry":{"type":"LineString","coordinates":[[73.8306662,18.4956663],[73.8308622,18.4961308],[73.8309941,18.496474],[73.8311219,18.4968881]]}},
{"type":"Feature","properties":{"osm_id":"106366641","code":5122,"fclass":"residential","name":"","ref":"","oneway":"B","maxspeed":0,"layer":0,"bridge":"F","tunnel":"F"},"geometry":{"type":"LineString","coordinates":[[73.8275843,18.495421],[73.8274868,18.4954418],[73.82733,18.4954753],[73.8263934,18.4956754],[73.8259902,18.495756],[73.8259121,18.4957716]]}},
{"type":"Feature","properties":{"osm_id":"106366651","code":5122,"fclass":"residential","name":"","ref":"","oneway":"B","maxspeed":0,"layer":0,"bridge":"F","tunnel":"F"},"geometry":{"type":"LineString","coordinates":[[73.8263934,18.4956754],[73.8264937,18.4961154],[73.8274414,18.4959026],[73.82733,18.4954753]]}},
{"type":"Feature","properties":{"osm_id":"106366656","code":5122,"fclass":"residential","name":"","ref":"","oneway":"B","maxspeed":0,"layer":0,"bridge":"F","tunnel":"F"},"geometry":{"type":"LineString","coordinates":[[73.8247039,18.4934052],[73.8239782,18.493568],[73.8236773,18.4936355],[73.8233416,18.4937108]]}},
{"type":"Feature","properties":{"osm_id":"106366673","code":5122,"fclass":"residential","name":"","ref":"","oneway":"B","maxspeed":0,"layer":0,"bridge":"F","tunnel":"F"},"geometry":{"type":"LineString","coordinates":[[73.8226251,18.4938997],[73.8224961,18.4931843]]}},
{"type":"Feature","properties":{"osm_id":"106366685","code":5122,"fclass":"residential","name":"","ref":"","oneway":"B","maxspeed":0,"layer":0,"bridge":"F","tunnel":"F"},"geometry":{"type":"LineString","coordinates":[[73.8233148,18.4907393],[73.8235358,18.4913761],[73.8236039,18.491604],[73.8236887,18.4918881],[73.8237652,18.4921444],[73.8238632,18.4924933]]}},
{"type":"Feature","properties":{"osm_id":"106366714","code":5115,"fclass":"tertiary","name":"Appasaheb Kulkarni Path","ref":"","oneway":"F","maxspeed":0,"layer":0,"bridge":"F","tunnel":"F"},"geometry":{"type":"LineString","coordinates":[[73.8268721,18.4986354],[73.8268577,18.4987972],[73.8268382,18.4989458],[73.8268317,18.4989959],[73.8267731,18.4994023],[73.8267052,18.4998732],[73.8266375,18.5003432],[73.8265737,18.5007854],[73.826484,18.5014081],[73.8264665,18.5014701]]}},
{"type":"Feature","properties":{"osm_id":"106366726","code":5122,"fclass":"residential","name":"Haribhau Kulkarni Path","ref":"","oneway":"B","maxspeed":0,"layer":0,"bridge":"F","tunnel":"F"},"geometry":{"type":"LineString","coordinates":[[73.8268382,18.4989458],[73.8269041,18.4989529],[73.827592,18.4990296],[73.8282229,18.4991143],[73.8286016,18.499151],[73.8289405,18.4991838],[73.829344,18.4992977],[73.8298237,18.4994331]]}},
{"type":"Feature","properties":{"osm_id":"106366727","code":5122,"fclass":"residential","name":"","ref":"","oneway":"B","maxspeed":0,"layer":0,"bridge":"F","tunnel":"F"},"geometry":{"type":"LineString","coordinates":[[73.827592,18.4990296],[73.8275388,18.4995087],[73.827532,18.4995696],[73.8275014,18.4998451],[73.8274982,18.4998742],[73.8274755,18.5000785],[73.8274429,18.5003721],[73.8274046,18.5007164],[73.8273867,18.5008778],[73.8273476,18.5012298],[73.8272996,18.5016619],[73.8273008,18.5017898],[73.8272947,18.50185]]}},
{"type":"Feature","properties":{"osm_id":"106366737","code":5122,"fclass":"residential","name":"Central Bank Colony Road","ref":"","oneway":"B","maxspeed":0,"layer":0,"bridge":"F","tunnel":"F"},"geometry":{"type":"LineString","coordinates":[[73.8280316,18.5011638],[73.8281326,18.5012467],[73.8284544,18.5015109],[73.8284894,18.5015334],[73.8290061,18.501865]]}},
{"type":"Feature","properties":{"osm_id":"106366739","code":5122,"fclass":"residential","name":"","ref":"","oneway":"B","maxspeed":0,"layer":0,"bridge":"F","tunnel":"F"},"geometry":{"type":"LineString","coordinates":[[73.8325184,18.4969415],[73.8317713,18.4973858]]}},
{"type":"Feature","properties":{"osm_id":"106366977","code":5122,"fclass":"residential","name":"","ref":"","oneway":"B","maxspeed":0,"layer":0,"bridge":"F","tunnel":"F"},"geometry":{"type":"LineString","coordinates":[[73.8290061,18.501865],[73.8292539,18.5020067],[73.8293243,18.5020345],[73.8294128,18.5020355],[73.8304029,18.5020335]]}},
{"type":"Feature","properties":{"osm_id":"106366980","code":5122,"fclass":"residential","name":"","ref":"","oneway":"B","maxspeed":0,"layer":0,"bridge":"F","tunnel":"F"},"geometry":{"type":"LineString","coordinates":[[73.825889,18.501166],[73.8257325,18.5017],[73.8256995,18.5018129],[73.8255943,18.5021724],[73.8254842,18.5025489],[73.8253503,18.5029932]]}},
{"type":"Feature","properties":{"osm_id":"106366981","code":5122,"fclass":"residential","name":"","ref":"","oneway":"B","maxspeed":0,"layer":0,"bridge":"F","tunnel":"F"},"geometry":{"type":"LineString","coordinates":[[73.8261495,18.5028848],[73.8259044,18.502761],[73.8254842,18.5025489],[73.8252449,18.5024717],[73.8250038,18.502394],[73.8247303,18.5023058],[73.8245245,18.5022394]]}},
{"type":"Feature","properties":{"osm_id":"106366998","code":5122,"fclass":"residential","name":"V. K. Dhamankar Path","ref":"","oneway":"B","maxspeed":0,"layer":0,"bridge":"F","tunnel":"F"},"geometry":{"type":"LineString","coordinates":[[73.8181749,18.5035373],[73.8181162,18.5035242],[73.8168811,18.503248]]}},
{"type":"Feature","properties":{"osm_id":"106367015","code":5122,"fclass":"residential","name":"","ref":"","oneway":"B","maxspeed":0,"layer":0,"bridge":"F","tunnel":"F"},"geometry":{"type":"LineString","coordinates":[[73.8166095,18.5047145],[73.8168832,18.5047742],[73.8178455,18.5049842]]}},
{"type":"Feature","properties":{"osm_id":"106367025","code":5115,"fclass":"tertiary","name":"","ref":"","oneway":"B","maxspeed":0,"layer":0,"bridge":"F","tunnel":"F"},"geometry":{"type":"LineString","coordinates":[[73.8095643,18.5019863],[73.8095497,18.5012895],[73.8095387,18.5008071],[73.8095315,18.5004766],[73.8095189,18.4998982],[73.8097714,18.4998891],[73.8099012,18.499978],[73.8108758,18.4999151],[73.8110092,18.4999065]]}},
{"type":"Feature","properties":{"osm_id":"106367083","code":5122,"fclass":"residential","name":"Alkapuri Society Road","ref":"","oneway":"B","maxspeed":0,"layer":0,"bridge":"F","tunnel":"F"},"geometry":{"type":"LineString","coordinates":[[73.8068969,18.5072843],[73.8069091,18.5072037],[73.8069345,18.5066755],[73.8069468,18.5064187],[73.8069615,18.5061118],[73.8069796,18.5057342]]}},
{"type":"Feature","properties":{"osm_id":"106367157","code":5122,"fclass":"residential","name":"","ref":"","oneway":"B","maxspeed":0,"layer":0,"bridge":"F","tunnel":"F"},"geometry":{"type":"LineString","coordinates":[[73.8062074,18.5084149],[73.8070452,18.5086372],[73.8071161,18.5086787],[73.8073632,18.5088013]]}},
{"type":"Feature","properties":{"osm_id":"106367206","code":5122,"fclass":"residential","name":"","ref":"","oneway":"B","maxspeed":0,"layer":0,"bridge":"F","tunnel":"F"},"geometry":{"type":"LineString","coordinates":[[73.8103795,18.5085171],[73.8103458,18.5091879],[73.8102945,18.5095133],[73.8102646,18.5097029],[73.8102063,18.510073],[73.8102316,18.5103606],[73.8102569,18.5106482],[73.8102665,18.5106692],[73.8102834,18.5106818],[73.8103635,18.5106759],[73.8103876,18.5106835],[73.8103995,18.5107139],[73.8103996,18.510868],[73.8103998,18.5111073],[73.8103998,18.5111715],[73.8104019,18.5114062],[73.8104026,18.5114774],[73.8104029,18.5115012],[73.8104049,18.5117305],[73.8103996,18.5120346],[73.8104057,18.5123554]]}},
{"type":"Feature","properties":{"osm_id":"106367257","code":5122,"fclass":"residential","name":"Shivray Vidyalaya Marg","ref":"","oneway":"B","maxspeed":0,"layer":0,"bridge":"F","tunnel":"F"},"geometry":{"type":"LineString","coordinates":[[73.8116144,18.5093461],[73.8115983,18.5094306],[73.8115811,18.5096478],[73.8115425,18.5102572],[73.8115273,18.5106565],[73.8115085,18.5111376],[73.8115282,18.5113303],[73.8115786,18.5116205],[73.8116577,18.5118236]]}},
{"type":"Feature","properties":{"osm_id":"106367258","code":5122,"fclass":"residential","name":"Swami Samarth Marg","ref":"","oneway":"B","maxspeed":0,"layer":0,"bridge":"F","tunnel":"F"},"geometry":{"type":"LineString","coordinates":[[73.8130356,18.5095606],[73.8129362,18.5102951],[73.8128088,18.5111458]]}},
{"type":"Feature","properties":{"osm_id":"106367325","code":5115,"fclass":"tertiary","name":"","ref":"","oneway":"B","maxspeed":0,"layer":0,"bridge":"F","tunnel":"F"},"geometry":{"type":"LineString","coordinates":[[73.8032568,18.5111189],[73.8032957,18.5107245],[73.8033055,18.5106252],[73.8033451,18.5102238],[73.8033981,18.509686],[73.8034731,18.5089257],[73.803527,18.5083791],[73.8035521,18.5081253],[73.8035833,18.5078087],[73.8036231,18.5074046]]}},
{"type":"Feature","properties":{"osm_id":"106480449","code":5122,"fclass":"residential","name":"","ref":"","oneway":"B","maxspeed":0,"layer":0,"bridge":"F","tunnel":"F"},"geometry":{"type":"LineString","coordinates":[[73.8852268,18.4673157],[73.8850675,18.4673476],[73.8847748,18.4674021],[73.8846842,18.467419],[73.8845297,18.4674478],[73.8843347,18.4674841],[73.8842795,18.4674944],[73.8842535,18.4674992],[73.8838982,18.4675604],[73.8838583,18.4675673],[73.883653,18.4676027],[73.8833872,18.4676485],[73.8829725,18.4677199],[73.8827699,18.4677268],[73.8826365,18.467747],[73.8825992,18.4677526],[73.8824907,18.467765],[73.8824571,18.4677688],[73.8823388,18.4677829],[73.8821641,18.4678038],[73.8821029,18.4678566]]}},
{"type":"Feature","properties":{"osm_id":"106480593","code":5122,"fclass":"residential","name":"","ref":"","oneway":"B","maxspeed":0,"layer":0,"bridge":"F","tunnel":"F"},"geometry":{"type":"LineString","coordinates":[[73.8876984,18.4626444],[73.8877062,18.4628032],[73.8877049,18.4628961],[73.8876965,18.4629104],[73.8876835,18.4629202],[73.887662,18.4629247],[73.8876365,18.4629228],[73.886973,18.4629053],[73.8869658,18.4629054],[73.8869571,18.4629054],[73.8869502,18.462904],[73.886942,18.462898],[73.8869398,18.4628916],[73.8869398,18.4628599],[73.8869485,18.4626124],[73.8869559,18.4625978],[73.8869809,18.4625948],[73.8876984,18.4626444],[73.8878886,18.4626582]]}},
{"type":"Feature","properties":{"osm_id":"106480973","code":5122,"fclass":"residential","name":"","ref":"","oneway":"B","maxspeed":0,"layer":0,"bridge":"F","tunnel":"F"},"geometry":{"type":"LineString","coordinates":[[73.890422,18.4579122],[73.8904288,18.4574507],[73.8901868,18.4574499],[73.8901653,18.4574534],[73.8901473,18.4574761],[73.8901459,18.4575018],[73.8901484,18.4578896],[73.8901591,18.4579039],[73.8901862,18.457913],[73.8902261,18.457915],[73.890422,18.4579122],[73.8904602,18.4579459],[73.8904823,18.4579896],[73.8905035,18.4580124],[73.8905395,18.4580252],[73.8905898,18.4580275],[73.8907458,18.4580117]]}},
{"type":"Feature","properties":{"osm_id":"106481039","code":5115,"fclass":"tertiary","name":"Link Road Undrigaon","ref":"","oneway":"B","maxspeed":0,"layer":0,"bridge":"F","tunnel":"F"},"geometry":{"type":"LineString","coordinates":[[73.904338,18.4634001],[73.9047216,18.4632135],[73.904915,18.4631103],[73.9049743,18.4630787],[73.9053191,18.462874],[73.9057562,18.4626314],[73.9060141,18.4624317],[73.9061293,18.4623021],[73.906176,18.4622495],[73.9063253,18.4620668],[73.9065186,18.4618486],[73.906879,18.461389],[73.9071698,18.4610453],[73.9073617,18.4606978],[73.9075249,18.4603059],[73.9076025,18.4601848],[73.9076973,18.4600749],[73.9078078,18.4599801],[73.9080552,18.4597978],[73.9081803,18.4596867],[73.9084461,18.4593609],[73.9085343,18.4593309],[73.908684,18.4592989],[73.908807,18.459278],[73.9089459,18.4592544],[73.9091845,18.459227],[73.9094912,18.4591918],[73.909715,18.4591649],[73.9100137,18.459129],[73.9102932,18.4590954],[73.910775,18.4590311],[73.9111396,18.458983],[73.9114219,18.4589457],[73.9117466,18.4588915],[73.9121415,18.4588356]]}},
{"type":"Feature","properties":{"osm_id":"106481051","code":5122,"fclass":"residential","name":"NIBM Kondhwa Link Road","ref":"","oneway":"B","maxspeed":0,"layer":0,"bridge":"F","tunnel":"F"},"geometry":{"type":"LineString","coordinates":[[73.8898002,18.4646452],[73.8902076,18.4647017],[73.8906935,18.464718],[73.8908818,18.4647106],[73.8912107,18.4646978],[73.8913771,18.4646913],[73.8914936,18.4646867],[73.8916018,18.4646833],[73.8918602,18.464681]]}},
{"type":"Feature","properties":{"osm_id":"106481052","code":5122,"fclass":"residential","name":"","ref":"","oneway":"B","maxspeed":0,"layer":0,"bridge":"F","tunnel":"F"},"geometry":{"type":"LineString","coordinates":[[73.8872368,18.4679059],[73.8868595,18.4680919],[73.8867319,18.4681547],[73.8864802,18.4682352],[73.8863781,18.4682282],[73.886303,18.4682196],[73.8859632,18.4681127],[73.8858194,18.4680675],[73.885753,18.4680261],[73.8856866,18.4679847],[73.8856108,18.4679528],[73.8855665,18.4679595]]}},
{"type":"Feature","properties":{"osm_id":"106481071","code":5122,"fclass":"residential","name":"","ref":"","oneway":"B","maxspeed":0,"layer":0,"bridge":"F","tunnel":"F"},"geometry":{"type":"LineString","coordinates":[[73.888893,18.4708759],[73.8879238,18.471605]]}},
{"type":"Feature","properties":{"osm_id":"106481075","code":5122,"fclass":"residential","name":"Akshardham Road","ref":"","oneway":"B","maxspeed":0,"layer":0,"bridge":"F","tunnel":"F"},"geometry":{"type":"LineString","coordinates":[[73.8789534,18.4684958],[73.8794679,18.4685157],[73.8798493,18.4685304],[73.8799254,18.4685333],[73.8802757,18.4685469],[73.8806688,18.4685621],[73.8821077,18.4685263]]}},
{"type":"Feature","properties":{"osm_id":"106481080","code":5122,"fclass":"residential","name":"","ref":"","oneway":"B","maxspeed":0,"layer":0,"bridge":"F","tunnel":"F"},"geometry":{"type":"LineString","coordinates":[[73.8825806,18.4717592],[73.8825265,18.4711245],[73.8825143,18.4708847],[73.882464,18.4698952],[73.8824581,18.469699],[73.8824553,18.4696056],[73.882451,18.4695147],[73.8824494,18.4694838],[73.8824313,18.4692032],[73.8824154,18.4689575],[73.8824129,18.4689193],[73.8824076,18.4688239],[73.8823977,18.4687784],[73.8823605,18.468741],[73.8822288,18.4687225],[73.8821546,18.4686929],[73.8821172,18.4686325],[73.8821077,18.4685263]]}},
{"type":"Feature","properties":{"osm_id":"106481081","code":5122,"fclass":"residential","name":"","ref":"","oneway":"B","maxspeed":0,"layer":0,"bridge":"F","tunnel":"F"},"geometry":{"type":"LineString","coordinates":[[73.9064481,18.4771511],[73.906448,18.4772687],[73.906463,18.4776265],[73.9064723,18.4777383]]}},
{"type":"Feature","properties":{"osm_id":"106481082","code":5122,"fclass":"residential","name":"","ref":"","oneway":"B","maxspeed":0,"layer":0,"bridge":"F","tunnel":"F"},"geometry":{"type":"LineString","coordinates":[[73.9056646,18.4777231],[73.9056519,18.478192],[73.9056441,18.4783765],[73.9072743,18.4785101]]}},
{"type":"Feature","properties":{"osm_id":"106481083","code":5122,"fclass":"residential","name":"","ref":"","oneway":"B","maxspeed":0,"layer":0,"bridge":"F","tunnel":"F"},"geometry":{"type":"LineString","coordinates":[[73.9045649,18.4809304],[73.9045954,18.4805047],[73.9046346,18.480275],[73.9046597,18.4801282],[73.9048314,18.4796703],[73.9050031,18.4794871],[73.9052098,18.4793538],[73.9052713,18.4793141],[73.9053411,18.4792769],[73.9054765,18.4792362],[73.9055987,18.4792178],[73.9057024,18.4792021],[73.9060223,18.479131],[73.9064092,18.479131],[73.9064193,18.479131],[73.9066553,18.4792124],[73.9067061,18.4792733],[73.9068591,18.4794566],[73.9070239,18.4796838],[73.9070952,18.4797822],[73.9071596,18.4798738],[73.9076293,18.4796463]]}},
{"type":"Feature","properties":{"osm_id":"106481084","code":5122,"fclass":"residential","name":"","ref":"","oneway":"B","maxspeed":0,"layer":0,"bridge":"F","tunnel":"F"},"geometry":{"type":"LineString","coordinates":[[73.9045649,18.4809304],[73.9042952,18.4810147],[73.9041462,18.4810417],[73.9040634,18.4810317],[73.9039807,18.4810012],[73.903898,18.4809422],[73.9038499,18.4808834],[73.9036908,18.4806888],[73.903527,18.4804886],[73.9034947,18.4804491],[73.9033943,18.4802789],[73.9033294,18.4801689]]}},
{"type":"Feature","properties":{"osm_id":"106481094","code":5122,"fclass":"residential","name":"","ref":"","oneway":"B","maxspeed":0,"layer":0,"bridge":"F","tunnel":"F"},"geometry":{"type":"LineString","coordinates":[[73.9046346,18.480275],[73.9043593,18.4802401],[73.9040696,18.4801587],[73.9039114,18.4800849],[73.9037156,18.4798942],[73.9035868,18.4796906],[73.9035868,18.4795075],[73.9036834,18.4792734],[73.903779,18.4791525],[73.9038443,18.4790699],[73.9039409,18.4789885],[73.9041769,18.4789071],[73.9044452,18.4789071],[73.9046812,18.4789885],[73.9048207,18.4791208],[73.9049309,18.4792865],[73.9050031,18.4794871]]}},
{"type":"Feature","properties":{"osm_id":"106481095","code":5122,"fclass":"residential","name":"","ref":"","oneway":"B","maxspeed":0,"layer":0,"bridge":"F","tunnel":"F"},"geometry":{"type":"LineString","coordinates":[[73.90412,18.47981],[73.9039114,18.4800849],[73.9036446,18.480318],[73.9034947,18.4804491]]}},
{"type":"Feature","properties":{"osm_id":"106481108","code":5122,"fclass":"residential","name":"","ref":"","oneway":"B","maxspeed":0,"layer":0,"bridge":"F","tunnel":"F"},"geometry":{"type":"LineString","coordinates":[[73.9048314,18.4796703],[73.9049692,18.4797493],[73.904997,18.4797639],[73.9051674,18.4798533],[73.905209,18.4798902],[73.9052583,18.4799587],[73.9052958,18.4800006],[73.9053257,18.4800339],[73.9054102,18.4800937],[73.9054886,18.4801142],[73.9056092,18.480127],[73.9057656,18.4801406],[73.9058894,18.4803873],[73.9060338,18.4803263],[73.9061682,18.4802659],[73.9063007,18.4802109],[73.9065302,18.4801559],[73.9069176,18.4801671],[73.9072049,18.480355]]}},
{"type":"Feature","properties":{"osm_id":"106481110","code":5122,"fclass":"residential","name":"","ref":"","oneway":"B","maxspeed":0,"layer":0,"bridge":"F","tunnel":"F"},"geometry":{"type":"LineString","coordinates":[[73.9069362,18.4808427],[73.9069953,18.4807786],[73.9072049,18.480355],[73.9076293,18.4796463]]}},
{"type":"Feature","properties":{"osm_id":"106481134","code":5122,"fclass":"residential","name":"","ref":"","oneway":"B","maxspeed":0,"layer":0,"bridge":"F","tunnel":"F"},"geometry":{"type":"LineString","coordinates":[[73.9069176,18.4801671],[73.9068515,18.4802378],[73.9067733,18.4803215],[73.9066107,18.4804438],[73.9064615,18.4805405],[73.9061512,18.4807252],[73.9060987,18.4807228],[73.9060438,18.4806955],[73.9060006,18.4806276],[73.9059687,18.4805657],[73.9059649,18.4805027],[73.9060338,18.4803263]]}},
{"type":"Feature","properties":{"osm_id":"106481143","code":5122,"fclass":"residential","name":"","ref":"","oneway":"B","maxspeed":0,"layer":0,"bridge":"F","tunnel":"F"},"geometry":{"type":"LineString","coordinates":[[73.9045954,18.4805047],[73.9048991,18.4805323],[73.9050531,18.4805501],[73.9055246,18.4806045],[73.9055786,18.4806481],[73.9056044,18.4807028],[73.9056763,18.4810031]]}},
{"type":"Feature","properties":{"osm_id":"106481151","code":5122,"fclass":"residential","name":"","ref":"","oneway":"B","maxspeed":0,"layer":1,"bridge":"T","tunnel":"F"},"geometry":{"type":"LineString","coordinates":[[73.8971079,18.4840992],[73.896817,18.4840966]]}},
{"type":"Feature","properties":{"osm_id":"106481166","code":5122,"fclass":"residential","name":"","ref":"","oneway":"B","maxspeed":0,"layer":0,"bridge":"F","tunnel":"F"},"geometry":{"type":"LineString","coordinates":[[73.8903097,18.484072],[73.8921473,18.4838397]]}},
{"type":"Feature","properties":{"osm_id":"106481167","code":5122,"fclass":"residential","name":"Lane number 4","ref":"","oneway":"B","maxspeed":20,"layer":0,"bridge":"F","tunnel":"F"},"geometry":{"type":"LineString","coordinates":[[73.8822203,18.4810861],[73.882276,18.481081],[73.8837925,18.4813454],[73.8838858,18.481413]]}},
{"type":"Feature","properties":{"osm_id":"106481170","code":5122,"fclass":"residential","name":"Lane Number 1","ref":"","oneway":"B","maxspeed":20,"layer":0,"bridge":"F","tunnel":"F"},"geometry":{"type":"LineString","coordinates":[[73.8818732,18.482751],[73.8819248,18.4828],[73.8840263,18.4832131]]}},
{"type":"Feature","properties":{"osm_id":"106481197","code":5122,"fclass":"residential","name":"Lane number 3","ref":"","oneway":"B","maxspeed":20,"layer":0,"bridge":"F","tunnel":"F"},"geometry":{"type":"LineString","coordinates":[[73.8820529,18.481627],[73.8839773,18.4819705]]}},
{"type":"Feature","properties":{"osm_id":"106481224","code":5122,"fclass":"residential","name":"Lane number 2","ref":"","oneway":"B","maxspeed":20,"layer":0,"bridge":"F","tunnel":"F"},"geometry":{"type":"LineString","coordinates":[[73.881935,18.4821904],[73.8840221,18.4825598]]}},
{"type":"Feature","properties":{"osm_id":"106481259","code":5122,"fclass":"residential","name":"","ref":"","oneway":"B","maxspeed":0,"layer":0,"bridge":"F","tunnel":"F"},"geometry":{"type":"LineString","coordinates":[[73.8708155,18.4904498],[73.8709552,18.4897821],[73.8709602,18.489758],[73.8711775,18.4887957],[73.8712548,18.4884533],[73.8720637,18.4885104],[73.8723556,18.4885312],[73.873015,18.4885726]]}},
{"type":"Feature","properties":{"osm_id":"106481260","code":5141,"fclass":"service","name":"","ref":"","oneway":"B","maxspeed":0,"layer":0,"bridge":"F","tunnel":"F"},"geometry":{"type":"LineString","coordinates":[[73.8698961,18.4904357],[73.8700018,18.490463],[73.8702602,18.4905297]]}},
{"type":"Feature","properties":{"osm_id":"106481262","code":5122,"fclass":"residential","name":"","ref":"","oneway":"B","maxspeed":0,"layer":0,"bridge":"F","tunnel":"F"},"geometry":{"type":"LineString","coordinates":[[73.8708927,18.4934074],[73.8715511,18.4913327],[73.8716768,18.4905957],[73.8716815,18.4904138],[73.8717527,18.4898876],[73.8718828,18.4892686],[73.871906,18.4891779],[73.8719983,18.4888801],[73.8720637,18.4885104],[73.8721154,18.4882992]]}},
{"type":"Feature","properties":{"osm_id":"106481263","code":5122,"fclass":"residential","name":"","ref":"","oneway":"B","maxspeed":0,"layer":0,"bridge":"F","tunnel":"F"},"geometry":{"type":"LineString","coordinates":[[73.8704819,18.487736],[73.870543,18.4877504],[73.8709828,18.4878021],[73.8722372,18.4878208],[73.8734292,18.4878572],[73.8739002,18.4878716]]}},
{"type":"Feature","properties":{"osm_id":"106481271","code":5122,"fclass":"residential","name":"","ref":"","oneway":"B","maxspeed":0,"layer":0,"bridge":"F","tunnel":"F"},"geometry":{"type":"LineString","coordinates":[[73.8707412,18.4888762],[73.8709828,18.4878021],[73.8710827,18.4873581],[73.871204,18.4868189],[73.8713313,18.4862396],[73.8714483,18.4857701]]}},
{"type":"Feature","properties":{"osm_id":"106481272","code":5122,"fclass":"residential","name":"","ref":"","oneway":"B","maxspeed":0,"layer":0,"bridge":"F","tunnel":"F"},"geometry":{"type":"LineString","coordinates":[[73.8717527,18.4898876],[73.8721725,18.4898843],[73.8722505,18.4898837],[73.8723738,18.4898493],[73.8725945,18.4897356],[73.873152,18.4892735],[73.8735966,18.4888968],[73.8736789,18.4887956],[73.8737383,18.4886601],[73.8738295,18.4885252],[73.8738106,18.4883815],[73.8738734,18.4880239],[73.8739002,18.4878716],[73.8740535,18.4871469],[73.874094,18.4869556],[73.8742234,18.486344],[73.8742718,18.485932],[73.8742997,18.4856949],[73.8743885,18.4852179],[73.8744353,18.4850676],[73.8744868,18.4849624],[73.8745592,18.4848501],[73.875137,18.4845313],[73.8754001,18.4843583],[73.8758757,18.484059],[73.8764211,18.4837157]]}},
{"type":"Feature","properties":{"osm_id":"106481293","code":5122,"fclass":"residential","name":"","ref":"","oneway":"B","maxspeed":0,"layer":0,"bridge":"F","tunnel":"F"},"geometry":{"type":"LineString","coordinates":[[73.8726041,18.48532],[73.8730547,18.4853836],[73.8730709,18.4849411],[73.8731612,18.4849007]]}},
{"type":"Feature","properties":{"osm_id":"106481295","code":5122,"fclass":"residential","name":"","ref":"","oneway":"B","maxspeed":0,"layer":0,"bridge":"F","tunnel":"F"},"geometry":{"type":"LineString","coordinates":[[73.8761934,18.487059],[73.8756809,18.4873275],[73.8755615,18.4873901],[73.8751825,18.4876048],[73.8746584,18.4879018],[73.8741879,18.4881683],[73.8738106,18.4883815]]}},
{"type":"Feature","properties":{"osm_id":"106481321","code":5141,"fclass":"service","name":"","ref":"","oneway":"B","maxspeed":0,"layer":0,"bridge":"F","tunnel":"F"},"geometry":{"type":"LineString","coordinates":[[73.871204,18.4868189],[73.8712667,18.4868219],[73.8717544,18.486845],[73.8722935,18.4868707],[73.8732966,18.4869356]]}},
{"type":"Feature","properties":{"osm_id":"106481322","code":5141,"fclass":"service","name":"","ref":"","oneway":"B","maxspeed":0,"layer":0,"bridge":"F","tunnel":"F"},"geometry":{"type":"LineString","coordinates":[[73.8713313,18.4862396],[73.871414,18.4862453],[73.8718022,18.4862722],[73.8723345,18.4863091],[73.8734095,18.4863671]]}},
{"type":"Feature","properties":{"osm_id":"106481323","code":5122,"fclass":"residential","name":"","ref":"","oneway":"B","maxspeed":0,"layer":0,"bridge":"F","tunnel":"F"},"geometry":{"type":"LineString","coordinates":[[73.8763839,18.4872055],[73.8768021,18.4867755],[73.8768421,18.4866842],[73.8768539,18.486613],[73.8768561,18.4865377],[73.8768331,18.4864703],[73.8767937,18.4864048],[73.8765181,18.4862091],[73.8745592,18.4848501]]}},
{"type":"Feature","properties":{"osm_id":"106481324","code":5122,"fclass":"residential","name":"","ref":"","oneway":"B","maxspeed":0,"layer":0,"bridge":"F","tunnel":"F"},"geometry":{"type":"LineString","coordinates":[[73.8765181,18.4862091],[73.8764965,18.4852159],[73.8764211,18.4837157]]}},
{"type":"Feature","properties":{"osm_id":"106481325","code":5122,"fclass":"residential","name":"","ref":"","oneway":"B","maxspeed":0,"layer":0,"bridge":"F","tunnel":"F"},"geometry":{"type":"LineString","coordinates":[[73.875137,18.4845313],[73.875888,18.4850532],[73.8761523,18.4851901],[73.8763168,18.4852211],[73.8764965,18.4852159]]}},
{"type":"Feature","properties":{"osm_id":"106481326","code":5122,"fclass":"residential","name":"","ref":"","oneway":"B","maxspeed":0,"layer":0,"bridge":"F","tunnel":"F"},"geometry":{"type":"LineString","coordinates":[[73.8723899,18.4828735],[73.8746465,18.4826545],[73.8747121,18.4826389],[73.8747646,18.4826006],[73.8747933,18.482534],[73.874844,18.482534],[73.8762867,18.4825341]]}},
{"type":"Feature","properties":{"osm_id":"106481327","code":5122,"fclass":"residential","name":"","ref":"","oneway":"B","maxspeed":0,"layer":0,"bridge":"F","tunnel":"F"},"geometry":{"type":"LineString","coordinates":[[73.8727563,18.4818107],[73.8737667,18.4819013],[73.8742518,18.4819327],[73.8748121,18.4819766],[73.8761727,18.4820861]]}},
{"type":"Feature","properties":{"osm_id":"106481398","code":5122,"fclass":"residential","name":"","ref":"","oneway":"B","maxspeed":0,"layer":0,"bridge":"F","tunnel":"F"},"geometry":{"type":"LineString","coordinates":[[73.854037,18.4850014],[73.8544508,18.485005],[73.8545664,18.4850076],[73.8547753,18.4850124],[73.8548806,18.4850067],[73.8549661,18.4849729],[73.8551434,18.4848472],[73.8562521,18.4840086]]}},
{"type":"Feature","properties":{"osm_id":"106481399","code":5122,"fclass":"residential","name":"","ref":"","oneway":"B","maxspeed":0,"layer":0,"bridge":"F","tunnel":"F"},"geometry":{"type":"LineString","coordinates":[[73.85512,18.4847241],[73.8544135,18.4847186],[73.854423,18.4843413],[73.8544222,18.4841814],[73.8544214,18.484026],[73.8544197,18.4836714]]}},
{"type":"Feature","properties":{"osm_id":"106481400","code":5122,"fclass":"residential","name":"","ref":"","oneway":"B","maxspeed":0,"layer":0,"bridge":"F","tunnel":"F"},"geometry":{"type":"LineString","coordinates":[[73.8525535,18.4823983],[73.852973,18.4824685],[73.8536927,18.482607],[73.8539202,18.4826545],[73.8540655,18.4826835]]}},
{"type":"Feature","properties":{"osm_id":"106481406","code":5115,"fclass":"tertiary","name":"","ref":"","oneway":"B","maxspeed":0,"layer":0,"bridge":"F","tunnel":"F"},"geometry":{"type":"LineString","coordinates":[[73.8516389,18.4855454],[73.8516493,18.4853037],[73.8516688,18.4848529],[73.8516743,18.4847264],[73.8516816,18.484557],[73.8516844,18.4844927],[73.8516972,18.4840936],[73.8517092,18.4836544],[73.8517239,18.4833303],[73.851762,18.482906],[73.8517641,18.4827154],[73.8518096,18.482511],[73.8518654,18.4823304],[73.8519186,18.4821731],[73.8520314,18.481887],[73.8521635,18.4816851],[73.8523025,18.4815485],[73.8525226,18.4814371],[73.8525693,18.4814135],[73.8527322,18.4812272],[73.8528502,18.4810643],[73.8529615,18.4809353],[73.8530175,18.4808492],[73.8530686,18.4807674],[73.8531957,18.4804355],[73.8533573,18.4799679],[73.8533974,18.4798433],[73.8535862,18.4793132],[73.8537021,18.4789002],[73.8537782,18.4785907],[73.8538733,18.4782436],[73.8540358,18.4775654],[73.8540682,18.4772632],[73.8541055,18.4769432],[73.8540969,18.4766338]]}},
{"type":"Feature","properties":{"osm_id":"106481408","code":5115,"fclass":"tertiary","name":"Kambale Path","ref":"","oneway":"B","maxspeed":0,"layer":0,"bridge":"F","tunnel":"F"},"geometry":{"type":"LineString","coordinates":[[73.8516778,18.4758384],[73.8519972,18.4761211],[73.85234,18.4762269],[73.8526286,18.4762872],[73.85297,18.4763716],[73.8538048,18.4765939],[73.8540969,18.4766338],[73.8544111,18.4766248],[73.8544818,18.4766228],[73.8545626,18.4766066]]}},
{"type":"Feature","properties":{"osm_id":"106481409","code":5122,"fclass":"residential","name":"","ref":"","oneway":"B","maxspeed":0,"layer":0,"bridge":"F","tunnel":"F"},"geometry":{"type":"LineString","coordinates":[[73.8504492,18.4776284],[73.8496701,18.4777895],[73.8497061,18.4780168],[73.8498463,18.4780542],[73.8503238,18.4781637],[73.8506993,18.478244],[73.8510868,18.4783118],[73.8514797,18.4783731],[73.8520176,18.4784754],[73.8523972,18.4785614],[73.8527747,18.4786594],[73.8533169,18.4788002],[73.8537021,18.4789002]]}},
{"type":"Feature","properties":{"osm_id":"106481410","code":5122,"fclass":"residential","name":"","ref":"","oneway":"B","maxspeed":0,"layer":0,"bridge":"F","tunnel":"F"},"geometry":{"type":"LineString","coordinates":[[73.8497091,18.4841763],[73.8502323,18.484247],[73.8516844,18.4844927]]}},
{"type":"Feature","properties":{"osm_id":"106481415","code":5122,"fclass":"residential","name":"","ref":"","oneway":"B","maxspeed":0,"layer":0,"bridge":"F","tunnel":"F"},"geometry":{"type":"LineString","coordinates":[[73.8503903,18.4798401],[73.8508265,18.4799838],[73.8511965,18.4800983],[73.8518688,18.4803483],[73.8530686,18.4807674]]}},
{"type":"Feature","properties":{"osm_id":"106481424","code":5122,"fclass":"residential","name":"","ref":"","oneway":"B","maxspeed":0,"layer":0,"bridge":"F","tunnel":"F"},"geometry":{"type":"LineString","coordinates":[[73.8500409,18.4819929],[73.8505396,18.4820813],[73.8506412,18.4820998],[73.8509022,18.4821478],[73.8512265,18.4822073],[73.8514979,18.4822571],[73.8518654,18.4823304]]}},
{"type":"Feature","properties":{"osm_id":"106481425","code":5122,"fclass":"residential","name":"","ref":"","oneway":"B","maxspeed":0,"layer":0,"bridge":"F","tunnel":"F"},"geometry":{"type":"LineString","coordinates":[[73.8505531,18.4825396],[73.8511545,18.4826267],[73.8517641,18.4827154]]}},
{"type":"Feature","properties":{"osm_id":"106481426","code":5122,"fclass":"residential","name":"","ref":"","oneway":"B","maxspeed":0,"layer":0,"bridge":"F","tunnel":"F"},"geometry":{"type":"LineString","coordinates":[[73.8507586,18.4803648],[73.8517206,18.4806972],[73.8528502,18.4810643]]}},
{"type":"Feature","properties":{"osm_id":"106481427","code":5122,"fclass":"residential","name":"","ref":"","oneway":"B","maxspeed":0,"layer":0,"bridge":"F","tunnel":"F"},"geometry":{"type":"LineString","coordinates":[[73.8507103,18.4807369],[73.8510622,18.4808665],[73.8515772,18.4810562],[73.8520697,18.4812377],[73.8519275,18.4814103],[73.8517666,18.4816545],[73.8516378,18.4819394],[73.8514979,18.4822571]]}},
{"type":"Feature","properties":{"osm_id":"106481437","code":5122,"fclass":"residential","name":"","ref":"","oneway":"B","maxspeed":0,"layer":0,"bridge":"F","tunnel":"F"},"geometry":{"type":"LineString","coordinates":[[73.8514797,18.4783731],[73.8515043,18.4785686],[73.8516211,18.4788087],[73.8518691,18.4791151],[73.8521027,18.4793032],[73.8521914,18.4793789],[73.8525171,18.4796124],[73.8528113,18.4797842],[73.8529945,18.4798573],[73.8533573,18.4799679]]}},
{"type":"Feature","properties":{"osm_id":"106481462","code":5122,"fclass":"residential","name":"","ref":"","oneway":"B","maxspeed":0,"layer":0,"bridge":"F","tunnel":"F"},"geometry":{"type":"LineString","coordinates":[[73.8517206,18.4806972],[73.8518688,18.4803483],[73.8519895,18.4799857],[73.8520376,18.4798411],[73.8521914,18.4793789],[73.8523972,18.4785614],[73.852596,18.4778265],[73.8528176,18.4769618],[73.8528934,18.4766683],[73.85297,18.4763716],[73.853175,18.4755187]]}},
{"type":"Feature","properties":{"osm_id":"106481470","code":5122,"fclass":"residential","name":"","ref":"","oneway":"B","maxspeed":0,"layer":0,"bridge":"F","tunnel":"F"},"geometry":{"type":"LineString","coordinates":[[73.8534242,18.4752453],[73.8536835,18.4750723]]}},
{"type":"Feature","properties":{"osm_id":"106481471","code":5122,"fclass":"residential","name":"","ref":"","oneway":"B","maxspeed":0,"layer":0,"bridge":"F","tunnel":"F"},"geometry":{"type":"LineString","coordinates":[[73.8547676,18.4749088],[73.8546713,18.4751344],[73.8544466,18.4756224],[73.8545924,18.4758789],[73.8547446,18.476171],[73.8557341,18.4759457]]}},
{"type":"Feature","properties":{"osm_id":"106481474","code":5112,"fclass":"trunk","name":"Satara Road","ref":"NH60","oneway":"F","maxspeed":60,"layer":1,"bridge":"T","tunnel":"F"},"geometry":{"type":"LineString","coordinates":[[73.8567764,18.4769456],[73.8569864,18.4772277]]}},
{"type":"Feature","properties":{"osm_id":"106481476","code":5112,"fclass":"trunk","name":"Satara Road","ref":"NH60","oneway":"F","maxspeed":60,"layer":0,"bridge":"F","tunnel":"F"},"geometry":{"type":"LineString","coordinates":[[73.8569864,18.4772277],[73.857091,18.477475],[73.857139,18.4777499],[73.8571692,18.4781963],[73.8571733,18.4782575],[73.8571669,18.4784329],[73.8571665,18.4786544],[73.8571676,18.4787221],[73.8571699,18.4788187],[73.857161,18.4791274],[73.8571538,18.4793802],[73.8571416,18.4798046],[73.8571363,18.4799869],[73.857131,18.4801704],[73.8571293,18.4801954],[73.8571121,18.480447],[73.8570929,18.4806767],[73.8571103,18.4811634],[73.8571123,18.48126],[73.8571136,18.4813147]]}},
{"type":"Feature","properties":{"osm_id":"106481505","code":5115,"fclass":"tertiary","name":"KK Market road","ref":"","oneway":"F","maxspeed":0,"layer":1,"bridge":"T","tunnel":"F"},"geometry":{"type":"LineString","coordinates":[[73.8608664,18.4689546],[73.8610494,18.4689689]]}},
{"type":"Feature","properties":{"osm_id":"106481506","code":5115,"fclass":"tertiary","name":"KK Market road","ref":"","oneway":"F","maxspeed":0,"layer":0,"bridge":"F","tunnel":"F"},"geometry":{"type":"LineString","coordinates":[[73.8610494,18.4689689],[73.8611802,18.4689724],[73.8615985,18.4689837],[73.8617857,18.4689887],[73.8624567,18.4690067],[73.8626386,18.4690111],[73.8639102,18.4690458],[73.8640154,18.4690415],[73.8641189,18.4690575]]}},
{"type":"Feature","properties":{"osm_id":"106481581","code":5122,"fclass":"residential","name":"","ref":"","oneway":"B","maxspeed":20,"layer":0,"bridge":"F","tunnel":"F"},"geometry":{"type":"LineString","coordinates":[[73.8661255,18.4557982],[73.866123,18.4559648],[73.866074,18.4564285],[73.8660356,18.4568976],[73.8660343,18.457032],[73.8660629,18.4572627],[73.8664406,18.4580625],[73.8664592,18.4580928],[73.8665307,18.4582231],[73.8666624,18.4584628],[73.8667356,18.4586625],[73.8667476,18.458711],[73.8667742,18.4588185],[73.8667913,18.4589561],[73.8667797,18.4591041],[73.866693,18.4593992],[73.8666408,18.4595479],[73.8664698,18.4600351],[73.8664328,18.4602245],[73.8663138,18.4609617],[73.866307,18.4610683],[73.8663053,18.4611574],[73.8663235,18.4612898],[73.8663899,18.4613779]]}},
{"type":"Feature","properties":{"osm_id":"106481582","code":5122,"fclass":"residential","name":"","ref":"","oneway":"B","maxspeed":0,"layer":0,"bridge":"F","tunnel":"F"},"geometry":{"type":"LineString","coordinates":[[73.8630253,18.4493837],[73.8632631,18.449863],[73.8633568,18.450052],[73.8634335,18.4501775],[73.8635296,18.4502708],[73.8636024,18.4503048],[73.8636762,18.4503035],[73.8639188,18.4502462],[73.8651691,18.4502397],[73.8657362,18.4502355],[73.8659497,18.450255],[73.8661619,18.4502908],[73.8664314,18.4503578],[73.86645,18.4503642],[73.8666254,18.4504247]]}},
{"type":"Feature","properties":{"osm_id":"106481588","code":5122,"fclass":"residential","name":"","ref":"","oneway":"B","maxspeed":0,"layer":0,"bridge":"F","tunnel":"F"},"geometry":{"type":"LineString","coordinates":[[73.8581134,18.4602736],[73.8583686,18.4602626],[73.8585091,18.4602565],[73.8586483,18.4602511],[73.8587653,18.4602465],[73.8589069,18.460241],[73.8589469,18.4602394],[73.8592338,18.4602283],[73.8592859,18.4602262],[73.8595074,18.4602155],[73.8595713,18.4601962],[73.8596518,18.4601243],[73.8597343,18.4600705],[73.8597756,18.4599704],[73.8602077,18.4599656],[73.8604161,18.4599633],[73.8605955,18.4599613],[73.8609102,18.4599577],[73.8624904,18.4597866],[73.8627678,18.4597565]]}},
{"type":"Feature","properties":{"osm_id":"106481655","code":5122,"fclass":"residential","name":"","ref":"","oneway":"B","maxspeed":0,"layer":0,"bridge":"F","tunnel":"F"},"geometry":{"type":"LineString","coordinates":[[73.8598925,18.4610598],[73.8600894,18.4610244],[73.8601331,18.4609859],[73.8602737,18.4608263],[73.8603282,18.4607644],[73.8604873,18.4607377],[73.8605643,18.4607233],[73.8610503,18.4607055]]}},
{"type":"Feature","properties":{"osm_id":"106481678","code":5122,"fclass":"residential","name":"","ref":"","oneway":"B","maxspeed":0,"layer":0,"bridge":"F","tunnel":"F"},"geometry":{"type":"LineString","coordinates":[[73.8609102,18.4599577],[73.8610758,18.4603903]]}},
{"type":"Feature","properties":{"osm_id":"106481715","code":5122,"fclass":"residential","name":"Bhakti Road Path","ref":"","oneway":"B","maxspeed":0,"layer":0,"bridge":"F","tunnel":"F"},"geometry":{"type":"LineString","coordinates":[[73.8624904,18.4597866],[73.8625448,18.4602493],[73.8625481,18.4604414],[73.8625521,18.4606775],[73.862553,18.4607316],[73.8625865,18.4613612],[73.8626079,18.4617627],[73.8625549,18.4620309]]}},
{"type":"Feature","properties":{"osm_id":"106481767","code":5122,"fclass":"residential","name":"","ref":"","oneway":"B","maxspeed":0,"layer":0,"bridge":"F","tunnel":"F"},"geometry":{"type":"LineString","coordinates":[[73.864675,18.4646362],[73.8645713,18.4646297],[73.8635852,18.4645742],[73.8633568,18.4645614],[73.8632833,18.4645573]]}},
{"type":"Feature","properties":{"osm_id":"106481808","code":5122,"fclass":"residential","name":"","ref":"","oneway":"B","maxspeed":0,"layer":0,"bridge":"F","tunnel":"F"},"geometry":{"type":"LineString","coordinates":[[73.8674949,18.4609465],[73.8674908,18.4610568],[73.8674765,18.4612083],[73.8674447,18.4615442],[73.8674117,18.4618936],[73.8673974,18.4620454],[73.8673765,18.4622762],[73.8673368,18.4626865],[73.8673181,18.4628781],[73.867269,18.4633811],[73.8672731,18.4636503],[73.8672805,18.4641314],[73.8673171,18.4642299],[73.8673639,18.464289],[73.867451,18.4643696],[73.8675843,18.464429],[73.8677605,18.4644751],[73.8678698,18.4644917],[73.8681368,18.4645212],[73.8683349,18.4645431],[73.8685096,18.4645624],[73.8687392,18.4645878],[73.8689422,18.4646162],[73.86913,18.4646425],[73.8693574,18.4646744],[73.86936,18.4645073],[73.8693622,18.4643639],[73.869343,18.4641912],[73.8693179,18.4640971],[73.8692032,18.4638999],[73.8691808,18.4638615],[73.8689825,18.4635716],[73.8689644,18.463531],[73.8689391,18.4634742],[73.868932,18.4633626],[73.8689443,18.4630239],[73.8689598,18.4625999],[73.8689737,18.4622188],[73.8689894,18.4617905],[73.8692183,18.4617971],[73.8694491,18.4618038],[73.869648,18.4618096],[73.8698447,18.4618153],[73.8700319,18.4618207],[73.870245,18.4618269]]}},
{"type":"Feature","properties":{"osm_id":"106481809","code":5122,"fclass":"residential","name":"","ref":"","oneway":"B","maxspeed":0,"layer":0,"bridge":"F","tunnel":"F"},"geometry":{"type":"LineString","coordinates":[[73.8652022,18.4647964],[73.8654454,18.4647859],[73.8656318,18.4647779],[73.8658298,18.4647694],[73.8660623,18.4647664],[73.8662554,18.4647662],[73.8663792,18.4647624],[73.8664768,18.4647492],[73.8665981,18.4647328],[73.8666834,18.4647139],[73.8669073,18.4646643],[73.8671239,18.4646163],[73.8677605,18.4644751]]}},
{"type":"Feature","properties":{"osm_id":"106481810","code":5122,"fclass":"residential","name":"","ref":"","oneway":"B","maxspeed":0,"layer":0,"bridge":"F","tunnel":"F"},"geometry":{"type":"LineString","coordinates":[[73.8624874,18.4659965],[73.864512,18.4662278]]}},
{"type":"Feature","properties":{"osm_id":"106481811","code":5122,"fclass":"residential","name":"","ref":"","oneway":"B","maxspeed":0,"layer":0,"bridge":"F","tunnel":"F"},"geometry":{"type":"LineString","coordinates":[[73.8653567,18.4691408],[73.8652911,18.4695494],[73.8652313,18.4699218],[73.8662176,18.4700997]]}},
{"type":"Feature","properties":{"osm_id":"106481841","code":5122,"fclass":"residential","name":"","ref":"","oneway":"B","maxspeed":0,"layer":0,"bridge":"F","tunnel":"F"},"geometry":{"type":"LineString","coordinates":[[73.8687392,18.4645878],[73.8687745,18.4650836],[73.8687981,18.4654149],[73.8687862,18.4658601],[73.8688064,18.4666471],[73.8688077,18.4668439],[73.8688091,18.4670426],[73.8688104,18.4672293],[73.8688116,18.4674222],[73.8688122,18.4675012],[73.868811,18.4675286],[73.8687938,18.4675872],[73.8687744,18.4676474],[73.8685652,18.4680147],[73.8682259,18.4686105],[73.8678249,18.4686718],[73.867737,18.4687233],[73.8674192,18.4687565],[73.8670453,18.4688001],[73.8668158,18.4688269],[73.8664211,18.468873],[73.8663118,18.4688722]]}},
{"type":"Feature","properties":{"osm_id":"106481858","code":5122,"fclass":"residential","name":"","ref":"","oneway":"B","maxspeed":0,"layer":0,"bridge":"F","tunnel":"F"},"geometry":{"type":"LineString","coordinates":[[73.8663118,18.4688722],[73.8662951,18.4692449]]}},
{"type":"Feature","properties":{"osm_id":"106481926","code":5122,"fclass":"residential","name":"","ref":"","oneway":"B","maxspeed":0,"layer":0,"bridge":"F","tunnel":"F"},"geometry":{"type":"LineString","coordinates":[[73.852152,18.4753911],[73.8520428,18.4752997],[73.851955,18.4752284],[73.8518425,18.4752163],[73.8513766,18.4752391],[73.850942,18.4752811],[73.8509041,18.4752939],[73.8507366,18.475366],[73.8507212,18.4755287],[73.8507151,18.4756916],[73.8506751,18.4759154],[73.8506569,18.4759944],[73.850686,18.4761368],[73.850805,18.4763302],[73.8508918,18.4765275],[73.8509926,18.4767485]]}},
{"type":"Feature","properties":{"osm_id":"106481942","code":5122,"fclass":"residential","name":"","ref":"","oneway":"B","maxspeed":0,"layer":0,"bridge":"F","tunnel":"F"},"geometry":{"type":"LineString","coordinates":[[73.850805,18.4763302],[73.8514469,18.4755961],[73.851954,18.4755544]]}},
{"type":"Feature","properties":{"osm_id":"106481973","code":5115,"fclass":"tertiary","name":"Shiv Darshan Road","ref":"","oneway":"F","maxspeed":30,"layer":0,"bridge":"F","tunnel":"F"},"geometry":{"type":"LineString","coordinates":[[73.8540973,18.4811531],[73.8541596,18.4811566],[73.8544419,18.4811725],[73.8548118,18.4811956],[73.8550311,18.4811972],[73.8556497,18.4812354],[73.8564411,18.4812644],[73.8571123,18.48126],[73.857206,18.4812571],[73.8573071,18.4812527]]}},
{"type":"Feature","properties":{"osm_id":"106482010","code":5122,"fclass":"residential","name":"","ref":"","oneway":"B","maxspeed":0,"layer":0,"bridge":"F","tunnel":"F"},"geometry":{"type":"LineString","coordinates":[[73.8551434,18.4848472],[73.85512,18.4847241],[73.8551346,18.4843518],[73.8551442,18.4841853],[73.8551534,18.4840248],[73.8551669,18.4838165],[73.8551622,18.4837369],[73.8551709,18.4835996],[73.8551502,18.4831306],[73.8551499,18.4831068],[73.8551426,18.4824971]]}},
{"type":"Feature","properties":{"osm_id":"106482117","code":5122,"fclass":"residential","name":"Kaka Halwai Estate Road | Arunoday - Nirmal Baug Road","ref":"","oneway":"B","maxspeed":0,"layer":0,"bridge":"F","tunnel":"F"},"geometry":{"type":"LineString","coordinates":[[73.8540405,18.4888638],[73.8544979,18.4888659],[73.854728,18.4888669],[73.8549527,18.4888679],[73.8551333,18.4888688],[73.8555479,18.4888706],[73.8557892,18.4888717],[73.8558143,18.4888719],[73.856216,18.4888737],[73.8564198,18.4888746],[73.8566495,18.4888757],[73.8573316,18.4888788]]}},
{"type":"Feature","properties":{"osm_id":"106482208","code":5122,"fclass":"residential","name":"","ref":"","oneway":"B","maxspeed":0,"layer":0,"bridge":"F","tunnel":"F"},"geometry":{"type":"LineString","coordinates":[[73.8500996,18.4864188],[73.8516335,18.4866617],[73.8520777,18.486732]]}},
{"type":"Feature","properties":{"osm_id":"106482209","code":5122,"fclass":"residential","name":"","ref":"","oneway":"B","maxspeed":0,"layer":0,"bridge":"F","tunnel":"F"},"geometry":{"type":"LineString","coordinates":[[73.8499651,18.4877801],[73.8514554,18.4878513]]}},
{"type":"Feature","properties":{"osm_id":"106482237","code":5122,"fclass":"residential","name":"","ref":"","oneway":"B","maxspeed":30,"layer":0,"bridge":"F","tunnel":"F"},"geometry":{"type":"LineString","coordinates":[[73.851819,18.4879379],[73.8520304,18.4879412],[73.8524985,18.4879486],[73.8529739,18.4879561],[73.8531472,18.4879407],[73.8533474,18.4879229],[73.8539607,18.4879361],[73.8542917,18.4879504],[73.855403,18.4879986],[73.8556035,18.4880073],[73.8558322,18.4880172],[73.8560712,18.4880275],[73.856126,18.4880299],[73.8573435,18.4880826]]}},
{"type":"Feature","properties":{"osm_id":"106482288","code":5122,"fclass":"residential","name":"","ref":"","oneway":"B","maxspeed":30,"layer":0,"bridge":"F","tunnel":"F"},"geometry":{"type":"LineString","coordinates":[[73.8539876,18.4868702],[73.8549903,18.4868975],[73.8565122,18.486939],[73.8566731,18.4869434],[73.8569968,18.4869522],[73.8572985,18.4869667]]}},
{"type":"Feature","properties":{"osm_id":"106482356","code":5122,"fclass":"residential","name":"","ref":"","oneway":"B","maxspeed":0,"layer":0,"bridge":"F","tunnel":"F"},"geometry":{"type":"LineString","coordinates":[[73.8505649,18.4907207],[73.8516002,18.4907105],[73.8518041,18.4907113],[73.8519304,18.4907083]]}},
{"type":"Feature","properties":{"osm_id":"106482359","code":5122,"fclass":"residential","name":"Tulshibagwale Colony Road","ref":"","oneway":"B","maxspeed":0,"layer":0,"bridge":"F","tunnel":"F"},"geometry":{"type":"LineString","coordinates":[[73.8465511,18.4905571],[73.8469163,18.4906416],[73.8475199,18.4907878],[73.847947,18.4908683],[73.8480591,18.4908894],[73.8486821,18.4909762],[73.8492951,18.490996],[73.8498601,18.4910142]]}},
{"type":"Feature","properties":{"osm_id":"106482363","code":5122,"fclass":"residential","name":"","ref":"","oneway":"B","maxspeed":0,"layer":1,"bridge":"T","tunnel":"F"},"geometry":{"type":"LineString","coordinates":[[73.8502538,18.4908224],[73.8505649,18.4907207]]}},
{"type":"Feature","properties":{"osm_id":"106482385","code":5122,"fclass":"residential","name":"","ref":"","oneway":"B","maxspeed":0,"layer":0,"bridge":"F","tunnel":"F"},"geometry":{"type":"LineString","coordinates":[[73.8518041,18.4907113],[73.8518515,18.4916589],[73.8522238,18.4916387],[73.8525685,18.4916614],[73.852694,18.4916697],[73.853338,18.4917122],[73.8537423,18.4917376],[73.8541397,18.4917626],[73.8551632,18.491726],[73.8556197,18.4917132],[73.8560896,18.4916985],[73.857063,18.4916743],[73.8575782,18.4916615]]}},
{"type":"Feature","properties":{"osm_id":"106482386","code":5122,"fclass":"residential","name":"","ref":"","oneway":"B","maxspeed":0,"layer":0,"bridge":"F","tunnel":"F"},"geometry":{"type":"LineString","coordinates":[[73.8519304,18.4907083],[73.8522198,18.4907202],[73.8528852,18.4907637]]}},
{"type":"Feature","properties":{"osm_id":"106482389","code":5122,"fclass":"residential","name":"","ref":"","oneway":"B","maxspeed":0,"layer":0,"bridge":"F","tunnel":"F"},"geometry":{"type":"LineString","coordinates":[[73.8575565,18.490761],[73.8570578,18.4907277],[73.8561324,18.4906659],[73.8556726,18.4906334],[73.8552178,18.4906012],[73.8551632,18.491726]]}},
{"type":"Feature","properties":{"osm_id":"106482539","code":5122,"fclass":"residential","name":"","ref":"","oneway":"B","maxspeed":0,"layer":0,"bridge":"F","tunnel":"F"},"geometry":{"type":"LineString","coordinates":[[73.8543729,18.494782],[73.8546218,18.4947605],[73.8548784,18.4947383],[73.8555982,18.4946588],[73.8560651,18.4946073],[73.8563105,18.4945872],[73.8565776,18.4945653],[73.8570256,18.4945347],[73.8577441,18.4944855]]}},
{"type":"Feature","properties":{"osm_id":"106482541","code":5122,"fclass":"residential","name":"","ref":"","oneway":"B","maxspeed":0,"layer":0,"bridge":"F","tunnel":"F"},"geometry":{"type":"LineString","coordinates":[[73.8550389,18.4958565],[73.8550051,18.4955805],[73.8549657,18.4953178],[73.8549148,18.4949798],[73.8548784,18.4947383],[73.8548505,18.4944435],[73.8548288,18.4942146],[73.8548119,18.4940365],[73.8547706,18.4936001]]}},
{"type":"Feature","properties":{"osm_id":"106482542","code":5122,"fclass":"residential","name":"","ref":"","oneway":"B","maxspeed":0,"layer":0,"bridge":"F","tunnel":"F"},"geometry":{"type":"LineString","coordinates":[[73.8521743,18.4939868],[73.8526296,18.4939104],[73.8542421,18.4936398],[73.8547706,18.4936001],[73.8554587,18.493596],[73.8559723,18.4937426],[73.8559965,18.4939684],[73.8560651,18.4946073],[73.8561214,18.4951301],[73.8561746,18.4956244],[73.8561916,18.4957823]]}},
{"type":"Feature","properties":{"osm_id":"106482543","code":5122,"fclass":"residential","name":"","ref":"","oneway":"B","maxspeed":0,"layer":0,"bridge":"F","tunnel":"F"},"geometry":{"type":"LineString","coordinates":[[73.8561054,18.493187],[73.8568962,18.4931241],[73.8576762,18.493062]]}},
{"type":"Feature","properties":{"osm_id":"106482865","code":5122,"fclass":"residential","name":"","ref":"","oneway":"B","maxspeed":0,"layer":0,"bridge":"F","tunnel":"F"},"geometry":{"type":"LineString","coordinates":[[73.8832524,18.5086769],[73.8836634,18.5084649],[73.8840147,18.508353],[73.8841755,18.5083268],[73.8846397,18.5082512],[73.8858019,18.5080933]]}},
{"type":"Feature","properties":{"osm_id":"106483136","code":5122,"fclass":"residential","name":"","ref":"","oneway":"B","maxspeed":0,"layer":0,"bridge":"F","tunnel":"F"},"geometry":{"type":"LineString","coordinates":[[73.8837371,18.528429],[73.8838473,18.5290125],[73.8840271,18.5301448],[73.8840456,18.5302611],[73.8842072,18.5312788]]}},
{"type":"Feature","properties":{"osm_id":"106483176","code":5122,"fclass":"residential","name":"","ref":"","oneway":"B","maxspeed":0,"layer":0,"bridge":"F","tunnel":"F"},"geometry":{"type":"LineString","coordinates":[[73.8840271,18.5301448],[73.8842198,18.5301159],[73.8844088,18.5300875],[73.8844869,18.5300788],[73.8850603,18.5300152],[73.8854967,18.5299604]]}},
{"type":"Feature","properties":{"osm_id":"106483644","code":5153,"fclass":"footway","name":"","ref":"","oneway":"B","maxspeed":0,"layer":2,"bridge":"T","tunnel":"F"},"geometry":{"type":"LineString","coordinates":[[73.873475,18.5297157],[73.8734791,18.5296449],[73.8734867,18.5295134],[73.8734886,18.5294815],[73.8735003,18.5292807],[73.8735084,18.5291415],[73.8735239,18.5288771]]}},
{"type":"Feature","properties":{"osm_id":"106483657","code":5122,"fclass":"residential","name":"","ref":"","oneway":"B","maxspeed":0,"layer":0,"bridge":"F","tunnel":"F"},"geometry":{"type":"LineString","coordinates":[[73.8651851,18.5217012],[73.865353,18.5216794],[73.865396,18.5216738],[73.8656187,18.5216267],[73.8658103,18.5215938],[73.8659179,18.5215636],[73.8660425,18.5215304],[73.8661465,18.5214963],[73.8662557,18.5214643],[73.8664218,18.5214164],[73.86658,18.5213551],[73.8667063,18.5212987],[73.8668115,18.5212761],[73.8670835,18.521229],[73.8672403,18.5212102],[73.8674661,18.5211969]]}},
{"type":"Feature","properties":{"osm_id":"106494812","code":5122,"fclass":"residential","name":"","ref":"","oneway":"B","maxspeed":0,"layer":0,"bridge":"F","tunnel":"F"},"geometry":{"type":"LineString","coordinates":[[73.9289926,18.5131659],[73.9294084,18.5131522],[73.9297793,18.5131399],[73.9300483,18.5131319],[73.9304761,18.5131191]]}},
{"type":"Feature","properties":{"osm_id":"106494830","code":5122,"fclass":"residential","name":"","ref":"","oneway":"B","maxspeed":20,"layer":0,"bridge":"F","tunnel":"F"},"geometry":{"type":"LineString","coordinates":[[73.9304825,18.513159],[73.9305006,18.5131957],[73.9305288,18.513226],[73.9305648,18.5132476],[73.9306059,18.5132587],[73.9306485,18.5132584],[73.9306894,18.5132467],[73.930725,18.5132245],[73.9307527,18.5131937],[73.9307701,18.5131568],[73.9307758,18.5131167],[73.9307694,18.5130767],[73.9307514,18.5130401],[73.9307232,18.5130097],[73.9306871,18.5129881],[73.9306461,18.5129771],[73.9306248,18.5129768],[73.9306034,18.5129774],[73.9305626,18.5129891],[73.9305269,18.5130113],[73.9304992,18.5130421],[73.9304818,18.513079],[73.9304761,18.5131191],[73.9304825,18.513159]]}},
{"type":"Feature","properties":{"osm_id":"106494897","code":5122,"fclass":"residential","name":"","ref":"","oneway":"B","maxspeed":0,"layer":0,"bridge":"F","tunnel":"F"},"geometry":{"type":"LineString","coordinates":[[73.9307758,18.5131167],[73.9308134,18.5131185],[73.9310505,18.5131099],[73.931455,18.5130952],[73.9319634,18.5130621]]}},
{"type":"Feature","properties":{"osm_id":"106494932","code":5122,"fclass":"residential","name":"Cosmos Road - Mahalaxmi Road","ref":"","oneway":"B","maxspeed":0,"layer":0,"bridge":"F","tunnel":"F"},"geometry":{"type":"LineString","coordinates":[[73.9306485,18.5132584],[73.9306894,18.5144021]]}},
{"type":"Feature","properties":{"osm_id":"106494943","code":5122,"fclass":"residential","name":"","ref":"","oneway":"B","maxspeed":0,"layer":0,"bridge":"F","tunnel":"F"},"geometry":{"type":"LineString","coordinates":[[73.9297793,18.5131399],[73.9297833,18.513207],[73.9298005,18.513701]]}}
]
}
