{
"type": "FeatureCollection",
"name": "gis_osm_pois_free",
"crs": { "type": "name", "properties": { "name": "urn:ogc:def:crs:OGC::CRS84" } },
"features": [
{"type":"Feature","properties":{"osm_id":"280430691","code":2004,"fclass":"post_box","name":""},"geometry":{"type":"Point","coordinates":[73.9171938,18.5078298]}},
{"type":"Feature","properties":{"osm_id":"280430828","code":2001,"fclass":"police","name":""},"geometry":{"type":"Point","coordinates":[73.9173998,18.5075612]}},
{"type":"Feature","properties":{"osm_id":"283152692","code":2501,"fclass":"supermarket","name":"Reliance Fresh"},"geometry":{"type":"Point","coordinates":[73.920474,18.5480228]}},
{"type":"Feature","properties":{"osm_id":"283152697","code":2302,"fclass":"fast_food","name":"McDonald's"},"geometry":{"type":"Point","coordinates":[73.9062599,18.5457237]}},
{"type":"Feature","properties":{"osm_id":"283163978","code":2301,"fclass":"restaurant","name":"The Charcoal Pit"},"geometry":{"type":"Point","coordinates":[73.8791405,18.5167868]}},
{"type":"Feature","properties":{"osm_id":"283166314","code":2301,"fclass":"restaurant","name":"The Great Punjab"},"geometry":{"type":"Point","coordinates":[73.8973015,18.5364098]}},
{"type":"Feature","properties":{"osm_id":"283166318","code":2303,"fclass":"cafe","name":"Shisha Jazz Cafe"},"geometry":{"type":"Point","coordinates":[73.9049627,18.5391279]}},
{"type":"Feature","properties":{"osm_id":"313785040","code":2303,"fclass":"cafe","name":"German Bakery"},"geometry":{"type":"Point","coordinates":[73.8873711,18.5396234]}},
{"type":"Feature","properties":{"osm_id":"342117176","code":2301,"fclass":"restaurant","name":"Anand Thali"},"geometry":{"type":"Point","coordinates":[73.9448522,18.5009808]}},
{"type":"Feature","properties":{"osm_id":"498679137","code":2701,"fclass":"tourist_info","name":"Sangam World Centre"},"geometry":{"type":"Point","coordinates":[73.8757807,18.5599096]}},
{"type":"Feature","properties":{"osm_id":"508047952","code":2203,"fclass":"cinema","name":"E-Square Multiplex"},"geometry":{"type":"Point","coordinates":[73.8355739,18.5378515]}},
{"type":"Feature","properties":{"osm_id":"511975995","code":2301,"fclass":"restaurant","name":"Hard Rock Cafe"},"geometry":{"type":"Point","coordinates":[73.912781,18.5387955]}},
{"type":"Feature","properties":{"osm_id":"511975996","code":2301,"fclass":"restaurant","name":"Stone Water Grill"},"geometry":{"type":"Point","coordinates":[73.9126684,18.5383533]}},
{"type":"Feature","properties":{"osm_id":"513157038","code":2301,"fclass":"restaurant","name":"Nisarg"},"geometry":{"type":"Point","coordinates":[73.8321992,18.5067094]}},
{"type":"Feature","properties":{"osm_id":"518295334","code":2401,"fclass":"hotel","name":"Sun N Sand"},"geometry":{"type":"Point","coordinates":[73.8815099,18.5382482]}},
{"type":"Feature","properties":{"osm_id":"518295335","code":2301,"fclass":"restaurant","name":"Le Pizzeria"},"geometry":{"type":"Point","coordinates":[73.8833529,18.5396305]}},
{"type":"Feature","properties":{"osm_id":"518295336","code":2401,"fclass":"hotel","name":"Sriman"},"geometry":{"type":"Point","coordinates":[73.8831852,18.5395872]}},
{"type":"Feature","properties":{"osm_id":"518640962","code":2301,"fclass":"restaurant","name":"Asia Kitchen"},"geometry":{"type":"Point","coordinates":[73.8752478,18.538908]}},
{"type":"Feature","properties":{"osm_id":"518640965","code":2401,"fclass":"hotel","name":"Sirona"},"geometry":{"type":"Point","coordinates":[73.8830135,18.5394081]}},
{"type":"Feature","properties":{"osm_id":"518640997","code":2515,"fclass":"bookshop","name":"Crossword"},"geometry":{"type":"Point","coordinates":[73.8753054,18.530856]}},
{"type":"Feature","properties":{"osm_id":"521318983","code":2305,"fclass":"bar","name":"High Spirits"},"geometry":{"type":"Point","coordinates":[73.9052966,18.5393901]}},
{"type":"Feature","properties":{"osm_id":"531363938","code":2301,"fclass":"restaurant","name":"Thai House"},"geometry":{"type":"Point","coordinates":[73.8321526,18.5690389]}},
{"type":"Feature","properties":{"osm_id":"546289209","code":2501,"fclass":"supermarket","name":"Megamart Shop"},"geometry":{"type":"Point","coordinates":[73.9045987,18.5459611]}},
{"type":"Feature","properties":{"osm_id":"546289570","code":2511,"fclass":"convenience","name":"Pushkar Sweets"},"geometry":{"type":"Point","coordinates":[73.9056346,18.5457564]}},
{"type":"Feature","properties":{"osm_id":"546289574","code":2511,"fclass":"convenience","name":"Karachi Sweets"},"geometry":{"type":"Point","coordinates":[73.9055037,18.5457846]}},
{"type":"Feature","properties":{"osm_id":"611007692","code":2203,"fclass":"cinema","name":"Fame"},"geometry":{"type":"Point","coordinates":[73.901405,18.5062657]}},
{"type":"Feature","properties":{"osm_id":"622955570","code":2301,"fclass":"restaurant","name":"Seasonal Tastes"},"geometry":{"type":"Point","coordinates":[73.9061842,18.5391023]}},
{"type":"Feature","properties":{"osm_id":"622955755","code":2305,"fclass":"bar","name":"Mix@36"},"geometry":{"type":"Point","coordinates":[73.9060086,18.5397983]}},
{"type":"Feature","properties":{"osm_id":"636377478","code":2602,"fclass":"atm","name":""},"geometry":{"type":"Point","coordinates":[73.9187056,18.5665975]}},
{"type":"Feature","properties":{"osm_id":"639459209","code":2516,"fclass":"butcher","name":"Hind Mutton Shop"},"geometry":{"type":"Point","coordinates":[73.9417237,18.4979149]}},
{"type":"Feature","properties":{"osm_id":"639459239","code":2561,"fclass":"hairdresser","name":"Hairdresser"},"geometry":{"type":"Point","coordinates":[73.9416569,18.4979789]}},
{"type":"Feature","properties":{"osm_id":"639459785","code":2516,"fclass":"butcher","name":"Amir Chicken Shop"},"geometry":{"type":"Point","coordinates":[73.9408485,18.4986595]}},
{"type":"Feature","properties":{"osm_id":"663592103","code":2303,"fclass":"cafe","name":"Aroma's"},"geometry":{"type":"Point","coordinates":[73.9052035,18.5387882]}},
{"type":"Feature","properties":{"osm_id":"667277950","code":2504,"fclass":"mall","name":"Renault Fatimanagar"},"geometry":{"type":"Point","coordinates":[73.9014122,18.5060978]}},
{"type":"Feature","properties":{"osm_id":"667277959","code":2301,"fclass":"restaurant","name":"Haka"},"geometry":{"type":"Point","coordinates":[73.9013284,18.5062169]}},
{"type":"Feature","properties":{"osm_id":"667287796","code":2303,"fclass":"cafe","name":"Cafe Coffee Day"},"geometry":{"type":"Point","coordinates":[73.8870419,18.5395824]}},
{"type":"Feature","properties":{"osm_id":"669519722","code":2302,"fclass":"fast_food","name":"McDonald's"},"geometry":{"type":"Point","coordinates":[73.877407,18.5191906]}},
{"type":"Feature","properties":{"osm_id":"670298363","code":2601,"fclass":"bank","name":"Bank of Baroda"},"geometry":{"type":"Point","coordinates":[73.7715441,18.5659084]}},
{"type":"Feature","properties":{"osm_id":"671445777","code":2301,"fclass":"restaurant","name":"Thousand Oaks"},"geometry":{"type":"Point","coordinates":[73.8799164,18.5104212]}},
{"type":"Feature","properties":{"osm_id":"671446340","code":2301,"fclass":"restaurant","name":"11 East Street Cafe"},"geometry":{"type":"Point","coordinates":[73.8804464,18.5199422]}},
{"type":"Feature","properties":{"osm_id":"671451162","code":2002,"fclass":"fire_station","name":"Pune Cantonment Fire Station"},"geometry":{"type":"Point","coordinates":[73.8843225,18.4985647]}},
{"type":"Feature","properties":{"osm_id":"671452972","code":2301,"fclass":"restaurant","name":"Olympia Restaurant - Kathi Kebabs"},"geometry":{"type":"Point","coordinates":[73.8796502,18.5140857]}},
{"type":"Feature","properties":{"osm_id":"671453565","code":2203,"fclass":"cinema","name":"Victory Cinema"},"geometry":{"type":"Point","coordinates":[73.8794763,18.5145465]}},
{"type":"Feature","properties":{"osm_id":"671455417","code":2303,"fclass":"cafe","name":"Marz-O-Rin"},"geometry":{"type":"Point","coordinates":[73.8790851,18.5165106]}},
{"type":"Feature","properties":{"osm_id":"671455736","code":2401,"fclass":"hotel","name":"Aurora Towers"},"geometry":{"type":"Point","coordinates":[73.878853,18.5181549]}},
{"type":"Feature","properties":{"osm_id":"671463284","code":2203,"fclass":"cinema","name":"West End"},"geometry":{"type":"Point","coordinates":[73.8779625,18.5185312]}},
{"type":"Feature","properties":{"osm_id":"671465865","code":2301,"fclass":"restaurant","name":"Kwality"},"geometry":{"type":"Point","coordinates":[73.8799074,18.5150767]}},
{"type":"Feature","properties":{"osm_id":"672119121","code":2301,"fclass":"restaurant","name":"Sheetal Arch"},"geometry":{"type":"Point","coordinates":[73.880839,18.5124763]}},
{"type":"Feature","properties":{"osm_id":"672120487","code":2110,"fclass":"hospital","name":"Sardar Patel Cantonment General Hospital"},"geometry":{"type":"Point","coordinates":[73.87712,18.5027163]}},
{"type":"Feature","properties":{"osm_id":"672215465","code":2301,"fclass":"restaurant","name":"Sigree"},"geometry":{"type":"Point","coordinates":[73.8750368,18.5395737]}},
{"type":"Feature","properties":{"osm_id":"672223102","code":2005,"fclass":"post_office","name":"Pune General Post Office"},"geometry":{"type":"Point","coordinates":[73.8756503,18.5229317]}},
{"type":"Feature","properties":{"osm_id":"672225961","code":2203,"fclass":"cinema","name":"Inox"},"geometry":{"type":"Point","coordinates":[73.8778583,18.5268449]}},
{"type":"Feature","properties":{"osm_id":"672226924","code":2301,"fclass":"restaurant","name":"Flags"},"geometry":{"type":"Point","coordinates":[73.877989,18.5272989]}},
{"type":"Feature","properties":{"osm_id":"672232247","code":2303,"fclass":"cafe","name":"Coffee House"},"geometry":{"type":"Point","coordinates":[73.8772441,18.5187719]}},
{"type":"Feature","properties":{"osm_id":"672232340","code":2301,"fclass":"restaurant","name":"Ram Krishna"},"geometry":{"type":"Point","coordinates":[73.8785611,18.5191213]}},
{"type":"Feature","properties":{"osm_id":"672675264","code":2303,"fclass":"cafe","name":"Starbucks"},"geometry":{"type":"Point","coordinates":[73.8866937,18.5392674]}},
{"type":"Feature","properties":{"osm_id":"674075322","code":2401,"fclass":"hotel","name":"Raviraj"},"geometry":{"type":"Point","coordinates":[73.8363021,18.5178872]}},
{"type":"Feature","properties":{"osm_id":"674697804","code":2110,"fclass":"hospital","name":"Dr. Babasaheb Ambedkar Cantonment General Hospital"},"geometry":{"type":"Point","coordinates":[73.8486994,18.569025]}},
{"type":"Feature","properties":{"osm_id":"674921316","code":2301,"fclass":"restaurant","name":"Trinco"},"geometry":{"type":"Point","coordinates":[73.8872945,18.5265172]}},
{"type":"Feature","properties":{"osm_id":"674921350","code":2303,"fclass":"cafe","name":"Cafe Code Red"},"geometry":{"type":"Point","coordinates":[73.8871613,18.5262952]}},
{"type":"Feature","properties":{"osm_id":"674930856","code":2001,"fclass":"police","name":"Council Hall Police Station"},"geometry":{"type":"Point","coordinates":[73.8788557,18.5244252]}},
{"type":"Feature","properties":{"osm_id":"675628669","code":2724,"fclass":"memorial","name":"National War Memorial Southern Command"},"geometry":{"type":"Point","coordinates":[73.8896575,18.5230742]}},
{"type":"Feature","properties":{"osm_id":"678341812","code":2110,"fclass":"hospital","name":"Command Hospital Southern Command"},"geometry":{"type":"Point","coordinates":[73.8894328,18.5005828]}},
{"type":"Feature","properties":{"osm_id":"678444711","code":2001,"fclass":"police","name":"Sambhaji Police Chowki"},"geometry":{"type":"Point","coordinates":[73.8438921,18.5131785]}},
{"type":"Feature","properties":{"osm_id":"679044949","code":2301,"fclass":"restaurant","name":"Prego"},"geometry":{"type":"Point","coordinates":[73.9061183,18.5393141]}},
{"type":"Feature","properties":{"osm_id":"679044987","code":2301,"fclass":"restaurant","name":"Kangan"},"geometry":{"type":"Point","coordinates":[73.9061077,18.5399703]}},
{"type":"Feature","properties":{"osm_id":"761910880","code":2301,"fclass":"restaurant","name":"Rajwada"},"geometry":{"type":"Point","coordinates":[73.8042565,18.5494]}},
{"type":"Feature","properties":{"osm_id":"761931088","code":2301,"fclass":"restaurant","name":"Up and Above"},"geometry":{"type":"Point","coordinates":[73.7839701,18.5064267]}},
{"type":"Feature","properties":{"osm_id":"761948537","code":2082,"fclass":"school","name":"Symbiosis Nursery School"},"geometry":{"type":"Point","coordinates":[73.8377434,18.533081]}},
{"type":"Feature","properties":{"osm_id":"763454605","code":2101,"fclass":"pharmacy","name":"Ishwar Medical"},"geometry":{"type":"Point","coordinates":[73.8050612,18.5538796]}},
{"type":"Feature","properties":{"osm_id":"763454606","code":2501,"fclass":"supermarket","name":""},"geometry":{"type":"Point","coordinates":[73.8049968,18.5539915]}},
{"type":"Feature","properties":{"osm_id":"763455220","code":2501,"fclass":"supermarket","name":"Chitale"},"geometry":{"type":"Point","coordinates":[73.8055225,18.5575921]}},
{"type":"Feature","properties":{"osm_id":"763545776","code":2303,"fclass":"cafe","name":"Grubshup"},"geometry":{"type":"Point","coordinates":[73.8298928,18.5108517]}},
{"type":"Feature","properties":{"osm_id":"763545824","code":2302,"fclass":"fast_food","name":"Kalyan Bhel"},"geometry":{"type":"Point","coordinates":[73.8302361,18.5118996]}},
{"type":"Feature","properties":{"osm_id":"763552839","code":2601,"fclass":"bank","name":"Bank of Baroda"},"geometry":{"type":"Point","coordinates":[73.798771,18.5544639]}},
{"type":"Feature","properties":{"osm_id":"772571829","code":2110,"fclass":"hospital","name":"Sassoon Hospital"},"geometry":{"type":"Point","coordinates":[73.8695664,18.5251434]}},
{"type":"Feature","properties":{"osm_id":"772572006","code":2084,"fclass":"college","name":"BJ Medical College"},"geometry":{"type":"Point","coordinates":[73.8719155,18.5268345]}},
{"type":"Feature","properties":{"osm_id":"789617167","code":2302,"fclass":"fast_food","name":"McDonald's"},"geometry":{"type":"Point","coordinates":[73.8779918,18.5269924]}},
{"type":"Feature","properties":{"osm_id":"789623167","code":2301,"fclass":"restaurant","name":"Blue Nile"},"geometry":{"type":"Point","coordinates":[73.8774667,18.5217526]}},
{"type":"Feature","properties":{"osm_id":"789630715","code":2301,"fclass":"restaurant","name":"George"},"geometry":{"type":"Point","coordinates":[73.8794126,18.5173226]}},
{"type":"Feature","properties":{"osm_id":"789630802","code":2401,"fclass":"hotel","name":"Sagar Plaza"},"geometry":{"type":"Point","coordinates":[73.8766107,18.5201845]}},
{"type":"Feature","properties":{"osm_id":"789695547","code":2502,"fclass":"bakery","name":"Kayani Bakery"},"geometry":{"type":"Point","coordinates":[73.8800072,18.514857]}},
{"type":"Feature","properties":{"osm_id":"811226430","code":2301,"fclass":"restaurant","name":"Mahesh Lunch Home"},"geometry":{"type":"Point","coordinates":[73.8725539,18.5208896]}},
{"type":"Feature","properties":{"osm_id":"824469199","code":2302,"fclass":"fast_food","name":"KFC"},"geometry":{"type":"Point","coordinates":[73.8763897,18.521763]}},
{"type":"Feature","properties":{"osm_id":"824469850","code":2303,"fclass":"cafe","name":"Barista Lavazza"},"geometry":{"type":"Point","coordinates":[73.8793295,18.5181975]}},
{"type":"Feature","properties":{"osm_id":"831251526","code":2301,"fclass":"restaurant","name":"Toit brewery and Resturant"},"geometry":{"type":"Point","coordinates":[73.9051438,18.5540074]}},
{"type":"Feature","properties":{"osm_id":"831253313","code":2301,"fclass":"restaurant","name":"Rajdhani"},"geometry":{"type":"Point","coordinates":[73.9063531,18.5452508]}},
{"type":"Feature","properties":{"osm_id":"833395996","code":2512,"fclass":"clothes","name":"Wills Lifestyle"},"geometry":{"type":"Point","coordinates":[73.8795011,18.5175668]}},
{"type":"Feature","properties":{"osm_id":"865779489","code":2301,"fclass":"restaurant","name":"Hotel Mahableshwar"},"geometry":{"type":"Point","coordinates":[73.7983529,18.5552434]}},
{"type":"Feature","properties":{"osm_id":"865812384","code":2303,"fclass":"cafe","name":"Pastry Corner"},"geometry":{"type":"Point","coordinates":[73.8303995,18.5088106]}},
{"type":"Feature","properties":{"osm_id":"865812384","code":2502,"fclass":"bakery","name":"Pastry Corner"},"geometry":{"type":"Point","coordinates":[73.8303995,18.5088106]}},
{"type":"Feature","properties":{"osm_id":"865849506","code":2110,"fclass":"hospital","name":"Sanjeevani Vitalife Medipoint Hospital"},"geometry":{"type":"Point","coordinates":[73.8022626,18.5649263]}},
{"type":"Feature","properties":{"osm_id":"865854267","code":2110,"fclass":"hospital","name":"LifeLine Hospital"},"geometry":{"type":"Point","coordinates":[73.8062674,18.5597445]}},
{"type":"Feature","properties":{"osm_id":"870193119","code":2303,"fclass":"cafe","name":"Iceberg"},"geometry":{"type":"Point","coordinates":[73.8317233,18.5315199]}},
{"type":"Feature","properties":{"osm_id":"870317564","code":2004,"fclass":"post_box","name":""},"geometry":{"type":"Point","coordinates":[73.8497231,18.4911226]}},
{"type":"Feature","properties":{"osm_id":"871450728","code":2511,"fclass":"convenience","name":"Funky's Stuff"},"geometry":{"type":"Point","coordinates":[73.8787061,18.5168375]}},
{"type":"Feature","properties":{"osm_id":"871483312","code":2301,"fclass":"restaurant","name":"Zamu's Place"},"geometry":{"type":"Point","coordinates":[73.8757543,18.5365716]}},
{"type":"Feature","properties":{"osm_id":"871497176","code":2301,"fclass":"restaurant","name":"Sadanand Resorts"},"geometry":{"type":"Point","coordinates":[73.7666377,18.5683679]}},
{"type":"Feature","properties":{"osm_id":"871497964","code":2005,"fclass":"post_office","name":"Baner Post Office"},"geometry":{"type":"Point","coordinates":[73.7663802,18.5699952]}},
{"type":"Feature","properties":{"osm_id":"871515219","code":2110,"fclass":"hospital","name":"Dr. Chowdhary"},"geometry":{"type":"Point","coordinates":[73.8082012,18.5547291]}},
{"type":"Feature","properties":{"osm_id":"871515522","code":2110,"fclass":"hospital","name":"Dr. Bonagiri"},"geometry":{"type":"Point","coordinates":[73.8088556,18.5554816]}},
{"type":"Feature","properties":{"osm_id":"871521047","code":2302,"fclass":"fast_food","name":"Spicer Health Foods"},"geometry":{"type":"Point","coordinates":[73.8195308,18.5630488]}},
{"type":"Feature","properties":{"osm_id":"871523884","code":2501,"fclass":"supermarket","name":"Khadki Fish Market"},"geometry":{"type":"Point","coordinates":[73.8376836,18.5618077]}},
{"type":"Feature","properties":{"osm_id":"936411065","code":2301,"fclass":"restaurant","name":"Chung Fa"},"geometry":{"type":"Point","coordinates":[73.8794546,18.5169144]}},
{"type":"Feature","properties":{"osm_id":"936411462","code":2301,"fclass":"restaurant","name":"Mayur Thali"},"geometry":{"type":"Point","coordinates":[73.8795245,18.5166042]}},
{"type":"Feature","properties":{"osm_id":"988738259","code":2110,"fclass":"hospital","name":"Shree Sakthi Hospital"},"geometry":{"type":"Point","coordinates":[73.8015444,18.5883392]}},
{"type":"Feature","properties":{"osm_id":"1011184850","code":2511,"fclass":"convenience","name":"Ram Dev Store"},"geometry":{"type":"Point","coordinates":[73.7858854,18.543612]}},
{"type":"Feature","properties":{"osm_id":"1011184893","code":2082,"fclass":"school","name":"Lokseva CBSE School"},"geometry":{"type":"Point","coordinates":[73.7838017,18.5463629]}},
{"type":"Feature","properties":{"osm_id":"1011184896","code":2101,"fclass":"pharmacy","name":"Ishwar Drug House"},"geometry":{"type":"Point","coordinates":[73.7845372,18.5434538]}},
{"type":"Feature","properties":{"osm_id":"1011184903","code":2101,"fclass":"pharmacy","name":"Metro Chemists"},"geometry":{"type":"Point","coordinates":[73.7843119,18.543525]}},
{"type":"Feature","properties":{"osm_id":"1011184907","code":2301,"fclass":"restaurant","name":"Hotel Parichay"},"geometry":{"type":"Point","coordinates":[73.7841772,18.5435148]}},
{"type":"Feature","properties":{"osm_id":"1011184945","code":2301,"fclass":"restaurant","name":"Hotel Prasanna"},"geometry":{"type":"Point","coordinates":[73.7844503,18.5435326]}},
{"type":"Feature","properties":{"osm_id":"1045902130","code":2203,"fclass":"cinema","name":"City Pride Multiplex"},"geometry":{"type":"Point","coordinates":[73.857908,18.4886957]}},
{"type":"Feature","properties":{"osm_id":"1054640402","code":2004,"fclass":"post_box","name":""},"geometry":{"type":"Point","coordinates":[73.8462994,18.504229]}},
{"type":"Feature","properties":{"osm_id":"1054641704","code":2110,"fclass":"hospital","name":"Karva Hospital"},"geometry":{"type":"Point","coordinates":[73.8461063,18.5009733]}},
{"type":"Feature","properties":{"osm_id":"1063806009","code":2501,"fclass":"supermarket","name":"Dhanashree Supermarket"},"geometry":{"type":"Point","coordinates":[73.782124,18.5440332]}},
{"type":"Feature","properties":{"osm_id":"1065038301","code":2511,"fclass":"convenience","name":"Ashapura Stationery"},"geometry":{"type":"Point","coordinates":[73.7829196,18.5442452]}},
{"type":"Feature","properties":{"osm_id":"1065055883","code":2110,"fclass":"hospital","name":"Jeevan Deep Medicare Centre"},"geometry":{"type":"Point","coordinates":[73.7838607,18.5433023]}},
{"type":"Feature","properties":{"osm_id":"1065057902","code":2111,"fclass":"clinic","name":"Dr. Rangappa's Ayurvedic Clinic"},"geometry":{"type":"Point","coordinates":[73.7852375,18.5437305]}},
{"type":"Feature","properties":{"osm_id":"1065057903","code":2302,"fclass":"fast_food","name":"Sai Dabeli Centre"},"geometry":{"type":"Point","coordinates":[73.7849183,18.5433033]}},
{"type":"Feature","properties":{"osm_id":"1065057906","code":2121,"fclass":"dentist","name":"Dr. Mane's Dental Clinic"},"geometry":{"type":"Point","coordinates":[73.7907722,18.5424578]}},
{"type":"Feature","properties":{"osm_id":"1065057907","code":2111,"fclass":"clinic","name":"VitaLife Clinic"},"geometry":{"type":"Point","coordinates":[73.7907426,18.5424692]}},
{"type":"Feature","properties":{"osm_id":"1065834426","code":2401,"fclass":"hotel","name":"The Gordon House"},"geometry":{"type":"Point","coordinates":[73.8357003,18.5380015]}},
{"type":"Feature","properties":{"osm_id":"1065859943","code":2301,"fclass":"restaurant","name":"Shivanjali Restaurant and Bar"},"geometry":{"type":"Point","coordinates":[73.7887912,18.5425963]}},
{"type":"Feature","properties":{"osm_id":"1065869108","code":2741,"fclass":"picnic_site","name":"Wonder Funkey"},"geometry":{"type":"Point","coordinates":[73.7892771,18.4990996]}},
{"type":"Feature","properties":{"osm_id":"1068774759","code":2111,"fclass":"clinic","name":"Dr. Nitin Joglekar's Clinic"},"geometry":{"type":"Point","coordinates":[73.7843869,18.5435561]}},
{"type":"Feature","properties":{"osm_id":"1109153492","code":2302,"fclass":"fast_food","name":"Hotel Kinara"},"geometry":{"type":"Point","coordinates":[73.8063898,18.507489]}},
{"type":"Feature","properties":{"osm_id":"1109153493","code":2110,"fclass":"hospital","name":"Sahyadri Hospital"},"geometry":{"type":"Point","coordinates":[73.8058341,18.5075061]}},
{"type":"Feature","properties":{"osm_id":"1109153494","code":2110,"fclass":"hospital","name":"Krishna Hospital, Pune"},"geometry":{"type":"Point","coordinates":[73.8128199,18.5092055]}},
{"type":"Feature","properties":{"osm_id":"1109153496","code":2302,"fclass":"fast_food","name":"Pratik Paav Bhaji"},"geometry":{"type":"Point","coordinates":[73.8090612,18.507835]}},
{"type":"Feature","properties":{"osm_id":"1109153498","code":2101,"fclass":"pharmacy","name":"Rahul Medicals"},"geometry":{"type":"Point","coordinates":[73.8088896,18.5117315]}},
{"type":"Feature","properties":{"osm_id":"1109210916","code":2082,"fclass":"school","name":"New India School"},"geometry":{"type":"Point","coordinates":[73.7949421,18.5114263]}},
{"type":"Feature","properties":{"osm_id":"1157298290","code":2301,"fclass":"restaurant","name":"गोकुळ"},"geometry":{"type":"Point","coordinates":[73.7830226,18.588516]}},
{"type":"Feature","properties":{"osm_id":"1182849579","code":2601,"fclass":"bank","name":"Bank of Baroda"},"geometry":{"type":"Point","coordinates":[73.8364777,18.5407412]}},
{"type":"Feature","properties":{"osm_id":"1202781532","code":2601,"fclass":"bank","name":"Cosmos Bank Pashan Branch"},"geometry":{"type":"Point","coordinates":[73.7935948,18.5373285]}},
{"type":"Feature","properties":{"osm_id":"1202781535","code":2601,"fclass":"bank","name":"IDBI Bank"},"geometry":{"type":"Point","coordinates":[73.7908082,18.5424407]}},
{"type":"Feature","properties":{"osm_id":"1202781542","code":2601,"fclass":"bank","name":"Union Bank of India"},"geometry":{"type":"Point","coordinates":[73.7830649,18.544249]}},
{"type":"Feature","properties":{"osm_id":"1202794720","code":2601,"fclass":"bank","name":"State Bank of India Pashan Branch"},"geometry":{"type":"Point","coordinates":[73.7866204,18.5436126]}},
{"type":"Feature","properties":{"osm_id":"1211826817","code":2302,"fclass":"fast_food","name":"न्या. रानडे बालक मंदिर"},"geometry":{"type":"Point","coordinates":[73.8497965,18.5188515]}},
{"type":"Feature","properties":{"osm_id":"1214698509","code":2082,"fclass":"school","name":"Hutchings High School"},"geometry":{"type":"Point","coordinates":[73.881898,18.500656]}},
{"type":"Feature","properties":{"osm_id":"1223032158","code":2501,"fclass":"supermarket","name":"Vishal Mega Mart"},"geometry":{"type":"Point","coordinates":[73.900788,18.5036855]}},
{"type":"Feature","properties":{"osm_id":"1223055442","code":2302,"fclass":"fast_food","name":"McDonald's"},"geometry":{"type":"Point","coordinates":[73.9002012,18.4910236]}},
{"type":"Feature","properties":{"osm_id":"1223055583","code":2301,"fclass":"restaurant","name":"Atlantis"},"geometry":{"type":"Point","coordinates":[73.9002064,18.4909464]}},
{"type":"Feature","properties":{"osm_id":"1223063934","code":2082,"fclass":"school","name":"Kendriya Vidyalaya"},"geometry":{"type":"Point","coordinates":[73.8816048,18.4869487]}},
{"type":"Feature","properties":{"osm_id":"1229054871","code":2082,"fclass":"school","name":"Wisdom World School"},"geometry":{"type":"Point","coordinates":[73.7804493,18.5982042]}},
{"type":"Feature","properties":{"osm_id":"1229142799","code":2303,"fclass":"cafe","name":"Yerawada"},"geometry":{"type":"Point","coordinates":[73.8865762,18.5656319]}},
{"type":"Feature","properties":{"osm_id":"1232185660","code":2082,"fclass":"school","name":"Saint Mary's High School"},"geometry":{"type":"Point","coordinates":[73.8839949,18.5092631]}},
{"type":"Feature","properties":{"osm_id":"1242067056","code":2301,"fclass":"restaurant","name":"Pizza Hut"},"geometry":{"type":"Point","coordinates":[73.8775238,18.5191455]}},
{"type":"Feature","properties":{"osm_id":"1242067083","code":2512,"fclass":"clothes","name":"Westside"},"geometry":{"type":"Point","coordinates":[73.8777121,18.5191993]}},
{"type":"Feature","properties":{"osm_id":"1243064186","code":2303,"fclass":"cafe","name":"Judicial Canteen"},"geometry":{"type":"Point","coordinates":[73.873222,18.5243164]}},
{"type":"Feature","properties":{"osm_id":"1255574000","code":2303,"fclass":"cafe","name":"Durga Cafe"},"geometry":{"type":"Point","coordinates":[73.8161195,18.4850121]}},
{"type":"Feature","properties":{"osm_id":"1271226835","code":2602,"fclass":"atm","name":""},"geometry":{"type":"Point","coordinates":[73.8091297,18.5089944]}},
{"type":"Feature","properties":{"osm_id":"1271226856","code":2602,"fclass":"atm","name":"ICICI Bank ATM"},"geometry":{"type":"Point","coordinates":[73.8141239,18.5097727]}},
{"type":"Feature","properties":{"osm_id":"1271226863","code":2602,"fclass":"atm","name":""},"geometry":{"type":"Point","coordinates":[73.8090867,18.5118583]}},
{"type":"Feature","properties":{"osm_id":"1271226865","code":2301,"fclass":"restaurant","name":"Hotel Palavi"},"geometry":{"type":"Point","coordinates":[73.8144673,18.5098693]}},
{"type":"Feature","properties":{"osm_id":"1271226869","code":2302,"fclass":"fast_food","name":"Hotel Durga"},"geometry":{"type":"Point","coordinates":[73.8163126,18.5103221]}},
{"type":"Feature","properties":{"osm_id":"1271226872","code":2602,"fclass":"atm","name":""},"geometry":{"type":"Point","coordinates":[73.8088775,18.5097269]}},
{"type":"Feature","properties":{"osm_id":"1271226873","code":2004,"fclass":"post_box","name":""},"geometry":{"type":"Point","coordinates":[73.8287444,18.5127935]}},
{"type":"Feature","properties":{"osm_id":"1271226874","code":2601,"fclass":"bank","name":"Bank of Baroda"},"geometry":{"type":"Point","coordinates":[73.8203842,18.5101644]}},
{"type":"Feature","properties":{"osm_id":"1304723072","code":2002,"fclass":"fire_station","name":"Suncity Road Fire Station, Pune"},"geometry":{"type":"Point","coordinates":[73.815447,18.4754767]}},
{"type":"Feature","properties":{"osm_id":"1305056479","code":2511,"fclass":"convenience","name":""},"geometry":{"type":"Point","coordinates":[73.8157346,18.475333]}},
{"type":"Feature","properties":{"osm_id":"1305056480","code":2110,"fclass":"hospital","name":"Madhukar General Hospital"},"geometry":{"type":"Point","coordinates":[73.8241232,18.4789234]}},
{"type":"Feature","properties":{"osm_id":"1305056483","code":2101,"fclass":"pharmacy","name":"Siddhivinayak Medico"},"geometry":{"type":"Point","coordinates":[73.8139227,18.4745969]}},
{"type":"Feature","properties":{"osm_id":"1305074639","code":2602,"fclass":"atm","name":"HDFC Bank"},"geometry":{"type":"Point","coordinates":[73.8240347,18.4779601]}},
{"type":"Feature","properties":{"osm_id":"1309316769","code":2083,"fclass":"kindergarten","name":"Sanskar"},"geometry":{"type":"Point","coordinates":[73.8149253,18.4729716]}},
{"type":"Feature","properties":{"osm_id":"1309316771","code":2602,"fclass":"atm","name":""},"geometry":{"type":"Point","coordinates":[73.8190575,18.477369]}},
{"type":"Feature","properties":{"osm_id":"1309316784","code":2111,"fclass":"clinic","name":"Dr. Mudgerikar Clinic"},"geometry":{"type":"Point","coordinates":[73.819019,18.477361]}},
{"type":"Feature","properties":{"osm_id":"1309316786","code":2111,"fclass":"clinic","name":"Dr. Bodhe Clinic"},"geometry":{"type":"Point","coordinates":[73.8132288,18.4745186]}},
{"type":"Feature","properties":{"osm_id":"1309316787","code":2110,"fclass":"hospital","name":"Dr. Naik Clinic"},"geometry":{"type":"Point","coordinates":[73.8140764,18.4745644]}},
{"type":"Feature","properties":{"osm_id":"1309316799","code":2602,"fclass":"atm","name":"State Bank of India"},"geometry":{"type":"Point","coordinates":[73.8135399,18.4740659]}},
{"type":"Feature","properties":{"osm_id":"1311585649","code":2601,"fclass":"bank","name":"Bank of Maharashtra"},"geometry":{"type":"Point","coordinates":[73.8240413,18.4788316]}},
{"type":"Feature","properties":{"osm_id":"1311585979","code":2601,"fclass":"bank","name":"Sarswat Bank"},"geometry":{"type":"Point","coordinates":[73.8181727,18.4769185]}},
{"type":"Feature","properties":{"osm_id":"1316290929","code":2501,"fclass":"supermarket","name":"Reliance Smart"},"geometry":{"type":"Point","coordinates":[73.9376534,18.5509546]}},
{"type":"Feature","properties":{"osm_id":"1392873184","code":2012,"fclass":"community_centre","name":"Anand Magal Karyalaya"},"geometry":{"type":"Point","coordinates":[73.8551825,18.5010303]}},
{"type":"Feature","properties":{"osm_id":"1430953887","code":2602,"fclass":"atm","name":""},"geometry":{"type":"Point","coordinates":[73.803803,18.5979983]}},
{"type":"Feature","properties":{"osm_id":"1432888998","code":2301,"fclass":"restaurant","name":"Shivar Garden"},"geometry":{"type":"Point","coordinates":[73.7875593,18.5950013]}},
{"type":"Feature","properties":{"osm_id":"1433203405","code":2007,"fclass":"library","name":"lib"},"geometry":{"type":"Point","coordinates":[73.8922142,18.5748417]}},
{"type":"Feature","properties":{"osm_id":"1532852988","code":2502,"fclass":"bakery","name":"Monginis"},"geometry":{"type":"Point","coordinates":[73.9283293,18.5094611]}},
{"type":"Feature","properties":{"osm_id":"1532852993","code":2303,"fclass":"cafe","name":"Cafe Coffee Day"},"geometry":{"type":"Point","coordinates":[73.9284704,18.5124751]}},
{"type":"Feature","properties":{"osm_id":"1532852998","code":2601,"fclass":"bank","name":"HDFC Bank"},"geometry":{"type":"Point","coordinates":[73.9285868,18.5099291]}},
{"type":"Feature","properties":{"osm_id":"1532852999","code":2301,"fclass":"restaurant","name":"Spice Kitchen"},"geometry":{"type":"Point","coordinates":[73.9283508,18.5096188]}},
{"type":"Feature","properties":{"osm_id":"1532853001","code":2601,"fclass":"bank","name":"Punjab National Bank"},"geometry":{"type":"Point","coordinates":[73.9286247,18.5094711]}},
{"type":"Feature","properties":{"osm_id":"1534215007","code":2301,"fclass":"restaurant","name":"Darshan"},"geometry":{"type":"Point","coordinates":[73.8409178,18.5140762]}},
{"type":"Feature","properties":{"osm_id":"1534218276","code":2515,"fclass":"bookshop","name":"International Book Service"},"geometry":{"type":"Point","coordinates":[73.8421182,18.5149568]}},
{"type":"Feature","properties":{"osm_id":"1534219869","code":2502,"fclass":"bakery","name":"Regal Bakery"},"geometry":{"type":"Point","coordinates":[73.8407679,18.5141066]}},
{"type":"Feature","properties":{"osm_id":"1534393699","code":2601,"fclass":"bank","name":"ICICI Bank"},"geometry":{"type":"Point","coordinates":[73.830977,18.5188204]}},
{"type":"Feature","properties":{"osm_id":"1534398824","code":2101,"fclass":"pharmacy","name":""},"geometry":{"type":"Point","coordinates":[73.833895,18.516684]}},
{"type":"Feature","properties":{"osm_id":"1534401106","code":2101,"fclass":"pharmacy","name":"Apollo Pharmacy"},"geometry":{"type":"Point","coordinates":[73.8339486,18.517157]}},
{"type":"Feature","properties":{"osm_id":"1534406257","code":2129,"fclass":"veterinary","name":"Vet Care Pet Clinic"},"geometry":{"type":"Point","coordinates":[73.8345121,18.5176759]}},
{"type":"Feature","properties":{"osm_id":"1534417021","code":2561,"fclass":"hairdresser","name":"The Four Fountains Spa"},"geometry":{"type":"Point","coordinates":[73.8365345,18.5167705]}},
{"type":"Feature","properties":{"osm_id":"1534419509","code":2601,"fclass":"bank","name":"Kotak Mahindra Bank"},"geometry":{"type":"Point","coordinates":[73.8375617,18.5175287]}},
{"type":"Feature","properties":{"osm_id":"1534446149","code":2101,"fclass":"pharmacy","name":"Shubham Medical"},"geometry":{"type":"Point","coordinates":[73.8376342,18.5134285]}},
{"type":"Feature","properties":{"osm_id":"1534448614","code":2601,"fclass":"bank","name":"Punjab National Bank"},"geometry":{"type":"Point","coordinates":[73.8376342,18.5138354]}},
{"type":"Feature","properties":{"osm_id":"1534457948","code":2301,"fclass":"restaurant","name":"Cafe Good Luck"},"geometry":{"type":"Point","coordinates":[73.8414591,18.5172995]}},
{"type":"Feature","properties":{"osm_id":"1534458997","code":2515,"fclass":"bookshop","name":"Archie's Gallery"},"geometry":{"type":"Point","coordinates":[73.8420223,18.5176606]}},
{"type":"Feature","properties":{"osm_id":"1534460856","code":2601,"fclass":"bank","name":"IDBI Bank"},"geometry":{"type":"Point","coordinates":[73.8424957,18.5179442]}},
{"type":"Feature","properties":{"osm_id":"1534465625","code":2001,"fclass":"police","name":"Deccan Gymkhana Police Chowki"},"geometry":{"type":"Point","coordinates":[73.8403808,18.5141406]}},
{"type":"Feature","properties":{"osm_id":"1534471890","code":2005,"fclass":"post_office","name":"Deccan Gymkhana Post Office"},"geometry":{"type":"Point","coordinates":[73.8418668,18.5151122]}},
{"type":"Feature","properties":{"osm_id":"1534474062","code":2528,"fclass":"greengrocer","name":"Vegetable Market"},"geometry":{"type":"Point","coordinates":[73.8418077,18.5146798]}},
{"type":"Feature","properties":{"osm_id":"1534497419","code":2101,"fclass":"pharmacy","name":""},"geometry":{"type":"Point","coordinates":[73.842591,18.5109715]}},
{"type":"Feature","properties":{"osm_id":"1534501626","code":2203,"fclass":"cinema","name":"R Deccan Multiplex"},"geometry":{"type":"Point","coordinates":[73.8423388,18.51645]}},
{"type":"Feature","properties":{"osm_id":"1534838251","code":2405,"fclass":"hostel","name":"P.G.HOSTEL"},"geometry":{"type":"Point","coordinates":[73.8558809,18.4594674]}},
{"type":"Feature","properties":{"osm_id":"1534841978","code":2542,"fclass":"bicycle_shop","name":"Honda Shop"},"geometry":{"type":"Point","coordinates":[73.8564785,18.4711224]}},
{"type":"Feature","properties":{"osm_id":"1563305285","code":2303,"fclass":"cafe","name":"Cafe Cofee Day"},"geometry":{"type":"Point","coordinates":[73.789635,18.5086466]}},
{"type":"Feature","properties":{"osm_id":"1563323284","code":2301,"fclass":"restaurant","name":"Punjab Canteen"},"geometry":{"type":"Point","coordinates":[73.802295,18.4965595]}},
{"type":"Feature","properties":{"osm_id":"1584519194","code":2253,"fclass":"swimming_pool","name":"Nancy Lake Homes Swimming Pool"},"geometry":{"type":"Point","coordinates":[73.8603581,18.4586542]}},
{"type":"Feature","properties":{"osm_id":"1584521159","code":2251,"fclass":"sports_centre","name":"Nancy Lake Homes Club House"},"geometry":{"type":"Point","coordinates":[73.8601059,18.4586694]}},
{"type":"Feature","properties":{"osm_id":"1597812485","code":2602,"fclass":"atm","name":""},"geometry":{"type":"Point","coordinates":[73.8578931,18.4611908]}},
{"type":"Feature","properties":{"osm_id":"1597825767","code":2501,"fclass":"supermarket","name":"KK Market"},"geometry":{"type":"Point","coordinates":[73.8601477,18.4694397]}},
{"type":"Feature","properties":{"osm_id":"1597826957","code":2301,"fclass":"restaurant","name":"Hotel Ravikant"},"geometry":{"type":"Point","coordinates":[73.8560171,18.4747312]}},
{"type":"Feature","properties":{"osm_id":"1597828157","code":2501,"fclass":"supermarket","name":"DMart"},"geometry":{"type":"Point","coordinates":[73.8569481,18.4792277]}},
{"type":"Feature","properties":{"osm_id":"1599557222","code":2602,"fclass":"atm","name":""},"geometry":{"type":"Point","coordinates":[73.8082448,18.5122714]}},
{"type":"Feature","properties":{"osm_id":"1599558288","code":2101,"fclass":"pharmacy","name":""},"geometry":{"type":"Point","coordinates":[73.8062921,18.5076678]}},
{"type":"Feature","properties":{"osm_id":"1599563269","code":2520,"fclass":"jeweller","name":"P N Gadgil"},"geometry":{"type":"Point","coordinates":[73.8190027,18.5102418]}},
{"type":"Feature","properties":{"osm_id":"1609994720","code":2301,"fclass":"restaurant","name":"Tiger Trail"},"geometry":{"type":"Point","coordinates":[73.9065617,18.5464794]}},
{"type":"Feature","properties":{"osm_id":"1651542424","code":2301,"fclass":"restaurant","name":"Punjabi Dhaba"},"geometry":{"type":"Point","coordinates":[73.9113565,18.5651701]}},
{"type":"Feature","properties":{"osm_id":"1651551912","code":2511,"fclass":"convenience","name":"Diamond Super Market"},"geometry":{"type":"Point","coordinates":[73.9109165,18.5698664]}},
{"type":"Feature","properties":{"osm_id":"1651570397","code":2401,"fclass":"hotel","name":"Hotel Executive Residency"},"geometry":{"type":"Point","coordinates":[73.8877559,18.5411401]}},
{"type":"Feature","properties":{"osm_id":"1663837525","code":2524,"fclass":"outdoor_shop","name":"Gypsy Tents"},"geometry":{"type":"Point","coordinates":[73.8722916,18.5095196]}},
{"type":"Feature","properties":{"osm_id":"1666439263","code":2602,"fclass":"atm","name":""},"geometry":{"type":"Point","coordinates":[73.8844557,18.5743959]}},
{"type":"Feature","properties":{"osm_id":"1666439267","code":2602,"fclass":"atm","name":""},"geometry":{"type":"Point","coordinates":[73.8835513,18.5729285]}},
{"type":"Feature","properties":{"osm_id":"1666439281","code":2601,"fclass":"bank","name":"IDBI Bank"},"geometry":{"type":"Point","coordinates":[73.8844315,18.5743476]}},
{"type":"Feature","properties":{"osm_id":"1666439286","code":2602,"fclass":"atm","name":""},"geometry":{"type":"Point","coordinates":[73.8905658,18.5743426]}},
{"type":"Feature","properties":{"osm_id":"1672293776","code":2511,"fclass":"convenience","name":"Ganesh Super Shopee"},"geometry":{"type":"Point","coordinates":[73.8047957,18.4628604]}},
{"type":"Feature","properties":{"osm_id":"1672305741","code":2253,"fclass":"swimming_pool","name":"Rajyog C Play area"},"geometry":{"type":"Point","coordinates":[73.8041016,18.4624942]}},
{"type":"Feature","properties":{"osm_id":"1672318104","code":2521,"fclass":"gift_shop","name":""},"geometry":{"type":"Point","coordinates":[73.8047604,18.4629066]}},
{"type":"Feature","properties":{"osm_id":"1672318119","code":2511,"fclass":"convenience","name":""},"geometry":{"type":"Point","coordinates":[73.8071797,18.4619907]}},
{"type":"Feature","properties":{"osm_id":"1672318121","code":2101,"fclass":"pharmacy","name":""},"geometry":{"type":"Point","coordinates":[73.8071878,18.4619525]}},
{"type":"Feature","properties":{"osm_id":"1684963044","code":2511,"fclass":"convenience","name":"Pushpak General Store"},"geometry":{"type":"Point","coordinates":[73.7639913,18.6008347]}},
{"type":"Feature","properties":{"osm_id":"1690324169","code":2501,"fclass":"supermarket","name":"CoEP Department of Mathematics"},"geometry":{"type":"Point","coordinates":[73.8568225,18.5306945]}},
{"type":"Feature","properties":{"osm_id":"1703723978","code":2001,"fclass":"police","name":"Pimple Saudagar Police Statiom"},"geometry":{"type":"Point","coordinates":[73.7993609,18.6015562]}},
{"type":"Feature","properties":{"osm_id":"1703728241","code":2302,"fclass":"fast_food","name":"Subway"},"geometry":{"type":"Point","coordinates":[73.789165,18.596572]}},
{"type":"Feature","properties":{"osm_id":"1703957753","code":2302,"fclass":"fast_food","name":"Domino's"},"geometry":{"type":"Point","coordinates":[73.7882522,18.5957803]}},
{"type":"Feature","properties":{"osm_id":"1705497142","code":2301,"fclass":"restaurant","name":"One way Food"},"geometry":{"type":"Point","coordinates":[73.8337744,18.4922841]}},
{"type":"Feature","properties":{"osm_id":"1706553325","code":2301,"fclass":"restaurant","name":"Pruthvi Vegetarianism"},"geometry":{"type":"Point","coordinates":[73.8134701,18.4945107]}},
{"type":"Feature","properties":{"osm_id":"1709944510","code":2301,"fclass":"restaurant","name":"Basuri"},"geometry":{"type":"Point","coordinates":[73.8569229,18.4800904]}},
{"type":"Feature","properties":{"osm_id":"1709944517","code":2301,"fclass":"restaurant","name":"Khooshabu"},"geometry":{"type":"Point","coordinates":[73.8583829,18.4633503]}},
{"type":"Feature","properties":{"osm_id":"1710015241","code":2301,"fclass":"restaurant","name":"Shamli"},"geometry":{"type":"Point","coordinates":[73.9279049,18.5050823]}},
{"type":"Feature","properties":{"osm_id":"1710015243","code":2301,"fclass":"restaurant","name":"Bashri"},"geometry":{"type":"Point","coordinates":[73.9277976,18.5032866]}},
{"type":"Feature","properties":{"osm_id":"1714023640","code":2203,"fclass":"cinema","name":"Abhiruchi City Pride"},"geometry":{"type":"Point","coordinates":[73.8165301,18.462949]}},
{"type":"Feature","properties":{"osm_id":"1715929000","code":2601,"fclass":"bank","name":"Cosmos Co-operative Bank Ltd Branch"},"geometry":{"type":"Point","coordinates":[73.8033154,18.4961399]}},
{"type":"Feature","properties":{"osm_id":"1715932779","code":2601,"fclass":"bank","name":"Cosmos Bank"},"geometry":{"type":"Point","coordinates":[73.8017624,18.496028]}},
{"type":"Feature","properties":{"osm_id":"1720374434","code":2301,"fclass":"restaurant","name":"Abhishek Veg"},"geometry":{"type":"Point","coordinates":[73.8306467,18.5037935]}},
{"type":"Feature","properties":{"osm_id":"1725218626","code":2301,"fclass":"restaurant","name":"Meghdoot"},"geometry":{"type":"Point","coordinates":[73.8752608,18.4807993]}},
{"type":"Feature","properties":{"osm_id":"1730061011","code":2301,"fclass":"restaurant","name":"Panchami Hotel"},"geometry":{"type":"Point","coordinates":[73.8574632,18.4926639]}},
{"type":"Feature","properties":{"osm_id":"1730061022","code":2302,"fclass":"fast_food","name":"Smokin' Joe's"},"geometry":{"type":"Point","coordinates":[73.8574616,18.4919816]}},
{"type":"Feature","properties":{"osm_id":"1738337108","code":2601,"fclass":"bank","name":"ICICI Bank"},"geometry":{"type":"Point","coordinates":[73.8563144,18.4889832]}},
{"type":"Feature","properties":{"osm_id":"1738338368","code":2301,"fclass":"restaurant","name":"Vedant"},"geometry":{"type":"Point","coordinates":[73.8571728,18.4887519]}},
{"type":"Feature","properties":{"osm_id":"1741076955","code":2601,"fclass":"bank","name":"ICICI Bank"},"geometry":{"type":"Point","coordinates":[73.8096544,18.554455]}},
{"type":"Feature","properties":{"osm_id":"1743974394","code":2110,"fclass":"hospital","name":"Shewale Hospital"},"geometry":{"type":"Point","coordinates":[73.8325327,18.5626652]}},
{"type":"Feature","properties":{"osm_id":"1747611958","code":2012,"fclass":"community_centre","name":"Indraprasta Karyalay"},"geometry":{"type":"Point","coordinates":[73.830199,18.5387294]}},
{"type":"Feature","properties":{"osm_id":"1751252787","code":2301,"fclass":"restaurant","name":"Oasis Restaurant, Bar and Banquets"},"geometry":{"type":"Point","coordinates":[73.7876344,18.4977614]}},
{"type":"Feature","properties":{"osm_id":"1762149649","code":2601,"fclass":"bank","name":"Bank of Maharashtra"},"geometry":{"type":"Point","coordinates":[73.8207209,18.4539825]}},
{"type":"Feature","properties":{"osm_id":"1762218902","code":2110,"fclass":"hospital","name":"Trimurti Hospital"},"geometry":{"type":"Point","coordinates":[73.8150518,18.462396]}},
{"type":"Feature","properties":{"osm_id":"1765302803","code":2101,"fclass":"pharmacy","name":"Sun Medico"},"geometry":{"type":"Point","coordinates":[73.8132241,18.4747326]}},
{"type":"Feature","properties":{"osm_id":"1765302804","code":2521,"fclass":"gift_shop","name":"Dadimata Shop"},"geometry":{"type":"Point","coordinates":[73.8156488,18.4744681]}},
{"type":"Feature","properties":{"osm_id":"1765304383","code":2511,"fclass":"convenience","name":"Tupperware @ Masurkar"},"geometry":{"type":"Point","coordinates":[73.8134065,18.4752211]}},
{"type":"Feature","properties":{"osm_id":"1765313281","code":2602,"fclass":"atm","name":""},"geometry":{"type":"Point","coordinates":[73.8134617,18.4747091]}},
{"type":"Feature","properties":{"osm_id":"1766250528","code":2501,"fclass":"supermarket","name":"Reliance Mart"},"geometry":{"type":"Point","coordinates":[73.8071709,18.5631428]}},
{"type":"Feature","properties":{"osm_id":"1768859199","code":2303,"fclass":"cafe","name":"Pesto Pesto"},"geometry":{"type":"Point","coordinates":[73.9068979,18.5381475]}},
{"type":"Feature","properties":{"osm_id":"1792866642","code":2301,"fclass":"restaurant","name":"Namah"},"geometry":{"type":"Point","coordinates":[73.7757061,18.6003507]}},
{"type":"Feature","properties":{"osm_id":"1795991228","code":2302,"fclass":"fast_food","name":"Dominoz Bharati Vidyapeeth"},"geometry":{"type":"Point","coordinates":[73.8584426,18.4586483]}},
{"type":"Feature","properties":{"osm_id":"1796882692","code":2601,"fclass":"bank","name":"ICICI Bank"},"geometry":{"type":"Point","coordinates":[73.8852292,18.5404542]}},
{"type":"Feature","properties":{"osm_id":"1796882704","code":2502,"fclass":"bakery","name":"Bread Story"},"geometry":{"type":"Point","coordinates":[73.9056381,18.5446577]}},
{"type":"Feature","properties":{"osm_id":"1796901377","code":2301,"fclass":"restaurant","name":"Malaka Spice"},"geometry":{"type":"Point","coordinates":[73.8973367,18.5374326]}},
{"type":"Feature","properties":{"osm_id":"1800027123","code":2501,"fclass":"supermarket","name":"Dorabjee's - Viman Nagar"},"geometry":{"type":"Point","coordinates":[73.9074459,18.5685148]}},
{"type":"Feature","properties":{"osm_id":"1800033826","code":2301,"fclass":"restaurant","name":"Great Kebab Factory"},"geometry":{"type":"Point","coordinates":[73.9378665,18.5532327]}},
{"type":"Feature","properties":{"osm_id":"1804237966","code":2301,"fclass":"restaurant","name":"Marrakesh"},"geometry":{"type":"Point","coordinates":[73.9056726,18.5487745]}},
{"type":"Feature","properties":{"osm_id":"1807637657","code":2301,"fclass":"restaurant","name":""},"geometry":{"type":"Point","coordinates":[73.8559341,18.4922365]}},
{"type":"Feature","properties":{"osm_id":"1827287456","code":2301,"fclass":"restaurant","name":"Abhiman Restaurant"},"geometry":{"type":"Point","coordinates":[73.8192184,18.5405197]}},
{"type":"Feature","properties":{"osm_id":"1838689879","code":2301,"fclass":"restaurant","name":"One Way Foods"},"geometry":{"type":"Point","coordinates":[73.8107689,18.4956381]}},
{"type":"Feature","properties":{"osm_id":"1839836664","code":2543,"fclass":"doityourself","name":"Khandale Scrap Store"},"geometry":{"type":"Point","coordinates":[73.8558424,18.4706911]}},
{"type":"Feature","properties":{"osm_id":"1839836665","code":2511,"fclass":"convenience","name":"Kirane Store"},"geometry":{"type":"Point","coordinates":[73.8555833,18.4701944]}},
{"type":"Feature","properties":{"osm_id":"1839836666","code":2963,"fclass":"water_mill","name":"Kolpana Flour Mill"},"geometry":{"type":"Point","coordinates":[73.8557778,18.4704722]}},
{"type":"Feature","properties":{"osm_id":"1839836667","code":2511,"fclass":"convenience","name":"Krushna Store"},"geometry":{"type":"Point","coordinates":[73.8558889,18.47]}},
{"type":"Feature","properties":{"osm_id":"1839836668","code":2963,"fclass":"water_mill","name":"Laxmi Flour Mill"},"geometry":{"type":"Point","coordinates":[73.855664,18.4707475]}},
{"type":"Feature","properties":{"osm_id":"1839836672","code":2561,"fclass":"hairdresser","name":"Primurti Hairdresser"},"geometry":{"type":"Point","coordinates":[73.8556389,18.4704167]}},
{"type":"Feature","properties":{"osm_id":"1839836673","code":2561,"fclass":"hairdresser","name":"Puja Beauty Parlour"},"geometry":{"type":"Point","coordinates":[73.855221,18.4707046]}},
{"type":"Feature","properties":{"osm_id":"1839836674","code":2512,"fclass":"clothes","name":"Raju Pardeshi Tailor"},"geometry":{"type":"Point","coordinates":[73.8552211,18.4706097]}},
{"type":"Feature","properties":{"osm_id":"1839836675","code":2511,"fclass":"convenience","name":"Ram Super Store"},"geometry":{"type":"Point","coordinates":[73.8552211,18.4706604]}},
{"type":"Feature","properties":{"osm_id":"1839836677","code":2511,"fclass":"convenience","name":"Sohan Store"},"geometry":{"type":"Point","coordinates":[73.8558389,18.4709233]}},
{"type":"Feature","properties":{"osm_id":"1839836679","code":2901,"fclass":"toilet","name":""},"geometry":{"type":"Point","coordinates":[73.8553136,18.4700655]}},
{"type":"Feature","properties":{"osm_id":"1839836680","code":2901,"fclass":"toilet","name":""},"geometry":{"type":"Point","coordinates":[73.8558136,18.4704493]}},
{"type":"Feature","properties":{"osm_id":"1839836681","code":2901,"fclass":"toilet","name":""},"geometry":{"type":"Point","coordinates":[73.8558333,18.471]}},
{"type":"Feature","properties":{"osm_id":"1840883756","code":2511,"fclass":"convenience","name":"Mahalaxmi Bangles"},"geometry":{"type":"Point","coordinates":[73.8556667,18.4714167]}},
{"type":"Feature","properties":{"osm_id":"1840883759","code":2511,"fclass":"convenience","name":"Mahalaxmi"},"geometry":{"type":"Point","coordinates":[73.8555278,18.4709444]}},
{"type":"Feature","properties":{"osm_id":"1840883779","code":2083,"fclass":"kindergarten","name":"Samaj Mandir"},"geometry":{"type":"Point","coordinates":[73.8559466,18.4701962]}},
{"type":"Feature","properties":{"osm_id":"1840883781","code":2083,"fclass":"kindergarten","name":"Samaj Mandir"},"geometry":{"type":"Point","coordinates":[73.8558528,18.4705862]}},
{"type":"Feature","properties":{"osm_id":"1840883783","code":2511,"fclass":"convenience","name":"Swami Samorth"},"geometry":{"type":"Point","coordinates":[73.8554722,18.4713333]}},
{"type":"Feature","properties":{"osm_id":"1840883786","code":2901,"fclass":"toilet","name":""},"geometry":{"type":"Point","coordinates":[73.8558611,18.4711389]}},
{"type":"Feature","properties":{"osm_id":"1841000023","code":2301,"fclass":"restaurant","name":"Basho's"},"geometry":{"type":"Point","coordinates":[73.9183814,18.5306779]}},
{"type":"Feature","properties":{"osm_id":"1841515318","code":2906,"fclass":"waste_basket","name":""},"geometry":{"type":"Point","coordinates":[73.8557554,18.4726266]}},
{"type":"Feature","properties":{"osm_id":"1846908244","code":2301,"fclass":"restaurant","name":"Eddie's Kitchen"},"geometry":{"type":"Point","coordinates":[73.8748581,18.5175183]}},
{"type":"Feature","properties":{"osm_id":"1881102282","code":2546,"fclass":"computer_shop","name":"Baba computers"},"geometry":{"type":"Point","coordinates":[73.8395618,18.4972413]}},
{"type":"Feature","properties":{"osm_id":"1881695494","code":2501,"fclass":"supermarket","name":"Reliance Fresh"},"geometry":{"type":"Point","coordinates":[73.8159888,18.5097382]}},
{"type":"Feature","properties":{"osm_id":"1881728289","code":2525,"fclass":"mobile_phone_shop","name":"The Mobile Store"},"geometry":{"type":"Point","coordinates":[73.8177429,18.5101044]}},
{"type":"Feature","properties":{"osm_id":"1881729964","code":2525,"fclass":"mobile_phone_shop","name":"Aircel Gallery"},"geometry":{"type":"Point","coordinates":[73.8178127,18.5101095]}},
{"type":"Feature","properties":{"osm_id":"1883108331","code":2601,"fclass":"bank","name":"HDFC Bank"},"geometry":{"type":"Point","coordinates":[73.8177514,18.5048062]}},
{"type":"Feature","properties":{"osm_id":"1883112979","code":2601,"fclass":"bank","name":"Axis Bank"},"geometry":{"type":"Point","coordinates":[73.8180109,18.5049281]}},
{"type":"Feature","properties":{"osm_id":"1883149597","code":2602,"fclass":"atm","name":"IDBI Bank"},"geometry":{"type":"Point","coordinates":[73.822939,18.5075174]}},
{"type":"Feature","properties":{"osm_id":"1883742271","code":2007,"fclass":"library","name":"The Phoenix Library"},"geometry":{"type":"Point","coordinates":[73.8491157,18.5132392]}},
{"type":"Feature","properties":{"osm_id":"1884355789","code":2501,"fclass":"supermarket","name":"Reliance Smart Bazaar"},"geometry":{"type":"Point","coordinates":[73.821795,18.4991655]}},
{"type":"Feature","properties":{"osm_id":"1884401429","code":2302,"fclass":"fast_food","name":"McDonald's"},"geometry":{"type":"Point","coordinates":[73.8216038,18.5047772]}},
{"type":"Feature","properties":{"osm_id":"1884439681","code":2082,"fclass":"school","name":"College of Agriculture"},"geometry":{"type":"Point","coordinates":[73.8446658,18.5319801]}},
{"type":"Feature","properties":{"osm_id":"1884443871","code":2602,"fclass":"atm","name":"Kotak Mahindra Bank"},"geometry":{"type":"Point","coordinates":[73.8175894,18.5106824]}},
{"type":"Feature","properties":{"osm_id":"1886884517","code":2110,"fclass":"hospital","name":"Sanjiwini Hospital"},"geometry":{"type":"Point","coordinates":[73.848079,18.4433669]}},
{"type":"Feature","properties":{"osm_id":"1886884518","code":2501,"fclass":"supermarket","name":"Hanuman Super market"},"geometry":{"type":"Point","coordinates":[73.8491251,18.446812]}},
{"type":"Feature","properties":{"osm_id":"1892069373","code":2012,"fclass":"community_centre","name":"Shree Mahalaxmi Sabhagruha"},"geometry":{"type":"Point","coordinates":[73.8516004,18.4958334]}},
{"type":"Feature","properties":{"osm_id":"1899601536","code":2501,"fclass":"supermarket","name":"D mart"},"geometry":{"type":"Point","coordinates":[73.9111235,18.544444]}},
{"type":"Feature","properties":{"osm_id":"1909536882","code":2001,"fclass":"police","name":"Ganesh Peth Police station"},"geometry":{"type":"Point","coordinates":[73.8621906,18.5161748]}},
{"type":"Feature","properties":{"osm_id":"1909905314","code":2541,"fclass":"car_dealership","name":"Chowgule Maruti Suzuki Showroom"},"geometry":{"type":"Point","coordinates":[73.856196,18.4878834]}},
{"type":"Feature","properties":{"osm_id":"1911011471","code":2602,"fclass":"atm","name":""},"geometry":{"type":"Point","coordinates":[73.8617339,18.5137742]}},
{"type":"Feature","properties":{"osm_id":"1911011643","code":2602,"fclass":"atm","name":""},"geometry":{"type":"Point","coordinates":[73.8625171,18.5130875]}},
{"type":"Feature","properties":{"osm_id":"1911012777","code":2602,"fclass":"atm","name":""},"geometry":{"type":"Point","coordinates":[73.8659174,18.5152684]}},
{"type":"Feature","properties":{"osm_id":"1911012911","code":2602,"fclass":"atm","name":""},"geometry":{"type":"Point","coordinates":[73.86587,18.5152976]}},
{"type":"Feature","properties":{"osm_id":"1911019295","code":2602,"fclass":"atm","name":""},"geometry":{"type":"Point","coordinates":[73.8663448,18.5154527]}},
{"type":"Feature","properties":{"osm_id":"1911019646","code":2602,"fclass":"atm","name":""},"geometry":{"type":"Point","coordinates":[73.8664672,18.5152937]}},
{"type":"Feature","properties":{"osm_id":"1997535654","code":2502,"fclass":"bakery","name":"Baker's Point"},"geometry":{"type":"Point","coordinates":[73.895874,18.477164]}},
{"type":"Feature","properties":{"osm_id":"1998572583","code":2521,"fclass":"gift_shop","name":"Archie's Gallery"},"geometry":{"type":"Point","coordinates":[73.8951076,18.4764374]}},
{"type":"Feature","properties":{"osm_id":"1998624604","code":2082,"fclass":"school","name":"The Bishop's Co-Education School"},"geometry":{"type":"Point","coordinates":[73.9150286,18.4581575]}},
{"type":"Feature","properties":{"osm_id":"2006306717","code":2301,"fclass":"restaurant","name":"Donut Magic"},"geometry":{"type":"Point","coordinates":[73.901725,18.481153]}},
{"type":"Feature","properties":{"osm_id":"2006306741","code":2253,"fclass":"swimming_pool","name":""},"geometry":{"type":"Point","coordinates":[73.9243892,18.4659173]}},
{"type":"Feature","properties":{"osm_id":"2006306771","code":2302,"fclass":"fast_food","name":"Faaso's"},"geometry":{"type":"Point","coordinates":[73.9017808,18.4789604]}},
{"type":"Feature","properties":{"osm_id":"2006307223","code":2082,"fclass":"school","name":"RIMS International School and Junior College"},"geometry":{"type":"Point","coordinates":[73.9021993,18.4772712]}},
{"type":"Feature","properties":{"osm_id":"2006307239","code":2253,"fclass":"swimming_pool","name":""},"geometry":{"type":"Point","coordinates":[73.9227557,18.4630704]}},
{"type":"Feature","properties":{"osm_id":"2012133781","code":2302,"fclass":"fast_food","name":"McDonald's"},"geometry":{"type":"Point","coordinates":[73.7886126,18.5960984]}},
{"type":"Feature","properties":{"osm_id":"2027713730","code":2001,"fclass":"police","name":"Laxminagar Police chowky"},"geometry":{"type":"Point","coordinates":[73.8497008,18.4896021]}},
{"type":"Feature","properties":{"osm_id":"2027727165","code":2082,"fclass":"school","name":"Forever Music Pvt. Ltd / Forever Arts Academy"},"geometry":{"type":"Point","coordinates":[73.8433439,18.48977]}},
{"type":"Feature","properties":{"osm_id":"2031346073","code":2301,"fclass":"restaurant","name":"Sicilia Italian Restaurant & Lounge"},"geometry":{"type":"Point","coordinates":[73.87508,18.539333]}},
{"type":"Feature","properties":{"osm_id":"2034762319","code":2504,"fclass":"mall","name":"Bizzbay"},"geometry":{"type":"Point","coordinates":[73.9001256,18.4693177]}},
{"type":"Feature","properties":{"osm_id":"2034764652","code":2543,"fclass":"doityourself","name":"Choice Hardware"},"geometry":{"type":"Point","coordinates":[73.89492,18.477466]}},
{"type":"Feature","properties":{"osm_id":"2034767421","code":2305,"fclass":"bar","name":"The Village"},"geometry":{"type":"Point","coordinates":[73.89507,18.477122]}},
{"type":"Feature","properties":{"osm_id":"2034770043","code":2501,"fclass":"supermarket","name":"Reliance Fresh"},"geometry":{"type":"Point","coordinates":[73.898164,18.481928]}},
{"type":"Feature","properties":{"osm_id":"2034779203","code":2301,"fclass":"restaurant","name":"Kwality"},"geometry":{"type":"Point","coordinates":[73.900206,18.4917721]}},
{"type":"Feature","properties":{"osm_id":"2036475786","code":2302,"fclass":"fast_food","name":"Lazy Pipes Café"},"geometry":{"type":"Point","coordinates":[73.9017582,18.4790602]}},
{"type":"Feature","properties":{"osm_id":"2036476888","code":2303,"fclass":"cafe","name":"Brew Brothers"},"geometry":{"type":"Point","coordinates":[73.9016322,18.477798]}},
{"type":"Feature","properties":{"osm_id":"2036479869","code":2561,"fclass":"hairdresser","name":"Novelty Beauty Parlour"},"geometry":{"type":"Point","coordinates":[73.9015583,18.4783032]}},
{"type":"Feature","properties":{"osm_id":"2036482452","code":2302,"fclass":"fast_food","name":"Mumbai Chowpatti"},"geometry":{"type":"Point","coordinates":[73.901369,18.4795875]}},
{"type":"Feature","properties":{"osm_id":"2036482786","code":2601,"fclass":"bank","name":"Kotak Mahindra Bank"},"geometry":{"type":"Point","coordinates":[73.9000221,18.4853938]}},
{"type":"Feature","properties":{"osm_id":"2036483238","code":2515,"fclass":"bookshop","name":"Graffiti Bookstore"},"geometry":{"type":"Point","coordinates":[73.900789,18.481689]}},
{"type":"Feature","properties":{"osm_id":"2036700906","code":2511,"fclass":"convenience","name":"Prabhat Super Shoppe"},"geometry":{"type":"Point","coordinates":[73.895156,18.477099]}},
{"type":"Feature","properties":{"osm_id":"2036701030","code":2511,"fclass":"convenience","name":"Prakash Super Shoppe"},"geometry":{"type":"Point","coordinates":[73.89503,18.4774802]}},
{"type":"Feature","properties":{"osm_id":"2036733298","code":2502,"fclass":"bakery","name":"Diamond Bakery"},"geometry":{"type":"Point","coordinates":[73.9011924,18.5048115]}},
{"type":"Feature","properties":{"osm_id":"2036734415","code":2101,"fclass":"pharmacy","name":"Apollo Pharmacy"},"geometry":{"type":"Point","coordinates":[73.8990745,18.5063944]}},
{"type":"Feature","properties":{"osm_id":"2049539520","code":2602,"fclass":"atm","name":"SBI ATM"},"geometry":{"type":"Point","coordinates":[73.8295486,18.5255233]}},
{"type":"Feature","properties":{"osm_id":"2049539521","code":2602,"fclass":"atm","name":"ICICI Bank"},"geometry":{"type":"Point","coordinates":[73.8296062,18.5271723]}},
{"type":"Feature","properties":{"osm_id":"2049539522","code":2601,"fclass":"bank","name":"ICICI Bank"},"geometry":{"type":"Point","coordinates":[73.8296076,18.527203]}},
{"type":"Feature","properties":{"osm_id":"2049539523","code":2601,"fclass":"bank","name":"State Bank of India"},"geometry":{"type":"Point","coordinates":[73.8295482,18.5255743]}},
{"type":"Feature","properties":{"osm_id":"2081486313","code":2722,"fclass":"museum","name":"Parvati Museum"},"geometry":{"type":"Point","coordinates":[73.8468291,18.4972669]}},
{"type":"Feature","properties":{"osm_id":"2081486315","code":2742,"fclass":"viewpoint","name":"Parvati"},"geometry":{"type":"Point","coordinates":[73.8471143,18.4977735]}},
{"type":"Feature","properties":{"osm_id":"2086884762","code":2602,"fclass":"atm","name":""},"geometry":{"type":"Point","coordinates":[73.808023,18.5450982]}},
{"type":"Feature","properties":{"osm_id":"2086885202","code":2590,"fclass":"vending_machine","name":"Snakpak"},"geometry":{"type":"Point","coordinates":[73.8056681,18.5469392]}},
{"type":"Feature","properties":{"osm_id":"2086891037","code":2405,"fclass":"hostel","name":"IISER New Hall of Residence"},"geometry":{"type":"Point","coordinates":[73.8058684,18.5435714]}},
{"type":"Feature","properties":{"osm_id":"2141596375","code":2601,"fclass":"bank","name":"ICICI Bank"},"geometry":{"type":"Point","coordinates":[73.795881,18.5076294]}},
{"type":"Feature","properties":{"osm_id":"2141596624","code":2601,"fclass":"bank","name":"State Bank of India"},"geometry":{"type":"Point","coordinates":[73.7959272,18.5076508]}},
{"type":"Feature","properties":{"osm_id":"2148865443","code":2301,"fclass":"restaurant","name":"Panchvati Gaurav"},"geometry":{"type":"Point","coordinates":[73.8386127,18.5178988]}},
{"type":"Feature","properties":{"osm_id":"2164185725","code":2602,"fclass":"atm","name":"State Bank of India"},"geometry":{"type":"Point","coordinates":[73.8141404,18.4983766]}},
{"type":"Feature","properties":{"osm_id":"2165021343","code":2007,"fclass":"library","name":"Gandhi Bhavan Library"},"geometry":{"type":"Point","coordinates":[73.803304,18.4964855]}},
{"type":"Feature","properties":{"osm_id":"2165021344","code":2602,"fclass":"atm","name":"ICICI Bank"},"geometry":{"type":"Point","coordinates":[73.8242901,18.5006814]}},
{"type":"Feature","properties":{"osm_id":"2165021347","code":2602,"fclass":"atm","name":"State Bank of India"},"geometry":{"type":"Point","coordinates":[73.8244521,18.5007403]}},
{"type":"Feature","properties":{"osm_id":"2165021348","code":2601,"fclass":"bank","name":"State Bank of India"},"geometry":{"type":"Point","coordinates":[73.8284522,18.5070149]}},
{"type":"Feature","properties":{"osm_id":"2165021349","code":2602,"fclass":"atm","name":""},"geometry":{"type":"Point","coordinates":[73.8285508,18.5070468]}},
{"type":"Feature","properties":{"osm_id":"2181156657","code":2602,"fclass":"atm","name":"HDFC Bank"},"geometry":{"type":"Point","coordinates":[73.824494,18.5007555]}},
{"type":"Feature","properties":{"osm_id":"2181156658","code":2601,"fclass":"bank","name":"ICICI Bank"},"geometry":{"type":"Point","coordinates":[73.8243456,18.5007016]}},
{"type":"Feature","properties":{"osm_id":"2181156659","code":2601,"fclass":"bank","name":"IndusInd Bank"},"geometry":{"type":"Point","coordinates":[73.8224487,18.5003624]}},
{"type":"Feature","properties":{"osm_id":"2181434123","code":2724,"fclass":"memorial","name":""},"geometry":{"type":"Point","coordinates":[73.8533493,18.5017029]}},
{"type":"Feature","properties":{"osm_id":"2183488936","code":2303,"fclass":"cafe","name":"Barista Lavazza"},"geometry":{"type":"Point","coordinates":[73.8286908,18.5151955]}},
{"type":"Feature","properties":{"osm_id":"2183488938","code":2303,"fclass":"cafe","name":"Kollage Food Court"},"geometry":{"type":"Point","coordinates":[73.8285786,18.5138821]}},
{"type":"Feature","properties":{"osm_id":"2183543082","code":2004,"fclass":"post_box","name":""},"geometry":{"type":"Point","coordinates":[73.8903413,18.5547266]}},
{"type":"Feature","properties":{"osm_id":"2183543117","code":2001,"fclass":"police","name":"Yerawada Police Station"},"geometry":{"type":"Point","coordinates":[73.8957965,18.5527989]}},
{"type":"Feature","properties":{"osm_id":"2183552797","code":2501,"fclass":"supermarket","name":"Janata Sahakari Bank"},"geometry":{"type":"Point","coordinates":[73.9282894,18.5596624]}},
{"type":"Feature","properties":{"osm_id":"2183552800","code":2501,"fclass":"supermarket","name":"More"},"geometry":{"type":"Point","coordinates":[73.9392535,18.5508077]}},
{"type":"Feature","properties":{"osm_id":"2183552808","code":2502,"fclass":"bakery","name":"Bangalore Iyengar Bakery"},"geometry":{"type":"Point","coordinates":[73.9318372,18.5618865]}},
{"type":"Feature","properties":{"osm_id":"2183552812","code":2501,"fclass":"supermarket","name":"Star Bazaar"},"geometry":{"type":"Point","coordinates":[73.9172036,18.5614294]}},
{"type":"Feature","properties":{"osm_id":"2183569903","code":2601,"fclass":"bank","name":"Bank of India"},"geometry":{"type":"Point","coordinates":[73.9161442,18.5650297]}},
{"type":"Feature","properties":{"osm_id":"2183569905","code":2502,"fclass":"bakery","name":"Bangalore Iyengar Bakery"},"geometry":{"type":"Point","coordinates":[73.9166535,18.56503]}},
{"type":"Feature","properties":{"osm_id":"2183569906","code":2303,"fclass":"cafe","name":"Cafe Coffee Day"},"geometry":{"type":"Point","coordinates":[73.918066,18.5657868]}},
{"type":"Feature","properties":{"osm_id":"2183569908","code":2601,"fclass":"bank","name":"ICICI Bank"},"geometry":{"type":"Point","coordinates":[73.9180486,18.5658586]}},
{"type":"Feature","properties":{"osm_id":"2183569909","code":2516,"fclass":"butcher","name":"Kukudku"},"geometry":{"type":"Point","coordinates":[73.939013,18.5511636]}},
{"type":"Feature","properties":{"osm_id":"2183569910","code":2602,"fclass":"atm","name":""},"geometry":{"type":"Point","coordinates":[73.916348,18.5650348]}},
{"type":"Feature","properties":{"osm_id":"2183569912","code":2516,"fclass":"butcher","name":"Samir Chicken And Eggs"},"geometry":{"type":"Point","coordinates":[73.9391358,18.5510223]}},
{"type":"Feature","properties":{"osm_id":"2183569914","code":2516,"fclass":"butcher","name":"Amir Chicken And Eggs"},"geometry":{"type":"Point","coordinates":[73.9174743,18.564969]}},
{"type":"Feature","properties":{"osm_id":"2183587152","code":2602,"fclass":"atm","name":""},"geometry":{"type":"Point","coordinates":[73.9310409,18.5596192]}},
{"type":"Feature","properties":{"osm_id":"2183587153","code":2602,"fclass":"atm","name":""},"geometry":{"type":"Point","coordinates":[73.9314816,18.5593618]}},
{"type":"Feature","properties":{"osm_id":"2183587172","code":2602,"fclass":"atm","name":""},"geometry":{"type":"Point","coordinates":[73.9308218,18.5618791]}},
{"type":"Feature","properties":{"osm_id":"2183587173","code":2602,"fclass":"atm","name":""},"geometry":{"type":"Point","coordinates":[73.9413781,18.5497509]}},
{"type":"Feature","properties":{"osm_id":"2183587174","code":2601,"fclass":"bank","name":"Axis Bank"},"geometry":{"type":"Point","coordinates":[73.9375801,18.5527181]}},
{"type":"Feature","properties":{"osm_id":"2183587175","code":2601,"fclass":"bank","name":"ICICI Bank"},"geometry":{"type":"Point","coordinates":[73.9362368,18.5483672]}},
{"type":"Feature","properties":{"osm_id":"2185567181","code":2303,"fclass":"cafe","name":"Cafe Coffee Day"},"geometry":{"type":"Point","coordinates":[73.8305068,18.5192283]}},
{"type":"Feature","properties":{"osm_id":"2192111446","code":2601,"fclass":"bank","name":"Bank of Maharashtra"},"geometry":{"type":"Point","coordinates":[73.8429996,18.5171386]}},
{"type":"Feature","properties":{"osm_id":"2192111447","code":2302,"fclass":"fast_food","name":"Butter Brews"},"geometry":{"type":"Point","coordinates":[73.8970243,18.533123]}},
{"type":"Feature","properties":{"osm_id":"2192111448","code":2301,"fclass":"restaurant","name":"Greenfood"},"geometry":{"type":"Point","coordinates":[73.8105515,18.501756]}},
{"type":"Feature","properties":{"osm_id":"2192111450","code":2002,"fclass":"fire_station","name":"Kothrud Fire Station"},"geometry":{"type":"Point","coordinates":[73.8134797,18.4988894]}},
{"type":"Feature","properties":{"osm_id":"2192111451","code":2512,"fclass":"clothes","name":"Raymond"},"geometry":{"type":"Point","coordinates":[73.842353,18.5173092]}},
{"type":"Feature","properties":{"osm_id":"2192111452","code":2101,"fclass":"pharmacy","name":"Vasu Medicals"},"geometry":{"type":"Point","coordinates":[73.8047919,18.502253]}},
{"type":"Feature","properties":{"osm_id":"2203119229","code":2303,"fclass":"cafe","name":"Sweet Chariot"},"geometry":{"type":"Point","coordinates":[73.8416279,18.527138]}},
{"type":"Feature","properties":{"osm_id":"2206571165","code":2301,"fclass":"restaurant","name":"Smokin' Joe's"},"geometry":{"type":"Point","coordinates":[73.8132784,18.4987975]}},
{"type":"Feature","properties":{"osm_id":"2207888045","code":2601,"fclass":"bank","name":"Bank of Maharashtra"},"geometry":{"type":"Point","coordinates":[73.8438975,18.5081241]}},
{"type":"Feature","properties":{"osm_id":"2207888367","code":2602,"fclass":"atm","name":""},"geometry":{"type":"Point","coordinates":[73.8439126,18.5080577]}},
{"type":"Feature","properties":{"osm_id":"2253906356","code":2951,"fclass":"comms_tower","name":""},"geometry":{"type":"Point","coordinates":[73.7905545,18.5408886]}},
{"type":"Feature","properties":{"osm_id":"2253906361","code":2951,"fclass":"comms_tower","name":""},"geometry":{"type":"Point","coordinates":[73.7913419,18.5410032]}},
{"type":"Feature","properties":{"osm_id":"2257797454","code":2952,"fclass":"water_tower","name":""},"geometry":{"type":"Point","coordinates":[73.8914206,18.5294537]}},
{"type":"Feature","properties":{"osm_id":"2258420137","code":2952,"fclass":"water_tower","name":""},"geometry":{"type":"Point","coordinates":[73.8723431,18.5222183]}},
{"type":"Feature","properties":{"osm_id":"2258420211","code":2952,"fclass":"water_tower","name":""},"geometry":{"type":"Point","coordinates":[73.8705808,18.5246159]}},
{"type":"Feature","properties":{"osm_id":"2263018409","code":2301,"fclass":"restaurant","name":"The Flour Works"},"geometry":{"type":"Point","coordinates":[73.9004452,18.5490038]}},
{"type":"Feature","properties":{"osm_id":"2266979716","code":2546,"fclass":"computer_shop","name":"DCC"},"geometry":{"type":"Point","coordinates":[73.8440779,18.5166827]}},
{"type":"Feature","properties":{"osm_id":"2266979717","code":2546,"fclass":"computer_shop","name":"DCC"},"geometry":{"type":"Point","coordinates":[73.8446764,18.5176256]}},
{"type":"Feature","properties":{"osm_id":"2266979718","code":2302,"fclass":"fast_food","name":"KFC"},"geometry":{"type":"Point","coordinates":[73.8424415,18.5164123]}},
{"type":"Feature","properties":{"osm_id":"2266979719","code":2302,"fclass":"fast_food","name":"McDonald's"},"geometry":{"type":"Point","coordinates":[73.8446191,18.5182703]}},
{"type":"Feature","properties":{"osm_id":"2266979720","code":2301,"fclass":"restaurant","name":"Wadeshwar"},"geometry":{"type":"Point","coordinates":[73.8416116,18.5184279]}},
{"type":"Feature","properties":{"osm_id":"2269713532","code":2950,"fclass":"tower","name":""},"geometry":{"type":"Point","coordinates":[73.9253684,18.5149324]}},
{"type":"Feature","properties":{"osm_id":"2270799516","code":2903,"fclass":"drinking_water","name":""},"geometry":{"type":"Point","coordinates":[73.8536062,18.5081801]}},
{"type":"Feature","properties":{"osm_id":"2270799525","code":2901,"fclass":"toilet","name":""},"geometry":{"type":"Point","coordinates":[73.8529474,18.5084326]}},
{"type":"Feature","properties":{"osm_id":"2273608804","code":2725,"fclass":"artwork","name":"Bajirao I statue"},"geometry":{"type":"Point","coordinates":[73.8553084,18.520627]}},
{"type":"Feature","properties":{"osm_id":"2273608806","code":2724,"fclass":"memorial","name":"Maharshi Dhondo Keshav Karve"},"geometry":{"type":"Point","coordinates":[73.8150555,18.5019805]}},
{"type":"Feature","properties":{"osm_id":"2273608806","code":2725,"fclass":"artwork","name":"Maharshi Dhondo Keshav Karve"},"geometry":{"type":"Point","coordinates":[73.8150555,18.5019805]}},
{"type":"Feature","properties":{"osm_id":"2273608876","code":2901,"fclass":"toilet","name":""},"geometry":{"type":"Point","coordinates":[73.8455228,18.5132062]}},
{"type":"Feature","properties":{"osm_id":"2273735905","code":2301,"fclass":"restaurant","name":"Amrapali"},"geometry":{"type":"Point","coordinates":[73.8415805,18.518642]}},
{"type":"Feature","properties":{"osm_id":"2273735906","code":2301,"fclass":"restaurant","name":"Barbeque Nation"},"geometry":{"type":"Point","coordinates":[73.8423121,18.5163182]}},
{"type":"Feature","properties":{"osm_id":"2273735907","code":2512,"fclass":"clothes","name":"Champion"},"geometry":{"type":"Point","coordinates":[73.8415097,18.5162335]}},
{"type":"Feature","properties":{"osm_id":"2273735910","code":2301,"fclass":"restaurant","name":"Vaishali"},"geometry":{"type":"Point","coordinates":[73.8412179,18.520848]}},
{"type":"Feature","properties":{"osm_id":"2273735911","code":2523,"fclass":"stationery","name":"Venus Traders"},"geometry":{"type":"Point","coordinates":[73.8420529,18.5193628]}},
{"type":"Feature","properties":{"osm_id":"2274995528","code":2301,"fclass":"restaurant","name":"Baadshahi"},"geometry":{"type":"Point","coordinates":[73.8488417,18.5086926]}},
{"type":"Feature","properties":{"osm_id":"2274995532","code":2512,"fclass":"clothes","name":"Jaihind Collections"},"geometry":{"type":"Point","coordinates":[73.8217262,18.5048222]}},
{"type":"Feature","properties":{"osm_id":"2274995536","code":2005,"fclass":"post_office","name":"Lokmanya Nagar Post Office"},"geometry":{"type":"Point","coordinates":[73.8449616,18.4991861]}},
{"type":"Feature","properties":{"osm_id":"2280287357","code":2601,"fclass":"bank","name":"HDFC Bank"},"geometry":{"type":"Point","coordinates":[73.8091538,18.4962086]}},
{"type":"Feature","properties":{"osm_id":"2280623429","code":2952,"fclass":"water_tower","name":""},"geometry":{"type":"Point","coordinates":[73.8798161,18.4781809]}},
{"type":"Feature","properties":{"osm_id":"2280623599","code":2952,"fclass":"water_tower","name":""},"geometry":{"type":"Point","coordinates":[73.9489683,18.5005826]}},
{"type":"Feature","properties":{"osm_id":"2280623610","code":2951,"fclass":"comms_tower","name":""},"geometry":{"type":"Point","coordinates":[73.9477349,18.5010615]}},
{"type":"Feature","properties":{"osm_id":"2280623612","code":2951,"fclass":"comms_tower","name":""},"geometry":{"type":"Point","coordinates":[73.9472906,18.5011658]}},
{"type":"Feature","properties":{"osm_id":"2289023583","code":2001,"fclass":"police","name":"Balagandharva Police Station"},"geometry":{"type":"Point","coordinates":[73.8478417,18.5222358]}},
{"type":"Feature","properties":{"osm_id":"2289023585","code":2001,"fclass":"police","name":"Sant Kabir Police Station"},"geometry":{"type":"Point","coordinates":[73.8688574,18.5148758]}},
{"type":"Feature","properties":{"osm_id":"2289023587","code":2951,"fclass":"comms_tower","name":""},"geometry":{"type":"Point","coordinates":[73.8546673,18.5036225]}},
{"type":"Feature","properties":{"osm_id":"2289294093","code":2110,"fclass":"hospital","name":"Surya Sahyadri Hospital"},"geometry":{"type":"Point","coordinates":[73.8556767,18.521259]}},
{"type":"Feature","properties":{"osm_id":"2293345346","code":2602,"fclass":"atm","name":""},"geometry":{"type":"Point","coordinates":[73.801923,18.4999712]}},
{"type":"Feature","properties":{"osm_id":"2296727259","code":2724,"fclass":"memorial","name":"Sarvajanik Kaka"},"geometry":{"type":"Point","coordinates":[73.8537136,18.5119368]}},
{"type":"Feature","properties":{"osm_id":"2308947788","code":2084,"fclass":"college","name":"Bharati Vidhyapeeth College Of Engineering"},"geometry":{"type":"Point","coordinates":[73.8563024,18.4566136]}},
{"type":"Feature","properties":{"osm_id":"2314870623","code":2301,"fclass":"restaurant","name":"Roopali"},"geometry":{"type":"Point","coordinates":[73.8414253,18.5193443]}},
{"type":"Feature","properties":{"osm_id":"2314870624","code":2302,"fclass":"fast_food","name":"Subway"},"geometry":{"type":"Point","coordinates":[73.8414419,18.5242458]}},
{"type":"Feature","properties":{"osm_id":"2323348299","code":2111,"fclass":"clinic","name":"Sumitz"},"geometry":{"type":"Point","coordinates":[73.7645476,18.5765004]}},
{"type":"Feature","properties":{"osm_id":"2323357508","code":2502,"fclass":"bakery","name":"New Poona Bakery"},"geometry":{"type":"Point","coordinates":[73.7829342,18.5638383]}},
{"type":"Feature","properties":{"osm_id":"2323358533","code":2301,"fclass":"restaurant","name":"Do Say Idlicious"},"geometry":{"type":"Point","coordinates":[73.7835145,18.5617981]}},
{"type":"Feature","properties":{"osm_id":"2345379460","code":2301,"fclass":"restaurant","name":"Kareem's"},"geometry":{"type":"Point","coordinates":[73.7882756,18.5960248]}},
{"type":"Feature","properties":{"osm_id":"2358247542","code":2005,"fclass":"post_office","name":"Vishrambag Wada"},"geometry":{"type":"Point","coordinates":[73.8531763,18.5137558]}},
{"type":"Feature","properties":{"osm_id":"2358247595","code":2004,"fclass":"post_box","name":""},"geometry":{"type":"Point","coordinates":[73.8532181,18.513721]}},
{"type":"Feature","properties":{"osm_id":"2365553032","code":2901,"fclass":"toilet","name":""},"geometry":{"type":"Point","coordinates":[73.8172341,18.5023066]}},
{"type":"Feature","properties":{"osm_id":"2383922172","code":2301,"fclass":"restaurant","name":"Chaitanya Paranthas"},"geometry":{"type":"Point","coordinates":[73.816251,18.5097729]}},
{"type":"Feature","properties":{"osm_id":"2384119753","code":2301,"fclass":"restaurant","name":"Hotel Nilayam Family Restaurant"},"geometry":{"type":"Point","coordinates":[73.7900382,18.5596449]}},
{"type":"Feature","properties":{"osm_id":"2410718620","code":2541,"fclass":"car_dealership","name":"Maruti Suzuki"},"geometry":{"type":"Point","coordinates":[73.8300017,18.5267177]}},
{"type":"Feature","properties":{"osm_id":"2410718621","code":2541,"fclass":"car_dealership","name":"DSK Toyota"},"geometry":{"type":"Point","coordinates":[73.8371555,18.5301849]}},
{"type":"Feature","properties":{"osm_id":"2410718622","code":2301,"fclass":"restaurant","name":"Eden Court"},"geometry":{"type":"Point","coordinates":[73.8341131,18.5325596]}},
{"type":"Feature","properties":{"osm_id":"2410718623","code":2301,"fclass":"restaurant","name":"Little Italy"},"geometry":{"type":"Point","coordinates":[73.8381397,18.5348218]}},
{"type":"Feature","properties":{"osm_id":"2410718624","code":2511,"fclass":"convenience","name":"Om Super Market"},"geometry":{"type":"Point","coordinates":[73.8340408,18.5328717]}},
{"type":"Feature","properties":{"osm_id":"2410718625","code":2001,"fclass":"police","name":"Perugate Police Chowki"},"geometry":{"type":"Point","coordinates":[73.8487755,18.5113926]}},
{"type":"Feature","properties":{"osm_id":"2410718631","code":2301,"fclass":"restaurant","name":"Soul Kitch"},"geometry":{"type":"Point","coordinates":[73.8381849,18.5348843]}},
{"type":"Feature","properties":{"osm_id":"2420756047","code":2302,"fclass":"fast_food","name":"McDonald's"},"geometry":{"type":"Point","coordinates":[73.7965181,18.5081003]}},
{"type":"Feature","properties":{"osm_id":"2420756048","code":2601,"fclass":"bank","name":"State Bank of India"},"geometry":{"type":"Point","coordinates":[73.7807566,18.5170856]}},
{"type":"Feature","properties":{"osm_id":"2420756203","code":2602,"fclass":"atm","name":""},"geometry":{"type":"Point","coordinates":[73.7807153,18.5171182]}},
{"type":"Feature","properties":{"osm_id":"2420756230","code":2952,"fclass":"water_tower","name":""},"geometry":{"type":"Point","coordinates":[73.7812317,18.5262236]}},
{"type":"Feature","properties":{"osm_id":"2428952229","code":2602,"fclass":"atm","name":"Axis Bank"},"geometry":{"type":"Point","coordinates":[73.8365202,18.5300239]}},
{"type":"Feature","properties":{"osm_id":"2428955600","code":2602,"fclass":"atm","name":"Axis Bank"},"geometry":{"type":"Point","coordinates":[73.8337076,18.5339084]}},
{"type":"Feature","properties":{"osm_id":"2432102257","code":2601,"fclass":"bank","name":"Bank of Maharashtra"},"geometry":{"type":"Point","coordinates":[73.8181901,18.50293]}},
{"type":"Feature","properties":{"osm_id":"2432102924","code":2602,"fclass":"atm","name":"Bank of Maharashtra"},"geometry":{"type":"Point","coordinates":[73.8167203,18.5107323]}},
{"type":"Feature","properties":{"osm_id":"2432216824","code":2301,"fclass":"restaurant","name":"Four Seasons Restaurant & Bar"},"geometry":{"type":"Point","coordinates":[73.8215607,18.5036735]}},
{"type":"Feature","properties":{"osm_id":"2432216825","code":2301,"fclass":"restaurant","name":"Yolkshire"},"geometry":{"type":"Point","coordinates":[73.8216326,18.5032899]}},
{"type":"Feature","properties":{"osm_id":"2433595359","code":2953,"fclass":"observation_tower","name":""},"geometry":{"type":"Point","coordinates":[73.8154601,18.5256475]}},
{"type":"Feature","properties":{"osm_id":"2445378048","code":2302,"fclass":"fast_food","name":"Burger King"},"geometry":{"type":"Point","coordinates":[73.9046835,18.5391378]}},
{"type":"Feature","properties":{"osm_id":"2455119439","code":2511,"fclass":"convenience","name":"Badhai Sweets"},"geometry":{"type":"Point","coordinates":[73.8050111,18.5018306]}},
{"type":"Feature","properties":{"osm_id":"2455119457","code":2722,"fclass":"museum","name":"Joshi's Museum of Miniature Railways"},"geometry":{"type":"Point","coordinates":[73.822364,18.5014117]}},
{"type":"Feature","properties":{"osm_id":"2455119461","code":2005,"fclass":"post_office","name":"Kothrud Post Office"},"geometry":{"type":"Point","coordinates":[73.814668,18.5019716]}},
{"type":"Feature","properties":{"osm_id":"2455119465","code":2014,"fclass":"arts_centre","name":"Yashwantrao Chavan Art Gallery"},"geometry":{"type":"Point","coordinates":[73.8123271,18.5029785]}},
{"type":"Feature","properties":{"osm_id":"2473301733","code":2301,"fclass":"restaurant","name":"Krishna Pure Veg"},"geometry":{"type":"Point","coordinates":[73.8128332,18.487046]}},
{"type":"Feature","properties":{"osm_id":"2488142173","code":2301,"fclass":"restaurant","name":"Shivsagar"},"geometry":{"type":"Point","coordinates":[73.8457959,18.5202983]}},
{"type":"Feature","properties":{"osm_id":"2501196670","code":2259,"fclass":"fitness_centre","name":"Gold's Gym"},"geometry":{"type":"Point","coordinates":[73.822031,18.4991044]}},
{"type":"Feature","properties":{"osm_id":"2509520919","code":2001,"fclass":"police","name":"Alankar Police Chowki"},"geometry":{"type":"Point","coordinates":[73.8262153,18.4984329]}},
{"type":"Feature","properties":{"osm_id":"2512756388","code":2301,"fclass":"restaurant","name":"Chaat Cafe"},"geometry":{"type":"Point","coordinates":[73.8221818,18.5013222]}},
{"type":"Feature","properties":{"osm_id":"2512756389","code":2301,"fclass":"restaurant","name":"Wadeshwar"},"geometry":{"type":"Point","coordinates":[73.8221823,18.5013733]}},
{"type":"Feature","properties":{"osm_id":"2517303172","code":2502,"fclass":"bakery","name":"New Poona Bakery"},"geometry":{"type":"Point","coordinates":[73.8547744,18.5172169]}},
{"type":"Feature","properties":{"osm_id":"2517303173","code":2001,"fclass":"police","name":"Senadatta Police Chowki"},"geometry":{"type":"Point","coordinates":[73.8446033,18.5052065]}},
{"type":"Feature","properties":{"osm_id":"2527611870","code":2303,"fclass":"cafe","name":"Cafe Eastwood"},"geometry":{"type":"Point","coordinates":[73.8193274,18.4987178]}},
{"type":"Feature","properties":{"osm_id":"2527611871","code":2301,"fclass":"restaurant","name":"Siya"},"geometry":{"type":"Point","coordinates":[73.8193074,18.4990493]}},
{"type":"Feature","properties":{"osm_id":"2537620596","code":2301,"fclass":"restaurant","name":"Abhishek Non-Veg"},"geometry":{"type":"Point","coordinates":[73.8305613,18.5040868]}},
{"type":"Feature","properties":{"osm_id":"2537620598","code":2302,"fclass":"fast_food","name":"Domino's"},"geometry":{"type":"Point","coordinates":[73.8324574,18.5070723]}},
{"type":"Feature","properties":{"osm_id":"2537620599","code":2301,"fclass":"restaurant","name":"Kalinga Seafood Restaurant"},"geometry":{"type":"Point","coordinates":[73.8350616,18.5080294]}},
{"type":"Feature","properties":{"osm_id":"2537620600","code":2601,"fclass":"bank","name":"Karur Vysya Bank"},"geometry":{"type":"Point","coordinates":[73.818513,18.5030666]}},
{"type":"Feature","properties":{"osm_id":"2537620601","code":2301,"fclass":"restaurant","name":"Manali"},"geometry":{"type":"Point","coordinates":[73.8288666,18.5027646]}},
{"type":"Feature","properties":{"osm_id":"2537620603","code":2301,"fclass":"restaurant","name":"Pavitra"},"geometry":{"type":"Point","coordinates":[73.8268161,18.5014649]}},
{"type":"Feature","properties":{"osm_id":"2537620605","code":2301,"fclass":"restaurant","name":"Swami"},"geometry":{"type":"Point","coordinates":[73.8350198,18.5080004]}},
{"type":"Feature","properties":{"osm_id":"2550695928","code":2301,"fclass":"restaurant","name":"Kalyani Veg"},"geometry":{"type":"Point","coordinates":[73.9058142,18.5457379]}},
{"type":"Feature","properties":{"osm_id":"2550695929","code":2001,"fclass":"police","name":"Narayan Peth Police Chowki"},"geometry":{"type":"Point","coordinates":[73.8478649,18.5162004]}},
{"type":"Feature","properties":{"osm_id":"2550695930","code":2301,"fclass":"restaurant","name":"The Bounty Sizzlers"},"geometry":{"type":"Point","coordinates":[73.9054218,18.5488016]}},
{"type":"Feature","properties":{"osm_id":"2556961543","code":2302,"fclass":"fast_food","name":"Padma Cafe"},"geometry":{"type":"Point","coordinates":[73.8300312,18.5094182]}},
{"type":"Feature","properties":{"osm_id":"2561173070","code":2303,"fclass":"cafe","name":"Café Coffee Day"},"geometry":{"type":"Point","coordinates":[73.8143802,18.5001122]}},
{"type":"Feature","properties":{"osm_id":"2561173076","code":2302,"fclass":"fast_food","name":"Domino's"},"geometry":{"type":"Point","coordinates":[73.8154137,18.502359]}},
{"type":"Feature","properties":{"osm_id":"2561173081","code":2303,"fclass":"cafe","name":"Cafe Durga"},"geometry":{"type":"Point","coordinates":[73.817776,18.5060236]}},
{"type":"Feature","properties":{"osm_id":"2561173086","code":2301,"fclass":"restaurant","name":"Konkan Express"},"geometry":{"type":"Point","coordinates":[73.8139826,18.4981982]}},
{"type":"Feature","properties":{"osm_id":"2561173094","code":2301,"fclass":"restaurant","name":"Sheetal"},"geometry":{"type":"Point","coordinates":[73.8161157,18.5024496]}},
{"type":"Feature","properties":{"osm_id":"2561173095","code":2302,"fclass":"fast_food","name":"Subway"},"geometry":{"type":"Point","coordinates":[73.8218646,18.5013203]}},
{"type":"Feature","properties":{"osm_id":"2566241269","code":2511,"fclass":"convenience","name":"Desai Bandhu Ambewale"},"geometry":{"type":"Point","coordinates":[73.818765,18.5031476]}},
{"type":"Feature","properties":{"osm_id":"2566241270","code":2302,"fclass":"fast_food","name":"KFC"},"geometry":{"type":"Point","coordinates":[73.8387889,18.5105973]}},
{"type":"Feature","properties":{"osm_id":"2566241271","code":2301,"fclass":"restaurant","name":"Kimaya"},"geometry":{"type":"Point","coordinates":[73.8219181,18.5049037]}},
{"type":"Feature","properties":{"osm_id":"2566241272","code":2520,"fclass":"jeweller","name":"Lagu Bandhu"},"geometry":{"type":"Point","coordinates":[73.8297186,18.5076157]}},
{"type":"Feature","properties":{"osm_id":"2566241273","code":2302,"fclass":"fast_food","name":"McDonald's"},"geometry":{"type":"Point","coordinates":[73.8388357,18.5106503]}},
{"type":"Feature","properties":{"osm_id":"2566241274","code":2301,"fclass":"restaurant","name":"Olivia"},"geometry":{"type":"Point","coordinates":[73.8232962,18.5054189]}},
{"type":"Feature","properties":{"osm_id":"2566241275","code":2401,"fclass":"hotel","name":"Sadanand"},"geometry":{"type":"Point","coordinates":[73.8232862,18.505459]}},
{"type":"Feature","properties":{"osm_id":"2566241277","code":2301,"fclass":"restaurant","name":"Rana"},"geometry":{"type":"Point","coordinates":[73.8050581,18.5023108]}},
{"type":"Feature","properties":{"osm_id":"2578138779","code":2303,"fclass":"cafe","name":"Cafe Coffee Day"},"geometry":{"type":"Point","coordinates":[73.7828202,18.5081327]}},
{"type":"Feature","properties":{"osm_id":"2604377957","code":2301,"fclass":"restaurant","name":"Casa Lolo"},"geometry":{"type":"Point","coordinates":[73.8339362,18.5169498]}},
{"type":"Feature","properties":{"osm_id":"2604377962","code":2301,"fclass":"restaurant","name":"Mainland China"},"geometry":{"type":"Point","coordinates":[73.8293605,18.5314274]}},
{"type":"Feature","properties":{"osm_id":"2605733302","code":2302,"fclass":"fast_food","name":"KFC"},"geometry":{"type":"Point","coordinates":[73.7743979,18.5646448]}},
{"type":"Feature","properties":{"osm_id":"2618478633","code":2724,"fclass":"memorial","name":"Jamnalal Bajaj"},"geometry":{"type":"Point","coordinates":[73.8541743,18.5013633]}},
{"type":"Feature","properties":{"osm_id":"2618478634","code":2724,"fclass":"memorial","name":"Lokashahir Annabhau Sathe"},"geometry":{"type":"Point","coordinates":[73.8542012,18.5016195]}},
{"type":"Feature","properties":{"osm_id":"2618478635","code":2301,"fclass":"restaurant","name":"Natraj"},"geometry":{"type":"Point","coordinates":[73.8562922,18.5020727]}},
{"type":"Feature","properties":{"osm_id":"2618478651","code":2903,"fclass":"drinking_water","name":""},"geometry":{"type":"Point","coordinates":[73.8587062,18.5008044]}},
{"type":"Feature","properties":{"osm_id":"2618478723","code":2903,"fclass":"drinking_water","name":""},"geometry":{"type":"Point","coordinates":[73.8411664,18.5079677]}},
{"type":"Feature","properties":{"osm_id":"2631172071","code":2907,"fclass":"camera_surveillance","name":""},"geometry":{"type":"Point","coordinates":[73.8827943,18.5593454]}},
{"type":"Feature","properties":{"osm_id":"2631172088","code":2907,"fclass":"camera_surveillance","name":""},"geometry":{"type":"Point","coordinates":[73.8834153,18.5642452]}},
{"type":"Feature","properties":{"osm_id":"2639596061","code":2952,"fclass":"water_tower","name":""},"geometry":{"type":"Point","coordinates":[73.9523781,18.5030471]}},
{"type":"Feature","properties":{"osm_id":"2645914441","code":2514,"fclass":"chemist","name":""},"geometry":{"type":"Point","coordinates":[73.8302762,18.5254071]}},
{"type":"Feature","properties":{"osm_id":"2645920776","code":2511,"fclass":"convenience","name":"Ramesh Super Market"},"geometry":{"type":"Point","coordinates":[73.8300383,18.5252664]}},
{"type":"Feature","properties":{"osm_id":"2659518474","code":2952,"fclass":"water_tower","name":""},"geometry":{"type":"Point","coordinates":[73.8298082,18.5852035]}},
{"type":"Feature","properties":{"osm_id":"2659518480","code":2952,"fclass":"water_tower","name":""},"geometry":{"type":"Point","coordinates":[73.8298604,18.5854369]}},
{"type":"Feature","properties":{"osm_id":"2659545920","code":2952,"fclass":"water_tower","name":""},"geometry":{"type":"Point","coordinates":[73.820632,18.5980822]}},
{"type":"Feature","properties":{"osm_id":"2659601713","code":2952,"fclass":"water_tower","name":""},"geometry":{"type":"Point","coordinates":[73.8035727,18.6107904]}},
{"type":"Feature","properties":{"osm_id":"2659601719","code":2952,"fclass":"water_tower","name":""},"geometry":{"type":"Point","coordinates":[73.8049724,18.6141366]}},
{"type":"Feature","properties":{"osm_id":"2659652341","code":2952,"fclass":"water_tower","name":""},"geometry":{"type":"Point","coordinates":[73.8026018,18.6199208]}},
{"type":"Feature","properties":{"osm_id":"2659652342","code":2952,"fclass":"water_tower","name":""},"geometry":{"type":"Point","coordinates":[73.8024831,18.6201543]}},
{"type":"Feature","properties":{"osm_id":"2684626562","code":2301,"fclass":"restaurant","name":"Barbeque Nation"},"geometry":{"type":"Point","coordinates":[73.7550788,18.5996865]}},
{"type":"Feature","properties":{"osm_id":"2694489803","code":2001,"fclass":"police","name":"Khadki Police Station"},"geometry":{"type":"Point","coordinates":[73.8454253,18.5571921]}},
{"type":"Feature","properties":{"osm_id":"2694489808","code":2302,"fclass":"fast_food","name":"McDonald's"},"geometry":{"type":"Point","coordinates":[73.8332861,18.5870806]}},
{"type":"Feature","properties":{"osm_id":"2694748954","code":2724,"fclass":"memorial","name":"Rani Laxmibai"},"geometry":{"type":"Point","coordinates":[73.8482223,18.5225267]}},
{"type":"Feature","properties":{"osm_id":"2772111506","code":2259,"fclass":"fitness_centre","name":"Ray's Fitness Studio"},"geometry":{"type":"Point","coordinates":[73.7836344,18.5618114]}},
{"type":"Feature","properties":{"osm_id":"2784700177","code":2301,"fclass":"restaurant","name":"Eatsome"},"geometry":{"type":"Point","coordinates":[73.8216498,18.5032321]}},
{"type":"Feature","properties":{"osm_id":"2784700384","code":2301,"fclass":"restaurant","name":"Samarath Hotel"},"geometry":{"type":"Point","coordinates":[73.8083522,18.50746]}},
{"type":"Feature","properties":{"osm_id":"2784700927","code":2301,"fclass":"restaurant","name":"Royal Only Chicken"},"geometry":{"type":"Point","coordinates":[73.8164334,18.5103419]}},
{"type":"Feature","properties":{"osm_id":"2784701543","code":2602,"fclass":"atm","name":"Bank of India"},"geometry":{"type":"Point","coordinates":[73.8156554,18.5160175]}},
{"type":"Feature","properties":{"osm_id":"2784706446","code":2602,"fclass":"atm","name":"Bank of India"},"geometry":{"type":"Point","coordinates":[73.8142557,18.5093073]}},
{"type":"Feature","properties":{"osm_id":"2784710434","code":2301,"fclass":"restaurant","name":"Marrakesh"},"geometry":{"type":"Point","coordinates":[73.8415682,18.5244163]}},
{"type":"Feature","properties":{"osm_id":"2784751578","code":2101,"fclass":"pharmacy","name":"Neel Medicals"},"geometry":{"type":"Point","coordinates":[73.8174209,18.5062595]}},
{"type":"Feature","properties":{"osm_id":"2784753192","code":2305,"fclass":"bar","name":"Shreeman Hotel"},"geometry":{"type":"Point","coordinates":[73.8166493,18.510417]}},
{"type":"Feature","properties":{"osm_id":"2784757579","code":2601,"fclass":"bank","name":"ICICI Bank"},"geometry":{"type":"Point","coordinates":[73.8177092,18.5050808]}},
{"type":"Feature","properties":{"osm_id":"2784758190","code":2567,"fclass":"travel_agent","name":"Thomas Cook"},"geometry":{"type":"Point","coordinates":[73.8175407,18.5056332]}},
{"type":"Feature","properties":{"osm_id":"2785784969","code":2303,"fclass":"cafe","name":"Cafe Coffee Day"},"geometry":{"type":"Point","coordinates":[73.8155415,18.5137007]}},
{"type":"Feature","properties":{"osm_id":"2785802454","code":2303,"fclass":"cafe","name":"cafe durga"},"geometry":{"type":"Point","coordinates":[73.8155019,18.5155055]}},
{"type":"Feature","properties":{"osm_id":"2787006411","code":2511,"fclass":"convenience","name":"Mini Market"},"geometry":{"type":"Point","coordinates":[73.8172561,18.5062267]}},
{"type":"Feature","properties":{"osm_id":"2787011380","code":2601,"fclass":"bank","name":"Central Bank of India"},"geometry":{"type":"Point","coordinates":[73.8169817,18.5059097]}},
{"type":"Feature","properties":{"osm_id":"2787018254","code":2305,"fclass":"bar","name":"Hotel Khybar"},"geometry":{"type":"Point","coordinates":[73.8436294,18.5177814]}},
{"type":"Feature","properties":{"osm_id":"2787018959","code":2512,"fclass":"clothes","name":"United Colors of Benetton"},"geometry":{"type":"Point","coordinates":[73.8442941,18.5178585]}},
{"type":"Feature","properties":{"osm_id":"2787019789","code":2512,"fclass":"clothes","name":"Poonam Textiles"},"geometry":{"type":"Point","coordinates":[73.8434336,18.5169717]}},
{"type":"Feature","properties":{"osm_id":"2787019790","code":2512,"fclass":"clothes","name":"Priyanka"},"geometry":{"type":"Point","coordinates":[73.8433826,18.5169142]}},
{"type":"Feature","properties":{"osm_id":"2787020120","code":2301,"fclass":"restaurant","name":"Sukanta"},"geometry":{"type":"Point","coordinates":[73.844257,18.5169481]}},
{"type":"Feature","properties":{"osm_id":"2787021729","code":2303,"fclass":"cafe","name":"Cafe Coffee Day"},"geometry":{"type":"Point","coordinates":[73.841185,18.522171]}},
{"type":"Feature","properties":{"osm_id":"2787023153","code":2301,"fclass":"restaurant","name":"Yana Sizzlers"},"geometry":{"type":"Point","coordinates":[73.84293,18.5279415]}},
{"type":"Feature","properties":{"osm_id":"2787902538","code":2111,"fclass":"clinic","name":"Dr. Chavan Clinic"},"geometry":{"type":"Point","coordinates":[73.8169503,18.5062105]}},
{"type":"Feature","properties":{"osm_id":"2787974574","code":2301,"fclass":"restaurant","name":"Hotel Nimbalkar"},"geometry":{"type":"Point","coordinates":[73.8222785,18.4997954]}},
{"type":"Feature","properties":{"osm_id":"2787982835","code":2303,"fclass":"cafe","name":"Mr. Gelato"},"geometry":{"type":"Point","coordinates":[73.8194485,18.5033991]}},
{"type":"Feature","properties":{"osm_id":"2787986706","code":2303,"fclass":"cafe","name":"Birdy's Cake Shop"},"geometry":{"type":"Point","coordinates":[73.8200213,18.503162]}},
{"type":"Feature","properties":{"osm_id":"2787987411","code":2602,"fclass":"atm","name":"Bank of India"},"geometry":{"type":"Point","coordinates":[73.8200655,18.5032107]}},
{"type":"Feature","properties":{"osm_id":"2787990502","code":2602,"fclass":"atm","name":"Citi Bank ATM"},"geometry":{"type":"Point","coordinates":[73.8202144,18.5032984]}},
{"type":"Feature","properties":{"osm_id":"2788014321","code":2567,"fclass":"travel_agent","name":"Neeta Travels"},"geometry":{"type":"Point","coordinates":[73.8182838,18.5102252]}},
{"type":"Feature","properties":{"osm_id":"2788022325","code":2525,"fclass":"mobile_phone_shop","name":"Vodafone Idea"},"geometry":{"type":"Point","coordinates":[73.8183811,18.5105633]}},
{"type":"Feature","properties":{"osm_id":"2788035758","code":2601,"fclass":"bank","name":"Bank of Maharashtra"},"geometry":{"type":"Point","coordinates":[73.8195936,18.5113615]}},
{"type":"Feature","properties":{"osm_id":"2801208405","code":2601,"fclass":"bank","name":"Union Bank of India"},"geometry":{"type":"Point","coordinates":[73.8468419,18.5234997]}},
{"type":"Feature","properties":{"osm_id":"2801208408","code":2101,"fclass":"pharmacy","name":"Chetan Medicals"},"geometry":{"type":"Point","coordinates":[73.8389126,18.4987396]}},
{"type":"Feature","properties":{"osm_id":"2801208409","code":2602,"fclass":"atm","name":"Cosmos Bank"},"geometry":{"type":"Point","coordinates":[73.8378945,18.5181826]}},
{"type":"Feature","properties":{"osm_id":"2801208410","code":2601,"fclass":"bank","name":"Cosmos Bank"},"geometry":{"type":"Point","coordinates":[73.837818,18.5181911]}},
{"type":"Feature","properties":{"osm_id":"2801208412","code":2302,"fclass":"fast_food","name":"Domino's"},"geometry":{"type":"Point","coordinates":[73.8297428,18.5294781]}},
{"type":"Feature","properties":{"osm_id":"2801208415","code":2541,"fclass":"car_dealership","name":"Volkswagen Pune West"},"geometry":{"type":"Point","coordinates":[73.8179407,18.5403032]}},
{"type":"Feature","properties":{"osm_id":"2801208425","code":2421,"fclass":"shelter","name":""},"geometry":{"type":"Point","coordinates":[73.8385244,18.4963503]}},
{"type":"Feature","properties":{"osm_id":"2801208426","code":2903,"fclass":"drinking_water","name":""},"geometry":{"type":"Point","coordinates":[73.8385651,18.4963735]}},
{"type":"Feature","properties":{"osm_id":"2801208431","code":2602,"fclass":"atm","name":""},"geometry":{"type":"Point","coordinates":[73.8393165,18.5025304]}},
{"type":"Feature","properties":{"osm_id":"2801208466","code":2602,"fclass":"atm","name":""},"geometry":{"type":"Point","coordinates":[73.7823742,18.5110752]}},
{"type":"Feature","properties":{"osm_id":"2801208468","code":2725,"fclass":"artwork","name":""},"geometry":{"type":"Point","coordinates":[73.8374205,18.5299306]}},
{"type":"Feature","properties":{"osm_id":"2801542595","code":2511,"fclass":"convenience","name":"Bhagawati Mini Market"},"geometry":{"type":"Point","coordinates":[73.8173321,18.5062531]}},
{"type":"Feature","properties":{"osm_id":"2801564593","code":2601,"fclass":"bank","name":"Bank of Maharashtra"},"geometry":{"type":"Point","coordinates":[73.815275,18.5015979]}},
{"type":"Feature","properties":{"osm_id":"2801569152","code":2301,"fclass":"restaurant","name":"Asian Melange"},"geometry":{"type":"Point","coordinates":[73.8142232,18.5014463]}},
{"type":"Feature","properties":{"osm_id":"2827466704","code":2514,"fclass":"chemist","name":"Krishna Drug Store"},"geometry":{"type":"Point","coordinates":[73.9282055,18.5100192]}},
{"type":"Feature","properties":{"osm_id":"2827466755","code":2101,"fclass":"pharmacy","name":"Ranveer Medical"},"geometry":{"type":"Point","coordinates":[73.9281935,18.5098183]}},
{"type":"Feature","properties":{"osm_id":"2827466757","code":2518,"fclass":"beverages","name":"It's Miller Time"},"geometry":{"type":"Point","coordinates":[73.9281767,18.5096421]}},
{"type":"Feature","properties":{"osm_id":"2827466758","code":2301,"fclass":"restaurant","name":"Marrakesh"},"geometry":{"type":"Point","coordinates":[73.9281761,18.5096072]}},
{"type":"Feature","properties":{"osm_id":"2827467012","code":2121,"fclass":"dentist","name":"Advanced Dental Care Center"},"geometry":{"type":"Point","coordinates":[73.9281663,18.5100712]}},
{"type":"Feature","properties":{"osm_id":"2827467014","code":2120,"fclass":"doctors","name":"Omkar Clinic & Sonography Center"},"geometry":{"type":"Point","coordinates":[73.9281637,18.5099987]}},
{"type":"Feature","properties":{"osm_id":"2827467018","code":2121,"fclass":"dentist","name":"my Dental Clinic"},"geometry":{"type":"Point","coordinates":[73.9285606,18.5094531]}},
{"type":"Feature","properties":{"osm_id":"2827467019","code":2301,"fclass":"restaurant","name":"Chennai Express"},"geometry":{"type":"Point","coordinates":[73.9281865,18.5093984]}},
{"type":"Feature","properties":{"osm_id":"2836383187","code":2301,"fclass":"restaurant","name":"Barbeque Nation"},"geometry":{"type":"Point","coordinates":[73.899794,18.5524942]}},
{"type":"Feature","properties":{"osm_id":"2837524768","code":2121,"fclass":"dentist","name":"Dr. Dixit's Dental Speciality Clinic and Implant Centre"},"geometry":{"type":"Point","coordinates":[73.9180392,18.5655529]}},
{"type":"Feature","properties":{"osm_id":"2837712465","code":2602,"fclass":"atm","name":""},"geometry":{"type":"Point","coordinates":[73.8430681,18.5110544]}},
{"type":"Feature","properties":{"osm_id":"2837712466","code":2602,"fclass":"atm","name":""},"geometry":{"type":"Point","coordinates":[73.8430674,18.5110955]}},
{"type":"Feature","properties":{"osm_id":"2852763593","code":2901,"fclass":"toilet","name":""},"geometry":{"type":"Point","coordinates":[73.8746132,18.5297215]}},
{"type":"Feature","properties":{"osm_id":"2858176018","code":2601,"fclass":"bank","name":"Bank of Maharashtra"},"geometry":{"type":"Point","coordinates":[73.8539446,18.5136974]}},
{"type":"Feature","properties":{"osm_id":"2858176021","code":2601,"fclass":"bank","name":"IDBI Bank"},"geometry":{"type":"Point","coordinates":[73.8479184,18.5133208]}},
{"type":"Feature","properties":{"osm_id":"2858176022","code":2526,"fclass":"toy_shop","name":"Kheliya"},"geometry":{"type":"Point","coordinates":[73.8255598,18.5011458]}},
{"type":"Feature","properties":{"osm_id":"2858176023","code":2007,"fclass":"library","name":"Lokmanya Vachanalay"},"geometry":{"type":"Point","coordinates":[73.846209,18.5086516]}},
{"type":"Feature","properties":{"osm_id":"2858176026","code":2301,"fclass":"restaurant","name":"Sumitra"},"geometry":{"type":"Point","coordinates":[73.8211374,18.5039234]}},
{"type":"Feature","properties":{"osm_id":"2858176027","code":2601,"fclass":"bank","name":"Vishweshwar Bank"},"geometry":{"type":"Point","coordinates":[73.8348992,18.5079385]}},
{"type":"Feature","properties":{"osm_id":"2858176036","code":2602,"fclass":"atm","name":""},"geometry":{"type":"Point","coordinates":[73.8210128,18.5038583]}},
{"type":"Feature","properties":{"osm_id":"2858176071","code":2901,"fclass":"toilet","name":""},"geometry":{"type":"Point","coordinates":[73.8466792,18.5081322]}},
{"type":"Feature","properties":{"osm_id":"2858176215","code":2004,"fclass":"post_box","name":""},"geometry":{"type":"Point","coordinates":[73.8456391,18.5130366]}},
{"type":"Feature","properties":{"osm_id":"2858176216","code":2602,"fclass":"atm","name":""},"geometry":{"type":"Point","coordinates":[73.8508498,18.5134848]}},
{"type":"Feature","properties":{"osm_id":"2858176227","code":2602,"fclass":"atm","name":""},"geometry":{"type":"Point","coordinates":[73.850255,18.5137033]}},
{"type":"Feature","properties":{"osm_id":"2859985517","code":2601,"fclass":"bank","name":"Bank of Baroda"},"geometry":{"type":"Point","coordinates":[73.8396023,18.5129298]}},
{"type":"Feature","properties":{"osm_id":"2859985518","code":2517,"fclass":"shoe_shop","name":"Bata"},"geometry":{"type":"Point","coordinates":[73.8434812,18.5170287]}},
{"type":"Feature","properties":{"osm_id":"2859985519","code":2512,"fclass":"clothes","name":"Blackberrys"},"geometry":{"type":"Point","coordinates":[73.8452633,18.5196777]}},
{"type":"Feature","properties":{"osm_id":"2859985520","code":2601,"fclass":"bank","name":"Central Bank of India"},"geometry":{"type":"Point","coordinates":[73.8421719,18.5146812]}},
{"type":"Feature","properties":{"osm_id":"2859985521","code":2601,"fclass":"bank","name":"Cosmos Bank, Kothrud Branch"},"geometry":{"type":"Point","coordinates":[73.8201973,18.5038665]}},
{"type":"Feature","properties":{"osm_id":"2859985522","code":2601,"fclass":"bank","name":"DNS Bank, Kothrud Branch"},"geometry":{"type":"Point","coordinates":[73.8148199,18.5019776]}},
{"type":"Feature","properties":{"osm_id":"2859985523","code":2601,"fclass":"bank","name":"Federal Bank"},"geometry":{"type":"Point","coordinates":[73.8474353,18.5233029]}},
{"type":"Feature","properties":{"osm_id":"2859985524","code":2512,"fclass":"clothes","name":"Jaihind Collections"},"geometry":{"type":"Point","coordinates":[73.8521456,18.5142729]}},
{"type":"Feature","properties":{"osm_id":"2859985526","code":2601,"fclass":"bank","name":"The Karad Urban Co-op Bank Ltd., Kothrud Branch"},"geometry":{"type":"Point","coordinates":[73.8217985,18.504852]}},
{"type":"Feature","properties":{"osm_id":"2859985546","code":2602,"fclass":"atm","name":""},"geometry":{"type":"Point","coordinates":[73.854006,18.5170315]}},
{"type":"Feature","properties":{"osm_id":"2859985547","code":2602,"fclass":"atm","name":""},"geometry":{"type":"Point","coordinates":[73.8527467,18.5200119]}},
{"type":"Feature","properties":{"osm_id":"2859985577","code":2903,"fclass":"drinking_water","name":""},"geometry":{"type":"Point","coordinates":[73.8448992,18.5231144]}},
{"type":"Feature","properties":{"osm_id":"2859985585","code":2602,"fclass":"atm","name":""},"geometry":{"type":"Point","coordinates":[73.8465515,18.5236224]}},
{"type":"Feature","properties":{"osm_id":"2860338155","code":2301,"fclass":"restaurant","name":"Zanbaqq"},"geometry":{"type":"Point","coordinates":[73.8159984,18.510171]}},
{"type":"Feature","properties":{"osm_id":"2868930208","code":2522,"fclass":"sports_shop","name":"Adidas"},"geometry":{"type":"Point","coordinates":[73.8469923,18.521793]}},
{"type":"Feature","properties":{"osm_id":"2868930209","code":2601,"fclass":"bank","name":"Catholic Bank"},"geometry":{"type":"Point","coordinates":[73.9007899,18.5040675]}},
{"type":"Feature","properties":{"osm_id":"2868930210","code":2601,"fclass":"bank","name":"HDFC Bank"},"geometry":{"type":"Point","coordinates":[73.9012018,18.5028734]}},
{"type":"Feature","properties":{"osm_id":"2868930211","code":2601,"fclass":"bank","name":"HSBC"},"geometry":{"type":"Point","coordinates":[73.8305248,18.5189172]}},
{"type":"Feature","properties":{"osm_id":"2868930213","code":2001,"fclass":"police","name":"Kasba Peth Police Chowki"},"geometry":{"type":"Point","coordinates":[73.8560378,18.5204757]}},
{"type":"Feature","properties":{"osm_id":"2868930215","code":2001,"fclass":"police","name":"Paud Phata Police Chowki"},"geometry":{"type":"Point","coordinates":[73.8245986,18.5064508]}},
{"type":"Feature","properties":{"osm_id":"2868930216","code":2110,"fclass":"hospital","name":"Fatima Convent Sahyadri Clinic"},"geometry":{"type":"Point","coordinates":[73.9008129,18.5045156]}},
{"type":"Feature","properties":{"osm_id":"2868930217","code":2301,"fclass":"restaurant","name":"Samadhan"},"geometry":{"type":"Point","coordinates":[73.8564341,18.5157746]}},
{"type":"Feature","properties":{"osm_id":"2868930218","code":2601,"fclass":"bank","name":"Saraswat Bank"},"geometry":{"type":"Point","coordinates":[73.9007927,18.5041228]}},
{"type":"Feature","properties":{"osm_id":"2868930219","code":2601,"fclass":"bank","name":"Saraswat Bank, Dahanukar Colony Branch"},"geometry":{"type":"Point","coordinates":[73.808853,18.4959097]}},
{"type":"Feature","properties":{"osm_id":"2868930244","code":2602,"fclass":"atm","name":""},"geometry":{"type":"Point","coordinates":[73.9011651,18.5028448]}},
{"type":"Feature","properties":{"osm_id":"2868930247","code":2602,"fclass":"atm","name":""},"geometry":{"type":"Point","coordinates":[73.901126,18.503964]}},
{"type":"Feature","properties":{"osm_id":"2921897064","code":2110,"fclass":"hospital","name":"Gupte Hospital Of Accurate Diagnostics Pvt Ltd"},"geometry":{"type":"Point","coordinates":[73.8398724,18.519051]}},
{"type":"Feature","properties":{"osm_id":"2928753030","code":2520,"fclass":"jeweller","name":"Rajmal Lakhichand Jewellers"},"geometry":{"type":"Point","coordinates":[73.8323123,18.5093845]}},
{"type":"Feature","properties":{"osm_id":"2929239713","code":2301,"fclass":"restaurant","name":"Richie's Cake Shop"},"geometry":{"type":"Point","coordinates":[73.7785948,18.5194753]}},
{"type":"Feature","properties":{"osm_id":"2929239714","code":2519,"fclass":"optician","name":"Gangar Eyenation"},"geometry":{"type":"Point","coordinates":[73.8308712,18.5086504]}},
{"type":"Feature","properties":{"osm_id":"2929239715","code":2501,"fclass":"supermarket","name":"Grahak Peth"},"geometry":{"type":"Point","coordinates":[73.8508179,18.5076531]}},
{"type":"Feature","properties":{"osm_id":"2929239718","code":2543,"fclass":"doityourself","name":"MR.DIY"},"geometry":{"type":"Point","coordinates":[73.802746,18.5024596]}},
{"type":"Feature","properties":{"osm_id":"2929239719","code":2601,"fclass":"bank","name":"State Bank of India"},"geometry":{"type":"Point","coordinates":[73.8558661,18.5033467]}},
{"type":"Feature","properties":{"osm_id":"2929239720","code":2302,"fclass":"fast_food","name":"Subway"},"geometry":{"type":"Point","coordinates":[73.7787079,18.5191386]}},
{"type":"Feature","properties":{"osm_id":"2935676181","code":2601,"fclass":"bank","name":"Bank of Maharashtra"},"geometry":{"type":"Point","coordinates":[73.8695787,18.5018108]}},
{"type":"Feature","properties":{"osm_id":"2935676182","code":2541,"fclass":"car_dealership","name":"Chowgule Industries"},"geometry":{"type":"Point","coordinates":[73.8697472,18.501842]}},
{"type":"Feature","properties":{"osm_id":"2935676183","code":2601,"fclass":"bank","name":"HDFC Bank"},"geometry":{"type":"Point","coordinates":[73.8693202,18.5019351]}},
{"type":"Feature","properties":{"osm_id":"2935676184","code":2564,"fclass":"car_wash","name":"Kothrud Petrol Circle"},"geometry":{"type":"Point","coordinates":[73.8151546,18.502417]}},
{"type":"Feature","properties":{"osm_id":"2935676185","code":2001,"fclass":"police","name":"Swargate Police Station"},"geometry":{"type":"Point","coordinates":[73.8591594,18.5007921]}},
{"type":"Feature","properties":{"osm_id":"2935676190","code":2901,"fclass":"toilet","name":""},"geometry":{"type":"Point","coordinates":[73.8280749,18.5071871]}},
{"type":"Feature","properties":{"osm_id":"2935676320","code":2901,"fclass":"toilet","name":""},"geometry":{"type":"Point","coordinates":[73.8580902,18.5085898]}},
{"type":"Feature","properties":{"osm_id":"2939229810","code":2511,"fclass":"convenience","name":"Agraj"},"geometry":{"type":"Point","coordinates":[73.8480271,18.5093772]}},
{"type":"Feature","properties":{"osm_id":"2939229812","code":2903,"fclass":"drinking_water","name":""},"geometry":{"type":"Point","coordinates":[73.8556267,18.5009817]}},
{"type":"Feature","properties":{"osm_id":"2939229863","code":2951,"fclass":"comms_tower","name":""},"geometry":{"type":"Point","coordinates":[73.8494198,18.5305408]}},
{"type":"Feature","properties":{"osm_id":"2940513801","code":2601,"fclass":"bank","name":"HDFC Bank"},"geometry":{"type":"Point","coordinates":[73.8444111,18.5076666]}},
{"type":"Feature","properties":{"osm_id":"2940513802","code":2701,"fclass":"tourist_info","name":"Prabhag 51 B"},"geometry":{"type":"Point","coordinates":[73.8503217,18.5077591]}},
{"type":"Feature","properties":{"osm_id":"2940513803","code":2301,"fclass":"restaurant","name":"Saffron"},"geometry":{"type":"Point","coordinates":[73.8443855,18.5077877]}},
{"type":"Feature","properties":{"osm_id":"2940513804","code":2724,"fclass":"memorial","name":"Vasantdada Patil"},"geometry":{"type":"Point","coordinates":[73.853572,18.5053539]}},
{"type":"Feature","properties":{"osm_id":"2940513857","code":2602,"fclass":"atm","name":""},"geometry":{"type":"Point","coordinates":[73.8484234,18.5091574]}},
{"type":"Feature","properties":{"osm_id":"2955707706","code":2301,"fclass":"restaurant","name":"Chillies"},"geometry":{"type":"Point","coordinates":[73.9120424,18.5346916]}},
{"type":"Feature","properties":{"osm_id":"2961452795","code":2952,"fclass":"water_tower","name":""},"geometry":{"type":"Point","coordinates":[73.9101563,18.5474906]}},
{"type":"Feature","properties":{"osm_id":"2962669671","code":2302,"fclass":"fast_food","name":"Mad Over Donuts"},"geometry":{"type":"Point","coordinates":[73.8454021,18.5192288]}},
{"type":"Feature","properties":{"osm_id":"2973186670","code":2253,"fclass":"swimming_pool","name":"Solaris Club"},"geometry":{"type":"Point","coordinates":[73.7959196,18.5569559]}},
{"type":"Feature","properties":{"osm_id":"2973189047","code":2601,"fclass":"bank","name":"Axis Bank"},"geometry":{"type":"Point","coordinates":[73.7945557,18.5566465]}},
{"type":"Feature","properties":{"osm_id":"2973207926","code":2601,"fclass":"bank","name":"ICICI Bank"},"geometry":{"type":"Point","coordinates":[73.7961445,18.5548381]}},
{"type":"Feature","properties":{"osm_id":"2973211286","code":2120,"fclass":"doctors","name":"Lotus Paediatrics Clinic"},"geometry":{"type":"Point","coordinates":[73.7935963,18.5576785]}},
{"type":"Feature","properties":{"osm_id":"2973218481","code":2120,"fclass":"doctors","name":"Dr Gupte Hospital"},"geometry":{"type":"Point","coordinates":[73.7936755,18.5576203]}},
{"type":"Feature","properties":{"osm_id":"2973222668","code":2547,"fclass":"garden_centre","name":"Girme Farms"},"geometry":{"type":"Point","coordinates":[73.7947787,18.5556959]}},
{"type":"Feature","properties":{"osm_id":"2973229520","code":2511,"fclass":"convenience","name":"Pancharatna Stores"},"geometry":{"type":"Point","coordinates":[73.7945056,18.5560894]}},
{"type":"Feature","properties":{"osm_id":"2973230563","code":2511,"fclass":"convenience","name":"Priyam Novelties"},"geometry":{"type":"Point","coordinates":[73.7947063,18.5557315]}},
{"type":"Feature","properties":{"osm_id":"2973246849","code":2302,"fclass":"fast_food","name":"Domino's"},"geometry":{"type":"Point","coordinates":[73.7946527,18.556502]}},
{"type":"Feature","properties":{"osm_id":"2973334946","code":2501,"fclass":"supermarket","name":"DMart"},"geometry":{"type":"Point","coordinates":[73.7696587,18.5669885]}},
{"type":"Feature","properties":{"osm_id":"2973462868","code":2251,"fclass":"sports_centre","name":"Om Dalvi Memorial Tennis School"},"geometry":{"type":"Point","coordinates":[73.8079872,18.5608474]}},
{"type":"Feature","properties":{"osm_id":"2973465206","code":2302,"fclass":"fast_food","name":"McDonald's"},"geometry":{"type":"Point","coordinates":[73.8076334,18.5626219]}},
{"type":"Feature","properties":{"osm_id":"2973466889","code":2110,"fclass":"hospital","name":"AIMS Hospital"},"geometry":{"type":"Point","coordinates":[73.8106962,18.5625409]}},
{"type":"Feature","properties":{"osm_id":"2973472779","code":2201,"fclass":"theatre","name":"Pandit Bhimsen Joshi Kalamandir"},"geometry":{"type":"Point","coordinates":[73.8128903,18.5633545]}},
{"type":"Feature","properties":{"osm_id":"2973472801","code":2016,"fclass":"marketplace","name":"Aundh Market"},"geometry":{"type":"Point","coordinates":[73.8119247,18.565648]}},
{"type":"Feature","properties":{"osm_id":"2984733772","code":2952,"fclass":"water_tower","name":""},"geometry":{"type":"Point","coordinates":[73.9388913,18.5586149]}},
{"type":"Feature","properties":{"osm_id":"3017579733","code":2511,"fclass":"convenience","name":"Agraj"},"geometry":{"type":"Point","coordinates":[73.8460711,18.5151795]}},
{"type":"Feature","properties":{"osm_id":"3017579734","code":2602,"fclass":"atm","name":"State Bank of India"},"geometry":{"type":"Point","coordinates":[73.8041568,18.4961742]}},
{"type":"Feature","properties":{"osm_id":"3022118146","code":2601,"fclass":"bank","name":"Bank of India"},"geometry":{"type":"Point","coordinates":[73.8009437,18.5548783]}},
{"type":"Feature","properties":{"osm_id":"3022118147","code":2601,"fclass":"bank","name":"Bank of Baroda"},"geometry":{"type":"Point","coordinates":[73.8301396,18.5291439]}},
{"type":"Feature","properties":{"osm_id":"3022118148","code":2512,"fclass":"clothes","name":"Pantaloons"},"geometry":{"type":"Point","coordinates":[73.8297192,18.5313129]}},
{"type":"Feature","properties":{"osm_id":"3022118157","code":2602,"fclass":"atm","name":""},"geometry":{"type":"Point","coordinates":[73.8301534,18.5291296]}},
{"type":"Feature","properties":{"osm_id":"3129346152","code":2301,"fclass":"restaurant","name":"Sharao Lawns"},"geometry":{"type":"Point","coordinates":[73.8133078,18.5122671]}},
{"type":"Feature","properties":{"osm_id":"3130906154","code":2008,"fclass":"town_hall","name":"Swapna Poorti Hall"},"geometry":{"type":"Point","coordinates":[73.8168384,18.5194852]}},
{"type":"Feature","properties":{"osm_id":"3134939179","code":2008,"fclass":"town_hall","name":"Shiv Samartha Hall and Garden"},"geometry":{"type":"Point","coordinates":[73.8137867,18.5125894]}},
{"type":"Feature","properties":{"osm_id":"3168576966","code":2601,"fclass":"bank","name":"Bank of Maharashtra"},"geometry":{"type":"Point","coordinates":[73.7656509,18.5712329]}},
{"type":"Feature","properties":{"osm_id":"3206031010","code":2303,"fclass":"cafe","name":"Garam Tawa Bistro & Herbal Cafe"},"geometry":{"type":"Point","coordinates":[73.7662513,18.5752201]}},
{"type":"Feature","properties":{"osm_id":"3238255107","code":2110,"fclass":"hospital","name":"Naik Hospital, Pune"},"geometry":{"type":"Point","coordinates":[73.8594694,18.5102879]}},
{"type":"Feature","properties":{"osm_id":"3238255115","code":2901,"fclass":"toilet","name":""},"geometry":{"type":"Point","coordinates":[73.8584411,18.5061301]}},
{"type":"Feature","properties":{"osm_id":"3256869300","code":2101,"fclass":"pharmacy","name":"MedPlus"},"geometry":{"type":"Point","coordinates":[73.8150037,18.4871353]}},
{"type":"Feature","properties":{"osm_id":"3256869341","code":2301,"fclass":"restaurant","name":"Crunchy and Crispy"},"geometry":{"type":"Point","coordinates":[73.8161061,18.484884]}},
{"type":"Feature","properties":{"osm_id":"3256870786","code":2602,"fclass":"atm","name":""},"geometry":{"type":"Point","coordinates":[73.8155133,18.4859321]}},
{"type":"Feature","properties":{"osm_id":"3257658871","code":2602,"fclass":"atm","name":"Yes Bank"},"geometry":{"type":"Point","coordinates":[73.936825,18.518568]}},
{"type":"Feature","properties":{"osm_id":"3269062066","code":2303,"fclass":"cafe","name":"Bookbar - Artisanal cafe, bookstore and pizzahouse"},"geometry":{"type":"Point","coordinates":[73.8413938,18.5254171]}},
{"type":"Feature","properties":{"osm_id":"3309048869","code":2501,"fclass":"supermarket","name":"Jay Ganesh"},"geometry":{"type":"Point","coordinates":[73.8344303,18.4942387]}},
{"type":"Feature","properties":{"osm_id":"3309053861","code":2301,"fclass":"restaurant","name":"Salt and Pepper"},"geometry":{"type":"Point","coordinates":[73.8503517,18.5081847]}},
{"type":"Feature","properties":{"osm_id":"3311223799","code":2303,"fclass":"cafe","name":"Cafe Peter"},"geometry":{"type":"Point","coordinates":[73.7818758,18.5105251]}},
{"type":"Feature","properties":{"osm_id":"3337848238","code":2541,"fclass":"car_dealership","name":"Bavaria Motors"},"geometry":{"type":"Point","coordinates":[73.8738177,18.5198697]}},
{"type":"Feature","properties":{"osm_id":"3337848239","code":2601,"fclass":"bank","name":"Janata Sahakari Bank, Kothrud Branch"},"geometry":{"type":"Point","coordinates":[73.83906,18.5123208]}},
{"type":"Feature","properties":{"osm_id":"3337848240","code":2001,"fclass":"police","name":"Samarth Police Station"},"geometry":{"type":"Point","coordinates":[73.8696893,18.5203179]}},
{"type":"Feature","properties":{"osm_id":"3337848241","code":2001,"fclass":"police","name":"Shaniwar Peth Police Chowki"},"geometry":{"type":"Point","coordinates":[73.8500242,18.5200094]}},
{"type":"Feature","properties":{"osm_id":"3337848243","code":2301,"fclass":"restaurant","name":"Woodlands"},"geometry":{"type":"Point","coordinates":[73.83466,18.5080934]}},
{"type":"Feature","properties":{"osm_id":"3337848266","code":2602,"fclass":"atm","name":"ICICI Bank"},"geometry":{"type":"Point","coordinates":[73.8370782,18.5117509]}},
{"type":"Feature","properties":{"osm_id":"3376012873","code":2082,"fclass":"school","name":"Symbiosis Open School"},"geometry":{"type":"Point","coordinates":[73.8308867,18.5158542]}},
{"type":"Feature","properties":{"osm_id":"3376012876","code":2529,"fclass":"beauty_shop","name":"Nishigandha"},"geometry":{"type":"Point","coordinates":[73.8311754,18.516772]}},
{"type":"Feature","properties":{"osm_id":"3376049727","code":2541,"fclass":"car_dealership","name":"Viraaj Skoda"},"geometry":{"type":"Point","coordinates":[73.8314795,18.5188959]}},
{"type":"Feature","properties":{"osm_id":"3377351273","code":2401,"fclass":"hotel","name":"Viva Inn"},"geometry":{"type":"Point","coordinates":[73.7827827,18.5080071]}},
{"type":"Feature","properties":{"osm_id":"3377423145","code":2601,"fclass":"bank","name":"Canara Bank"},"geometry":{"type":"Point","coordinates":[73.8762877,18.5258909]}},
{"type":"Feature","properties":{"osm_id":"3377492263","code":2401,"fclass":"hotel","name":"Ritz Hotel"},"geometry":{"type":"Point","coordinates":[73.8765561,18.5234559]}},
{"type":"Feature","properties":{"osm_id":"3379383278","code":2529,"fclass":"beauty_shop","name":"Lakme"},"geometry":{"type":"Point","coordinates":[73.8317306,18.5146404]}},
{"type":"Feature","properties":{"osm_id":"3379398637","code":2601,"fclass":"bank","name":"Bank of Maharashtra"},"geometry":{"type":"Point","coordinates":[73.8341286,18.5160755]}},
{"type":"Feature","properties":{"osm_id":"3381592654","code":2601,"fclass":"bank","name":"HDFC Bank"},"geometry":{"type":"Point","coordinates":[73.835951,18.5182631]}},
{"type":"Feature","properties":{"osm_id":"3385751213","code":2512,"fclass":"clothes","name":"Fabindia"},"geometry":{"type":"Point","coordinates":[73.8758999,18.5314631]}},
{"type":"Feature","properties":{"osm_id":"3386030400","code":2721,"fclass":"attraction","name":"HAL Marut"},"geometry":{"type":"Point","coordinates":[73.8353667,18.5172576]}},
{"type":"Feature","properties":{"osm_id":"3386030401","code":2001,"fclass":"police","name":"Prabhat Police Chowki"},"geometry":{"type":"Point","coordinates":[73.8333062,18.5145218]}},
{"type":"Feature","properties":{"osm_id":"3476353651","code":2601,"fclass":"bank","name":"Saraswat Bank"},"geometry":{"type":"Point","coordinates":[73.7882703,18.5950692]}},
{"type":"Feature","properties":{"osm_id":"3476353652","code":2505,"fclass":"department_store","name":"More"},"geometry":{"type":"Point","coordinates":[73.7879538,18.5947743]}},
{"type":"Feature","properties":{"osm_id":"3476353653","code":2601,"fclass":"bank","name":"Bank of Maharashtra"},"geometry":{"type":"Point","coordinates":[73.7891634,18.5945317]}},
{"type":"Feature","properties":{"osm_id":"3476353654","code":2301,"fclass":"restaurant","name":"Saudagar"},"geometry":{"type":"Point","coordinates":[73.7902498,18.594098]}},
{"type":"Feature","properties":{"osm_id":"3488367794","code":2303,"fclass":"cafe","name":"Le Plaisir"},"geometry":{"type":"Point","coordinates":[73.8380932,18.5181398]}},
{"type":"Feature","properties":{"osm_id":"3495323617","code":2301,"fclass":"restaurant","name":"Sveekar"},"geometry":{"type":"Point","coordinates":[73.832361,18.5064157]}},
{"type":"Feature","properties":{"osm_id":"3495323618","code":2724,"fclass":"memorial","name":"Vedacharya Phatak Guruji"},"geometry":{"type":"Point","coordinates":[73.8520975,18.4993132]}},
{"type":"Feature","properties":{"osm_id":"3504366381","code":2511,"fclass":"convenience","name":"Phul Pari Fruits and Vegetables Shop"},"geometry":{"type":"Point","coordinates":[73.8208968,18.4707002]}},
{"type":"Feature","properties":{"osm_id":"3504367749","code":2301,"fclass":"restaurant","name":"Brahma Garden"},"geometry":{"type":"Point","coordinates":[73.8221562,18.4737902]}},
{"type":"Feature","properties":{"osm_id":"3506834646","code":2301,"fclass":"restaurant","name":"Banyan Tree"},"geometry":{"type":"Point","coordinates":[73.8290703,18.4921268]}},
{"type":"Feature","properties":{"osm_id":"3506853565","code":2601,"fclass":"bank","name":"Axis Bank"},"geometry":{"type":"Point","coordinates":[73.8317966,18.4900507]}},
{"type":"Feature","properties":{"osm_id":"3523419263","code":2601,"fclass":"bank","name":"SBI InTouch"},"geometry":{"type":"Point","coordinates":[73.7740538,18.565198]}},
{"type":"Feature","properties":{"osm_id":"3523422825","code":2082,"fclass":"school","name":"Bharti Vidyapeeth English Medium School"},"geometry":{"type":"Point","coordinates":[73.7752351,18.57326]}},
{"type":"Feature","properties":{"osm_id":"3523423326","code":2541,"fclass":"car_dealership","name":"Renault"},"geometry":{"type":"Point","coordinates":[73.7713345,18.5551727]}},
{"type":"Feature","properties":{"osm_id":"3523907565","code":2601,"fclass":"bank","name":"SVC Bank, Balewadi Branch"},"geometry":{"type":"Point","coordinates":[73.7766284,18.5739139]}},
{"type":"Feature","properties":{"osm_id":"3533206593","code":2303,"fclass":"cafe","name":"Cafe Coffee Day"},"geometry":{"type":"Point","coordinates":[73.8483963,18.5228996]}},
{"type":"Feature","properties":{"osm_id":"3533920293","code":2301,"fclass":"restaurant","name":"Samruddhi Veg, Non-Veg Restaurant and Snacks"},"geometry":{"type":"Point","coordinates":[73.810231,18.4467281]}},
{"type":"Feature","properties":{"osm_id":"3535081955","code":2520,"fclass":"jeweller","name":"Ranka Jewellers"},"geometry":{"type":"Point","coordinates":[73.8268375,18.4829873]}},
{"type":"Feature","properties":{"osm_id":"3535099237","code":2301,"fclass":"restaurant","name":"Girija Matoshree"},"geometry":{"type":"Point","coordinates":[73.8270307,18.4900082]}},
{"type":"Feature","properties":{"osm_id":"3536142573","code":2101,"fclass":"pharmacy","name":"Ambika Medicare"},"geometry":{"type":"Point","coordinates":[73.8105297,18.4471254]}},
{"type":"Feature","properties":{"osm_id":"3536143050","code":2302,"fclass":"fast_food","name":"Mauli Snacks Center"},"geometry":{"type":"Point","coordinates":[73.8099931,18.4472417]}},
{"type":"Feature","properties":{"osm_id":"3547594671","code":2204,"fclass":"park","name":"Pul Deshpande Garden"},"geometry":{"type":"Point","coordinates":[73.8008065,18.4441312]}},
{"type":"Feature","properties":{"osm_id":"3559226168","code":2008,"fclass":"town_hall","name":"Mulik Palace"},"geometry":{"type":"Point","coordinates":[73.9063196,18.5487138]}},
{"type":"Feature","properties":{"osm_id":"3583518399","code":2602,"fclass":"atm","name":"Citibank"},"geometry":{"type":"Point","coordinates":[73.8888472,18.4687024]}},
{"type":"Feature","properties":{"osm_id":"3583518400","code":2601,"fclass":"bank","name":"HDFC Bank"},"geometry":{"type":"Point","coordinates":[73.8892361,18.46888]}},
{"type":"Feature","properties":{"osm_id":"3583518401","code":2602,"fclass":"atm","name":"ICICI Bank"},"geometry":{"type":"Point","coordinates":[73.8884679,18.4691032]}},
{"type":"Feature","properties":{"osm_id":"3583527016","code":2110,"fclass":"hospital","name":"Satyanand Hospital"},"geometry":{"type":"Point","coordinates":[73.8886878,18.4707709]}},
{"type":"Feature","properties":{"osm_id":"3583535426","code":2602,"fclass":"atm","name":"ICICI Bank"},"geometry":{"type":"Point","coordinates":[73.8901164,18.4628466]}},
{"type":"Feature","properties":{"osm_id":"3594809413","code":2512,"fclass":"clothes","name":"Radynee"},"geometry":{"type":"Point","coordinates":[73.8139446,18.4615223]}},
{"type":"Feature","properties":{"osm_id":"3596314729","code":2302,"fclass":"fast_food","name":"McDonald's"},"geometry":{"type":"Point","coordinates":[73.8224743,18.4758284]}},
{"type":"Feature","properties":{"osm_id":"3596337423","code":2302,"fclass":"fast_food","name":"Domino's"},"geometry":{"type":"Point","coordinates":[73.8232565,18.4773643]}},
{"type":"Feature","properties":{"osm_id":"3600490397","code":2082,"fclass":"school","name":"Red Rose Nursery"},"geometry":{"type":"Point","coordinates":[73.8264445,18.4468305]}},
{"type":"Feature","properties":{"osm_id":"3610702763","code":2512,"fclass":"clothes","name":"Ramesh Dyeing"},"geometry":{"type":"Point","coordinates":[73.8214626,18.4740061]}},
{"type":"Feature","properties":{"osm_id":"3610703511","code":2519,"fclass":"optician","name":"Royal Optic House"},"geometry":{"type":"Point","coordinates":[73.8307893,18.5081772]}},
{"type":"Feature","properties":{"osm_id":"3637303225","code":2523,"fclass":"stationery","name":"U.J. Solanki"},"geometry":{"type":"Point","coordinates":[73.8602651,18.5135132]}},
{"type":"Feature","properties":{"osm_id":"3637303226","code":2301,"fclass":"restaurant","name":"Agatya"},"geometry":{"type":"Point","coordinates":[73.8542899,18.514425]}},
{"type":"Feature","properties":{"osm_id":"3642832507","code":2511,"fclass":"convenience","name":"Nature's Basket"},"geometry":{"type":"Point","coordinates":[73.8963504,18.5365194]}},
{"type":"Feature","properties":{"osm_id":"3642844984","code":2601,"fclass":"bank","name":"Bank of India"},"geometry":{"type":"Point","coordinates":[73.8986483,18.5363996]}},
{"type":"Feature","properties":{"osm_id":"3642844986","code":2301,"fclass":"restaurant","name":"Mad House Grill"},"geometry":{"type":"Point","coordinates":[73.8991446,18.536566]}},
{"type":"Feature","properties":{"osm_id":"3643691743","code":2701,"fclass":"tourist_info","name":""},"geometry":{"type":"Point","coordinates":[73.9101565,18.6054565]}},
{"type":"Feature","properties":{"osm_id":"3645543703","code":2421,"fclass":"shelter","name":"SPPU Guest Houe"},"geometry":{"type":"Point","coordinates":[73.8252303,18.5553725]}},
{"type":"Feature","properties":{"osm_id":"3646029467","code":2504,"fclass":"mall","name":"Reliance Mart , Fatima Nagar"},"geometry":{"type":"Point","coordinates":[73.9003371,18.5025271]}},
{"type":"Feature","properties":{"osm_id":"3647377242","code":2601,"fclass":"bank","name":"IDBI Bank"},"geometry":{"type":"Point","coordinates":[73.8417085,18.5264608]}},
{"type":"Feature","properties":{"osm_id":"3647377483","code":2601,"fclass":"bank","name":"Kotak Mahindra Bank"},"geometry":{"type":"Point","coordinates":[73.8414424,18.5256406]}},
{"type":"Feature","properties":{"osm_id":"3647415344","code":2303,"fclass":"cafe","name":"Cafe Coffee Day"},"geometry":{"type":"Point","coordinates":[73.8315264,18.5079686]}},
{"type":"Feature","properties":{"osm_id":"3647429522","code":2301,"fclass":"restaurant","name":"Samudra"},"geometry":{"type":"Point","coordinates":[73.8315753,18.5079009]}},
{"type":"Feature","properties":{"osm_id":"3656492754","code":2601,"fclass":"bank","name":"HDFC Bank"},"geometry":{"type":"Point","coordinates":[73.7840979,18.5810894]}},
{"type":"Feature","properties":{"osm_id":"3657496166","code":2301,"fclass":"restaurant","name":"Aavees"},"geometry":{"type":"Point","coordinates":[73.8340451,18.5103191]}},
{"type":"Feature","properties":{"osm_id":"3657496167","code":2601,"fclass":"bank","name":"Axis Bank"},"geometry":{"type":"Point","coordinates":[73.7786503,18.5200589]}},
{"type":"Feature","properties":{"osm_id":"3657496169","code":2601,"fclass":"bank","name":"Axis Bank"},"geometry":{"type":"Point","coordinates":[73.8298898,18.5383685]}},
{"type":"Feature","properties":{"osm_id":"3657496170","code":2601,"fclass":"bank","name":"Bank of India"},"geometry":{"type":"Point","coordinates":[73.8413081,18.523593]}},
{"type":"Feature","properties":{"osm_id":"3657496171","code":2601,"fclass":"bank","name":"Bank of Maharashtra"},"geometry":{"type":"Point","coordinates":[73.7931624,18.5579611]}},
{"type":"Feature","properties":{"osm_id":"3657496172","code":2601,"fclass":"bank","name":"IndusInd Bank"},"geometry":{"type":"Point","coordinates":[73.7836202,18.5437132]}},
{"type":"Feature","properties":{"osm_id":"3657496178","code":2601,"fclass":"bank","name":"ICICI Bank"},"geometry":{"type":"Point","coordinates":[73.7786599,18.5199857]}},
{"type":"Feature","properties":{"osm_id":"3657496179","code":2601,"fclass":"bank","name":"ICICI Bank"},"geometry":{"type":"Point","coordinates":[73.7802005,18.5443532]}},
{"type":"Feature","properties":{"osm_id":"3657496180","code":2601,"fclass":"bank","name":"Janata Sahakari Bank Baner Branch"},"geometry":{"type":"Point","coordinates":[73.7905776,18.5595506]}},
{"type":"Feature","properties":{"osm_id":"3657496181","code":2301,"fclass":"restaurant","name":"Kobe Sizzlers"},"geometry":{"type":"Point","coordinates":[73.8289305,18.5148321]}},
{"type":"Feature","properties":{"osm_id":"3657496182","code":2520,"fclass":"jeweller","name":"Lagu Bandhu"},"geometry":{"type":"Point","coordinates":[73.8206091,18.5462097]}},
{"type":"Feature","properties":{"osm_id":"3657496187","code":2301,"fclass":"restaurant","name":"Niranjan"},"geometry":{"type":"Point","coordinates":[73.8419578,18.5260651]}},
{"type":"Feature","properties":{"osm_id":"3657496188","code":2601,"fclass":"bank","name":"Oriental Bank of Commerce"},"geometry":{"type":"Point","coordinates":[73.7932518,18.541331]}},
{"type":"Feature","properties":{"osm_id":"3657496190","code":2601,"fclass":"bank","name":"PMC Bank"},"geometry":{"type":"Point","coordinates":[73.7925951,18.5410211]}},
{"type":"Feature","properties":{"osm_id":"3657496192","code":2301,"fclass":"restaurant","name":"Saffron"},"geometry":{"type":"Point","coordinates":[73.7898446,18.5440853]}},
{"type":"Feature","properties":{"osm_id":"3657496194","code":2601,"fclass":"bank","name":"Saraswat Bank Baner Branch"},"geometry":{"type":"Point","coordinates":[73.7961279,18.555302]}},
{"type":"Feature","properties":{"osm_id":"3657496195","code":2601,"fclass":"bank","name":"Saraswat Bank Bavdhan Branch"},"geometry":{"type":"Point","coordinates":[73.7787025,18.5191714]}},
{"type":"Feature","properties":{"osm_id":"3657496196","code":2601,"fclass":"bank","name":"Saraswat Bank Pashan Branch"},"geometry":{"type":"Point","coordinates":[73.7930241,18.5413722]}},
{"type":"Feature","properties":{"osm_id":"3657496197","code":2541,"fclass":"car_dealership","name":"Sehegal Autoriders"},"geometry":{"type":"Point","coordinates":[73.8286123,18.5138468]}},
{"type":"Feature","properties":{"osm_id":"3657496199","code":2302,"fclass":"fast_food","name":"Subway"},"geometry":{"type":"Point","coordinates":[73.7977236,18.5551294]}},
{"type":"Feature","properties":{"osm_id":"3657496201","code":2301,"fclass":"restaurant","name":"Wadeshwar"},"geometry":{"type":"Point","coordinates":[73.8286396,18.5149005]}},
{"type":"Feature","properties":{"osm_id":"3657496202","code":2602,"fclass":"atm","name":""},"geometry":{"type":"Point","coordinates":[73.8181703,18.5029138]}},
{"type":"Feature","properties":{"osm_id":"3657496216","code":2602,"fclass":"atm","name":"ICICI"},"geometry":{"type":"Point","coordinates":[73.8289607,18.5120085]}},
{"type":"Feature","properties":{"osm_id":"3657511936","code":2602,"fclass":"atm","name":""},"geometry":{"type":"Point","coordinates":[73.7786555,18.5199477]}},
{"type":"Feature","properties":{"osm_id":"3657511937","code":2602,"fclass":"atm","name":""},"geometry":{"type":"Point","coordinates":[73.7786429,18.5200841]}},
{"type":"Feature","properties":{"osm_id":"3657511938","code":2602,"fclass":"atm","name":"Bank of India"},"geometry":{"type":"Point","coordinates":[73.8413022,18.5235468]}},
{"type":"Feature","properties":{"osm_id":"3657511939","code":2602,"fclass":"atm","name":""},"geometry":{"type":"Point","coordinates":[73.7935752,18.5374006]}},
{"type":"Feature","properties":{"osm_id":"3657511940","code":2602,"fclass":"atm","name":""},"geometry":{"type":"Point","coordinates":[73.7959192,18.5375711]}},
{"type":"Feature","properties":{"osm_id":"3657511955","code":2602,"fclass":"atm","name":"HDFC Bank"},"geometry":{"type":"Point","coordinates":[73.8229019,18.5453319]}},
{"type":"Feature","properties":{"osm_id":"3657511964","code":2602,"fclass":"atm","name":""},"geometry":{"type":"Point","coordinates":[73.796162,18.5552884]}},
{"type":"Feature","properties":{"osm_id":"3657511965","code":2602,"fclass":"atm","name":"Bank of Maharashtra"},"geometry":{"type":"Point","coordinates":[73.7931894,18.5579411]}},
{"type":"Feature","properties":{"osm_id":"3657511967","code":2602,"fclass":"atm","name":""},"geometry":{"type":"Point","coordinates":[73.7905756,18.5595228]}},
{"type":"Feature","properties":{"osm_id":"3657511968","code":2602,"fclass":"atm","name":"ICICI Bank"},"geometry":{"type":"Point","coordinates":[73.7962146,18.5548303]}},
{"type":"Feature","properties":{"osm_id":"3657511969","code":2602,"fclass":"atm","name":""},"geometry":{"type":"Point","coordinates":[73.8107336,18.560796]}},
{"type":"Feature","properties":{"osm_id":"3657511979","code":2541,"fclass":"car_dealership","name":"3M Car Care"},"geometry":{"type":"Point","coordinates":[73.7914337,18.5514023]}},
{"type":"Feature","properties":{"osm_id":"3679795226","code":2523,"fclass":"stationery","name":"Jeevandip Stationery and Varieties"},"geometry":{"type":"Point","coordinates":[73.8112514,18.4511428]}},
{"type":"Feature","properties":{"osm_id":"3679801298","code":2502,"fclass":"bakery","name":"New Maharashtra Bakers"},"geometry":{"type":"Point","coordinates":[73.810923,18.4493237]}},
{"type":"Feature","properties":{"osm_id":"3681734382","code":2602,"fclass":"atm","name":"SBI"},"geometry":{"type":"Point","coordinates":[73.9118785,18.458971]}},
{"type":"Feature","properties":{"osm_id":"3681734383","code":2012,"fclass":"community_centre","name":"Santosh Hall"},"geometry":{"type":"Point","coordinates":[73.8243037,18.478362]}},
{"type":"Feature","properties":{"osm_id":"3681735096","code":2082,"fclass":"school","name":"Ratanben Chunilal Mehta (RCM) Gujarati High School"},"geometry":{"type":"Point","coordinates":[73.8605502,18.5194727]}},
{"type":"Feature","properties":{"osm_id":"3683322094","code":2012,"fclass":"community_centre","name":"Savitri Garden Mangal Karyalaya"},"geometry":{"type":"Point","coordinates":[73.8072327,18.4472938]}},
{"type":"Feature","properties":{"osm_id":"3683337019","code":2302,"fclass":"fast_food","name":"Dwarka Corner"},"geometry":{"type":"Point","coordinates":[73.8107655,18.4485152]}},
{"type":"Feature","properties":{"osm_id":"3683338125","code":2101,"fclass":"pharmacy","name":"Dhareshwar Medical and General Stores"},"geometry":{"type":"Point","coordinates":[73.8112256,18.4507175]}},
{"type":"Feature","properties":{"osm_id":"3683345640","code":2401,"fclass":"hotel","name":"Swagat Luxury Lodging"},"geometry":{"type":"Point","coordinates":[73.7871856,18.4448095]}},
{"type":"Feature","properties":{"osm_id":"3687275467","code":2501,"fclass":"supermarket","name":"53 BT KAWDE RD."},"geometry":{"type":"Point","coordinates":[73.9073985,18.5180975]}},
{"type":"Feature","properties":{"osm_id":"3689571886","code":2601,"fclass":"bank","name":"Shamrao Vithal Co-operative (SVC) Bank Ltd."},"geometry":{"type":"Point","coordinates":[73.8209384,18.4708901]}}
]
}
