{
"type": "FeatureCollection",
"name": "gis_osm_buildings_a_free",
"crs": { "type": "name", "properties": { "name": "urn:ogc:def:crs:OGC::CRS84" } },
"features": [
{"type":"Feature","properties":{"osm_id":"52095926","code":1500,"fclass":"building","name":"Mariplex","type":"commercial"},"geometry":{"type":"MultiPolygon","coordinates":[[[[73.9062261,18.5457546],[73.9062332,18.5452269],[73.9065986,18.5452313],[73.9065977,18.5453007],[73.9067516,18.5453026],[73.9067507,18.5453731],[73.9069007,18.5453749],[73.906898,18.545574],[73.9065533,18.5455699],[73.9065507,18.5457586],[73.9062261,18.5457546]]]]}},
{"type":"Feature","properties":{"osm_id":"52755363","code":1500,"fclass":"building","name":"","type":""},"geometry":{"type":"MultiPolygon","coordinates":[[[[73.8757393,18.5197234],[73.8759243,18.5196705],[73.8760237,18.5199829],[73.875839,18.5200357],[73.8758276,18.5199997],[73.8758059,18.5200059],[73.8757926,18.5199642],[73.8758139,18.5199581],[73.8757393,18.5197234]]]]}},
{"type":"Feature","properties":{"osm_id":"52755381","code":1500,"fclass":"building","name":"SGS Mall","type":""},"geometry":{"type":"MultiPolygon","coordinates":[[[[73.8767419,18.5192835],[73.8777115,18.5189846],[73.8779596,18.5197081],[73.8769899,18.520007],[73.8767419,18.5192835]]]]}},
{"type":"Feature","properties":{"osm_id":"52755445","code":1500,"fclass":"building","name":"Dorabjee's Camp","type":""},"geometry":{"type":"MultiPolygon","coordinates":[[[[73.8765592,18.5191039],[73.8766551,18.5188983],[73.8767791,18.5187154],[73.8769404,18.5187277],[73.8770262,18.5190126],[73.8765592,18.5191039]]]]}},
{"type":"Feature","properties":{"osm_id":"52755579","code":1500,"fclass":"building","name":"","type":"school"},"geometry":{"type":"MultiPolygon","coordinates":[[[[73.8915852,18.5190635],[73.8917569,18.5190329],[73.8918642,18.5195213],[73.8917032,18.5195518],[73.8915852,18.5190635]]]]}},
{"type":"Feature","properties":{"osm_id":"52755596","code":1500,"fclass":"building","name":"","type":"school"},"geometry":{"type":"MultiPolygon","coordinates":[[[[73.8921682,18.5176079],[73.8923514,18.5175793],[73.8924394,18.5180877],[73.8922563,18.5181162],[73.8922211,18.5179134],[73.8921682,18.5176079]]]]}},
{"type":"Feature","properties":{"osm_id":"52755600","code":1500,"fclass":"building","name":"","type":"school"},"geometry":{"type":"MultiPolygon","coordinates":[[[[73.8923884,18.5168414],[73.8925761,18.5168006],[73.8927128,18.517366],[73.8925252,18.5174068],[73.8923884,18.5168414]]]]}},
{"type":"Feature","properties":{"osm_id":"52755610","code":1500,"fclass":"building","name":"","type":"school"},"geometry":{"type":"MultiPolygon","coordinates":[[[[73.8926351,18.5160631],[73.8928668,18.5159983],[73.8930421,18.5165621],[73.8928103,18.5166269],[73.8926351,18.5160631]]]]}},
{"type":"Feature","properties":{"osm_id":"52755612","code":1500,"fclass":"building","name":"","type":"school"},"geometry":{"type":"MultiPolygon","coordinates":[[[[73.8922504,18.5161946],[73.8924113,18.5161539],[73.8925186,18.5165913],[73.8923577,18.5166218],[73.8922504,18.5161946]]]]}},
{"type":"Feature","properties":{"osm_id":"52755622","code":1500,"fclass":"building","name":"","type":"school"},"geometry":{"type":"MultiPolygon","coordinates":[[[[73.8919071,18.5166625],[73.8920573,18.516632],[73.8921646,18.5171102],[73.8920144,18.5171407],[73.8919071,18.5166625]]]]}},
{"type":"Feature","properties":{"osm_id":"52782965","code":1500,"fclass":"building","name":"","type":""},"geometry":{"type":"MultiPolygon","coordinates":[[[[73.8852726,18.5183858],[73.8854443,18.5184366],[73.8855838,18.5180704],[73.8854657,18.5179788],[73.8855194,18.5178568],[73.8857769,18.5174702],[73.886088,18.5175516],[73.8861738,18.5176533],[73.8858305,18.5185994],[73.8855838,18.5187927],[73.8854979,18.5188436],[73.8853947,18.5188396],[73.8852726,18.5183858]]]]}},
{"type":"Feature","properties":{"osm_id":"52879709","code":1500,"fclass":"building","name":"","type":"hospital"},"geometry":{"type":"MultiPolygon","coordinates":[[[[73.8527798,18.5299468],[73.8530079,18.5297116],[73.8532477,18.5299207],[73.8530197,18.5301559],[73.8527798,18.5299468]]]]}},
{"type":"Feature","properties":{"osm_id":"52879710","code":1500,"fclass":"building","name":"","type":"hospital"},"geometry":{"type":"MultiPolygon","coordinates":[[[[73.8523682,18.5297412],[73.8526201,18.5296706],[73.8526807,18.5298646],[73.8524287,18.5299353],[73.8523682,18.5297412]]]]}},
{"type":"Feature","properties":{"osm_id":"53099943","code":1500,"fclass":"building","name":"Sohrab Hall","type":""},"geometry":{"type":"MultiPolygon","coordinates":[[[[73.8746446,18.531128],[73.8747109,18.5308767],[73.8746703,18.530867],[73.8747447,18.5305848],[73.8748112,18.5305527],[73.8749413,18.5305836],[73.8748549,18.5309113],[73.8748883,18.5309192],[73.8748639,18.5310117],[73.8751846,18.5310879],[73.8752321,18.5309076],[73.8751719,18.5308933],[73.8752062,18.5307633],[73.8753291,18.5307925],[73.8753139,18.5308499],[73.8753634,18.5308616],[73.875344,18.5309355],[73.8753876,18.5309458],[73.8752928,18.5313053],[73.8747061,18.5311661],[73.874712,18.531144],[73.8746446,18.531128]]]]}},
{"type":"Feature","properties":{"osm_id":"53272996","code":1500,"fclass":"building","name":"","type":"grandstand"},"geometry":{"type":"MultiPolygon","coordinates":[[[[73.8546502,18.5020758],[73.85468,18.5018575],[73.8547753,18.5016569],[73.8549384,18.5014984],[73.8551007,18.5014035],[73.8552198,18.5015646],[73.8550373,18.5016907],[73.8549074,18.5018659],[73.8548439,18.5020714],[73.8546502,18.5020758]]]]}},
{"type":"Feature","properties":{"osm_id":"53273003","code":1500,"fclass":"building","name":"","type":"grandstand"},"geometry":{"type":"MultiPolygon","coordinates":[[[[73.8547695,18.5025904],[73.8549027,18.5025369],[73.8549382,18.5026267],[73.8550721,18.5027862],[73.8552512,18.5028988],[73.8554544,18.5029537],[73.8554179,18.5030888],[73.8552087,18.5030306],[73.8550227,18.5029227],[73.8548728,18.5027725],[73.8547695,18.5025904]]]]}},
{"type":"Feature","properties":{"osm_id":"53273051","code":1500,"fclass":"building","name":"","type":"grandstand"},"geometry":{"type":"MultiPolygon","coordinates":[[[[73.8558363,18.5015678],[73.8559413,18.5013602],[73.8561275,18.5014586],[73.8562982,18.5016391],[73.8564025,18.5018605],[73.8564302,18.5021015],[73.8563672,18.5021023],[73.8562207,18.5021052],[73.8561685,18.5018968],[73.8560483,18.5017155],[73.8558729,18.5015806],[73.8558363,18.5015678]]]]}},
{"type":"Feature","properties":{"osm_id":"53455395","code":1500,"fclass":"building","name":"","type":""},"geometry":{"type":"MultiPolygon","coordinates":[[[[73.883288,18.5379074],[73.8834378,18.5378254],[73.8839521,18.53867],[73.8838023,18.538752],[73.883288,18.5379074]]]]}},
{"type":"Feature","properties":{"osm_id":"53455482","code":1500,"fclass":"building","name":"","type":"school"},"geometry":{"type":"MultiPolygon","coordinates":[[[[73.8751698,18.513405],[73.8755572,18.5131671],[73.8755224,18.5131162],[73.875647,18.5130397],[73.8759336,18.5134592],[73.8758189,18.5135296],[73.875842,18.5135633],[73.8758884,18.5135311],[73.8759079,18.5135564],[73.8759219,18.5135464],[73.8759902,18.5136326],[73.8753086,18.5141186],[73.8752403,18.5140324],[73.8757906,18.51364],[73.8757458,18.5135716],[73.8757985,18.5135392],[73.8757232,18.5134291],[73.8756975,18.5134449],[73.8756397,18.5133602],[73.8756662,18.5133439],[73.8756328,18.5132951],[73.8755767,18.5133296],[73.8755562,18.5132996],[73.8754371,18.5133728],[73.8754683,18.5134185],[73.8754007,18.51346],[73.8753774,18.5134259],[73.8752412,18.5135096],[73.8751698,18.513405]]]]}},
{"type":"Feature","properties":{"osm_id":"53455513","code":1500,"fclass":"building","name":"","type":"school"},"geometry":{"type":"MultiPolygon","coordinates":[[[[73.874761,18.5128322],[73.8751073,18.5126011],[73.8750699,18.512554],[73.8750858,18.5124614],[73.8753237,18.5124715],[73.8756679,18.512922],[73.8754786,18.5130483],[73.8754077,18.5129529],[73.8755019,18.5128901],[73.8752875,18.5126036],[73.8748319,18.5129277],[73.874761,18.5128322]]]]}},
{"type":"Feature","properties":{"osm_id":"53455539","code":1500,"fclass":"building","name":"Army Public School Junior Wing","type":"school"},"geometry":{"type":"MultiPolygon","coordinates":[[[[73.8918351,18.5162339],[73.8919629,18.5162075],[73.892032,18.5165085],[73.8919042,18.5165349],[73.8918351,18.5162339]]]]}},
{"type":"Feature","properties":{"osm_id":"53455544","code":1500,"fclass":"building","name":"","type":"school"},"geometry":{"type":"MultiPolygon","coordinates":[[[[73.8911503,18.5166687],[73.8913684,18.5166351],[73.8914301,18.516995],[73.891212,18.5170286],[73.8911503,18.5166687]]]]}},
{"type":"Feature","properties":{"osm_id":"53729944","code":1500,"fclass":"building","name":"Dhanwantari Auditorium","type":""},"geometry":{"type":"MultiPolygon","coordinates":[[[[73.8905277,18.5021712],[73.8909354,18.5021101],[73.890989,18.502334],[73.8906243,18.5024786],[73.8905277,18.5021712]]]]}},
{"type":"Feature","properties":{"osm_id":"53790907","code":1500,"fclass":"building","name":"","type":"school"},"geometry":{"type":"MultiPolygon","coordinates":[[[[73.8917273,18.5168444],[73.8918346,18.5168338],[73.8918719,18.5171725],[73.8917646,18.5171831],[73.8917273,18.5168444]]]]}},
{"type":"Feature","properties":{"osm_id":"53791167","code":1500,"fclass":"building","name":"WESTIN","type":"hotel"},"geometry":{"type":"MultiPolygon","coordinates":[[[[73.9058278,18.5388394],[73.9063002,18.5388205],[73.9063063,18.538908],[73.9063143,18.5390214],[73.9063178,18.5390716],[73.9063259,18.5391868],[73.9063282,18.5392138],[73.9063331,18.5392717],[73.9063476,18.5394411],[73.9063562,18.5395422],[73.9063608,18.5395959],[73.9063687,18.539689],[73.9063982,18.5397526],[73.9064401,18.5402555],[73.9061707,18.5402925],[73.9061327,18.5402942],[73.9059981,18.5402119],[73.9059717,18.5400425],[73.9060173,18.5399789],[73.9059986,18.5398594],[73.9059476,18.5398645],[73.9059288,18.5396966],[73.9061219,18.5396839],[73.9061158,18.5396125],[73.9061149,18.5396014],[73.9061079,18.5395183],[73.9060987,18.5394006],[73.9060842,18.5392344],[73.9060758,18.5391382],[73.9060682,18.5390507],[73.9058994,18.5390564],[73.905893,18.5390567],[73.9058858,18.5390414],[73.9058364,18.5388755],[73.9058278,18.5388394]]]]}},
{"type":"Feature","properties":{"osm_id":"55081094","code":1500,"fclass":"building","name":"","type":""},"geometry":{"type":"MultiPolygon","coordinates":[[[[73.8595244,18.4695383],[73.8595561,18.4694183],[73.8596193,18.4694333],[73.8596343,18.4693765],[73.8600486,18.4694748],[73.8601886,18.4689442],[73.8603783,18.4689892],[73.8602376,18.4695223],[73.8606437,18.4696188],[73.860597,18.4697956],[73.8601935,18.4696998],[73.8601131,18.4700045],[73.8599234,18.4699595],[73.8600045,18.4696523],[73.8595244,18.4695383]]]]}},
{"type":"Feature","properties":{"osm_id":"61459216","code":1500,"fclass":"building","name":"Vidhan Bhavan","type":""},"geometry":{"type":"MultiPolygon","coordinates":[[[[73.8793957,18.5252084],[73.8795226,18.5251837],[73.8795109,18.5251144],[73.8795182,18.5250978],[73.8795365,18.5250867],[73.8795613,18.5250895],[73.8795789,18.525104],[73.8796094,18.5252753],[73.8795492,18.5252866],[73.8795622,18.5253469],[73.8796259,18.5253345],[73.8796328,18.5253664],[73.8796617,18.5253608],[73.8796793,18.5254421],[73.8795925,18.525459],[73.8796492,18.5257213],[73.8795998,18.5257309],[73.8796103,18.525779],[73.8795635,18.5257881],[73.8795517,18.5257334],[73.879509,18.5257417],[73.8794584,18.525508],[73.8794203,18.5255154],[73.8794019,18.5254305],[73.8794421,18.5254227],[73.8793957,18.5252084]]]]}},
{"type":"Feature","properties":{"osm_id":"61459222","code":1500,"fclass":"building","name":"","type":""},"geometry":{"type":"MultiPolygon","coordinates":[[[[73.875516,18.5227847],[73.8756849,18.5227786],[73.8756799,18.5226522],[73.8758491,18.5226462],[73.8758696,18.5231645],[73.8756574,18.5231721],[73.8756527,18.5230539],[73.8755268,18.5230583],[73.875516,18.5227847]]]]}},
{"type":"Feature","properties":{"osm_id":"61556047","code":1500,"fclass":"building","name":"","type":""},"geometry":{"type":"MultiPolygon","coordinates":[[[[73.8711674,18.5472763],[73.8712222,18.5472302],[73.8714341,18.5474871],[73.8717611,18.5474661],[73.8717702,18.5475672],[73.8714698,18.5475875],[73.87129,18.5478861],[73.8712148,18.5478416],[73.8713411,18.5475774],[73.8711674,18.5472763]]]]}},
{"type":"Feature","properties":{"osm_id":"61556069","code":1500,"fclass":"building","name":"","type":""},"geometry":{"type":"MultiPolygon","coordinates":[[[[73.8708354,18.5475062],[73.8711512,18.5472865],[73.8712183,18.547385],[73.8710399,18.5475023],[73.8712116,18.5478231],[73.8711199,18.5478867],[73.8708354,18.5475062]]]]}},
{"type":"Feature","properties":{"osm_id":"61969333","code":1500,"fclass":"building","name":"","type":""},"geometry":{"type":"MultiPolygon","coordinates":[[[[73.8704402,18.5259428],[73.8706012,18.5258615],[73.8708372,18.5262582],[73.8710303,18.5261666],[73.8707963,18.5257681],[73.8709445,18.5256885],[73.8711793,18.5260936],[73.8713661,18.5259986],[73.8711149,18.5255987],[73.8712935,18.525509],[73.8715239,18.525892],[73.8716848,18.5258106],[73.8716169,18.5256952],[73.8717921,18.5256071],[73.8720448,18.5260495],[73.8718588,18.526148],[73.8718269,18.5260963],[73.87132,18.5263396],[73.8716204,18.5268482],[73.8721474,18.5265999],[73.8721139,18.5265329],[73.8722856,18.5264515],[73.8723822,18.5266471],[73.8720729,18.5267949],[73.8721139,18.5268787],[73.8721176,18.526942],[73.8721032,18.5270008],[73.8720281,18.5270618],[73.8719315,18.5270618],[73.8718476,18.5270081],[73.8717876,18.5269098],[73.8714917,18.5270415],[73.8713951,18.5268686],[73.8712556,18.5269398],[73.8711578,18.5267686],[73.8712878,18.5267058],[73.8710672,18.5263158],[73.870966,18.5263701],[73.8711113,18.5266356],[73.8708158,18.5267872],[73.8705584,18.5263714],[73.8706718,18.526315],[73.8704402,18.5259428]]]]}},
{"type":"Feature","properties":{"osm_id":"63974882","code":1500,"fclass":"building","name":"","type":""},"geometry":{"type":"MultiPolygon","coordinates":[[[[73.8788211,18.5274089],[73.8788473,18.5274086],[73.8788437,18.5271437],[73.8790023,18.5271417],[73.8790094,18.5276623],[73.8788513,18.5276642],[73.8788493,18.5275211],[73.8788226,18.5275214],[73.8788211,18.5274089]]]]}},
{"type":"Feature","properties":{"osm_id":"63974886","code":1500,"fclass":"building","name":"Central Park","type":"hotel"},"geometry":{"type":"MultiPolygon","coordinates":[[[[73.8785196,18.5272585],[73.8786861,18.5272542],[73.8787,18.5277315],[73.8786239,18.5277335],[73.8786222,18.5276767],[73.8785318,18.527679],[73.8785196,18.5272585]]]]}},
{"type":"Feature","properties":{"osm_id":"63974915","code":1500,"fclass":"building","name":"","type":""},"geometry":{"type":"MultiPolygon","coordinates":[[[[73.8776308,18.5265994],[73.8779881,18.526593],[73.8779957,18.5269778],[73.8779189,18.5269792],[73.8779192,18.5269902],[73.8776386,18.5269952],[73.8776308,18.5265994]]]]}},
{"type":"Feature","properties":{"osm_id":"63975011","code":1500,"fclass":"building","name":"","type":""},"geometry":{"type":"MultiPolygon","coordinates":[[[[73.8776601,18.5271576],[73.8780555,18.5271569],[73.8780564,18.5276241],[73.8776611,18.5276248],[73.8776601,18.5271576]]]]}},
{"type":"Feature","properties":{"osm_id":"63975203","code":1500,"fclass":"building","name":"","type":""},"geometry":{"type":"MultiPolygon","coordinates":[[[[73.8782005,18.5273315],[73.8782264,18.5273312],[73.8782259,18.5272867],[73.8783921,18.5272852],[73.8783926,18.5273374],[73.8784201,18.5273372],[73.8784209,18.527422],[73.8784104,18.5274221],[73.8784112,18.5275073],[73.8784221,18.5275072],[73.878423,18.5275988],[73.8782066,18.5276007],[73.8782057,18.5275081],[73.8782165,18.527508],[73.8782157,18.5274244],[73.8782014,18.5274245],[73.8782005,18.5273315]]]]}},
{"type":"Feature","properties":{"osm_id":"63975603","code":1500,"fclass":"building","name":"Pune Archives","type":""},"geometry":{"type":"MultiPolygon","coordinates":[[[[73.8785064,18.5260337],[73.8787802,18.5259633],[73.8788615,18.5262479],[73.8785877,18.5263183],[73.8785064,18.5260337]]]]}},
{"type":"Feature","properties":{"osm_id":"63976394","code":1500,"fclass":"building","name":"Central Building","type":""},"geometry":{"type":"MultiPolygon","coordinates":[[[[73.8719611,18.5251682],[73.872026,18.5247602],[73.8720836,18.5246997],[73.8721384,18.5246691],[73.8722671,18.5246691],[73.8727821,18.5247403],[73.8727542,18.5248932],[73.8722349,18.5248013],[73.8721797,18.5248303],[73.8721606,18.5248771],[73.8721097,18.5251379],[73.8721955,18.5252391],[73.8720644,18.5253075],[73.8719611,18.5251682]]]]}},
{"type":"Feature","properties":{"osm_id":"63977371","code":1500,"fclass":"building","name":"Nucleus Mall","type":""},"geometry":{"type":"MultiPolygon","coordinates":[[[[73.876172,18.5215204],[73.8762587,18.5215252],[73.8765923,18.5214451],[73.8767129,18.5214297],[73.8768267,18.5214232],[73.8769514,18.5214117],[73.8770488,18.5213601],[73.8770801,18.5213346],[73.8771153,18.5213975],[73.8771314,18.5214711],[73.8770029,18.521562],[73.876367,18.5218401],[73.8763029,18.5218308],[73.8762683,18.5217577],[73.8765422,18.5216392],[73.8765213,18.521572],[73.8763815,18.5216554],[73.8762142,18.5216994],[73.876172,18.5215204]]]]}},
{"type":"Feature","properties":{"osm_id":"63977498","code":1500,"fclass":"building","name":"","type":""},"geometry":{"type":"MultiPolygon","coordinates":[[[[73.8771784,18.51796],[73.8774309,18.5178634],[73.8775093,18.5180476],[73.8772568,18.5181441],[73.8771784,18.51796]]]]}},
{"type":"Feature","properties":{"osm_id":"63977729","code":1500,"fclass":"building","name":"","type":""},"geometry":{"type":"MultiPolygon","coordinates":[[[[73.8772568,18.5181834],[73.8775137,18.518097],[73.8775882,18.5182962],[73.8773313,18.5183826],[73.8772568,18.5181834]]]]}},
{"type":"Feature","properties":{"osm_id":"63977908","code":1500,"fclass":"building","name":"","type":""},"geometry":{"type":"MultiPolygon","coordinates":[[[[73.8773315,18.5184302],[73.8776099,18.518336],[73.8776818,18.5185268],[73.8774034,18.5186211],[73.8773315,18.5184302]]]]}},
{"type":"Feature","properties":{"osm_id":"63978081","code":1500,"fclass":"building","name":"","type":""},"geometry":{"type":"MultiPolygon","coordinates":[[[[73.8774294,18.5186738],[73.8777118,18.5185704],[73.8777785,18.5187342],[73.8774961,18.5188376],[73.8774294,18.5186738]]]]}},
{"type":"Feature","properties":{"osm_id":"63980131","code":1500,"fclass":"building","name":"","type":""},"geometry":{"type":"MultiPolygon","coordinates":[[[[73.8785472,18.5180335],[73.8789078,18.5179082],[73.8790591,18.5183734],[73.878669,18.5184808],[73.8785472,18.5180335]]]]}},
{"type":"Feature","properties":{"osm_id":"63981554","code":1500,"fclass":"building","name":"","type":""},"geometry":{"type":"MultiPolygon","coordinates":[[[[73.8763885,18.5201504],[73.8766877,18.5200629],[73.8767604,18.5202864],[73.8764612,18.5203739],[73.8763885,18.5201504]]]]}},
{"type":"Feature","properties":{"osm_id":"63985556","code":1500,"fclass":"building","name":"","type":""},"geometry":{"type":"MultiPolygon","coordinates":[[[[73.8762661,18.518301],[73.8763237,18.5181588],[73.8766208,18.518267],[73.8767553,18.517935],[73.8769098,18.5179912],[73.8767177,18.5184655],[73.8765852,18.5184172],[73.8762661,18.518301]]]]}},
{"type":"Feature","properties":{"osm_id":"63985986","code":1500,"fclass":"building","name":"","type":""},"geometry":{"type":"MultiPolygon","coordinates":[[[[73.8794099,18.5125199],[73.8795207,18.5125284],[73.8795152,18.5125928],[73.8797068,18.5126075],[73.879704,18.5126408],[73.8797304,18.5126428],[73.8797388,18.5125451],[73.8798069,18.5125504],[73.8797854,18.5127946],[73.8794099,18.5127742],[73.8794099,18.5125199]]]]}},
{"type":"Feature","properties":{"osm_id":"63986180","code":1500,"fclass":"building","name":"","type":""},"geometry":{"type":"MultiPolygon","coordinates":[[[[73.8769853,18.5187544],[73.8773245,18.5186367],[73.8774084,18.5188542],[73.8770692,18.5189719],[73.8769853,18.5187544]]]]}},
{"type":"Feature","properties":{"osm_id":"63986759","code":1500,"fclass":"building","name":"","type":""},"geometry":{"type":"MultiPolygon","coordinates":[[[[73.87684,18.518437],[73.8770361,18.5180235],[73.8770959,18.5180039],[73.8771887,18.5182308],[73.877094,18.5182644],[73.8770886,18.5182122],[73.8770205,18.518361],[73.8771294,18.5183508],[73.8771635,18.5184215],[73.8768987,18.5185085],[73.87684,18.518437]]]]}},
{"type":"Feature","properties":{"osm_id":"63987578","code":1500,"fclass":"building","name":"","type":""},"geometry":{"type":"MultiPolygon","coordinates":[[[[73.876925,18.5185574],[73.8772651,18.5184194],[73.8773268,18.5185925],[73.8769682,18.5187159],[73.876925,18.5185574]]]]}},
{"type":"Feature","properties":{"osm_id":"63988304","code":1500,"fclass":"building","name":"","type":""},"geometry":{"type":"MultiPolygon","coordinates":[[[[73.877587,18.5178599],[73.8779518,18.5178497],[73.8779518,18.5179515],[73.8778338,18.5179515],[73.8778338,18.5180634],[73.8777479,18.5180634],[73.8777372,18.5179515],[73.8775977,18.5179616],[73.877587,18.5178599]]]]}},
{"type":"Feature","properties":{"osm_id":"63989462","code":1500,"fclass":"building","name":"","type":""},"geometry":{"type":"MultiPolygon","coordinates":[[[[73.8778087,18.5185388],[73.877951,18.5184994],[73.8779109,18.5183694],[73.8780054,18.5183432],[73.8780489,18.5184844],[73.8781684,18.5184513],[73.8781974,18.5185451],[73.8778411,18.5186439],[73.8778087,18.5185388]]]]}},
{"type":"Feature","properties":{"osm_id":"63990608","code":1500,"fclass":"building","name":"","type":""},"geometry":{"type":"MultiPolygon","coordinates":[[[[73.87799,18.5177837],[73.8783684,18.5176755],[73.8786028,18.5185208],[73.8782387,18.5186266],[73.8781287,18.5182811],[73.8783805,18.5182091],[73.8783694,18.5181744],[73.8781268,18.5182439],[73.8780625,18.5180421],[73.878319,18.5179687],[73.8782981,18.5179031],[73.8780506,18.517974],[73.87799,18.5177837]]]]}},
{"type":"Feature","properties":{"osm_id":"63991644","code":1500,"fclass":"building","name":"","type":""},"geometry":{"type":"MultiPolygon","coordinates":[[[[73.8765157,18.5204325],[73.8768054,18.5203409],[73.8768912,18.5206054],[73.8766015,18.520697],[73.8765157,18.5204325]]]]}},
{"type":"Feature","properties":{"osm_id":"63991765","code":1500,"fclass":"building","name":"","type":""},"geometry":{"type":"MultiPolygon","coordinates":[[[[73.87601,18.5206729],[73.8761988,18.520615],[73.8762608,18.5207967],[73.876072,18.5208547],[73.87601,18.5206729]]]]}},
{"type":"Feature","properties":{"osm_id":"63991932","code":1500,"fclass":"building","name":"","type":""},"geometry":{"type":"MultiPolygon","coordinates":[[[[73.8762572,18.5206181],[73.876446,18.5205715],[73.8764987,18.5207637],[73.8763099,18.5208103],[73.8762572,18.5206181]]]]}},
{"type":"Feature","properties":{"osm_id":"63992288","code":1500,"fclass":"building","name":"","type":""},"geometry":{"type":"MultiPolygon","coordinates":[[[[73.8760378,18.5201007],[73.8761931,18.5200548],[73.8762587,18.5202547],[73.8761033,18.5203006],[73.8760378,18.5201007]]]]}},
{"type":"Feature","properties":{"osm_id":"63992422","code":1500,"fclass":"building","name":"","type":""},"geometry":{"type":"MultiPolygon","coordinates":[[[[73.8758433,18.5201334],[73.8759747,18.5200958],[73.8760369,18.5202917],[73.8759056,18.5203292],[73.8758433,18.5201334]]]]}},
{"type":"Feature","properties":{"osm_id":"63992613","code":1500,"fclass":"building","name":"","type":""},"geometry":{"type":"MultiPolygon","coordinates":[[[[73.8759209,18.5204171],[73.8760935,18.5203641],[73.8761609,18.5205615],[73.8759883,18.5206145],[73.8759209,18.5204171]]]]}},
{"type":"Feature","properties":{"osm_id":"63993176","code":1500,"fclass":"building","name":"","type":""},"geometry":{"type":"MultiPolygon","coordinates":[[[[73.875324,18.5215003],[73.8754712,18.5214694],[73.8753982,18.5211563],[73.8756008,18.5211138],[73.8757305,18.5216699],[73.8755387,18.5217101],[73.875502,18.5215526],[73.8753439,18.5215857],[73.875324,18.5215003]]]]}},
{"type":"Feature","properties":{"osm_id":"63993563","code":1500,"fclass":"building","name":"","type":""},"geometry":{"type":"MultiPolygon","coordinates":[[[[73.8748216,18.520975],[73.8752952,18.5208697],[73.8753144,18.5209474],[73.8751114,18.5209925],[73.8751667,18.5212159],[73.8750649,18.5212385],[73.8750101,18.5210169],[73.8748413,18.5210544],[73.8748216,18.520975]]]]}},
{"type":"Feature","properties":{"osm_id":"63995113","code":1500,"fclass":"building","name":"Mahadji Shinde Bhavan","type":""},"geometry":{"type":"MultiPolygon","coordinates":[[[[73.8797276,18.5223014],[73.8802243,18.5220756],[73.8803353,18.5222951],[73.8798386,18.522521],[73.8797276,18.5223014]]]]}},
{"type":"Feature","properties":{"osm_id":"63995794","code":1500,"fclass":"building","name":"","type":""},"geometry":{"type":"MultiPolygon","coordinates":[[[[73.8781878,18.5170664],[73.8787779,18.5170664],[73.8788101,18.5174021],[73.8783126,18.5173138],[73.8782415,18.5172794],[73.8782093,18.5172393],[73.8781878,18.5170664]]]]}},
{"type":"Feature","properties":{"osm_id":"65156877","code":1500,"fclass":"building","name":"","type":""},"geometry":{"type":"MultiPolygon","coordinates":[[[[73.8863647,18.5391545],[73.8864866,18.5391535],[73.8864881,18.5393204],[73.8863662,18.5393214],[73.8863647,18.5391545]]]]}},
{"type":"Feature","properties":{"osm_id":"65156935","code":1500,"fclass":"building","name":"","type":"apartments"},"geometry":{"type":"MultiPolygon","coordinates":[[[[73.8864019,18.5395174],[73.8866699,18.539499],[73.8866773,18.5395959],[73.8864093,18.5396143],[73.8864019,18.5395174]]]]}},
{"type":"Feature","properties":{"osm_id":"65156941","code":1500,"fclass":"building","name":"","type":""},"geometry":{"type":"MultiPolygon","coordinates":[[[[73.8954767,18.5403577],[73.8957879,18.5402763],[73.8960668,18.5404289],[73.8959703,18.5405103],[73.8957879,18.5403984],[73.8955411,18.5404798],[73.8954767,18.5403577]]]]}},
{"type":"Feature","properties":{"osm_id":"65157068","code":1500,"fclass":"building","name":"","type":"apartments"},"geometry":{"type":"MultiPolygon","coordinates":[[[[73.8953769,18.5396135],[73.8955103,18.5396081],[73.8955145,18.5397028],[73.8954832,18.5397041],[73.8954839,18.5397191],[73.8954435,18.5397207],[73.8954451,18.5397572],[73.8954855,18.5397555],[73.8955021,18.5401205],[73.8958333,18.540107],[73.8958155,18.5397125],[73.8956952,18.5397175],[73.895691,18.5396247],[73.8957357,18.5396229],[73.8957956,18.5396452],[73.8959221,18.53964],[73.8959468,18.5401858],[73.8954039,18.540208],[73.8953769,18.5396135]]]]}},
{"type":"Feature","properties":{"osm_id":"65157128","code":1500,"fclass":"building","name":"Godrej Millennium","type":"commercial"},"geometry":{"type":"MultiPolygon","coordinates":[[[[73.8857919,18.5373416],[73.8858084,18.5370249],[73.8862529,18.5370456],[73.8862364,18.5373624],[73.8857919,18.5373416]]]]}},
{"type":"Feature","properties":{"osm_id":"65157282","code":1500,"fclass":"building","name":"","type":""},"geometry":{"type":"MultiPolygon","coordinates":[[[[73.8858184,18.5355426],[73.8858262,18.5355187],[73.885843,18.5354994],[73.8858664,18.5354877],[73.8858927,18.5354854],[73.8859179,18.5354928],[73.8859383,18.5355088],[73.8859506,18.5355309],[73.8859531,18.5355558],[73.8859453,18.5355797],[73.8859284,18.535599],[73.8859167,18.5356053],[73.8859203,18.5356721],[73.8860668,18.5356651],[73.8860633,18.5355982],[73.8860445,18.535586],[73.8860322,18.5355679],[73.8860281,18.5355467],[73.8860329,18.5355256],[73.8860458,18.5355079],[73.8860648,18.5354962],[73.8860872,18.5354923],[73.8861094,18.5354968],[73.8861281,18.535509],[73.8861405,18.5355271],[73.8861446,18.5355483],[73.886137,18.5357552],[73.8858419,18.5357472],[73.8858332,18.5355897],[73.8858209,18.5355676],[73.8858184,18.5355426]]]]}},
{"type":"Feature","properties":{"osm_id":"65157287","code":1500,"fclass":"building","name":"","type":""},"geometry":{"type":"MultiPolygon","coordinates":[[[[73.8813302,18.5385131],[73.8813407,18.5381097],[73.881529,18.5381169],[73.8816568,18.5382355],[73.8816232,18.5385039],[73.8813302,18.5385131]]]]}},
{"type":"Feature","properties":{"osm_id":"65157304","code":1500,"fclass":"building","name":"","type":""},"geometry":{"type":"MultiPolygon","coordinates":[[[[73.8765042,18.5230668],[73.8766463,18.5230284],[73.8767027,18.5232164],[73.8765604,18.5232547],[73.8765042,18.5230668]]]]}},
{"type":"Feature","properties":{"osm_id":"65157306","code":1500,"fclass":"building","name":"","type":""},"geometry":{"type":"MultiPolygon","coordinates":[[[[73.8770877,18.522216],[73.877127,18.5222035],[73.8771308,18.5222144],[73.8771598,18.5222051],[73.8771559,18.5221943],[73.8772586,18.5221615],[73.8772937,18.5222602],[73.8773064,18.5222562],[73.8773348,18.5223361],[73.8773221,18.5223402],[73.8773396,18.5223897],[73.8773072,18.5224001],[73.8773254,18.5224515],[73.8771763,18.5224991],[73.8771488,18.5224217],[73.8772189,18.5223993],[73.8772235,18.5224121],[73.8772341,18.5224088],[73.8772189,18.5223661],[73.8772001,18.5223721],[73.8771775,18.5223086],[73.8771963,18.5223025],[73.8771891,18.5222822],[73.8771084,18.5223079],[73.8770895,18.5222547],[73.8771002,18.5222512],[73.8770877,18.522216]]]]}},
{"type":"Feature","properties":{"osm_id":"65157316","code":1500,"fclass":"building","name":"Mazda Hall","type":""},"geometry":{"type":"MultiPolygon","coordinates":[[[[73.8785172,18.5205635],[73.8788438,18.5204179],[73.8787168,18.5201617],[73.8788451,18.5201044],[73.8790317,18.5204807],[73.8785767,18.5206835],[73.8785172,18.5205635]]]]}},
{"type":"Feature","properties":{"osm_id":"65157326","code":1500,"fclass":"building","name":"","type":""},"geometry":{"type":"MultiPolygon","coordinates":[[[[73.8756885,18.5184031],[73.8759347,18.5183252],[73.8759975,18.5185037],[73.8757512,18.5185816],[73.8756885,18.5184031]]]]}},
{"type":"Feature","properties":{"osm_id":"65157346","code":1500,"fclass":"building","name":"","type":""},"geometry":{"type":"MultiPolygon","coordinates":[[[[73.8751348,18.5188215],[73.8754037,18.5187422],[73.8754703,18.518945],[73.8752013,18.5190243],[73.8751348,18.5188215]]]]}},
{"type":"Feature","properties":{"osm_id":"65157392","code":1500,"fclass":"building","name":"","type":""},"geometry":{"type":"MultiPolygon","coordinates":[[[[73.8753462,18.5181505],[73.8753468,18.5181017],[73.8753672,18.5180991],[73.8753638,18.5180734],[73.8754282,18.5180786],[73.8754329,18.5181075],[73.8754531,18.5181105],[73.8754548,18.5181327],[73.8757161,18.5181269],[73.8757083,18.5180182],[73.8755656,18.5180183],[73.8755619,18.5179366],[73.8759255,18.5179375],[73.8759248,18.5180084],[73.8758605,18.5180124],[73.8758665,18.5182482],[73.8753462,18.5181505]]]]}},
{"type":"Feature","properties":{"osm_id":"65157401","code":1500,"fclass":"building","name":"","type":""},"geometry":{"type":"MultiPolygon","coordinates":[[[[73.8757442,18.5186952],[73.8758995,18.5186438],[73.8760008,18.5189186],[73.8758455,18.5189701],[73.8757442,18.5186952]]]]}},
{"type":"Feature","properties":{"osm_id":"65157735","code":1500,"fclass":"building","name":"","type":""},"geometry":{"type":"MultiPolygon","coordinates":[[[[73.8646383,18.4878092],[73.8646387,18.4876445],[73.8646901,18.4876186],[73.8647441,18.4875658],[73.8647768,18.4874897],[73.8648425,18.4871851],[73.8650002,18.4872157],[73.8649315,18.4875342],[73.8648815,18.4876508],[73.8647881,18.4877421],[73.8647144,18.4877793],[73.8646383,18.4878092]]]]}},
{"type":"Feature","properties":{"osm_id":"65157769","code":1500,"fclass":"building","name":"","type":""},"geometry":{"type":"MultiPolygon","coordinates":[[[[73.8648879,18.4869775],[73.8649453,18.4867088],[73.8649591,18.4866367],[73.8649527,18.4865434],[73.8651138,18.4865062],[73.8651304,18.4866327],[73.8651285,18.4866568],[73.8651124,18.486741],[73.8650479,18.4870091],[73.8648879,18.4869775]]]]}},
{"type":"Feature","properties":{"osm_id":"65157772","code":1500,"fclass":"building","name":"","type":""},"geometry":{"type":"MultiPolygon","coordinates":[[[[73.8643865,18.4865795],[73.8644022,18.4865265],[73.8644356,18.4864765],[73.8644887,18.486435],[73.8645571,18.4864116],[73.8646164,18.48641],[73.8646953,18.4864346],[73.8647408,18.4864678],[73.8647843,18.4865302],[73.8647998,18.4865943],[73.864792,18.4866604],[73.8647634,18.4867176],[73.8647164,18.4867638],[73.8646672,18.4867895],[73.8646108,18.486802],[73.8645436,18.4867972],[73.8644781,18.4867702],[73.8644202,18.4867159],[73.8643909,18.4866536],[73.8643865,18.4865795]]]]}},
{"type":"Feature","properties":{"osm_id":"65157789","code":1500,"fclass":"building","name":"","type":""},"geometry":{"type":"MultiPolygon","coordinates":[[[[73.8640514,18.4865949],[73.8640522,18.4865708],[73.864083,18.4864466],[73.8642389,18.4864999],[73.8642221,18.486592],[73.8642277,18.4866651],[73.8642546,18.486938],[73.864092,18.4869534],[73.864058,18.4866802],[73.8640514,18.4865949]]]]}},
{"type":"Feature","properties":{"osm_id":"65157809","code":1500,"fclass":"building","name":"","type":""},"geometry":{"type":"MultiPolygon","coordinates":[[[[73.8634116,18.486615],[73.8634158,18.4864819],[73.8634325,18.4863693],[73.8634839,18.4862078],[73.8636395,18.4862644],[73.8635969,18.4864018],[73.863578,18.4864908],[73.8635745,18.4866119],[73.8635816,18.4867497],[73.8636123,18.4869997],[73.8634468,18.4870087],[73.86342,18.4867593],[73.8634116,18.486615]]]]}},
{"type":"Feature","properties":{"osm_id":"65157811","code":1500,"fclass":"building","name":"","type":""},"geometry":{"type":"MultiPolygon","coordinates":[[[[73.8634686,18.487223],[73.8636291,18.4872104],[73.8636613,18.4875785],[73.8636759,18.4876433],[73.863705,18.4877214],[73.8637633,18.4878481],[73.8636164,18.4879136],[73.8635549,18.4877768],[73.8635206,18.4876849],[73.8635017,18.4876008],[73.8634686,18.487223]]]]}},
{"type":"Feature","properties":{"osm_id":"65157815","code":1500,"fclass":"building","name":"","type":""},"geometry":{"type":"MultiPolygon","coordinates":[[[[73.8637928,18.487195],[73.8639533,18.4871918],[73.8639784,18.4874835],[73.8639934,18.4875739],[73.8640385,18.4876769],[73.8638948,18.4877514],[73.863843,18.4876389],[73.8638162,18.4875073],[73.8637928,18.487195]]]]}},
{"type":"Feature","properties":{"osm_id":"65157842","code":1500,"fclass":"building","name":"","type":""},"geometry":{"type":"MultiPolygon","coordinates":[[[[73.8641162,18.4871678],[73.8642768,18.4871558],[73.8643027,18.4874657],[73.8643252,18.487545],[73.864372,18.4876036],[73.8644197,18.4876353],[73.8643988,18.4877988],[73.8643272,18.4877603],[73.8642589,18.4877149],[73.8641779,18.4876134],[73.8641433,18.4874918],[73.8641162,18.4871678]]]]}},
{"type":"Feature","properties":{"osm_id":"65157879","code":1500,"fclass":"building","name":"","type":""},"geometry":{"type":"MultiPolygon","coordinates":[[[[73.8650124,18.4877279],[73.8650694,18.4876303],[73.865095,18.4875421],[73.8651544,18.4872549],[73.8653135,18.4872751],[73.8652533,18.487583],[73.8652112,18.4877109],[73.8651465,18.4878172],[73.8650124,18.4877279]]]]}},
{"type":"Feature","properties":{"osm_id":"65157880","code":1500,"fclass":"building","name":"","type":""},"geometry":{"type":"MultiPolygon","coordinates":[[[[73.8637823,18.4863267],[73.8638528,18.486179],[73.8639478,18.4860536],[73.8640921,18.4859304],[73.8642576,18.4858441],[73.8644006,18.4858037],[73.8645212,18.4857869],[73.864516,18.4859464],[73.8644365,18.4859576],[73.8643219,18.48599],[73.8641887,18.4860594],[73.8640719,18.4861591],[73.863997,18.486258],[73.8639351,18.4863792],[73.8637823,18.4863267]]]]}},
{"type":"Feature","properties":{"osm_id":"65157885","code":1500,"fclass":"building","name":"","type":""},"geometry":{"type":"MultiPolygon","coordinates":[[[[73.8647393,18.4859651],[73.8647521,18.485806],[73.8648701,18.4858349],[73.8650078,18.4858895],[73.8651626,18.485992],[73.8652923,18.486129],[73.8653727,18.4862634],[73.8654262,18.4864173],[73.8652683,18.486454],[73.8652204,18.4863274],[73.865157,18.4862214],[73.8650521,18.4861105],[73.8649275,18.486028],[73.8648172,18.4859843],[73.8647393,18.4859651]]]]}},
{"type":"Feature","properties":{"osm_id":"65157891","code":1500,"fclass":"building","name":"","type":""},"geometry":{"type":"MultiPolygon","coordinates":[[[[73.8655196,18.4871037],[73.8655783,18.4868582],[73.8656008,18.4867219],[73.8656109,18.4866011],[73.865602,18.4865107],[73.8655752,18.4863697],[73.8657362,18.4863293],[73.8657692,18.486495],[73.8657732,18.4866086],[73.8657624,18.4867415],[73.8657379,18.4868841],[73.8656832,18.4871293],[73.8655196,18.4871037]]]]}},
{"type":"Feature","properties":{"osm_id":"65157923","code":1500,"fclass":"building","name":"","type":""},"geometry":{"type":"MultiPolygon","coordinates":[[[[73.8652657,18.4879272],[73.8653386,18.4878075],[73.8653767,18.4877331],[73.8653989,18.4876701],[73.8654743,18.4873078],[73.8656323,18.4873374],[73.8655548,18.4877093],[73.8655261,18.4877908],[73.8654812,18.4878785],[73.865404,18.4880079],[73.8652657,18.4879272]]]]}},
{"type":"Feature","properties":{"osm_id":"65158127","code":1500,"fclass":"building","name":"SM Choksey High School","type":""},"geometry":{"type":"MultiPolygon","coordinates":[[[[73.8744965,18.5147931],[73.8747079,18.5146537],[73.8751241,18.5152213],[73.8749127,18.5153607],[73.8744965,18.5147931]]]]}},
{"type":"Feature","properties":{"osm_id":"65158148","code":1500,"fclass":"building","name":"","type":""},"geometry":{"type":"MultiPolygon","coordinates":[[[[73.8747851,18.5146],[73.874897,18.5145205],[73.8753276,18.5150657],[73.8752157,18.5151451],[73.8747851,18.5146]]]]}},
{"type":"Feature","properties":{"osm_id":"65158153","code":1500,"fclass":"building","name":"","type":""},"geometry":{"type":"MultiPolygon","coordinates":[[[[73.8741527,18.5140313],[73.874339,18.5139419],[73.8744755,18.5141977],[73.8742892,18.514287],[73.8741527,18.5140313]]]]}},
{"type":"Feature","properties":{"osm_id":"65158179","code":1500,"fclass":"building","name":"","type":""},"geometry":{"type":"MultiPolygon","coordinates":[[[[73.8743318,18.5143183],[73.8745156,18.5142477],[73.8746236,18.5145007],[73.8744398,18.5145713],[73.8743318,18.5143183]]]]}},
{"type":"Feature","properties":{"osm_id":"65158182","code":1500,"fclass":"building","name":"","type":""},"geometry":{"type":"MultiPolygon","coordinates":[[[[73.8796345,18.5113413],[73.8796653,18.5111413],[73.8799318,18.5111782],[73.879901,18.5113782],[73.8796345,18.5113413]]]]}},
{"type":"Feature","properties":{"osm_id":"65158190","code":1500,"fclass":"building","name":"Virwani Plaza","type":""},"geometry":{"type":"MultiPolygon","coordinates":[[[[73.8801136,18.5124839],[73.8803088,18.5124707],[73.8803073,18.5124518],[73.8807254,18.5124226],[73.8807362,18.5127477],[73.8803196,18.5127725],[73.880315,18.5127156],[73.8801274,18.5127317],[73.8801136,18.5124839]]]]}},
{"type":"Feature","properties":{"osm_id":"65486228","code":1500,"fclass":"building","name":"Mahatma Phule Mandai","type":""},"geometry":{"type":"MultiPolygon","coordinates":[[[[73.8559168,18.512986],[73.8559257,18.5128148],[73.85609,18.5128224],[73.8559872,18.5127126],[73.856116,18.512604],[73.8562205,18.5127156],[73.8562309,18.5125607],[73.856398,18.5125708],[73.8563884,18.512714],[73.8564949,18.5126226],[73.8566147,18.5127481],[73.8565055,18.5128418],[73.8566735,18.5128496],[73.8566647,18.5130208],[73.856499,18.5130131],[73.8565982,18.513119],[73.8564693,18.5132275],[73.8563616,18.5131124],[73.8563516,18.5132598],[73.8561846,18.5132497],[73.856194,18.5131091],[73.8560818,18.5132055],[73.855962,18.51308],[73.8560635,18.5129928],[73.8559168,18.512986]]]]}},
{"type":"Feature","properties":{"osm_id":"65486833","code":1500,"fclass":"building","name":"","type":""},"geometry":{"type":"MultiPolygon","coordinates":[[[[73.8749165,18.5227699],[73.8750487,18.5227574],[73.8751194,18.5234305],[73.8749873,18.523443],[73.8749165,18.5227699]]]]}},
{"type":"Feature","properties":{"osm_id":"65486907","code":1500,"fclass":"building","name":"State Bank of India","type":""},"geometry":{"type":"MultiPolygon","coordinates":[[[[73.8712501,18.5223135],[73.8714297,18.5222921],[73.8714141,18.5221737],[73.8716069,18.5221509],[73.8716373,18.522381],[73.8715661,18.5223895],[73.8715879,18.5225549],[73.8716555,18.5225468],[73.871685,18.5227704],[73.8713161,18.5228141],[73.8712501,18.5223135]]]]}},
{"type":"Feature","properties":{"osm_id":"66874955","code":1500,"fclass":"building","name":"Navin Prashasakiya Imarat","type":"office"},"geometry":{"type":"MultiPolygon","coordinates":[[[[73.8781145,18.5252352],[73.8785043,18.5251489],[73.8786288,18.5256543],[73.8782313,18.5257423],[73.8781882,18.5255677],[73.8783934,18.5255223],[73.8783568,18.5253734],[73.8781593,18.5254171],[73.8781145,18.5252352]]]]}},
{"type":"Feature","properties":{"osm_id":"66875674","code":1500,"fclass":"building","name":"","type":""},"geometry":{"type":"MultiPolygon","coordinates":[[[[73.8747736,18.5251124],[73.8747968,18.5249957],[73.8750439,18.5250399],[73.8750207,18.5251566],[73.8747736,18.5251124]]]]}},
{"type":"Feature","properties":{"osm_id":"67164884","code":1500,"fclass":"building","name":"","type":""},"geometry":{"type":"MultiPolygon","coordinates":[[[[73.8746145,18.5179593],[73.8746789,18.5177762],[73.8750659,18.5178093],[73.8750221,18.5180003],[73.8746145,18.5179593]]]]}},
{"type":"Feature","properties":{"osm_id":"67165158","code":1500,"fclass":"building","name":"","type":""},"geometry":{"type":"MultiPolygon","coordinates":[[[[73.8744632,18.5186039],[73.8745383,18.5183699],[73.8746348,18.5183903],[73.8745597,18.5186344],[73.8744632,18.5186039]]]]}},
{"type":"Feature","properties":{"osm_id":"67166277","code":1500,"fclass":"building","name":"","type":""},"geometry":{"type":"MultiPolygon","coordinates":[[[[73.8743779,18.5188906],[73.8744637,18.5186363],[73.8745602,18.5186668],[73.8745173,18.518799],[73.8746675,18.5187584],[73.8746997,18.5188703],[73.8744422,18.5189516],[73.8743779,18.5188906]]]]}},
{"type":"Feature","properties":{"osm_id":"67166430","code":1500,"fclass":"building","name":"","type":""},"geometry":{"type":"MultiPolygon","coordinates":[[[[73.8747245,18.5187968],[73.8750188,18.5186607],[73.8750644,18.5187494],[73.8747701,18.5188855],[73.8747245,18.5187968]]]]}},
{"type":"Feature","properties":{"osm_id":"67167849","code":1500,"fclass":"building","name":"","type":""},"geometry":{"type":"MultiPolygon","coordinates":[[[[73.8760784,18.5184226],[73.8762286,18.5183921],[73.8763895,18.5189313],[73.8762501,18.5190635],[73.8760784,18.5184226]]]]}},
{"type":"Feature","properties":{"osm_id":"67168532","code":1500,"fclass":"building","name":"","type":""},"geometry":{"type":"MultiPolygon","coordinates":[[[[73.8763409,18.5179851],[73.876571,18.5179538],[73.8765847,18.5180448],[73.8763546,18.5180761],[73.8763409,18.5179851]]]]}},
{"type":"Feature","properties":{"osm_id":"67168539","code":1500,"fclass":"building","name":"","type":""},"geometry":{"type":"MultiPolygon","coordinates":[[[[73.8759609,18.5181385],[73.8761596,18.5181271],[73.876169,18.5182744],[73.8759703,18.5182858],[73.8759609,18.5181385]]]]}},
{"type":"Feature","properties":{"osm_id":"67168823","code":1500,"fclass":"building","name":"","type":""},"geometry":{"type":"MultiPolygon","coordinates":[[[[73.8751067,18.5193165],[73.8753714,18.5192194],[73.8754246,18.5193498],[73.8751599,18.5194469],[73.8751067,18.5193165]]]]}},
{"type":"Feature","properties":{"osm_id":"67168827","code":1500,"fclass":"building","name":"","type":""},"geometry":{"type":"MultiPolygon","coordinates":[[[[73.8754664,18.5192258],[73.875729,18.5191337],[73.8757767,18.519256],[73.875514,18.5193481],[73.8754664,18.5192258]]]]}},
{"type":"Feature","properties":{"osm_id":"67168833","code":1500,"fclass":"building","name":"","type":""},"geometry":{"type":"MultiPolygon","coordinates":[[[[73.8758291,18.519119],[73.8760888,18.5190392],[73.876128,18.519154],[73.8758683,18.5192338],[73.8758291,18.519119]]]]}},
{"type":"Feature","properties":{"osm_id":"67168944","code":1500,"fclass":"building","name":"Ohel David Synagogue","type":""},"geometry":{"type":"MultiPolygon","coordinates":[[[[73.874388,18.5193428],[73.8746637,18.519238],[73.8746876,18.5192945],[73.8747855,18.5192573],[73.8748208,18.5193408],[73.8747508,18.5193674],[73.8747829,18.5194433],[73.8747251,18.5194653],[73.874691,18.5193846],[73.8744452,18.5194781],[73.874388,18.5193428]]]]}},
{"type":"Feature","properties":{"osm_id":"67169075","code":1500,"fclass":"building","name":"","type":""},"geometry":{"type":"MultiPolygon","coordinates":[[[[73.8722729,18.5208067],[73.8726166,18.5206169],[73.87291,18.5210947],[73.8725663,18.5212844],[73.8722729,18.5208067]]]]}},
{"type":"Feature","properties":{"osm_id":"67169157","code":1500,"fclass":"building","name":"","type":""},"geometry":{"type":"MultiPolygon","coordinates":[[[[73.8749658,18.5190148],[73.8751006,18.5189633],[73.8752094,18.5192191],[73.8750745,18.5192706],[73.8749658,18.5190148]]]]}},
{"type":"Feature","properties":{"osm_id":"67169176","code":1500,"fclass":"building","name":"","type":""},"geometry":{"type":"MultiPolygon","coordinates":[[[[73.8755061,18.5188089],[73.8756436,18.5187619],[73.8757334,18.5189977],[73.8755959,18.5190448],[73.8755061,18.5188089]]]]}},
{"type":"Feature","properties":{"osm_id":"67169220","code":1500,"fclass":"building","name":"","type":""},"geometry":{"type":"MultiPolygon","coordinates":[[[[73.8762205,18.5195079],[73.8763739,18.5194648],[73.8764289,18.519488],[73.8764694,18.5194569],[73.8765253,18.5194521],[73.8765698,18.5194691],[73.8765962,18.5195338],[73.8765464,18.5195936],[73.8766207,18.5196323],[73.8766683,18.5198061],[73.876584,18.5198155],[73.8766863,18.5198539],[73.8767284,18.5199553],[73.876633,18.519991],[73.8764318,18.519892],[73.8763496,18.5196304],[73.8762664,18.5196539],[73.8762205,18.5195079]]]]}},
{"type":"Feature","properties":{"osm_id":"67169427","code":1500,"fclass":"building","name":"","type":""},"geometry":{"type":"MultiPolygon","coordinates":[[[[73.8752378,18.5182924],[73.8754638,18.5182105],[73.8755512,18.5184274],[73.8754149,18.5184768],[73.8753742,18.5183759],[73.8752845,18.5184084],[73.8752378,18.5182924]]]]}},
{"type":"Feature","properties":{"osm_id":"67169452","code":1500,"fclass":"building","name":"ISKCON Temple","type":""},"geometry":{"type":"MultiPolygon","coordinates":[[[[73.8792051,18.5200802],[73.8796249,18.5198782],[73.8796782,18.5199779],[73.8795373,18.5200456],[73.8795898,18.5201438],[73.879472,18.5202005],[73.8794215,18.5201061],[73.8792604,18.5201836],[73.8792051,18.5200802]]]]}},
{"type":"Feature","properties":{"osm_id":"67169472","code":1500,"fclass":"building","name":"","type":""},"geometry":{"type":"MultiPolygon","coordinates":[[[[73.8784486,18.5203084],[73.878701,18.5201905],[73.8787489,18.5202829],[73.8784965,18.5204007],[73.8784486,18.5203084]]]]}},
{"type":"Feature","properties":{"osm_id":"67170414","code":1500,"fclass":"building","name":"Sadhu Vaswani Mission","type":""},"geometry":{"type":"MultiPolygon","coordinates":[[[[73.8768141,18.5239511],[73.8769535,18.5239206],[73.8771681,18.5245208],[73.8772432,18.5245514],[73.8775222,18.5244598],[73.8775651,18.5246022],[73.8772539,18.5246938],[73.8770608,18.5246327],[73.8768141,18.5239511]]]]}},
{"type":"Feature","properties":{"osm_id":"67171108","code":1500,"fclass":"building","name":"","type":""},"geometry":{"type":"MultiPolygon","coordinates":[[[[73.8739505,18.5260488],[73.8739903,18.5258295],[73.8742258,18.5258679],[73.874186,18.5260872],[73.8739505,18.5260488]]]]}},
{"type":"Feature","properties":{"osm_id":"67171194","code":1500,"fclass":"building","name":"","type":""},"geometry":{"type":"MultiPolygon","coordinates":[[[[73.8739944,18.5257377],[73.8740325,18.5255284],[73.8742785,18.5255686],[73.8742404,18.525778],[73.8739944,18.5257377]]]]}},
{"type":"Feature","properties":{"osm_id":"67171422","code":1500,"fclass":"building","name":"","type":""},"geometry":{"type":"MultiPolygon","coordinates":[[[[73.8761449,18.5250474],[73.8764614,18.5250331],[73.8764678,18.5251602],[73.8761513,18.5251745],[73.8761449,18.5250474]]]]}},
{"type":"Feature","properties":{"osm_id":"67171503","code":1500,"fclass":"building","name":"Parmar Chambers","type":""},"geometry":{"type":"MultiPolygon","coordinates":[[[[73.8760937,18.5254308],[73.8761148,18.5253301],[73.8762233,18.5253504],[73.8762437,18.5252529],[73.8764743,18.5252962],[73.8763382,18.5259479],[73.8761337,18.5259095],[73.8762283,18.5254561],[73.8760937,18.5254308]]]]}},
{"type":"Feature","properties":{"osm_id":"67624438","code":1500,"fclass":"building","name":"Saint Patrick's Church","type":"church"},"geometry":{"type":"MultiPolygon","coordinates":[[[[73.8979699,18.5087324],[73.8983882,18.5087217],[73.898393,18.5088897],[73.8979747,18.5089004],[73.8979699,18.5087324]]]]}},
{"type":"Feature","properties":{"osm_id":"67624462","code":1500,"fclass":"building","name":"","type":""},"geometry":{"type":"MultiPolygon","coordinates":[[[[73.8735486,18.5195006],[73.8738247,18.5193985],[73.8738984,18.5195778],[73.8736224,18.5196799],[73.8735486,18.5195006]]]]}},
{"type":"Feature","properties":{"osm_id":"67624481","code":1500,"fclass":"building","name":"","type":""},"geometry":{"type":"MultiPolygon","coordinates":[[[[73.8728541,18.519636],[73.873015,18.5195851],[73.8731008,18.5197988],[73.8729292,18.5198497],[73.8728541,18.519636]]]]}},
{"type":"Feature","properties":{"osm_id":"67624589","code":1500,"fclass":"building","name":"","type":""},"geometry":{"type":"MultiPolygon","coordinates":[[[[73.8732055,18.5196882],[73.8734724,18.519613],[73.873511,18.5197363],[73.8732441,18.5198115],[73.8732055,18.5196882]]]]}},
{"type":"Feature","properties":{"osm_id":"67624603","code":1500,"fclass":"building","name":"","type":""},"geometry":{"type":"MultiPolygon","coordinates":[[[[73.8719496,18.5197516],[73.8723013,18.5196944],[73.8723488,18.5199567],[73.8721919,18.5199822],[73.8719971,18.5200139],[73.8719496,18.5197516]]]]}},
{"type":"Feature","properties":{"osm_id":"67624611","code":1500,"fclass":"building","name":"","type":""},"geometry":{"type":"MultiPolygon","coordinates":[[[[73.8715612,18.519814],[73.8718509,18.5198242],[73.8718402,18.5199564],[73.8715612,18.5199462],[73.8715612,18.519814]]]]}},
{"type":"Feature","properties":{"osm_id":"67624615","code":1500,"fclass":"building","name":"Sarosh Bhavan","type":"commercial"},"geometry":{"type":"MultiPolygon","coordinates":[[[[73.8727272,18.51992],[73.872856,18.5198895],[73.8729263,18.5201483],[73.8727916,18.5201845],[73.8727272,18.51992]]]]}},
{"type":"Feature","properties":{"osm_id":"67624720","code":1500,"fclass":"building","name":"","type":""},"geometry":{"type":"MultiPolygon","coordinates":[[[[73.8749918,18.5144856],[73.8751339,18.5143824],[73.8755428,18.5148886],[73.8754008,18.5149917],[73.8749918,18.5144856]]]]}},
{"type":"Feature","properties":{"osm_id":"67624734","code":1500,"fclass":"building","name":"","type":""},"geometry":{"type":"MultiPolygon","coordinates":[[[[73.8738944,18.5152548],[73.874015,18.5151678],[73.8744414,18.5156992],[73.8743208,18.5157862],[73.8738944,18.5152548]]]]}},
{"type":"Feature","properties":{"osm_id":"67624759","code":1500,"fclass":"building","name":"","type":""},"geometry":{"type":"MultiPolygon","coordinates":[[[[73.8733595,18.5152402],[73.8737697,18.5151322],[73.8738374,18.5153637],[73.8734272,18.5154716],[73.8733595,18.5152402]]]]}},
{"type":"Feature","properties":{"osm_id":"67624796","code":1500,"fclass":"building","name":"","type":""},"geometry":{"type":"MultiPolygon","coordinates":[[[[73.873026,18.5219843],[73.8731339,18.5215864],[73.8732776,18.5216214],[73.8731696,18.5220193],[73.873026,18.5219843]]]]}},
{"type":"Feature","properties":{"osm_id":"68335186","code":1500,"fclass":"building","name":"National Chemical Laboratory","type":""},"geometry":{"type":"MultiPolygon","coordinates":[[[[73.8107178,18.5423795],[73.810733,18.5418032],[73.812539,18.5418461],[73.812524,18.542414],[73.8123175,18.5424091],[73.8123277,18.5420221],[73.8118878,18.5420116],[73.8118772,18.5424107],[73.8113303,18.5423977],[73.8113413,18.5419829],[73.8109198,18.5419729],[73.810909,18.5423841],[73.8107178,18.5423795]]]]}},
{"type":"Feature","properties":{"osm_id":"68335638","code":1500,"fclass":"building","name":"","type":""},"geometry":{"type":"MultiPolygon","coordinates":[[[[73.8126242,18.5411931],[73.8132894,18.5411829],[73.8133001,18.5413355],[73.8130856,18.5413355],[73.8130641,18.5416813],[73.8129032,18.5416711],[73.8129032,18.5413355],[73.8126242,18.5413355],[73.8126242,18.5411931]]]]}},
{"type":"Feature","properties":{"osm_id":"69366490","code":1500,"fclass":"building","name":"Terminal 1","type":""},"geometry":{"type":"MultiPolygon","coordinates":[[[[73.9081087,18.5790446],[73.9084806,18.5789864],[73.9095624,18.5788172],[73.9097626,18.5787872],[73.9097822,18.5789149],[73.9098546,18.5793141],[73.9099017,18.5795476],[73.9097617,18.579569],[73.9093575,18.5796309],[73.9089261,18.579697],[73.9085497,18.5797505],[73.908242,18.579805],[73.9082332,18.5797604],[73.9081087,18.5790446]]]]}},
{"type":"Feature","properties":{"osm_id":"69372081","code":1500,"fclass":"building","name":"Aeromall","type":""},"geometry":{"type":"MultiPolygon","coordinates":[[[[73.9066708,18.5776026],[73.9077663,18.5774819],[73.9078155,18.5778611],[73.9077275,18.577985],[73.9074758,18.5780233],[73.9067631,18.5780677],[73.9066708,18.5776026]]]]}},
{"type":"Feature","properties":{"osm_id":"69374429","code":1500,"fclass":"building","name":"","type":""},"geometry":{"type":"MultiPolygon","coordinates":[[[[73.9055531,18.5534745],[73.9058971,18.5534286],[73.9059078,18.5537592],[73.9055716,18.5537898],[73.9055531,18.5534745]]]]}},
{"type":"Feature","properties":{"osm_id":"69684234","code":1500,"fclass":"building","name":"","type":""},"geometry":{"type":"MultiPolygon","coordinates":[[[[73.8790188,18.5176358],[73.87919,18.5175871],[73.8792359,18.5177026],[73.8794466,18.5182324],[73.8792851,18.518298],[73.8790188,18.5176358]]]]}},
{"type":"Feature","properties":{"osm_id":"69684383","code":1500,"fclass":"building","name":"Department of Mechanical Engineering","type":""},"geometry":{"type":"MultiPolygon","coordinates":[[[[73.855843,18.5303636],[73.8562476,18.5303042],[73.8567442,18.5302313],[73.8567764,18.5304958],[73.8566476,18.530506],[73.8566369,18.5303941],[73.8558644,18.530506],[73.855843,18.5303636]]]]}},
{"type":"Feature","properties":{"osm_id":"69684427","code":1500,"fclass":"building","name":"Main Building","type":"university"},"geometry":{"type":"MultiPolygon","coordinates":[[[[73.8563538,18.5291606],[73.8568904,18.5290117],[73.856941,18.5291757],[73.8567015,18.529238],[73.8567533,18.5293948],[73.8564536,18.5294839],[73.8563538,18.5291606]]]]}},
{"type":"Feature","properties":{"osm_id":"69878585","code":1500,"fclass":"building","name":"","type":""},"geometry":{"type":"MultiPolygon","coordinates":[[[[73.8733235,18.5199342],[73.873577,18.5198596],[73.873607,18.5199516],[73.8733536,18.5200263],[73.8733235,18.5199342]]]]}},
{"type":"Feature","properties":{"osm_id":"69878756","code":1500,"fclass":"building","name":"","type":""},"geometry":{"type":"MultiPolygon","coordinates":[[[[73.8738418,18.5137248],[73.8740446,18.5135512],[73.8742586,18.5137761],[73.8740559,18.5139496],[73.8738418,18.5137248]]]]}},
{"type":"Feature","properties":{"osm_id":"69878799","code":1500,"fclass":"building","name":"","type":""},"geometry":{"type":"MultiPolygon","coordinates":[[[[73.8740679,18.5134588],[73.8741639,18.5133903],[73.8743866,18.5136707],[73.8742906,18.5137392],[73.8740679,18.5134588]]]]}},
{"type":"Feature","properties":{"osm_id":"69878810","code":1500,"fclass":"building","name":"","type":""},"geometry":{"type":"MultiPolygon","coordinates":[[[[73.8756313,18.5120521],[73.8760116,18.5120248],[73.8760311,18.5122695],[73.8756509,18.5122968],[73.8756313,18.5120521]]]]}},
{"type":"Feature","properties":{"osm_id":"69879434","code":1500,"fclass":"building","name":"","type":""},"geometry":{"type":"MultiPolygon","coordinates":[[[[73.885038,18.507314],[73.8850511,18.5068976],[73.8852901,18.5069044],[73.8852818,18.5071649],[73.8856802,18.5071763],[73.8856752,18.5073321],[73.885038,18.507314]]]]}},
{"type":"Feature","properties":{"osm_id":"69879469","code":1500,"fclass":"building","name":"","type":""},"geometry":{"type":"MultiPolygon","coordinates":[[[[73.879416,18.511775],[73.8798991,18.5118064],[73.8798867,18.5120331],[73.8794399,18.5119956],[73.879416,18.511775]]]]}},
{"type":"Feature","properties":{"osm_id":"69879472","code":1500,"fclass":"building","name":"","type":""},"geometry":{"type":"MultiPolygon","coordinates":[[[[73.8797092,18.5117018],[73.8797703,18.5114197],[73.8799428,18.5114294],[73.8799302,18.5116914],[73.8797092,18.5117018]]]]}},
{"type":"Feature","properties":{"osm_id":"69879474","code":1500,"fclass":"building","name":"","type":""},"geometry":{"type":"MultiPolygon","coordinates":[[[[73.8795804,18.5117104],[73.8796116,18.5114057],[73.8797703,18.5114197],[73.8797092,18.5117018],[73.8795804,18.5117104]]]]}},
{"type":"Feature","properties":{"osm_id":"69879478","code":1500,"fclass":"building","name":"","type":""},"geometry":{"type":"MultiPolygon","coordinates":[[[[73.8794122,18.511698],[73.8794336,18.5113874],[73.8795995,18.5113977],[73.8795781,18.5117083],[73.8794122,18.511698]]]]}},
{"type":"Feature","properties":{"osm_id":"69879531","code":1500,"fclass":"building","name":"","type":""},"geometry":{"type":"MultiPolygon","coordinates":[[[[73.8794442,18.5107721],[73.8800443,18.5107405],[73.880028,18.511047],[73.8794549,18.5110163],[73.8794442,18.5107721]]]]}},
{"type":"Feature","properties":{"osm_id":"69879541","code":1500,"fclass":"building","name":"","type":""},"geometry":{"type":"MultiPolygon","coordinates":[[[[73.8793533,18.5146979],[73.8793652,18.5144284],[73.8794916,18.5144334],[73.8795448,18.5144352],[73.8795982,18.5144363],[73.8795928,18.514659],[73.8795002,18.5146548],[73.8794978,18.5147038],[73.8794828,18.5147031],[73.8793533,18.5146979]]]]}},
{"type":"Feature","properties":{"osm_id":"69882817","code":1500,"fclass":"building","name":"","type":""},"geometry":{"type":"MultiPolygon","coordinates":[[[[73.8795155,18.5102936],[73.8799344,18.5102319],[73.8799852,18.5104918],[73.8795388,18.5105564],[73.8795155,18.5102936]]]]}},
{"type":"Feature","properties":{"osm_id":"103687095","code":1500,"fclass":"building","name":"The Pride Hotel","type":""},"geometry":{"type":"MultiPolygon","coordinates":[[[[73.8470806,18.5313334],[73.8471816,18.5313093],[73.8471363,18.5311385],[73.847294,18.5311009],[73.8474203,18.5315773],[73.847267,18.5316138],[73.8472176,18.5314274],[73.8471122,18.5314525],[73.8470806,18.5313334]]]]}},
{"type":"Feature","properties":{"osm_id":"105452925","code":1500,"fclass":"building","name":"","type":""},"geometry":{"type":"MultiPolygon","coordinates":[[[[73.8794591,18.5096063],[73.8797701,18.5095886],[73.8797782,18.509716],[73.8794672,18.5097337],[73.8794591,18.5096063]]]]}},
{"type":"Feature","properties":{"osm_id":"105453001","code":1500,"fclass":"building","name":"","type":""},"geometry":{"type":"MultiPolygon","coordinates":[[[[73.8794304,18.5098252],[73.879789,18.5097456],[73.8798231,18.5098837],[73.8794644,18.5099633],[73.8794304,18.5098252]]]]}},
{"type":"Feature","properties":{"osm_id":"105453012","code":1500,"fclass":"building","name":"","type":""},"geometry":{"type":"MultiPolygon","coordinates":[[[[73.8794988,18.51],[73.8798472,18.5099478],[73.8798726,18.5101006],[73.8795242,18.5101528],[73.8794988,18.51]]]]}},
{"type":"Feature","properties":{"osm_id":"105453042","code":1500,"fclass":"building","name":"","type":""},"geometry":{"type":"MultiPolygon","coordinates":[[[[73.8791563,18.5089964],[73.879548,18.5089881],[73.87955,18.5090745],[73.8791583,18.5090828],[73.8791563,18.5089964]]]]}},
{"type":"Feature","properties":{"osm_id":"105453718","code":1500,"fclass":"building","name":"","type":""},"geometry":{"type":"MultiPolygon","coordinates":[[[[73.8838165,18.5089816],[73.8843482,18.508962],[73.8843522,18.5090598],[73.884149,18.5090673],[73.884154,18.5091885],[73.8840411,18.5091927],[73.884037,18.5090926],[73.8839678,18.5090951],[73.8839704,18.5091589],[73.8839012,18.5091614],[73.8838981,18.5090873],[73.8838209,18.5090902],[73.8838165,18.5089816]]]]}},
{"type":"Feature","properties":{"osm_id":"105453816","code":1500,"fclass":"building","name":"","type":""},"geometry":{"type":"MultiPolygon","coordinates":[[[[73.8832382,18.5089969],[73.8835772,18.5089783],[73.8835898,18.5091859],[73.8832508,18.5092045],[73.8832382,18.5089969]]]]}},
{"type":"Feature","properties":{"osm_id":"105455078","code":1500,"fclass":"building","name":"Saint Mary's Church Nursery School","type":"church"},"geometry":{"type":"MultiPolygon","coordinates":[[[[73.8841978,18.5076815],[73.8843403,18.5076779],[73.8843385,18.5076149],[73.8844297,18.5076126],[73.8844315,18.507676],[73.8845358,18.5076734],[73.8845397,18.5078161],[73.8844616,18.5078181],[73.8844639,18.5079022],[73.8843456,18.5079052],[73.8843436,18.5078306],[73.8842021,18.5078341],[73.8841978,18.5076815]]]]}},
{"type":"Feature","properties":{"osm_id":"105455918","code":1500,"fclass":"building","name":"","type":""},"geometry":{"type":"MultiPolygon","coordinates":[[[[73.8791968,18.5087447],[73.879414,18.5086572],[73.8794881,18.5088226],[73.8792708,18.5089101],[73.8791968,18.5087447]]]]}},
{"type":"Feature","properties":{"osm_id":"105456237","code":1500,"fclass":"building","name":"","type":""},"geometry":{"type":"MultiPolygon","coordinates":[[[[73.8790726,18.5110072],[73.8792874,18.5109965],[73.8792922,18.5110827],[73.8792263,18.511086],[73.8792303,18.5111578],[73.8791751,18.5111605],[73.8791712,18.5110887],[73.8790774,18.5110934],[73.8790726,18.5110072]]]]}},
{"type":"Feature","properties":{"osm_id":"105456329","code":1500,"fclass":"building","name":"","type":""},"geometry":{"type":"MultiPolygon","coordinates":[[[[73.8782957,18.5161233],[73.8786498,18.5161132],[73.8786712,18.5162454],[73.8783494,18.5163573],[73.8782957,18.5161233]]]]}},
{"type":"Feature","properties":{"osm_id":"105456386","code":1500,"fclass":"building","name":"","type":""},"geometry":{"type":"MultiPolygon","coordinates":[[[[73.8785456,18.5163192],[73.8786719,18.516281],[73.8786958,18.5164752],[73.8785609,18.5164863],[73.8785456,18.5163192]]]]}},
{"type":"Feature","properties":{"osm_id":"105456522","code":1500,"fclass":"building","name":"","type":""},"geometry":{"type":"MultiPolygon","coordinates":[[[[73.8774649,18.5163939],[73.8775472,18.5163723],[73.8775933,18.5165301],[73.8776731,18.5165091],[73.8776219,18.5163338],[73.8775479,18.5163532],[73.877534,18.5163055],[73.8777617,18.5162457],[73.8777777,18.5163004],[73.8777091,18.5163184],[73.8777701,18.5165268],[73.8775227,18.5165918],[73.8774649,18.5163939]]]]}},
{"type":"Feature","properties":{"osm_id":"105456568","code":1500,"fclass":"building","name":"","type":""},"geometry":{"type":"MultiPolygon","coordinates":[[[[73.8783369,18.515631],[73.8783371,18.5155234],[73.8786718,18.5155241],[73.8786716,18.5156316],[73.8783369,18.515631]]]]}},
{"type":"Feature","properties":{"osm_id":"105456642","code":1500,"fclass":"building","name":"","type":""},"geometry":{"type":"MultiPolygon","coordinates":[[[[73.8782941,18.5158495],[73.8782992,18.515733],[73.8786906,18.5157485],[73.8786855,18.515865],[73.8782941,18.5158495]]]]}},
{"type":"Feature","properties":{"osm_id":"105457172","code":1500,"fclass":"building","name":"","type":""},"geometry":{"type":"MultiPolygon","coordinates":[[[[73.8789445,18.5155152],[73.8792289,18.5155018],[73.8792361,18.515639],[73.8789518,18.5156525],[73.8789445,18.5155152]]]]}},
{"type":"Feature","properties":{"osm_id":"105457332","code":1500,"fclass":"building","name":"","type":""},"geometry":{"type":"MultiPolygon","coordinates":[[[[73.8793236,18.5158798],[73.8793237,18.5156916],[73.8794256,18.5156916],[73.8794255,18.5158798],[73.8793236,18.5158798]]]]}},
{"type":"Feature","properties":{"osm_id":"105457458","code":1500,"fclass":"building","name":"","type":""},"geometry":{"type":"MultiPolygon","coordinates":[[[[73.8794507,18.5158707],[73.879473,18.5156773],[73.8796123,18.5156917],[73.87959,18.5158852],[73.8794507,18.5158707]]]]}},
{"type":"Feature","properties":{"osm_id":"105461882","code":1500,"fclass":"building","name":"","type":""},"geometry":{"type":"MultiPolygon","coordinates":[[[[73.8816709,18.5004444],[73.8817546,18.5003093],[73.8822727,18.5005114],[73.8820071,18.5011237],[73.8818893,18.5010778],[73.882007,18.5008062],[73.8819612,18.500788],[73.8819791,18.5007466],[73.8820155,18.5007603],[73.8820847,18.5006006],[73.8816709,18.5004444]]]]}},
{"type":"Feature","properties":{"osm_id":"106231171","code":1500,"fclass":"building","name":"Royal Western India Turf Club","type":""},"geometry":{"type":"MultiPolygon","coordinates":[[[[73.890194,18.5070307],[73.8902522,18.5069455],[73.890302,18.5069761],[73.8905763,18.5065744],[73.891043,18.5068609],[73.8909784,18.5069555],[73.8906878,18.5067771],[73.8904199,18.5071694],[73.890194,18.5070307]]]]}},
{"type":"Feature","properties":{"osm_id":"106232276","code":1500,"fclass":"building","name":"Pune Cantonment Board","type":""},"geometry":{"type":"MultiPolygon","coordinates":[[[[73.8782533,18.5023727],[73.8783185,18.5022142],[73.8784104,18.5022495],[73.8784389,18.5021829],[73.87836,18.5021525],[73.8784118,18.5020313],[73.8787387,18.5021569],[73.8786912,18.5022681],[73.878601,18.5022334],[73.8785698,18.5023063],[73.8786565,18.5023396],[73.878583,18.502481],[73.878484,18.5024487],[73.8784431,18.5025355],[73.878334,18.5024936],[73.8783649,18.5024085],[73.8782533,18.5023727]]]]}},
{"type":"Feature","properties":{"osm_id":"106232521","code":1500,"fclass":"building","name":"","type":""},"geometry":{"type":"MultiPolygon","coordinates":[[[[73.8765699,18.5027614],[73.8766219,18.502585],[73.8768966,18.5026579],[73.8768446,18.5028342],[73.8765699,18.5027614]]]]}},
{"type":"Feature","properties":{"osm_id":"106232593","code":1500,"fclass":"building","name":"","type":""},"geometry":{"type":"MultiPolygon","coordinates":[[[[73.8769118,18.5028275],[73.8769707,18.5026123],[73.877438,18.5027274],[73.8773791,18.5029425],[73.8769118,18.5028275]]]]}},
{"type":"Feature","properties":{"osm_id":"106232645","code":1500,"fclass":"building","name":"","type":""},"geometry":{"type":"MultiPolygon","coordinates":[[[[73.8776494,18.5029337],[73.8777025,18.5027594],[73.877908,18.5028158],[73.8778548,18.50299],[73.8776494,18.5029337]]]]}},
{"type":"Feature","properties":{"osm_id":"106237995","code":1500,"fclass":"building","name":"","type":""},"geometry":{"type":"MultiPolygon","coordinates":[[[[73.9024563,18.5056954],[73.9030142,18.5056852],[73.903025,18.5058277],[73.9026387,18.5058379],[73.9026387,18.5062245],[73.9024563,18.5062245],[73.9024563,18.5056954]]]]}},
{"type":"Feature","properties":{"osm_id":"106238111","code":1500,"fclass":"building","name":"KPCT Mall","type":""},"geometry":{"type":"MultiPolygon","coordinates":[[[[73.9002721,18.5031501],[73.900755,18.5031188],[73.9008333,18.5042079],[73.9003505,18.5042392],[73.9002721,18.5031501]]]]}},
{"type":"Feature","properties":{"osm_id":"106240786","code":1500,"fclass":"building","name":"","type":""},"geometry":{"type":"MultiPolygon","coordinates":[[[[73.9012163,18.5062875],[73.9012354,18.5054653],[73.9013187,18.5054647],[73.9017212,18.5054581],[73.9017293,18.5059022],[73.9016179,18.505904],[73.9016247,18.5062809],[73.9012163,18.5062875]]]]}},
{"type":"Feature","properties":{"osm_id":"106241162","code":1500,"fclass":"building","name":"","type":""},"geometry":{"type":"MultiPolygon","coordinates":[[[[73.9023724,18.5046282],[73.902398,18.5042835],[73.9025071,18.5042839],[73.9025292,18.5046205],[73.9023724,18.5046282]]]]}},
{"type":"Feature","properties":{"osm_id":"106241246","code":1500,"fclass":"building","name":"","type":""},"geometry":{"type":"MultiPolygon","coordinates":[[[[73.901092,18.5039069],[73.9012426,18.5038964],[73.9012691,18.5042369],[73.9011185,18.5042474],[73.901092,18.5039069]]]]}},
{"type":"Feature","properties":{"osm_id":"106241275","code":1500,"fclass":"building","name":"","type":""},"geometry":{"type":"MultiPolygon","coordinates":[[[[73.9010708,18.5036797],[73.9016937,18.5036281],[73.9017109,18.5038149],[73.901088,18.5038664],[73.9010708,18.5036797]]]]}},
{"type":"Feature","properties":{"osm_id":"106242310","code":1500,"fclass":"building","name":"","type":""},"geometry":{"type":"MultiPolygon","coordinates":[[[[73.8999526,18.4934546],[73.9000623,18.4930415],[73.9002733,18.4930257],[73.9003036,18.4933238],[73.9000947,18.4933466],[73.9000529,18.4934635],[73.9000817,18.4935886],[73.9001037,18.4935866],[73.9001152,18.4935891],[73.9001231,18.4935997],[73.9001236,18.4936111],[73.9001199,18.4936208],[73.9001134,18.4936247],[73.9000954,18.4936266],[73.9001131,18.4937345],[73.9001293,18.4937325],[73.900139,18.4937332],[73.9001481,18.4937384],[73.9001541,18.4937473],[73.9001539,18.4937567],[73.9001489,18.4937657],[73.9001405,18.4937707],[73.9001276,18.4937739],[73.9001788,18.4941068],[73.9001103,18.4941208],[73.9000941,18.4941183],[73.9000832,18.4941124],[73.9000769,18.4940995],[73.8999526,18.4934546]]]]}},
{"type":"Feature","properties":{"osm_id":"106242475","code":1500,"fclass":"building","name":"","type":""},"geometry":{"type":"MultiPolygon","coordinates":[[[[73.8972087,18.4916611],[73.8972093,18.491617],[73.8972265,18.4916172],[73.8972269,18.4915856],[73.8973551,18.491587],[73.8973539,18.4916896],[73.8972222,18.4916882],[73.8972226,18.4916613],[73.8972087,18.4916611]]]]}},
{"type":"Feature","properties":{"osm_id":"106248808","code":1500,"fclass":"building","name":"Sacred World","type":""},"geometry":{"type":"MultiPolygon","coordinates":[[[[73.9002408,18.4908649],[73.9002533,18.4907281],[73.9003071,18.4906698],[73.9004036,18.4906746],[73.9005287,18.4908624],[73.9005243,18.4918519],[73.9004865,18.4918502],[73.9002695,18.4918406],[73.9002408,18.4908649]]]]}},
{"type":"Feature","properties":{"osm_id":"106253685","code":1500,"fclass":"building","name":"","type":""},"geometry":{"type":"MultiPolygon","coordinates":[[[[73.8811918,18.4869741],[73.8813849,18.4867299],[73.8812776,18.4867299],[73.8813098,18.486618],[73.8817801,18.4866795],[73.8820823,18.4872285],[73.8819857,18.4872794],[73.8819535,18.4871776],[73.8817819,18.4874218],[73.8811918,18.4869741]]]]}},
{"type":"Feature","properties":{"osm_id":"106358139","code":1500,"fclass":"building","name":"","type":""},"geometry":{"type":"MultiPolygon","coordinates":[[[[73.8800158,18.5140835],[73.8800344,18.5138486],[73.8802158,18.5138615],[73.8801972,18.5140964],[73.8800158,18.5140835]]]]}},
{"type":"Feature","properties":{"osm_id":"106358204","code":1500,"fclass":"building","name":"","type":""},"geometry":{"type":"MultiPolygon","coordinates":[[[[73.8793998,18.5175314],[73.8795403,18.5175258],[73.8795579,18.5179261],[73.8794174,18.5179316],[73.8794053,18.5176558],[73.8793998,18.5175314]]]]}},
{"type":"Feature","properties":{"osm_id":"106358437","code":1500,"fclass":"building","name":"","type":"commercial"},"geometry":{"type":"MultiPolygon","coordinates":[[[[73.8784666,18.5176976],[73.8788275,18.5175855],[73.878913,18.5178331],[73.8785522,18.5179451],[73.8784666,18.5176976]]]]}},
{"type":"Feature","properties":{"osm_id":"106358458","code":1500,"fclass":"building","name":"","type":""},"geometry":{"type":"MultiPolygon","coordinates":[[[[73.8764971,18.5233974],[73.8767743,18.5233206],[73.8768437,18.523546],[73.8765664,18.5236227],[73.8764971,18.5233974]]]]}},
{"type":"Feature","properties":{"osm_id":"106358467","code":1500,"fclass":"building","name":"","type":""},"geometry":{"type":"MultiPolygon","coordinates":[[[[73.8767283,18.5230446],[73.876808,18.5230225],[73.8767986,18.5229921],[73.8768942,18.5229656],[73.8769445,18.5231287],[73.8767691,18.5231772],[73.8767605,18.5231493],[73.8767759,18.5231451],[73.8767693,18.5231237],[73.876754,18.5231279],[73.8767283,18.5230446]]]]}},
{"type":"Feature","properties":{"osm_id":"106358478","code":1500,"fclass":"building","name":"","type":""},"geometry":{"type":"MultiPolygon","coordinates":[[[[73.8771715,18.524087],[73.8772794,18.5240529],[73.8773491,18.5242512],[73.8775354,18.5241924],[73.8775609,18.524265],[73.8774894,18.5242876],[73.8775058,18.5243342],[73.877427,18.5243591],[73.8774145,18.5243236],[73.8773556,18.5243422],[73.8773211,18.524244],[73.8772985,18.5242512],[73.8773132,18.524293],[73.8772508,18.5243127],[73.8772273,18.5242457],[73.8772422,18.524241],[73.8772256,18.5241938],[73.8772107,18.5241985],[73.8771715,18.524087]]]]}},
{"type":"Feature","properties":{"osm_id":"106358480","code":1500,"fclass":"building","name":"","type":""},"geometry":{"type":"MultiPolygon","coordinates":[[[[73.8774646,18.5236861],[73.8775765,18.5236484],[73.8777084,18.5240002],[73.8775966,18.5240379],[73.8774646,18.5236861]]]]}},
{"type":"Feature","properties":{"osm_id":"106358487","code":1500,"fclass":"building","name":"","type":""},"geometry":{"type":"MultiPolygon","coordinates":[[[[73.8764546,18.5227931],[73.8764812,18.5227892],[73.8764734,18.5227412],[73.8765508,18.52273],[73.8765592,18.5227815],[73.8766173,18.522773],[73.8766239,18.5228135],[73.8765658,18.522822],[73.8765922,18.522984],[73.876488,18.5229992],[73.8764827,18.5229662],[73.8764953,18.5229644],[73.8764914,18.5229398],[73.8764787,18.5229416],[73.8764546,18.5227931]]]]}},
{"type":"Feature","properties":{"osm_id":"106358512","code":1500,"fclass":"building","name":"","type":""},"geometry":{"type":"MultiPolygon","coordinates":[[[[73.8764174,18.5224942],[73.8765287,18.5224797],[73.8765562,18.5226692],[73.876445,18.5226837],[73.8764174,18.5224942]]]]}},
{"type":"Feature","properties":{"osm_id":"106358521","code":1500,"fclass":"building","name":"","type":""},"geometry":{"type":"MultiPolygon","coordinates":[[[[73.8765908,18.5226621],[73.8767706,18.5225995],[73.8768023,18.5226813],[73.8767667,18.5226938],[73.876797,18.5227721],[73.8768327,18.5227597],[73.8768684,18.522852],[73.8766886,18.5229146],[73.8766619,18.5228457],[73.8767247,18.5228238],[73.87668,18.5227085],[73.8766173,18.5227304],[73.8765908,18.5226621]]]]}},
{"type":"Feature","properties":{"osm_id":"106358547","code":1500,"fclass":"building","name":"","type":""},"geometry":{"type":"MultiPolygon","coordinates":[[[[73.8768317,18.5226051],[73.8768731,18.522545],[73.8769317,18.5225765],[73.8769641,18.5225059],[73.8770414,18.5225435],[73.8769971,18.5226174],[73.8770267,18.5226807],[73.8771076,18.5227226],[73.8770634,18.522798],[73.8769937,18.522758],[73.8769727,18.5228313],[73.8769031,18.5227956],[73.8769445,18.5227222],[73.8769355,18.5227027],[73.876918,18.5227099],[73.8768932,18.5226562],[73.8769107,18.5226489],[73.8769047,18.5226359],[73.8768317,18.5226051]]]]}},
{"type":"Feature","properties":{"osm_id":"106358548","code":1500,"fclass":"building","name":"","type":""},"geometry":{"type":"MultiPolygon","coordinates":[[[[73.8776747,18.523561],[73.8779531,18.5234679],[73.8779386,18.5234288],[73.8780467,18.5233926],[73.8781239,18.5236004],[73.878024,18.5236338],[73.878002,18.5235746],[73.8777154,18.5236703],[73.8776747,18.523561]]]]}},
{"type":"Feature","properties":{"osm_id":"106358549","code":1500,"fclass":"building","name":"","type":""},"geometry":{"type":"MultiPolygon","coordinates":[[[[73.8776847,18.5240816],[73.8777925,18.5240476],[73.8779336,18.524449],[73.8778258,18.524483],[73.8776847,18.5240816]]]]}},
{"type":"Feature","properties":{"osm_id":"106358556","code":1500,"fclass":"building","name":"","type":""},"geometry":{"type":"MultiPolygon","coordinates":[[[[73.8781769,18.5240532],[73.8782671,18.5240193],[73.8782942,18.5241029],[73.8783538,18.5241706],[73.8783259,18.5241988],[73.8783586,18.5242978],[73.8784232,18.5243707],[73.878394,18.5244051],[73.8784068,18.5244439],[73.8783109,18.5244724],[73.8781769,18.5240532]]]]}},
{"type":"Feature","properties":{"osm_id":"106358577","code":1500,"fclass":"building","name":"","type":""},"geometry":{"type":"MultiPolygon","coordinates":[[[[73.8756715,18.5253767],[73.8757089,18.5252037],[73.8759717,18.5252547],[73.8759344,18.5254277],[73.8756715,18.5253767]]]]}},
{"type":"Feature","properties":{"osm_id":"106358633","code":1500,"fclass":"building","name":"Bvmfs Bharti Hospital and Research Center","type":""},"geometry":{"type":"MultiPolygon","coordinates":[[[[73.856252,18.4595356],[73.8566392,18.4594894],[73.8565908,18.4591241],[73.8573102,18.4590382],[73.8573951,18.4596781],[73.8562885,18.4598101],[73.856252,18.4595356]]]]}},
{"type":"Feature","properties":{"osm_id":"106358690","code":1500,"fclass":"building","name":"","type":""},"geometry":{"type":"MultiPolygon","coordinates":[[[[73.8766729,18.5236351],[73.8769433,18.5235496],[73.8769927,18.52369],[73.8767223,18.5237755],[73.8766729,18.5236351]]]]}},
{"type":"Feature","properties":{"osm_id":"106358740","code":1500,"fclass":"building","name":"","type":""},"geometry":{"type":"MultiPolygon","coordinates":[[[[73.8719215,18.5224648],[73.8719273,18.5223783],[73.872512,18.5224136],[73.8725062,18.5225001],[73.8719215,18.5224648]]]]}},
{"type":"Feature","properties":{"osm_id":"106482556","code":1500,"fclass":"building","name":"","type":""},"geometry":{"type":"MultiPolygon","coordinates":[[[[73.8603093,18.499405],[73.8606988,18.4993483],[73.8606854,18.499266],[73.8608185,18.4992626],[73.8609642,18.4993093],[73.8610858,18.5000521],[73.8607206,18.5001052],[73.8606389,18.4995998],[73.8603477,18.4996422],[73.8603093,18.499405]]]]}},
{"type":"Feature","properties":{"osm_id":"106483319","code":1500,"fclass":"building","name":"Indian Railways Institute of Civil Engineering","type":""},"geometry":{"type":"MultiPolygon","coordinates":[[[[73.8752941,18.5288139],[73.8753164,18.5287911],[73.8753164,18.5287403],[73.8754558,18.5286894],[73.8754773,18.5284656],[73.8756275,18.5284758],[73.8756168,18.5286894],[73.8757839,18.5288332],[73.8756806,18.5289286],[73.8755148,18.5288859],[73.8753832,18.5289185],[73.8752941,18.5288139]]]]}},
{"type":"Feature","properties":{"osm_id":"106497035","code":1500,"fclass":"building","name":"God's Blessing","type":"apartments"},"geometry":{"type":"MultiPolygon","coordinates":[[[[73.9070266,18.5388155],[73.9072086,18.538782],[73.9072915,18.5391862],[73.9071095,18.5392197],[73.9070266,18.5388155]]]]}},
{"type":"Feature","properties":{"osm_id":"106617464","code":1500,"fclass":"building","name":"Department of Politics & Public Administration","type":""},"geometry":{"type":"MultiPolygon","coordinates":[[[[73.82565,18.5515939],[73.8259892,18.5512761],[73.8262875,18.5515621],[73.8260814,18.5517553],[73.8263704,18.5520323],[73.8262373,18.5521571],[73.82565,18.5515939]]]]}},
{"type":"Feature","properties":{"osm_id":"106617531","code":1500,"fclass":"building","name":"Pune University Main Building","type":"university"},"geometry":{"type":"MultiPolygon","coordinates":[[[[73.8244239,18.5528871],[73.824747,18.5528446],[73.824863,18.5536368],[73.8245261,18.5536822],[73.8244239,18.5528871]]]]}},
{"type":"Feature","properties":{"osm_id":"106617622","code":1500,"fclass":"building","name":"Art Faculty","type":""},"geometry":{"type":"MultiPolygon","coordinates":[[[[73.826537,18.5507507],[73.8270796,18.5497819],[73.8273705,18.5499284],[73.8269797,18.5506263],[73.8267928,18.5505323],[73.8266412,18.5508031],[73.826537,18.5507507]]]]}},
{"type":"Feature","properties":{"osm_id":"106617824","code":1500,"fclass":"building","name":"CDAC","type":"university"},"geometry":{"type":"MultiPolygon","coordinates":[[[[73.8235009,18.5517566],[73.8239193,18.5515328],[73.8240159,18.5517159],[73.8235974,18.5519397],[73.8235009,18.5517566]]]]}},
{"type":"Feature","properties":{"osm_id":"106617942","code":1500,"fclass":"building","name":"Institute of Veterinary & Biological Products","type":""},"geometry":{"type":"MultiPolygon","coordinates":[[[[73.8221785,18.5509631],[73.8223825,18.5507542],[73.8225892,18.5509356],[73.8226718,18.550851],[73.82274,18.5509109],[73.8225928,18.5510616],[73.8223866,18.5508806],[73.8222471,18.5510233],[73.8221785,18.5509631]]]]}},
{"type":"Feature","properties":{"osm_id":"106618034","code":1500,"fclass":"building","name":"Department of Electronic Science","type":""},"geometry":{"type":"MultiPolygon","coordinates":[[[[73.8224242,18.5515669],[73.8229609,18.5513071],[73.8230378,18.5514613],[73.8228053,18.55158],[73.8229268,18.5518563],[73.8226388,18.5519971],[73.8224242,18.5515669]]]]}},
{"type":"Feature","properties":{"osm_id":"106618134","code":1500,"fclass":"building","name":"Department of Mathematics & Statistics","type":""},"geometry":{"type":"MultiPolygon","coordinates":[[[[73.8270552,18.5493944],[73.8271144,18.5489775],[73.8274045,18.5489848],[73.827418,18.5488875],[73.8275061,18.5488984],[73.8275107,18.5490367],[73.8275331,18.5490495],[73.827505,18.5492069],[73.8274451,18.5491986],[73.8274458,18.5491279],[73.8273272,18.5491211],[73.8272492,18.5491157],[73.8271948,18.549155],[73.8271774,18.5494105],[73.8270552,18.5493944]]]]}},
{"type":"Feature","properties":{"osm_id":"106618173","code":1500,"fclass":"building","name":"Department of Environmental Sciences","type":""},"geometry":{"type":"MultiPolygon","coordinates":[[[[73.8266612,18.5468733],[73.8267917,18.5468273],[73.8268042,18.5468639],[73.8268291,18.5468533],[73.8268655,18.546944],[73.826882,18.5469372],[73.8268277,18.5468015],[73.8270188,18.5467344],[73.8270859,18.5469016],[73.8268781,18.5469754],[73.8268836,18.5469933],[73.8268033,18.5470188],[73.8267823,18.5469632],[73.8267778,18.5469892],[73.8267971,18.5470348],[73.8268636,18.547013],[73.8268976,18.5471015],[73.8268447,18.547121],[73.8268638,18.5471674],[73.8269434,18.5471383],[73.8269766,18.5472198],[73.8269264,18.5472355],[73.8269454,18.5472847],[73.8268413,18.547325],[73.8267984,18.5472184],[73.8268412,18.5471982],[73.8268143,18.5471324],[73.8267203,18.5471635],[73.8266771,18.5470504],[73.8267717,18.5470185],[73.8267437,18.5469486],[73.826697,18.5469663],[73.8266612,18.5468733]]]]}},
{"type":"Feature","properties":{"osm_id":"106618230","code":1500,"fclass":"building","name":"Administative Building","type":""},"geometry":{"type":"MultiPolygon","coordinates":[[[[73.8223906,18.5548254],[73.822881,18.5548009],[73.8228766,18.5547202],[73.8230202,18.5547131],[73.8230587,18.5554069],[73.8224066,18.5554394],[73.8223953,18.555237],[73.8228745,18.5552131],[73.8228618,18.5549844],[73.8224007,18.5550074],[73.8223906,18.5548254]]]]}},
{"type":"Feature","properties":{"osm_id":"106618234","code":1500,"fclass":"building","name":"Educational Multimedia Research Center (EM2RC)","type":""},"geometry":{"type":"MultiPolygon","coordinates":[[[[73.8223906,18.5542868],[73.8227672,18.5542611],[73.8227855,18.554503],[73.8229418,18.5544924],[73.8229549,18.5546651],[73.8226369,18.5546867],[73.8226271,18.5545565],[73.8224121,18.5545711],[73.8223906,18.5542868]]]]}},
{"type":"Feature","properties":{"osm_id":"106894379","code":1500,"fclass":"building","name":"Sinchan Bhavan","type":"office"},"geometry":{"type":"MultiPolygon","coordinates":[[[[73.8656201,18.525102],[73.8656912,18.525098],[73.8656871,18.5250312],[73.8662817,18.5249981],[73.8662834,18.5250249],[73.8666752,18.5250031],[73.8666729,18.5249657],[73.8668887,18.5249537],[73.8668971,18.5250885],[73.8667651,18.5250959],[73.8667676,18.5251364],[73.8657644,18.5251923],[73.8657629,18.5251667],[73.8656246,18.5251745],[73.8656201,18.525102]]]]}},
{"type":"Feature","properties":{"osm_id":"107173227","code":1500,"fclass":"building","name":"","type":""},"geometry":{"type":"MultiPolygon","coordinates":[[[[73.8707789,18.5208022],[73.8708098,18.5204817],[73.8709217,18.5204914],[73.8708909,18.5208119],[73.8707789,18.5208022]]]]}},
{"type":"Feature","properties":{"osm_id":"107173228","code":1500,"fclass":"building","name":"","type":""},"geometry":{"type":"MultiPolygon","coordinates":[[[[73.8706183,18.5204549],[73.8706537,18.5201187],[73.8707792,18.5201318],[73.8707447,18.5204608],[73.8706183,18.5204549]]]]}},
{"type":"Feature","properties":{"osm_id":"107173230","code":1500,"fclass":"building","name":"","type":""},"geometry":{"type":"MultiPolygon","coordinates":[[[[73.8761507,18.5171676],[73.8762092,18.5169415],[73.8765818,18.5170283],[73.8765232,18.5172544],[73.8761507,18.5171676]]]]}},
{"type":"Feature","properties":{"osm_id":"107173231","code":1500,"fclass":"building","name":"","type":""},"geometry":{"type":"MultiPolygon","coordinates":[[[[73.8729313,18.5214282],[73.8729388,18.5212756],[73.8732386,18.5212888],[73.873235,18.521361],[73.8732311,18.5214414],[73.8729313,18.5214282]]]]}},
{"type":"Feature","properties":{"osm_id":"107173232","code":1500,"fclass":"building","name":"","type":""},"geometry":{"type":"MultiPolygon","coordinates":[[[[73.8705993,18.520821],[73.8706183,18.5204549],[73.8707447,18.5204608],[73.8707257,18.5208269],[73.8705993,18.520821]]]]}},
{"type":"Feature","properties":{"osm_id":"107173233","code":1500,"fclass":"building","name":"","type":""},"geometry":{"type":"MultiPolygon","coordinates":[[[[73.8744282,18.5157399],[73.8746755,18.5155783],[73.8748371,18.5158007],[73.8745898,18.5159623],[73.8744282,18.5157399]]]]}},
{"type":"Feature","properties":{"osm_id":"107173234","code":1500,"fclass":"building","name":"","type":""},"geometry":{"type":"MultiPolygon","coordinates":[[[[73.8753464,18.5151649],[73.8754404,18.5151248],[73.8755639,18.5153854],[73.8754699,18.5154255],[73.8753464,18.5151649]]]]}},
{"type":"Feature","properties":{"osm_id":"107173235","code":1500,"fclass":"building","name":"","type":""},"geometry":{"type":"MultiPolygon","coordinates":[[[[73.8733486,18.5210832],[73.8735308,18.5210832],[73.8735308,18.5214087],[73.8733486,18.5214087],[73.8733526,18.5213281],[73.8733486,18.5210832]]]]}},
{"type":"Feature","properties":{"osm_id":"107173236","code":1500,"fclass":"building","name":"","type":""},"geometry":{"type":"MultiPolygon","coordinates":[[[[73.8734429,18.5277378],[73.8735287,18.5276869],[73.873797,18.5281345],[73.8740437,18.5280938],[73.8740652,18.5281854],[73.873754,18.5282261],[73.8734429,18.5277378]]]]}},
{"type":"Feature","properties":{"osm_id":"107173237","code":1500,"fclass":"building","name":"","type":""},"geometry":{"type":"MultiPolygon","coordinates":[[[[73.870774,18.5211659],[73.8707751,18.5210999],[73.8711887,18.5211062],[73.8711774,18.5217644],[73.8710541,18.5217625],[73.8710554,18.5216897],[73.8711207,18.5216907],[73.8711295,18.5211731],[73.8708818,18.5211693],[73.8708721,18.5217345],[73.870814,18.5217336],[73.8708237,18.5211666],[73.870774,18.5211659]]]]}},
{"type":"Feature","properties":{"osm_id":"107173238","code":1500,"fclass":"building","name":"","type":""},"geometry":{"type":"MultiPolygon","coordinates":[[[[73.8705592,18.5216428],[73.8706376,18.5211153],[73.8707477,18.52113],[73.8706693,18.5216575],[73.8705592,18.5216428]]]]}},
{"type":"Feature","properties":{"osm_id":"107173239","code":1500,"fclass":"building","name":"Sterling House","type":""},"geometry":{"type":"MultiPolygon","coordinates":[[[[73.8742727,18.5149508],[73.8744635,18.5148205],[73.8748786,18.515367],[73.8746878,18.5154973],[73.8742727,18.5149508]]]]}},
{"type":"Feature","properties":{"osm_id":"107173240","code":1500,"fclass":"building","name":"","type":""},"geometry":{"type":"MultiPolygon","coordinates":[[[[73.8702287,18.5216201],[73.8702789,18.5210961],[73.8703753,18.5211044],[73.8703251,18.5216284],[73.8702287,18.5216201]]]]}},
{"type":"Feature","properties":{"osm_id":"107173241","code":1500,"fclass":"building","name":"Pune Zilla Parishad","type":""},"geometry":{"type":"MultiPolygon","coordinates":[[[[73.8689885,18.5232032],[73.8690422,18.5231015],[73.8699434,18.5236203],[73.8700507,18.5236101],[73.8700614,18.5237119],[73.8699327,18.5237322],[73.8689885,18.5232032]]]]}},
{"type":"Feature","properties":{"osm_id":"107173242","code":1500,"fclass":"building","name":"","type":""},"geometry":{"type":"MultiPolygon","coordinates":[[[[73.870387,18.5216326],[73.8704527,18.5210887],[73.8705816,18.5211027],[73.870516,18.5216467],[73.870387,18.5216326]]]]}},
{"type":"Feature","properties":{"osm_id":"107173243","code":1500,"fclass":"building","name":"","type":""},"geometry":{"type":"MultiPolygon","coordinates":[[[[73.8735609,18.5269444],[73.8738184,18.5269851],[73.8738291,18.5270359],[73.8738077,18.527097],[73.873754,18.5271173],[73.8736038,18.5271783],[73.8735609,18.5269444]]]]}},
{"type":"Feature","properties":{"osm_id":"107173244","code":1500,"fclass":"building","name":"Alankar Cinema","type":""},"geometry":{"type":"MultiPolygon","coordinates":[[[[73.8764031,18.5289188],[73.8764055,18.5288471],[73.8764713,18.5288491],[73.8764819,18.5285292],[73.8767761,18.528538],[73.8767613,18.5289817],[73.8764958,18.5289738],[73.8764976,18.5289217],[73.8764031,18.5289188]]]]}},
{"type":"Feature","properties":{"osm_id":"107173245","code":1500,"fclass":"building","name":"","type":""},"geometry":{"type":"MultiPolygon","coordinates":[[[[73.873334,18.5269476],[73.873462,18.526918],[73.873538,18.5272136],[73.87341,18.5272432],[73.873334,18.5269476]]]]}},
{"type":"Feature","properties":{"osm_id":"107173246","code":1500,"fclass":"building","name":"","type":""},"geometry":{"type":"MultiPolygon","coordinates":[[[[73.8752927,18.5290327],[73.875316,18.5289461],[73.8757971,18.5290623],[73.8757739,18.5291489],[73.8752927,18.5290327]]]]}},
{"type":"Feature","properties":{"osm_id":"107173247","code":1500,"fclass":"building","name":"","type":""},"geometry":{"type":"MultiPolygon","coordinates":[[[[73.875458,18.5141971],[73.8755987,18.5140998],[73.8759304,18.5145308],[73.8757897,18.5146281],[73.875458,18.5141971]]]]}},
{"type":"Feature","properties":{"osm_id":"107173249","code":1500,"fclass":"building","name":"","type":""},"geometry":{"type":"MultiPolygon","coordinates":[[[[73.870404,18.5209944],[73.8704088,18.5208931],[73.8707833,18.5209089],[73.8707786,18.5210102],[73.870404,18.5209944]]]]}},
{"type":"Feature","properties":{"osm_id":"107173250","code":1500,"fclass":"building","name":"","type":""},"geometry":{"type":"MultiPolygon","coordinates":[[[[73.8751056,18.5179711],[73.8751427,18.5177979],[73.8753251,18.5177979],[73.8754216,18.5178386],[73.8753936,18.5179258],[73.8751056,18.5179711]]]]}},
{"type":"Feature","properties":{"osm_id":"107173251","code":1500,"fclass":"building","name":"","type":""},"geometry":{"type":"MultiPolygon","coordinates":[[[[73.8746499,18.5185567],[73.8746735,18.518322],[73.8747851,18.5183307],[73.8747679,18.5184855],[73.8749073,18.518444],[73.8749609,18.5185661],[73.8748216,18.5186177],[73.8747143,18.5186177],[73.8746499,18.5185567]]]]}},
{"type":"Feature","properties":{"osm_id":"107173252","code":1500,"fclass":"building","name":"","type":""},"geometry":{"type":"MultiPolygon","coordinates":[[[[73.875181,18.5143602],[73.8752877,18.5142686],[73.8755021,18.5144929],[73.8753954,18.5145845],[73.875181,18.5143602]]]]}},
{"type":"Feature","properties":{"osm_id":"107173253","code":1500,"fclass":"building","name":"","type":""},"geometry":{"type":"MultiPolygon","coordinates":[[[[73.8763326,18.513994],[73.8765212,18.5139219],[73.8765656,18.5140265],[73.876377,18.5140985],[73.8763326,18.513994]]]]}},
{"type":"Feature","properties":{"osm_id":"107173255","code":1500,"fclass":"building","name":"","type":""},"geometry":{"type":"MultiPolygon","coordinates":[[[[73.8699615,18.5209672],[73.8699692,18.5208634],[73.870309,18.5208864],[73.8703013,18.5209901],[73.8699615,18.5209672]]]]}},
{"type":"Feature","properties":{"osm_id":"107173256","code":1500,"fclass":"building","name":"","type":""},"geometry":{"type":"MultiPolygon","coordinates":[[[[73.8729361,18.5267324],[73.8729546,18.5266317],[73.8733413,18.5266955],[73.8733228,18.5267962],[73.8729361,18.5267324]]]]}},
{"type":"Feature","properties":{"osm_id":"107173257","code":1500,"fclass":"building","name":"","type":""},"geometry":{"type":"MultiPolygon","coordinates":[[[[73.8756783,18.5140313],[73.8758532,18.5139301],[73.8761318,18.514363],[73.8759569,18.5144642],[73.8756783,18.5140313]]]]}},
{"type":"Feature","properties":{"osm_id":"107173258","code":1500,"fclass":"building","name":"","type":""},"geometry":{"type":"MultiPolygon","coordinates":[[[[73.8774949,18.5132589],[73.8775707,18.5132562],[73.8775736,18.5133286],[73.8774978,18.5133313],[73.8774949,18.5132589]]]]}},
{"type":"Feature","properties":{"osm_id":"107173259","code":1500,"fclass":"building","name":"","type":""},"geometry":{"type":"MultiPolygon","coordinates":[[[[73.8709538,18.5205862],[73.8710074,18.5202404],[73.8711254,18.5202607],[73.8710611,18.5206066],[73.8709538,18.5205862]]]]}},
{"type":"Feature","properties":{"osm_id":"107173260","code":1500,"fclass":"building","name":"","type":""},"geometry":{"type":"MultiPolygon","coordinates":[[[[73.870917,18.5209828],[73.87097,18.5206542],[73.8710791,18.52067],[73.8710261,18.5209986],[73.870917,18.5209828]]]]}},
{"type":"Feature","properties":{"osm_id":"107173261","code":1500,"fclass":"building","name":"","type":""},"geometry":{"type":"MultiPolygon","coordinates":[[[[73.8708098,18.5204817],[73.8708369,18.520146],[73.8709484,18.5201537],[73.8709217,18.5204914],[73.8708098,18.5204817]]]]}},
{"type":"Feature","properties":{"osm_id":"107670068","code":1500,"fclass":"building","name":"Chouhan Park","type":""},"geometry":{"type":"MultiPolygon","coordinates":[[[[73.9158438,18.5547549],[73.9159779,18.5547498],[73.915981,18.5549241],[73.9158491,18.5549227],[73.9158438,18.5547549]]]]}},
{"type":"Feature","properties":{"osm_id":"107670070","code":1500,"fclass":"building","name":"Wellworth Classic","type":""},"geometry":{"type":"MultiPolygon","coordinates":[[[[73.9154892,18.5547603],[73.9158009,18.55476],[73.9158043,18.5549241],[73.9154951,18.5549227],[73.9154892,18.5547603]]]]}},
{"type":"Feature","properties":{"osm_id":"108033110","code":1500,"fclass":"building","name":"","type":"train_station"},"geometry":{"type":"MultiPolygon","coordinates":[[[[73.8736286,18.5289521],[73.8736329,18.5288026],[73.8738018,18.5288095],[73.8738047,18.5287467],[73.8739958,18.5287547],[73.8739929,18.5288181],[73.8743128,18.5288315],[73.8743163,18.5287574],[73.8743879,18.5287604],[73.8743929,18.5286526],[73.8744871,18.5286565],[73.8744825,18.5287575],[73.8745595,18.5287607],[73.8745561,18.5288351],[73.8748522,18.5288473],[73.8748549,18.5287888],[73.8750582,18.5287972],[73.8750484,18.5290111],[73.8739322,18.5289652],[73.8738369,18.5289611],[73.8737893,18.5289589],[73.8736286,18.5289521]]]]}},
{"type":"Feature","properties":{"osm_id":"108034253","code":1500,"fclass":"building","name":"","type":""},"geometry":{"type":"MultiPolygon","coordinates":[[[[73.8775617,18.5337522],[73.8777029,18.5329818],[73.8779389,18.5331547],[73.8778132,18.5337896],[73.8775617,18.5337522]]]]}},
{"type":"Feature","properties":{"osm_id":"108034256","code":1500,"fclass":"building","name":"Kumar Pavilion","type":""},"geometry":{"type":"MultiPolygon","coordinates":[[[[73.8795567,18.5143098],[73.8795628,18.5141234],[73.8795674,18.513981],[73.879576,18.5137166],[73.879692,18.5137427],[73.8797346,18.5137584],[73.8797678,18.5137846],[73.8797761,18.5138157],[73.8797276,18.514323],[73.8795567,18.5143098]]]]}},
{"type":"Feature","properties":{"osm_id":"108087068","code":1500,"fclass":"building","name":"","type":""},"geometry":{"type":"MultiPolygon","coordinates":[[[[73.8767748,18.5186279],[73.8768499,18.5184651],[73.8769036,18.5185872],[73.8768607,18.5186127],[73.876866,18.5186432],[73.8768231,18.5186584],[73.8767748,18.5186279]]]]}},
{"type":"Feature","properties":{"osm_id":"108087070","code":1500,"fclass":"building","name":"","type":""},"geometry":{"type":"MultiPolygon","coordinates":[[[[73.8783694,18.5320307],[73.8783758,18.5319169],[73.8784833,18.5319224],[73.8784914,18.5317782],[73.8783892,18.531773],[73.8783958,18.5316553],[73.8785154,18.5316613],[73.878522,18.5315432],[73.8783949,18.5315368],[73.8784028,18.5313964],[73.8785047,18.5314016],[73.8785104,18.5313005],[73.8784133,18.5312956],[73.8784218,18.5311433],[73.8785536,18.53115],[73.8785591,18.5310518],[73.878428,18.5310451],[73.8784362,18.530899],[73.878544,18.5309044],[73.8785499,18.5308],[73.8784535,18.5307951],[73.8784614,18.5306541],[73.8788309,18.5306728],[73.8788223,18.5308242],[73.8787087,18.5308184],[73.8787033,18.5309152],[73.8788045,18.5309204],[73.8787976,18.5310443],[73.878617,18.5310352],[73.8786096,18.5311666],[73.8787941,18.531176],[73.8787875,18.5312933],[73.87864,18.5312858],[73.8786313,18.5314394],[73.8787584,18.5314459],[73.8787528,18.5315454],[73.8785776,18.5315365],[73.8785694,18.5316809],[73.8787371,18.5316894],[73.8787304,18.531808],[73.8786156,18.5318022],[73.8786081,18.5319345],[73.8787141,18.5319398],[73.878708,18.5320479],[73.8783694,18.5320307]]]]}},
{"type":"Feature","properties":{"osm_id":"108087074","code":1500,"fclass":"building","name":"","type":"office"},"geometry":{"type":"MultiPolygon","coordinates":[[[[73.8800527,18.5350134],[73.8800612,18.5349873],[73.8800757,18.5349683],[73.8800991,18.5349524],[73.8801246,18.5349452],[73.8801533,18.5349466],[73.8801709,18.5349524],[73.8801719,18.5349531],[73.880816,18.5350029],[73.8807957,18.5351758],[73.880519,18.5351486],[73.8804495,18.5352249],[73.8807392,18.5356623],[73.8805661,18.5357678],[73.8800947,18.5350909],[73.8800771,18.5350796],[73.880064,18.5350639],[73.8800536,18.5350385],[73.8800527,18.5350134]]]]}},
{"type":"Feature","properties":{"osm_id":"108087077","code":1500,"fclass":"building","name":"","type":""},"geometry":{"type":"MultiPolygon","coordinates":[[[[73.8803877,18.518551],[73.8806851,18.5184685],[73.8807134,18.5185603],[73.8804161,18.5186428],[73.8803877,18.518551]]]]}},
{"type":"Feature","properties":{"osm_id":"108087080","code":1500,"fclass":"building","name":"","type":""},"geometry":{"type":"MultiPolygon","coordinates":[[[[73.8802939,18.5183939],[73.8803583,18.5183024],[73.8805085,18.5183685],[73.8804387,18.518455],[73.8804387,18.5185058],[73.8803475,18.5185313],[73.8803368,18.5184194],[73.8802939,18.5183939]]]]}},
{"type":"Feature","properties":{"osm_id":"108087085","code":1500,"fclass":"building","name":"","type":""},"geometry":{"type":"MultiPolygon","coordinates":[[[[73.8770216,18.525744],[73.8770645,18.5256779],[73.8770592,18.5254897],[73.8771128,18.5254897],[73.8771182,18.5254235],[73.8771718,18.5254134],[73.8771664,18.5253676],[73.8773006,18.5253676],[73.8773006,18.5252252],[73.8774347,18.5252099],[73.8774239,18.5251234],[73.8774829,18.5251184],[73.8775366,18.5250929],[73.8775366,18.5250472],[73.8776868,18.5250319],[73.8777619,18.5251234],[73.8777673,18.5253523],[73.8778316,18.5253829],[73.8778853,18.5254744],[73.877896,18.5257135],[73.8779443,18.5257491],[73.8778746,18.5258152],[73.8777673,18.5257186],[73.8778048,18.5256677],[73.8776492,18.5256728],[73.87766,18.525566],[73.8775849,18.5255711],[73.877601,18.5254846],[73.8774454,18.5254948],[73.8774454,18.5255812],[73.8774078,18.5255812],[73.8773327,18.5256931],[73.8772737,18.5256931],[73.8771343,18.5258305],[73.8770216,18.525744]]]]}},
{"type":"Feature","properties":{"osm_id":"108087089","code":1500,"fclass":"building","name":"","type":""},"geometry":{"type":"MultiPolygon","coordinates":[[[[73.8804817,18.5183075],[73.8805138,18.5182413],[73.8808303,18.5181447],[73.8808947,18.5183685],[73.8807633,18.5184153],[73.8807284,18.518282],[73.8805568,18.5183329],[73.8804817,18.5183075]]]]}},
{"type":"Feature","properties":{"osm_id":"108087091","code":1500,"fclass":"building","name":"","type":""},"geometry":{"type":"MultiPolygon","coordinates":[[[[73.8771831,18.5258271],[73.8772351,18.5258271],[73.8773049,18.5257712],[73.8776804,18.525761],[73.8777233,18.5257966],[73.8777286,18.5258373],[73.8777716,18.5258373],[73.8778156,18.5258938],[73.8778174,18.5259211],[73.8777376,18.5259246],[73.8777399,18.525973],[73.8772351,18.525995],[73.8772351,18.5259498],[73.8771831,18.5259498],[73.8771831,18.5258271]]]]}},
{"type":"Feature","properties":{"osm_id":"108093159","code":1500,"fclass":"building","name":"","type":""},"geometry":{"type":"MultiPolygon","coordinates":[[[[73.8753519,18.5278153],[73.8753708,18.5277038],[73.8756877,18.527752],[73.8756689,18.5278635],[73.8753519,18.5278153]]]]}},
{"type":"Feature","properties":{"osm_id":"108093160","code":1500,"fclass":"building","name":"St. Laurn Business Hotel","type":""},"geometry":{"type":"MultiPolygon","coordinates":[[[[73.8856917,18.5386402],[73.885698,18.538513],[73.8860814,18.5385299],[73.8860752,18.5386572],[73.8856917,18.5386402]]]]}},
{"type":"Feature","properties":{"osm_id":"108093161","code":1500,"fclass":"building","name":"","type":""},"geometry":{"type":"MultiPolygon","coordinates":[[[[73.8759381,18.5286738],[73.8760113,18.5283149],[73.8761183,18.5283345],[73.8760451,18.5286934],[73.8759381,18.5286738]]]]}},
{"type":"Feature","properties":{"osm_id":"108093163","code":1500,"fclass":"building","name":"","type":""},"geometry":{"type":"MultiPolygon","coordinates":[[[[73.8726589,18.5288174],[73.8726602,18.5287344],[73.8728031,18.5287363],[73.8728108,18.5283028],[73.8731554,18.5283106],[73.8731371,18.528641],[73.8731352,18.52876],[73.8729678,18.5287562],[73.8729645,18.5288855],[73.8728439,18.5288828],[73.8728003,18.5288818],[73.8728019,18.5288194],[73.8726589,18.5288174]]]]}},
{"type":"Feature","properties":{"osm_id":"108093164","code":1500,"fclass":"building","name":"","type":""},"geometry":{"type":"MultiPolygon","coordinates":[[[[73.9101731,18.544413],[73.9107366,18.544308],[73.910828,18.5447486],[73.9102644,18.5448535],[73.9101731,18.544413]]]]}},
{"type":"Feature","properties":{"osm_id":"108093166","code":1500,"fclass":"building","name":"","type":""},"geometry":{"type":"MultiPolygon","coordinates":[[[[73.8869513,18.5397743],[73.8869628,18.5395692],[73.8871616,18.5395792],[73.8871501,18.5397843],[73.8869513,18.5397743]]]]}},
{"type":"Feature","properties":{"osm_id":"108093167","code":1500,"fclass":"building","name":"Agni Solar Systems Pvt Ltd","type":"commercial"},"geometry":{"type":"MultiPolygon","coordinates":[[[[73.9069537,18.5382492],[73.9071582,18.5382116],[73.9072204,18.538516],[73.907016,18.5385536],[73.9069537,18.5382492]]]]}},
{"type":"Feature","properties":{"osm_id":"108093172","code":1500,"fclass":"building","name":"","type":""},"geometry":{"type":"MultiPolygon","coordinates":[[[[73.9109874,18.5442838],[73.9115795,18.5441658],[73.9116667,18.5447792],[73.9111256,18.5449074],[73.9109874,18.5442838]]]]}},
{"type":"Feature","properties":{"osm_id":"108093176","code":1500,"fclass":"building","name":"","type":""},"geometry":{"type":"MultiPolygon","coordinates":[[[[73.8864412,18.5372952],[73.8864428,18.5371587],[73.8865784,18.5371601],[73.8865793,18.5370809],[73.887173,18.5370873],[73.8871696,18.5373698],[73.8865732,18.5373634],[73.886574,18.5372966],[73.8864412,18.5372952]]]]}},
{"type":"Feature","properties":{"osm_id":"108093177","code":1500,"fclass":"building","name":"","type":""},"geometry":{"type":"MultiPolygon","coordinates":[[[[73.8745386,18.5317295],[73.8746339,18.5313198],[73.8747731,18.531349],[73.8746777,18.5317586],[73.8745386,18.5317295]]]]}},
{"type":"Feature","properties":{"osm_id":"108093178","code":1500,"fclass":"building","name":"","type":"hotel"},"geometry":{"type":"MultiPolygon","coordinates":[[[[73.88599,18.5382309],[73.8859917,18.5381496],[73.8861275,18.538152],[73.886129,18.538081],[73.8866891,18.5380912],[73.886685,18.5382979],[73.886121,18.5382876],[73.886122,18.5382333],[73.88599,18.5382309]]]]}},
{"type":"Feature","properties":{"osm_id":"108093179","code":1500,"fclass":"building","name":"","type":""},"geometry":{"type":"MultiPolygon","coordinates":[[[[73.9092802,18.5445771],[73.909871,18.5444612],[73.9100105,18.5451008],[73.9094197,18.5452167],[73.9092802,18.5445771]]]]}},
{"type":"Feature","properties":{"osm_id":"108093183","code":1500,"fclass":"building","name":"The O Hotel","type":""},"geometry":{"type":"MultiPolygon","coordinates":[[[[73.8876481,18.5397024],[73.8878371,18.5397052],[73.8878531,18.5402822],[73.8876565,18.5402847],[73.8876481,18.5397024]]]]}},
{"type":"Feature","properties":{"osm_id":"108093184","code":1500,"fclass":"building","name":"","type":""},"geometry":{"type":"MultiPolygon","coordinates":[[[[73.8860827,18.5346697],[73.8860912,18.5344471],[73.8861737,18.5344499],[73.8861709,18.5345237],[73.8862889,18.5345277],[73.8862915,18.534462],[73.8863205,18.534463],[73.8863122,18.5346776],[73.8860827,18.5346697]]]]}},
{"type":"Feature","properties":{"osm_id":"108093186","code":1500,"fclass":"building","name":"Ora Regenesis Spa","type":"retail"},"geometry":{"type":"MultiPolygon","coordinates":[[[[73.9056099,18.5544068],[73.9056531,18.554091],[73.90594,18.5541035],[73.9059437,18.5544684],[73.9056099,18.5544068]]]]}},
{"type":"Feature","properties":{"osm_id":"108096019","code":1500,"fclass":"building","name":"","type":""},"geometry":{"type":"MultiPolygon","coordinates":[[[[73.890412,18.519384],[73.8905206,18.5193592],[73.8905641,18.5195304],[73.8904554,18.5195552],[73.890412,18.519384]]]]}},
{"type":"Feature","properties":{"osm_id":"108096022","code":1500,"fclass":"building","name":"","type":"school"},"geometry":{"type":"MultiPolygon","coordinates":[[[[73.8916617,18.5173723],[73.8917411,18.5173573],[73.8918191,18.5177268],[73.8917396,18.5177419],[73.8916617,18.5173723]]]]}},
{"type":"Feature","properties":{"osm_id":"108098231","code":1500,"fclass":"building","name":"","type":""},"geometry":{"type":"MultiPolygon","coordinates":[[[[73.8697552,18.5248579],[73.8699173,18.5247818],[73.8699781,18.524898],[73.8698159,18.5249742],[73.8697552,18.5248579]]]]}},
{"type":"Feature","properties":{"osm_id":"108098235","code":1500,"fclass":"building","name":"","type":""},"geometry":{"type":"MultiPolygon","coordinates":[[[[73.8714844,18.5284385],[73.8714852,18.5283614],[73.8719345,18.5283658],[73.8719337,18.5284429],[73.8714844,18.5284385]]]]}},
{"type":"Feature","properties":{"osm_id":"108098237","code":1500,"fclass":"building","name":"","type":""},"geometry":{"type":"MultiPolygon","coordinates":[[[[73.8703921,18.5252517],[73.8704845,18.5252464],[73.8704662,18.5249555],[73.8704345,18.5249573],[73.870429,18.5248703],[73.8706194,18.5248595],[73.8706238,18.524929],[73.8705921,18.5249308],[73.8706091,18.5251992],[73.8708308,18.5251866],[73.8708396,18.5253258],[73.8706069,18.5253391],[73.870627,18.5256573],[73.8706769,18.5256545],[73.8706835,18.5257582],[73.8704399,18.5257721],[73.8704322,18.5256502],[73.8705119,18.5256456],[73.870492,18.5253304],[73.8703974,18.5253358],[73.8703921,18.5252517]]]]}},
{"type":"Feature","properties":{"osm_id":"108098238","code":1500,"fclass":"building","name":"Pune Railway Station MSRTC Bus Stand","type":""},"geometry":{"type":"MultiPolygon","coordinates":[[[[73.8722056,18.5280029],[73.8722828,18.5278211],[73.8725811,18.527954],[73.8725624,18.5281742],[73.8724132,18.5281629],[73.8724199,18.5280846],[73.8722056,18.5280029]]]]}},
{"type":"Feature","properties":{"osm_id":"108098239","code":1500,"fclass":"building","name":"","type":""},"geometry":{"type":"MultiPolygon","coordinates":[[[[73.8765594,18.5222273],[73.8767041,18.5221513],[73.87668,18.5221101],[73.8767926,18.522051],[73.8768269,18.5221097],[73.8767631,18.5221431],[73.8768003,18.5222066],[73.8768244,18.5221939],[73.8768724,18.5222762],[73.8767921,18.5223184],[73.8767381,18.5222258],[73.8766864,18.522253],[73.8766997,18.5222758],[73.8766264,18.5223142],[73.8765914,18.5222542],[73.876579,18.5222608],[73.8765594,18.5222273]]]]}},
{"type":"Feature","properties":{"osm_id":"108098240","code":1500,"fclass":"building","name":"","type":""},"geometry":{"type":"MultiPolygon","coordinates":[[[[73.8661973,18.5248382],[73.8662014,18.5246349],[73.8664129,18.5246387],[73.8664089,18.524842],[73.8661973,18.5248382]]]]}},
{"type":"Feature","properties":{"osm_id":"108098242","code":1500,"fclass":"building","name":"","type":""},"geometry":{"type":"MultiPolygon","coordinates":[[[[73.8660462,18.5257953],[73.866073,18.5257648],[73.8663037,18.5257393],[73.8663895,18.5257139],[73.8664485,18.5258512],[73.8661535,18.5259784],[73.8660462,18.5257953]]]]}},
{"type":"Feature","properties":{"osm_id":"108098243","code":1500,"fclass":"building","name":"","type":""},"geometry":{"type":"MultiPolygon","coordinates":[[[[73.8691544,18.5250962],[73.8692398,18.5250507],[73.8692832,18.5251242],[73.8696619,18.5249228],[73.8696358,18.5248787],[73.869698,18.5248456],[73.8697802,18.5249846],[73.8696095,18.5250753],[73.8696672,18.5251729],[73.8695236,18.5252492],[73.8694634,18.5251475],[73.8692514,18.5252602],[73.8691544,18.5250962]]]]}},
{"type":"Feature","properties":{"osm_id":"108098246","code":1500,"fclass":"building","name":"Gurudwara Guru Nanak Darbar, Pune Camp","type":""},"geometry":{"type":"MultiPolygon","coordinates":[[[[73.8856092,18.5128149],[73.8856134,18.5124461],[73.8859728,18.5124498],[73.8859686,18.5128186],[73.8856092,18.5128149]]]]}},
{"type":"Feature","properties":{"osm_id":"108098248","code":1500,"fclass":"building","name":"","type":""},"geometry":{"type":"MultiPolygon","coordinates":[[[[73.8719551,18.528426],[73.8719592,18.528316],[73.8720188,18.528318],[73.8720199,18.5282873],[73.8724087,18.5283004],[73.8724034,18.5284411],[73.8719551,18.528426]]]]}},
{"type":"Feature","properties":{"osm_id":"108098249","code":1500,"fclass":"building","name":"","type":""},"geometry":{"type":"MultiPolygon","coordinates":[[[[73.8747429,18.5189696],[73.8748567,18.5189251],[73.8749224,18.5190764],[73.8748086,18.5191208],[73.8747429,18.5189696]]]]}},
{"type":"Feature","properties":{"osm_id":"108098250","code":1500,"fclass":"building","name":"","type":""},"geometry":{"type":"MultiPolygon","coordinates":[[[[73.8698147,18.5251518],[73.8702358,18.5251441],[73.8702383,18.5252686],[73.8698173,18.5252763],[73.8698147,18.5251518]]]]}},
{"type":"Feature","properties":{"osm_id":"108098251","code":1500,"fclass":"building","name":"","type":""},"geometry":{"type":"MultiPolygon","coordinates":[[[[73.873025,18.5200003],[73.8732462,18.519935],[73.8732809,18.5200407],[73.8730595,18.5201059],[73.873025,18.5200003]]]]}},
{"type":"Feature","properties":{"osm_id":"108098253","code":1500,"fclass":"building","name":"","type":""},"geometry":{"type":"MultiPolygon","coordinates":[[[[73.8793705,18.5168132],[73.8793721,18.5165792],[73.8795356,18.5165802],[73.8795339,18.5168142],[73.8793705,18.5168132]]]]}},
{"type":"Feature","properties":{"osm_id":"108098254","code":1500,"fclass":"building","name":"","type":""},"geometry":{"type":"MultiPolygon","coordinates":[[[[73.879888,18.5183646],[73.8802091,18.5182504],[73.88033,18.5185562],[73.8800089,18.5186704],[73.879888,18.5183646]]]]}},
{"type":"Feature","properties":{"osm_id":"108098255","code":1500,"fclass":"building","name":"","type":""},"geometry":{"type":"MultiPolygon","coordinates":[[[[73.8757015,18.5278697],[73.8757235,18.5277332],[73.8760179,18.5277758],[73.8759959,18.5279123],[73.8757015,18.5278697]]]]}},
{"type":"Feature","properties":{"osm_id":"108098256","code":1500,"fclass":"building","name":"","type":""},"geometry":{"type":"MultiPolygon","coordinates":[[[[73.8789915,18.5173573],[73.8791107,18.5173575],[73.8792039,18.5173522],[73.8792049,18.517494],[73.8790067,18.5175125],[73.8789915,18.5173573]]]]}},
{"type":"Feature","properties":{"osm_id":"108098258","code":1500,"fclass":"building","name":"","type":""},"geometry":{"type":"MultiPolygon","coordinates":[[[[73.8774945,18.5179877],[73.8775646,18.5179658],[73.877681,18.5183009],[73.8776109,18.5183228],[73.8774945,18.5179877]]]]}},
{"type":"Feature","properties":{"osm_id":"108098259","code":1500,"fclass":"building","name":"","type":""},"geometry":{"type":"MultiPolygon","coordinates":[[[[73.8708956,18.5249306],[73.8709761,18.524839],[73.8712551,18.5250628],[73.8710863,18.5252983],[73.87096,18.5252053],[73.8710298,18.5251188],[73.8710351,18.5250476],[73.8708956,18.5249306]]]]}},
{"type":"Feature","properties":{"osm_id":"108098260","code":1500,"fclass":"building","name":"","type":""},"geometry":{"type":"MultiPolygon","coordinates":[[[[73.8771759,18.5206549],[73.8776358,18.520501],[73.8776728,18.5206004],[73.877349,18.5207088],[73.8775375,18.5212151],[73.8774014,18.5212606],[73.8771759,18.5206549]]]]}},
{"type":"Feature","properties":{"osm_id":"108098261","code":1500,"fclass":"building","name":"","type":""},"geometry":{"type":"MultiPolygon","coordinates":[[[[73.8731875,18.5191769],[73.8734807,18.5191201],[73.8735254,18.5193273],[73.8732321,18.5193841],[73.8731875,18.5191769]]]]}},
{"type":"Feature","properties":{"osm_id":"108098262","code":1500,"fclass":"building","name":"","type":""},"geometry":{"type":"MultiPolygon","coordinates":[[[[73.8705819,18.5284426],[73.8705876,18.5283153],[73.8713329,18.5283454],[73.8713272,18.5284728],[73.8705819,18.5284426]]]]}},
{"type":"Feature","properties":{"osm_id":"108098263","code":1500,"fclass":"building","name":"Hotel Ashirwad","type":""},"geometry":{"type":"MultiPolygon","coordinates":[[[[73.8764591,18.5282872],[73.8764773,18.5281622],[73.8767933,18.5282034],[73.8767752,18.5283285],[73.8764591,18.5282872]]]]}},
{"type":"Feature","properties":{"osm_id":"108098264","code":1500,"fclass":"building","name":"","type":""},"geometry":{"type":"MultiPolygon","coordinates":[[[[73.8777114,18.515839],[73.8779754,18.5157746],[73.8780438,18.5160268],[73.8780223,18.5160321],[73.8777798,18.5160912],[73.8777114,18.515839]]]]}},
{"type":"Feature","properties":{"osm_id":"108098265","code":1500,"fclass":"building","name":"","type":""},"geometry":{"type":"MultiPolygon","coordinates":[[[[73.8789118,18.5154155],[73.8792262,18.5153729],[73.8792375,18.5154483],[73.8789231,18.5154909],[73.8789118,18.5154155]]]]}},
{"type":"Feature","properties":{"osm_id":"108098266","code":1500,"fclass":"building","name":"","type":""},"geometry":{"type":"MultiPolygon","coordinates":[[[[73.8773645,18.5201824],[73.8776383,18.5200789],[73.8777035,18.5202337],[73.8774296,18.5203372],[73.8773645,18.5201824]]]]}},
{"type":"Feature","properties":{"osm_id":"108098267","code":1500,"fclass":"building","name":"","type":""},"geometry":{"type":"MultiPolygon","coordinates":[[[[73.8711678,18.525327],[73.8713246,18.5251633],[73.8716749,18.5254648],[73.8715182,18.5256285],[73.8711678,18.525327]]]]}},
{"type":"Feature","properties":{"osm_id":"108098268","code":1500,"fclass":"building","name":"","type":""},"geometry":{"type":"MultiPolygon","coordinates":[[[[73.8771063,18.5202328],[73.8771741,18.5202089],[73.877141,18.5201243],[73.877255,18.5200841],[73.8774083,18.5204753],[73.8772264,18.5205393],[73.8771063,18.5202328]]]]}},
{"type":"Feature","properties":{"osm_id":"108098269","code":1500,"fclass":"building","name":"Lloyd's Chamber","type":""},"geometry":{"type":"MultiPolygon","coordinates":[[[[73.8664673,18.5253575],[73.866634,18.5253428],[73.8666321,18.5253243],[73.8668704,18.5253032],[73.8668831,18.5254336],[73.8667331,18.5254468],[73.8667363,18.5254798],[73.8666653,18.5254861],[73.8666714,18.5255474],[73.8666112,18.5255527],[73.8666059,18.5254983],[73.8664822,18.5255092],[73.8664673,18.5253575]]]]}},
{"type":"Feature","properties":{"osm_id":"108098270","code":1500,"fclass":"building","name":"","type":""},"geometry":{"type":"MultiPolygon","coordinates":[[[[73.8703099,18.5271619],[73.8703717,18.5270307],[73.8707938,18.5272092],[73.8712371,18.5273968],[73.8712121,18.5274498],[73.8712521,18.5274668],[73.8711833,18.5276131],[73.8706697,18.5273958],[73.8707017,18.5273277],[73.8703099,18.5271619]]]]}},
{"type":"Feature","properties":{"osm_id":"108099064","code":1500,"fclass":"building","name":"","type":""},"geometry":{"type":"MultiPolygon","coordinates":[[[[73.8749202,18.5391648],[73.8749799,18.5388136],[73.8753577,18.5388713],[73.875298,18.5392226],[73.8749202,18.5391648]]]]}},
{"type":"Feature","properties":{"osm_id":"108099066","code":1500,"fclass":"building","name":"","type":""},"geometry":{"type":"MultiPolygon","coordinates":[[[[73.8654013,18.5240872],[73.8654156,18.5239093],[73.8656514,18.5239262],[73.8656371,18.5241041],[73.8654013,18.5240872]]]]}},
{"type":"Feature","properties":{"osm_id":"108099069","code":1500,"fclass":"building","name":"","type":""},"geometry":{"type":"MultiPolygon","coordinates":[[[[73.8740375,18.5340532],[73.8740871,18.5338464],[73.8742579,18.5338833],[73.8742082,18.5340901],[73.8740375,18.5340532]]]]}},
{"type":"Feature","properties":{"osm_id":"108099071","code":1500,"fclass":"building","name":"","type":""},"geometry":{"type":"MultiPolygon","coordinates":[[[[73.8758275,18.5393747],[73.8758674,18.5391024],[73.8759858,18.539118],[73.8759459,18.5393903],[73.8758275,18.5393747]]]]}},
{"type":"Feature","properties":{"osm_id":"108099073","code":1500,"fclass":"building","name":"","type":""},"geometry":{"type":"MultiPolygon","coordinates":[[[[73.8786655,18.5392733],[73.8786918,18.5390851],[73.8789295,18.5391148],[73.8789032,18.539303],[73.8786655,18.5392733]]]]}},
{"type":"Feature","properties":{"osm_id":"108099077","code":1500,"fclass":"building","name":"","type":""},"geometry":{"type":"MultiPolygon","coordinates":[[[[73.8783124,18.5392155],[73.878338,18.539032],[73.8785707,18.5390612],[73.8785452,18.5392447],[73.8783124,18.5392155]]]]}},
{"type":"Feature","properties":{"osm_id":"108099081","code":1500,"fclass":"building","name":"","type":""},"geometry":{"type":"MultiPolygon","coordinates":[[[[73.8648382,18.5252039],[73.8649022,18.5251403],[73.8650793,18.5253008],[73.8650152,18.5253643],[73.8648382,18.5252039]]]]}},
{"type":"Feature","properties":{"osm_id":"108099083","code":1500,"fclass":"building","name":"","type":""},"geometry":{"type":"MultiPolygon","coordinates":[[[[73.8748747,18.5373369],[73.8749286,18.5371007],[73.8749747,18.5371101],[73.8749939,18.5370259],[73.874927,18.5370121],[73.8750301,18.5365607],[73.8752873,18.5366135],[73.875111,18.5373854],[73.8748747,18.5373369]]]]}},
{"type":"Feature","properties":{"osm_id":"108099084","code":1500,"fclass":"building","name":"","type":""},"geometry":{"type":"MultiPolygon","coordinates":[[[[73.87341,18.5326865],[73.8734422,18.5325696],[73.8740108,18.5326916],[73.8739947,18.5328086],[73.8736995,18.5327469],[73.8736936,18.5327725],[73.8736178,18.5327566],[73.8736237,18.5327311],[73.87341,18.5326865]]]]}},
{"type":"Feature","properties":{"osm_id":"108099085","code":1500,"fclass":"building","name":"","type":""},"geometry":{"type":"MultiPolygon","coordinates":[[[[73.8761082,18.5388986],[73.8761359,18.5387083],[73.8764019,18.5387431],[73.8763742,18.5389334],[73.8761082,18.5388986]]]]}},
{"type":"Feature","properties":{"osm_id":"108099088","code":1500,"fclass":"building","name":"","type":""},"geometry":{"type":"MultiPolygon","coordinates":[[[[73.8790025,18.5404474],[73.8790505,18.5401018],[73.8791747,18.5401173],[73.8791267,18.5404629],[73.8790025,18.5404474]]]]}},
{"type":"Feature","properties":{"osm_id":"108099089","code":1500,"fclass":"building","name":"","type":""},"geometry":{"type":"MultiPolygon","coordinates":[[[[73.8742082,18.5357253],[73.8742943,18.5352984],[73.8744604,18.5353285],[73.8743743,18.5357554],[73.8742082,18.5357253]]]]}},
{"type":"Feature","properties":{"osm_id":"108099092","code":1500,"fclass":"building","name":"","type":""},"geometry":{"type":"MultiPolygon","coordinates":[[[[73.8757673,18.5397149],[73.8758071,18.5394438],[73.8759243,18.5394593],[73.8758845,18.5397304],[73.8757673,18.5397149]]]]}},
{"type":"Feature","properties":{"osm_id":"108099336","code":1500,"fclass":"building","name":"Vikrikar Bhavan","type":"Goverment_Office"},"geometry":{"type":"MultiPolygon","coordinates":[[[[73.890478,18.5538449],[73.8910735,18.5537],[73.891221,18.5542645],[73.8906416,18.5544069],[73.890478,18.5538449]]]]}},
{"type":"Feature","properties":{"osm_id":"108099338","code":1500,"fclass":"building","name":"","type":""},"geometry":{"type":"MultiPolygon","coordinates":[[[[73.8926624,18.5527354],[73.8929777,18.5527189],[73.893063,18.5541846],[73.8927382,18.5542016],[73.8927275,18.554017],[73.8927387,18.5539316],[73.8927346,18.5538635],[73.8927247,18.553806],[73.8926624,18.5527354]]]]}},
{"type":"Feature","properties":{"osm_id":"108099339","code":1500,"fclass":"building","name":"Don Bosco Church","type":""},"geometry":{"type":"MultiPolygon","coordinates":[[[[73.8931722,18.5527845],[73.8933015,18.55278],[73.8933083,18.5529603],[73.8933778,18.5529579],[73.8933857,18.5531648],[73.8932063,18.5531709],[73.8932023,18.5530654],[73.8931829,18.5530661],[73.8931722,18.5527845]]]]}},
{"type":"Feature","properties":{"osm_id":"108099340","code":1500,"fclass":"building","name":"IBM","type":"office"},"geometry":{"type":"MultiPolygon","coordinates":[[[[73.8912873,18.5531691],[73.8914351,18.5531617],[73.8914153,18.5528067],[73.8923464,18.55276],[73.8923593,18.5529913],[73.8916421,18.5530272],[73.8916689,18.5535088],[73.8913072,18.5535269],[73.8912873,18.5531691]]]]}},
{"type":"Feature","properties":{"osm_id":"108099341","code":1500,"fclass":"building","name":"Rajiv Gandhi Hospital","type":""},"geometry":{"type":"MultiPolygon","coordinates":[[[[73.8835522,18.5456989],[73.8836388,18.545373],[73.883976,18.5454536],[73.8838894,18.5457795],[73.8835522,18.5456989]]]]}},
{"type":"Feature","properties":{"osm_id":"108099342","code":1500,"fclass":"building","name":"","type":""},"geometry":{"type":"MultiPolygon","coordinates":[[[[73.8925549,18.5515516],[73.8926634,18.5512998],[73.8928509,18.5513724],[73.8927425,18.5516242],[73.8925549,18.5515516]]]]}},
{"type":"Feature","properties":{"osm_id":"108227534","code":1500,"fclass":"building","name":"","type":""},"geometry":{"type":"MultiPolygon","coordinates":[[[[73.8782874,18.5205764],[73.8783518,18.5205408],[73.8783893,18.5205967],[73.8784323,18.5205814],[73.8784859,18.5206527],[73.878443,18.5206832],[73.8784859,18.5207493],[73.878443,18.5207697],[73.8784108,18.5207188],[73.8783786,18.520734],[73.8783303,18.5207239],[73.8783089,18.5206781],[73.878325,18.5206323],[73.8782874,18.5205764]]]]}},
{"type":"Feature","properties":{"osm_id":"108227536","code":1500,"fclass":"building","name":"","type":""},"geometry":{"type":"MultiPolygon","coordinates":[[[[73.8778298,18.5191116],[73.878191,18.5189827],[73.8783249,18.51932],[73.8781739,18.5193739],[73.8782082,18.5194604],[73.8783325,18.519416],[73.8783705,18.5195117],[73.878026,18.5196347],[73.8779904,18.519545],[73.8781681,18.5194816],[73.8781273,18.5193786],[73.8779596,18.5194385],[73.8778298,18.5191116]]]]}},
{"type":"Feature","properties":{"osm_id":"108227537","code":1500,"fclass":"building","name":"","type":""},"geometry":{"type":"MultiPolygon","coordinates":[[[[73.8783211,18.5191627],[73.8785164,18.5190753],[73.8784894,18.519021],[73.8785652,18.5189871],[73.8785937,18.5190442],[73.8787785,18.5189614],[73.8788536,18.5191124],[73.8783976,18.5193165],[73.8783211,18.5191627]]]]}},
{"type":"Feature","properties":{"osm_id":"108227538","code":1500,"fclass":"building","name":"","type":""},"geometry":{"type":"MultiPolygon","coordinates":[[[[73.8786473,18.5196457],[73.8790064,18.5194998],[73.8791099,18.5197288],[73.8787508,18.5198747],[73.8786473,18.5196457]]]]}},
{"type":"Feature","properties":{"osm_id":"108227540","code":1500,"fclass":"building","name":"","type":""},"geometry":{"type":"MultiPolygon","coordinates":[[[[73.8780499,18.5198316],[73.8784072,18.519697],[73.8784543,18.5198094],[73.8782012,18.5199048],[73.8783156,18.5201779],[73.8782114,18.5202172],[73.8780499,18.5198316]]]]}},
{"type":"Feature","properties":{"osm_id":"108227541","code":1500,"fclass":"building","name":"","type":""},"geometry":{"type":"MultiPolygon","coordinates":[[[[73.8789135,18.5187344],[73.879133,18.518643],[73.879273,18.5189451],[73.8791486,18.5189969],[73.8791303,18.5189572],[73.8790351,18.5189969],[73.8789135,18.5187344]]]]}},
{"type":"Feature","properties":{"osm_id":"108227542","code":1500,"fclass":"building","name":"Sri Sri RadhaKunjbihari Temple","type":""},"geometry":{"type":"MultiPolygon","coordinates":[[[[73.8790256,18.5201369],[73.8791626,18.5200762],[73.8793103,18.5203759],[73.8791734,18.5204366],[73.8790256,18.5201369]]]]}},
{"type":"Feature","properties":{"osm_id":"108228393","code":1500,"fclass":"building","name":"","type":""},"geometry":{"type":"MultiPolygon","coordinates":[[[[73.8789602,18.5164019],[73.8792653,18.5163987],[73.8792672,18.5165588],[73.8789621,18.516562],[73.8789602,18.5164019]]]]}},
{"type":"Feature","properties":{"osm_id":"108228394","code":1500,"fclass":"building","name":"","type":""},"geometry":{"type":"MultiPolygon","coordinates":[[[[73.8799151,18.5215604],[73.8800931,18.5214802],[73.8801647,18.5216221],[73.8799857,18.5217025],[73.8799151,18.5215604]]]]}},
{"type":"Feature","properties":{"osm_id":"108228395","code":1500,"fclass":"building","name":"Wonderland","type":""},"geometry":{"type":"MultiPolygon","coordinates":[[[[73.878941,18.5163374],[73.8789522,18.5161266],[73.8795398,18.5161303],[73.8795415,18.5162144],[73.879544,18.5163353],[73.8794174,18.5163366],[73.8794172,18.5163158],[73.8792911,18.516317],[73.8792914,18.5163368],[73.8792137,18.5163376],[73.8792134,18.5163032],[73.8790608,18.5163047],[73.8790611,18.5163363],[73.878941,18.5163374]]]]}},
{"type":"Feature","properties":{"osm_id":"108228397","code":1500,"fclass":"building","name":"Bank House","type":""},"geometry":{"type":"MultiPolygon","coordinates":[[[[73.8820449,18.5195871],[73.8822081,18.5195085],[73.8822492,18.5195853],[73.8821768,18.5196201],[73.8822215,18.5197035],[73.8821494,18.5197382],[73.8821194,18.5196823],[73.8821007,18.5196913],[73.8820449,18.5195871]]]]}},
{"type":"Feature","properties":{"osm_id":"108228398","code":1500,"fclass":"building","name":"","type":""},"geometry":{"type":"MultiPolygon","coordinates":[[[[73.8789621,18.516562],[73.8792672,18.5165588],[73.8792693,18.516666],[73.878973,18.5166843],[73.8789621,18.516562]]]]}},
{"type":"Feature","properties":{"osm_id":"108228399","code":1500,"fclass":"building","name":"","type":""},"geometry":{"type":"MultiPolygon","coordinates":[[[[73.8736776,18.5203492],[73.8738589,18.5202877],[73.8738986,18.5203928],[73.8737172,18.5204543],[73.8736776,18.5203492]]]]}},
{"type":"Feature","properties":{"osm_id":"108228400","code":1500,"fclass":"building","name":"","type":""},"geometry":{"type":"MultiPolygon","coordinates":[[[[73.8823968,18.5226013],[73.882605,18.5225077],[73.8826523,18.5226023],[73.8825549,18.522646],[73.8826022,18.5227406],[73.8824913,18.5227904],[73.8823968,18.5226013]]]]}},
{"type":"Feature","properties":{"osm_id":"108228402","code":1500,"fclass":"building","name":"","type":""},"geometry":{"type":"MultiPolygon","coordinates":[[[[73.8920093,18.5189934],[73.8920549,18.5189866],[73.8920745,18.5191048],[73.8920289,18.5191115],[73.8920093,18.5189934]]]]}},
{"type":"Feature","properties":{"osm_id":"108228403","code":1500,"fclass":"building","name":"","type":""},"geometry":{"type":"MultiPolygon","coordinates":[[[[73.878973,18.5166843],[73.8792693,18.516666],[73.8792812,18.516839],[73.8789849,18.5168574],[73.878973,18.5166843]]]]}},
{"type":"Feature","properties":{"osm_id":"108228404","code":1500,"fclass":"building","name":"","type":""},"geometry":{"type":"MultiPolygon","coordinates":[[[[73.8804096,18.5222259],[73.8804618,18.5221972],[73.8805237,18.5222983],[73.8805988,18.5222569],[73.8806207,18.5222927],[73.8804934,18.5223628],[73.8804096,18.5222259]]]]}},
{"type":"Feature","properties":{"osm_id":"108228405","code":1500,"fclass":"building","name":"","type":""},"geometry":{"type":"MultiPolygon","coordinates":[[[[73.8797298,18.5217851],[73.8799066,18.5217083],[73.8799435,18.5217848],[73.8797667,18.5218616],[73.8797298,18.5217851]]]]}},
{"type":"Feature","properties":{"osm_id":"108228406","code":1500,"fclass":"building","name":"","type":""},"geometry":{"type":"MultiPolygon","coordinates":[[[[73.8814576,18.5235023],[73.8818358,18.5234212],[73.881871,18.5235686],[73.8814928,18.5236497],[73.8814576,18.5235023]]]]}},
{"type":"Feature","properties":{"osm_id":"108228407","code":1500,"fclass":"building","name":"","type":""},"geometry":{"type":"MultiPolygon","coordinates":[[[[73.8734817,18.5204571],[73.8735229,18.5204458],[73.8734988,18.5203668],[73.8736316,18.5203302],[73.8736762,18.5204761],[73.8736194,18.5204918],[73.8736431,18.5205695],[73.8735966,18.5205824],[73.8736204,18.5206605],[73.8735499,18.5206799],[73.8734817,18.5204571]]]]}},
{"type":"Feature","properties":{"osm_id":"108228410","code":1500,"fclass":"building","name":"","type":""},"geometry":{"type":"MultiPolygon","coordinates":[[[[73.8782789,18.5150814],[73.8785495,18.5150691],[73.8785519,18.5151171],[73.878664,18.5151119],[73.8786761,18.5153503],[73.8782935,18.5153677],[73.8782789,18.5150814]]]]}},
{"type":"Feature","properties":{"osm_id":"108228412","code":1500,"fclass":"building","name":"","type":""},"geometry":{"type":"MultiPolygon","coordinates":[[[[73.8822723,18.5233474],[73.882368,18.5233259],[73.8823849,18.5233938],[73.8826184,18.5233415],[73.8826444,18.523446],[73.8823154,18.5235197],[73.8823047,18.5234745],[73.8822723,18.5233474]]]]}},
{"type":"Feature","properties":{"osm_id":"108228413","code":1500,"fclass":"building","name":"","type":""},"geometry":{"type":"MultiPolygon","coordinates":[[[[73.8800638,18.5175543],[73.8800916,18.5173472],[73.8802728,18.5173691],[73.8802449,18.5175762],[73.8800638,18.5175543]]]]}},
{"type":"Feature","properties":{"osm_id":"108228414","code":1500,"fclass":"building","name":"","type":""},"geometry":{"type":"MultiPolygon","coordinates":[[[[73.8804836,18.5141303],[73.8805183,18.5140132],[73.8807023,18.5140621],[73.8806244,18.5143256],[73.8805017,18.514293],[73.880545,18.5141466],[73.8804836,18.5141303]]]]}},
{"type":"Feature","properties":{"osm_id":"108228415","code":1500,"fclass":"building","name":"","type":""},"geometry":{"type":"MultiPolygon","coordinates":[[[[73.8790142,18.5172016],[73.8792525,18.5171897],[73.8792569,18.5172687],[73.8791961,18.5172718],[73.8791976,18.5172992],[73.8790201,18.517308],[73.8790142,18.5172016]]]]}},
{"type":"Feature","properties":{"osm_id":"108228416","code":1500,"fclass":"building","name":"","type":""},"geometry":{"type":"MultiPolygon","coordinates":[[[[73.8801834,18.522725],[73.8804527,18.5225947],[73.8805124,18.5227055],[73.8803621,18.5227782],[73.8804052,18.5228582],[73.8805517,18.5227874],[73.880601,18.5228791],[73.8803354,18.5230076],[73.8801834,18.522725]]]]}},
{"type":"Feature","properties":{"osm_id":"108228417","code":1500,"fclass":"building","name":"","type":""},"geometry":{"type":"MultiPolygon","coordinates":[[[[73.8798221,18.5213748],[73.8800001,18.5212946],[73.8800931,18.5214802],[73.8799151,18.5215604],[73.8798221,18.5213748]]]]}},
{"type":"Feature","properties":{"osm_id":"108228418","code":1500,"fclass":"building","name":"","type":""},"geometry":{"type":"MultiPolygon","coordinates":[[[[73.880482,18.5234157],[73.8806023,18.5233472],[73.8807069,18.5235125],[73.8805865,18.5235809],[73.880482,18.5234157]]]]}},
{"type":"Feature","properties":{"osm_id":"108228419","code":1500,"fclass":"building","name":"","type":""},"geometry":{"type":"MultiPolygon","coordinates":[[[[73.88192,18.5234281],[73.8822723,18.5233474],[73.8823047,18.5234745],[73.8819523,18.5235552],[73.88192,18.5234281]]]]}},
{"type":"Feature","properties":{"osm_id":"108228420","code":1500,"fclass":"building","name":"","type":""},"geometry":{"type":"MultiPolygon","coordinates":[[[[73.8801092,18.5160046],[73.8801384,18.5156229],[73.8803473,18.5156373],[73.8803187,18.5160115],[73.880233,18.5160056],[73.8802286,18.5160637],[73.880175,18.51606],[73.8801789,18.5160093],[73.8801092,18.5160046]]]]}},
{"type":"Feature","properties":{"osm_id":"108228421","code":1500,"fclass":"building","name":"","type":""},"geometry":{"type":"MultiPolygon","coordinates":[[[[73.8800712,18.5227804],[73.8801834,18.522725],[73.8803354,18.5230076],[73.8802233,18.5230603],[73.8800712,18.5227804]]]]}},
{"type":"Feature","properties":{"osm_id":"108228422","code":1500,"fclass":"building","name":"","type":""},"geometry":{"type":"MultiPolygon","coordinates":[[[[73.8792933,18.5165503],[73.8792958,18.5163751],[73.8795078,18.5163778],[73.8795053,18.516553],[73.8792933,18.5165503]]]]}},
{"type":"Feature","properties":{"osm_id":"108228423","code":1500,"fclass":"building","name":"","type":""},"geometry":{"type":"MultiPolygon","coordinates":[[[[73.8733086,18.5208352],[73.8735355,18.5207571],[73.8735628,18.5208284],[73.8733359,18.5209065],[73.8733086,18.5208352]]]]}},
{"type":"Feature","properties":{"osm_id":"108228424","code":1500,"fclass":"building","name":"","type":""},"geometry":{"type":"MultiPolygon","coordinates":[[[[73.892472,18.5177867],[73.8925479,18.5177645],[73.8925673,18.5178243],[73.8924914,18.5178464],[73.892472,18.5177867]]]]}},
{"type":"Feature","properties":{"osm_id":"108228425","code":1500,"fclass":"building","name":"","type":""},"geometry":{"type":"MultiPolygon","coordinates":[[[[73.8800876,18.5166527],[73.8801443,18.5164204],[73.880304,18.5164555],[73.8802473,18.5166878],[73.8800876,18.5166527]]]]}},
{"type":"Feature","properties":{"osm_id":"108228426","code":1500,"fclass":"building","name":"","type":""},"geometry":{"type":"MultiPolygon","coordinates":[[[[73.8800182,18.5170556],[73.8800408,18.516948],[73.8803217,18.5170013],[73.8803024,18.5170927],[73.8802275,18.5170785],[73.8802022,18.5171986],[73.8801057,18.5171803],[73.8801177,18.5171237],[73.8800684,18.5171143],[73.8800784,18.517067],[73.8800182,18.5170556]]]]}},
{"type":"Feature","properties":{"osm_id":"108228427","code":1500,"fclass":"building","name":"","type":""},"geometry":{"type":"MultiPolygon","coordinates":[[[[73.8814282,18.520187],[73.8814873,18.5201582],[73.8814341,18.5200602],[73.8815801,18.5199889],[73.8817168,18.5202407],[73.88163,18.5202831],[73.8816477,18.5203157],[73.8815683,18.5203544],[73.8814948,18.5202192],[73.881456,18.5202381],[73.8814282,18.520187]]]]}},
{"type":"Feature","properties":{"osm_id":"108228428","code":1500,"fclass":"building","name":"St. Mathew's Marathi Church","type":"church"},"geometry":{"type":"MultiPolygon","coordinates":[[[[73.87276,18.5205654],[73.8728904,18.5205263],[73.8728832,18.5205048],[73.8729266,18.5204918],[73.8729467,18.5205522],[73.8729767,18.5205432],[73.8729876,18.5205762],[73.872961,18.5205841],[73.8729835,18.5206515],[73.8729604,18.5206584],[73.872974,18.5206994],[73.8728885,18.520725],[73.872875,18.5206847],[73.8728066,18.5207052],[73.8727961,18.5206737],[73.8727765,18.5206796],[73.8727602,18.5206306],[73.8727798,18.5206248],[73.87276,18.5205654]]]]}},
{"type":"Feature","properties":{"osm_id":"108228599","code":1500,"fclass":"building","name":"","type":""},"geometry":{"type":"MultiPolygon","coordinates":[[[[73.8724297,18.5197014],[73.8726232,18.5196654],[73.8726415,18.519754],[73.872448,18.51979],[73.8724297,18.5197014]]]]}},
{"type":"Feature","properties":{"osm_id":"108321697","code":1500,"fclass":"building","name":"","type":""},"geometry":{"type":"MultiPolygon","coordinates":[[[[73.8716858,18.5230177],[73.8716898,18.5229536],[73.8717295,18.5229559],[73.8717569,18.5225236],[73.8717114,18.522521],[73.8717157,18.5224535],[73.8718384,18.5224605],[73.8718026,18.5230244],[73.8716858,18.5230177]]]]}},
{"type":"Feature","properties":{"osm_id":"108321698","code":1500,"fclass":"building","name":"","type":""},"geometry":{"type":"MultiPolygon","coordinates":[[[[73.8755112,18.5236411],[73.8757055,18.5235906],[73.8757254,18.5236592],[73.8756496,18.5236789],[73.8756761,18.5237705],[73.8755576,18.5238014],[73.8755112,18.5236411]]]]}},
{"type":"Feature","properties":{"osm_id":"108321699","code":1500,"fclass":"building","name":"","type":""},"geometry":{"type":"MultiPolygon","coordinates":[[[[73.8758317,18.5238719],[73.8760047,18.5238289],[73.8760212,18.5238885],[73.8760487,18.5238817],[73.8760583,18.5239164],[73.8760873,18.5239092],[73.8761232,18.524039],[73.8761567,18.5240307],[73.8761774,18.5241055],[73.8761459,18.5241133],[73.87621,18.5243456],[73.8759786,18.5244032],[73.8758317,18.5238719]]]]}},
{"type":"Feature","properties":{"osm_id":"108321700","code":1500,"fclass":"building","name":"","type":""},"geometry":{"type":"MultiPolygon","coordinates":[[[[73.8751248,18.5240182],[73.8752653,18.5240104],[73.8752708,18.5240985],[73.8751303,18.5241063],[73.8751248,18.5240182]]]]}},
{"type":"Feature","properties":{"osm_id":"108321701","code":1500,"fclass":"building","name":"","type":""},"geometry":{"type":"MultiPolygon","coordinates":[[[[73.8716543,18.5237944],[73.8716587,18.5237254],[73.8716983,18.5237277],[73.8717255,18.5233003],[73.8716799,18.5232977],[73.8716845,18.5232253],[73.8718124,18.5232326],[73.8717763,18.5238014],[73.8716543,18.5237944]]]]}},
{"type":"Feature","properties":{"osm_id":"108321702","code":1500,"fclass":"building","name":"","type":""},"geometry":{"type":"MultiPolygon","coordinates":[[[[73.8752629,18.5239788],[73.8753768,18.5239506],[73.8754945,18.524379],[73.8753807,18.5244072],[73.8752629,18.5239788]]]]}},
{"type":"Feature","properties":{"osm_id":"108321703","code":1500,"fclass":"building","name":"","type":""},"geometry":{"type":"MultiPolygon","coordinates":[[[[73.8741101,18.5239815],[73.8743249,18.5239712],[73.8743549,18.5245337],[73.8741454,18.5245437],[73.8741394,18.5244301],[73.8742155,18.5244264],[73.8741991,18.5241188],[73.8741177,18.5241227],[73.8741101,18.5239815]]]]}},
{"type":"Feature","properties":{"osm_id":"108321704","code":1500,"fclass":"building","name":"","type":""},"geometry":{"type":"MultiPolygon","coordinates":[[[[73.8730815,18.5242788],[73.8731742,18.5242773],[73.873173,18.524211],[73.873325,18.5242086],[73.8733292,18.5244457],[73.873178,18.524448],[73.873177,18.524395],[73.8730836,18.5243965],[73.8730815,18.5242788]]]]}},
{"type":"Feature","properties":{"osm_id":"108321705","code":1500,"fclass":"building","name":"Principal Controller of Defence Accounts (Souther Command)","type":""},"geometry":{"type":"MultiPolygon","coordinates":[[[[73.874736,18.5238424],[73.8751644,18.5238271],[73.87517,18.5239682],[73.8751238,18.5239698],[73.8751248,18.5240182],[73.8751303,18.5241063],[73.8751311,18.5241497],[73.8752299,18.5241462],[73.8752355,18.524289],[73.8751321,18.5242927],[73.8751392,18.5244715],[73.8751969,18.5244695],[73.8752036,18.5246367],[73.8747534,18.5246527],[73.8747447,18.5244311],[73.874901,18.5244256],[73.8748963,18.5243062],[73.8747788,18.5243104],[73.8747743,18.524196],[73.8749281,18.5241906],[73.8749219,18.5240319],[73.8747438,18.5240383],[73.874736,18.5238424]]]]}},
{"type":"Feature","properties":{"osm_id":"108321707","code":1500,"fclass":"building","name":"","type":""},"geometry":{"type":"MultiPolygon","coordinates":[[[[73.8751801,18.5238508],[73.8753195,18.5238319],[73.8753318,18.5239131],[73.8751923,18.5239319],[73.8751801,18.5238508]]]]}},
{"type":"Feature","properties":{"osm_id":"108321709","code":1500,"fclass":"building","name":"","type":""},"geometry":{"type":"MultiPolygon","coordinates":[[[[73.8755576,18.5238014],[73.8756761,18.5237705],[73.8756909,18.5238222],[73.8756326,18.5238373],[73.8756856,18.5240203],[73.8757574,18.5240016],[73.8757765,18.5240676],[73.8756448,18.5241019],[73.8755576,18.5238014]]]]}},
{"type":"Feature","properties":{"osm_id":"108321711","code":1500,"fclass":"building","name":"","type":""},"geometry":{"type":"MultiPolygon","coordinates":[[[[73.8713757,18.5228935],[73.8715711,18.5228749],[73.8715817,18.5229751],[73.8715229,18.5229807],[73.8715669,18.5233974],[73.8714303,18.5234104],[73.8713757,18.5228935]]]]}},
{"type":"Feature","properties":{"osm_id":"108321712","code":1500,"fclass":"building","name":"","type":""},"geometry":{"type":"MultiPolygon","coordinates":[[[[73.8739215,18.525406],[73.8739412,18.5253209],[73.8739907,18.5252709],[73.8741302,18.5252913],[73.8741839,18.5253421],[73.8741839,18.5254133],[73.8741171,18.5254502],[73.8740134,18.5254251],[73.8739215,18.525406]]]]}},
{"type":"Feature","properties":{"osm_id":"108321714","code":1500,"fclass":"building","name":"St. Mira's School","type":"school"},"geometry":{"type":"MultiPolygon","coordinates":[[[[73.875643,18.5241267],[73.8757765,18.5240676],[73.8758093,18.5241318],[73.8757771,18.5241572],[73.8758683,18.5244675],[73.8760024,18.5244268],[73.8760346,18.5245285],[73.8758844,18.5245692],[73.8759058,18.5246354],[73.8761741,18.5246354],[73.8763028,18.5245998],[73.8763404,18.5246862],[73.8762921,18.524732],[73.8758361,18.5247371],[73.875643,18.5241267]]]]}},
{"type":"Feature","properties":{"osm_id":"108321716","code":1500,"fclass":"building","name":"","type":""},"geometry":{"type":"MultiPolygon","coordinates":[[[[73.8733131,18.5254778],[73.8733289,18.5253446],[73.8736417,18.525378],[73.8736259,18.5255111],[73.8733131,18.5254778]]]]}},
{"type":"Feature","properties":{"osm_id":"108321718","code":1500,"fclass":"building","name":"Central Building","type":""},"geometry":{"type":"MultiPolygon","coordinates":[[[[73.8727889,18.5256194],[73.8728162,18.5254741],[73.8730554,18.5255075],[73.8731448,18.5249359],[73.8728454,18.5248938],[73.8728703,18.5247345],[73.8737176,18.5248537],[73.8736916,18.5250202],[73.8732768,18.5249619],[73.8731863,18.5255402],[73.8735941,18.5255975],[73.8735725,18.5257355],[73.8727889,18.5256194]]]]}},
{"type":"Feature","properties":{"osm_id":"108321719","code":1500,"fclass":"building","name":"","type":""},"geometry":{"type":"MultiPolygon","coordinates":[[[[73.8751535,18.5242984],[73.8753009,18.5242984],[73.8753009,18.5243721],[73.8751535,18.5243721],[73.8751535,18.5242984]]]]}},
{"type":"Feature","properties":{"osm_id":"108321721","code":1500,"fclass":"building","name":"","type":""},"geometry":{"type":"MultiPolygon","coordinates":[[[[73.8739583,18.524096],[73.8740897,18.5240939],[73.8740928,18.5242692],[73.8739615,18.5242713],[73.8739583,18.524096]]]]}},
{"type":"Feature","properties":{"osm_id":"108321722","code":1500,"fclass":"building","name":"","type":""},"geometry":{"type":"MultiPolygon","coordinates":[[[[73.8735627,18.5241277],[73.873655,18.5241208],[73.8736772,18.5243864],[73.8735849,18.5243934],[73.8735627,18.5241277]]]]}},
{"type":"Feature","properties":{"osm_id":"108321724","code":1500,"fclass":"building","name":"","type":""},"geometry":{"type":"MultiPolygon","coordinates":[[[[73.8733439,18.5251615],[73.8733636,18.5250276],[73.8736835,18.5250699],[73.8736639,18.5252037],[73.8733439,18.5251615]]]]}},
{"type":"Feature","properties":{"osm_id":"108321725","code":1500,"fclass":"building","name":"","type":""},"geometry":{"type":"MultiPolygon","coordinates":[[[[73.8736922,18.5259421],[73.8738409,18.5253],[73.8739412,18.5253209],[73.8739215,18.525406],[73.8740134,18.5254251],[73.8738845,18.5259821],[73.8736922,18.5259421]]]]}},
{"type":"Feature","properties":{"osm_id":"108322831","code":1500,"fclass":"building","name":"","type":""},"geometry":{"type":"MultiPolygon","coordinates":[[[[73.8780619,18.5237255],[73.8781549,18.5236966],[73.8781681,18.5237347],[73.878156,18.5237384],[73.8781629,18.5237584],[73.8781875,18.5237507],[73.8782232,18.5238537],[73.878199,18.5238612],[73.8782069,18.5238841],[73.8782163,18.5238812],[73.8782322,18.5239273],[73.8781414,18.5239555],[73.8780992,18.5238332],[73.8781218,18.5238261],[73.8781165,18.5238108],[73.8780938,18.5238178],[73.8780619,18.5237255]]]]}},
{"type":"Feature","properties":{"osm_id":"108322834","code":1500,"fclass":"building","name":"Hotel Woodland","type":""},"geometry":{"type":"MultiPolygon","coordinates":[[[[73.8752085,18.5252302],[73.875246,18.5250525],[73.8755411,18.5250779],[73.8755089,18.525332],[73.8752889,18.5253116],[73.8752085,18.5252302]]]]}},
{"type":"Feature","properties":{"osm_id":"108322835","code":1500,"fclass":"building","name":"Marriage Certificate","type":""},"geometry":{"type":"MultiPolygon","coordinates":[[[[73.870952,18.5228155],[73.8711473,18.5227998],[73.8711575,18.5229145],[73.8709622,18.5229302],[73.870952,18.5228155]]]]}},
{"type":"Feature","properties":{"osm_id":"108322837","code":1500,"fclass":"building","name":"","type":""},"geometry":{"type":"MultiPolygon","coordinates":[[[[73.8705425,18.5240599],[73.8705497,18.523844],[73.8706595,18.5238473],[73.8706523,18.5240632],[73.8705425,18.5240599]]]]}},
{"type":"Feature","properties":{"osm_id":"108322839","code":1500,"fclass":"building","name":"","type":""},"geometry":{"type":"MultiPolygon","coordinates":[[[[73.8734401,18.5229816],[73.873551,18.5229618],[73.8735731,18.5230732],[73.873783,18.5230357],[73.8737992,18.5231172],[73.8735832,18.5231558],[73.8736255,18.5233687],[73.8737018,18.5233551],[73.8737181,18.5234371],[73.8735371,18.5234695],[73.8734401,18.5229816]]]]}},
{"type":"Feature","properties":{"osm_id":"108322840","code":1500,"fclass":"building","name":"","type":""},"geometry":{"type":"MultiPolygon","coordinates":[[[[73.8723518,18.5237725],[73.8723739,18.5232292],[73.8725024,18.5232339],[73.8724996,18.5233027],[73.8724416,18.5233005],[73.8724251,18.5237056],[73.8724764,18.5237074],[73.8724736,18.5237769],[73.8723518,18.5237725]]]]}},
{"type":"Feature","properties":{"osm_id":"108322845","code":1500,"fclass":"building","name":"","type":""},"geometry":{"type":"MultiPolygon","coordinates":[[[[73.8717338,18.5240006],[73.8724282,18.5238419],[73.8724509,18.5239313],[73.8723427,18.523956],[73.8723536,18.5239987],[73.8722978,18.5240115],[73.8722871,18.5239695],[73.8717567,18.5240907],[73.8717338,18.5240006]]]]}},
{"type":"Feature","properties":{"osm_id":"108323560","code":1500,"fclass":"building","name":"","type":""},"geometry":{"type":"MultiPolygon","coordinates":[[[[73.8728769,18.5223847],[73.8729762,18.5223727],[73.8730011,18.5225582],[73.8729018,18.5225702],[73.8728769,18.5223847]]]]}},
{"type":"Feature","properties":{"osm_id":"108323561","code":1500,"fclass":"building","name":"","type":""},"geometry":{"type":"MultiPolygon","coordinates":[[[[73.8732775,18.5221835],[73.8732986,18.5220919],[73.8737437,18.5221838],[73.8737227,18.5222755],[73.8732775,18.5221835]]]]}},
{"type":"Feature","properties":{"osm_id":"108323562","code":1500,"fclass":"building","name":"","type":""},"geometry":{"type":"MultiPolygon","coordinates":[[[[73.8738728,18.5239996],[73.874054,18.5239624],[73.874071,18.5240372],[73.8738899,18.5240743],[73.8738728,18.5239996]]]]}},
{"type":"Feature","properties":{"osm_id":"108323563","code":1500,"fclass":"building","name":"","type":""},"geometry":{"type":"MultiPolygon","coordinates":[[[[73.8728027,18.5233374],[73.8731326,18.5233159],[73.8731519,18.5235809],[73.8729758,18.5235924],[73.8729785,18.5236302],[73.8728764,18.5236369],[73.872873,18.5235896],[73.8728212,18.523593],[73.8728027,18.5233374]]]]}},
{"type":"Feature","properties":{"osm_id":"108323565","code":1500,"fclass":"building","name":"","type":""},"geometry":{"type":"MultiPolygon","coordinates":[[[[73.8741501,18.5231286],[73.874235,18.5231179],[73.874224,18.52304],[73.8743658,18.523022],[73.874401,18.5232712],[73.8742561,18.5232896],[73.8742424,18.5231927],[73.8741606,18.5232031],[73.8741501,18.5231286]]]]}},
{"type":"Feature","properties":{"osm_id":"108323566","code":1500,"fclass":"building","name":"","type":""},"geometry":{"type":"MultiPolygon","coordinates":[[[[73.8726287,18.5237555],[73.87277,18.523716],[73.8728019,18.5238189],[73.8728422,18.5238077],[73.8728646,18.5238796],[73.8728099,18.5238949],[73.8728375,18.5239838],[73.8727107,18.5240192],[73.8726287,18.5237555]]]]}},
{"type":"Feature","properties":{"osm_id":"108323567","code":1500,"fclass":"building","name":"","type":""},"geometry":{"type":"MultiPolygon","coordinates":[[[[73.8737682,18.5223352],[73.8738723,18.5219573],[73.874207,18.5220402],[73.8741848,18.5221208],[73.8739509,18.5220629],[73.873869,18.5223601],[73.8737682,18.5223352]]]]}},
{"type":"Feature","properties":{"osm_id":"108323568","code":1500,"fclass":"building","name":"","type":""},"geometry":{"type":"MultiPolygon","coordinates":[[[[73.8733427,18.5219894],[73.873364,18.5218965],[73.8738105,18.5219888],[73.8737892,18.5220817],[73.8733427,18.5219894]]]]}},
{"type":"Feature","properties":{"osm_id":"108323569","code":1500,"fclass":"building","name":"","type":""},"geometry":{"type":"MultiPolygon","coordinates":[[[[73.873144,18.5229356],[73.8734031,18.5229044],[73.8734183,18.5230184],[73.8731592,18.5230496],[73.873144,18.5229356]]]]}},
{"type":"Feature","properties":{"osm_id":"108323570","code":1500,"fclass":"building","name":"","type":""},"geometry":{"type":"MultiPolygon","coordinates":[[[[73.87342,18.5235454],[73.8736682,18.5234888],[73.8736939,18.5235902],[73.873651,18.5236],[73.8736597,18.5236343],[73.8734904,18.5236728],[73.87348,18.5236318],[73.8734439,18.52364],[73.87342,18.5235454]]]]}},
{"type":"Feature","properties":{"osm_id":"108323571","code":1500,"fclass":"building","name":"","type":""},"geometry":{"type":"MultiPolygon","coordinates":[[[[73.8747445,18.5221456],[73.875093,18.5221456],[73.875093,18.5222573],[73.8747445,18.5222573],[73.8747445,18.5221456]]]]}},
{"type":"Feature","properties":{"osm_id":"108323572","code":1500,"fclass":"building","name":"St. Helena's School","type":"school"},"geometry":{"type":"MultiPolygon","coordinates":[[[[73.8730326,18.5236403],[73.8731823,18.5236309],[73.8732019,18.5239136],[73.8730522,18.5239229],[73.8730326,18.5236403]]]]}},
{"type":"Feature","properties":{"osm_id":"108323573","code":1500,"fclass":"building","name":"","type":""},"geometry":{"type":"MultiPolygon","coordinates":[[[[73.875551,18.5224425],[73.8757815,18.5224067],[73.8758026,18.5225288],[73.8755722,18.5225646],[73.875551,18.5224425]]]]}},
{"type":"Feature","properties":{"osm_id":"108323574","code":1500,"fclass":"building","name":"","type":""},"geometry":{"type":"MultiPolygon","coordinates":[[[[73.8740671,18.5223937],[73.8741328,18.5221731],[73.8742512,18.5222049],[73.8741856,18.5224254],[73.8740671,18.5223937]]]]}},
{"type":"Feature","properties":{"osm_id":"108323575","code":1500,"fclass":"building","name":"","type":""},"geometry":{"type":"MultiPolygon","coordinates":[[[[73.8729961,18.5231026],[73.873108,18.5230912],[73.8731282,18.5232697],[73.8730162,18.5232811],[73.8729961,18.5231026]]]]}},
{"type":"Feature","properties":{"osm_id":"108323576","code":1500,"fclass":"building","name":"","type":""},"geometry":{"type":"MultiPolygon","coordinates":[[[[73.8748367,18.5225342],[73.8753393,18.5224862],[73.8753546,18.5226301],[73.8751802,18.5226467],[73.8751862,18.5227028],[73.8748579,18.5227342],[73.8748367,18.5225342]]]]}},
{"type":"Feature","properties":{"osm_id":"108323577","code":1500,"fclass":"building","name":"","type":""},"geometry":{"type":"MultiPolygon","coordinates":[[[[73.8726472,18.5236623],[73.872675,18.5234179],[73.8727658,18.5234272],[73.872738,18.5236716],[73.8726472,18.5236623]]]]}},
{"type":"Feature","properties":{"osm_id":"108323578","code":1500,"fclass":"building","name":"","type":""},"geometry":{"type":"MultiPolygon","coordinates":[[[[73.8729262,18.5226448],[73.8730169,18.5226332],[73.8730717,18.5230177],[73.872981,18.5230293],[73.8729262,18.5226448]]]]}},
{"type":"Feature","properties":{"osm_id":"108323580","code":1500,"fclass":"building","name":"Susie Sorabjee Auditorium","type":""},"geometry":{"type":"MultiPolygon","coordinates":[[[[73.873239,18.5237143],[73.8732908,18.5237064],[73.8732699,18.5235836],[73.8733056,18.5235782],[73.8732892,18.5234815],[73.8733878,18.5234665],[73.8734578,18.5238785],[73.8733146,18.5239004],[73.8733001,18.5238148],[73.8732572,18.5238214],[73.873239,18.5237143]]]]}},
{"type":"Feature","properties":{"osm_id":"108323999","code":1500,"fclass":"building","name":"","type":""},"geometry":{"type":"MultiPolygon","coordinates":[[[[73.8757888,18.5174847],[73.8758465,18.5170451],[73.8759217,18.5170539],[73.875864,18.5174936],[73.8757888,18.5174847]]]]}},
{"type":"Feature","properties":{"osm_id":"108324000","code":1500,"fclass":"building","name":"","type":""},"geometry":{"type":"MultiPolygon","coordinates":[[[[73.8757094,18.5174706],[73.8757667,18.5170341],[73.8758386,18.5170426],[73.8757813,18.5174791],[73.8757094,18.5174706]]]]}},
{"type":"Feature","properties":{"osm_id":"108324001","code":1500,"fclass":"building","name":"","type":""},"geometry":{"type":"MultiPolygon","coordinates":[[[[73.8750485,18.5219505],[73.8751652,18.5219496],[73.8751658,18.5220162],[73.8751074,18.5220166],[73.8751084,18.5221337],[73.8750501,18.5221342],[73.8750485,18.5219505]]]]}},
{"type":"Feature","properties":{"osm_id":"108324002","code":1500,"fclass":"building","name":"","type":""},"geometry":{"type":"MultiPolygon","coordinates":[[[[73.8731253,18.520775],[73.8731916,18.5207562],[73.8732494,18.5209395],[73.8731831,18.5209583],[73.8731253,18.520775]]]]}},
{"type":"Feature","properties":{"osm_id":"108324003","code":1500,"fclass":"building","name":"","type":""},"geometry":{"type":"MultiPolygon","coordinates":[[[[73.8764196,18.5186686],[73.8764969,18.5184799],[73.8766224,18.5185261],[73.8765451,18.5187148],[73.8764196,18.5186686]]]]}},
{"type":"Feature","properties":{"osm_id":"108324007","code":1500,"fclass":"building","name":"","type":""},"geometry":{"type":"MultiPolygon","coordinates":[[[[73.8735409,18.521037],[73.8736154,18.5210135],[73.8737003,18.5212551],[73.8736258,18.5212787],[73.8735409,18.521037]]]]}},
{"type":"Feature","properties":{"osm_id":"108324009","code":1500,"fclass":"building","name":"","type":""},"geometry":{"type":"MultiPolygon","coordinates":[[[[73.8742932,18.5220401],[73.8743157,18.5219462],[73.8744875,18.5219833],[73.8744649,18.5220772],[73.8742932,18.5220401]]]]}},
{"type":"Feature","properties":{"osm_id":"108324013","code":1500,"fclass":"building","name":"","type":""},"geometry":{"type":"MultiPolygon","coordinates":[[[[73.8738694,18.5202771],[73.8739877,18.5202356],[73.8740163,18.520309],[73.873898,18.5203505],[73.8738694,18.5202771]]]]}},
{"type":"Feature","properties":{"osm_id":"108324015","code":1500,"fclass":"building","name":"","type":""},"geometry":{"type":"MultiPolygon","coordinates":[[[[73.8742938,18.5223324],[73.8743273,18.5222169],[73.8746135,18.5222917],[73.8745779,18.5224142],[73.8744797,18.5223886],[73.8744933,18.5223421],[73.8743803,18.5223126],[73.8743689,18.522352],[73.8742938,18.5223324]]]]}},
{"type":"Feature","properties":{"osm_id":"108324019","code":1500,"fclass":"building","name":"","type":""},"geometry":{"type":"MultiPolygon","coordinates":[[[[73.873235,18.521361],[73.8733379,18.521351],[73.8733283,18.5214181],[73.8733282,18.5214563],[73.8732397,18.5214614],[73.873235,18.521361]]]]}},
{"type":"Feature","properties":{"osm_id":"108324020","code":1500,"fclass":"building","name":"","type":""},"geometry":{"type":"MultiPolygon","coordinates":[[[[73.8766243,18.5171285],[73.8766309,18.5170472],[73.876789,18.5170587],[73.8767824,18.5171401],[73.8766243,18.5171285]]]]}},
{"type":"Feature","properties":{"osm_id":"108324472","code":1500,"fclass":"building","name":"","type":""},"geometry":{"type":"MultiPolygon","coordinates":[[[[73.8702387,18.5208582],[73.8702575,18.5205108],[73.8703795,18.5205019],[73.8703607,18.5208639],[73.8702387,18.5208582]]]]}},
{"type":"Feature","properties":{"osm_id":"108324473","code":1500,"fclass":"building","name":"","type":""},"geometry":{"type":"MultiPolygon","coordinates":[[[[73.8683171,18.5199496],[73.8684572,18.5199365],[73.8684809,18.5201645],[73.8683408,18.5201776],[73.8683171,18.5199496]]]]}},
{"type":"Feature","properties":{"osm_id":"108324475","code":1500,"fclass":"building","name":"","type":""},"geometry":{"type":"MultiPolygon","coordinates":[[[[73.8695057,18.5215288],[73.8695063,18.5214295],[73.8698926,18.5214315],[73.869892,18.5215309],[73.8695057,18.5215288]]]]}},
{"type":"Feature","properties":{"osm_id":"108324476","code":1500,"fclass":"building","name":"","type":""},"geometry":{"type":"MultiPolygon","coordinates":[[[[73.8685871,18.520782],[73.8685873,18.5207172],[73.8688956,18.5207181],[73.8688948,18.5209556],[73.8688945,18.521049],[73.8687992,18.5210487],[73.8687994,18.5209771],[73.8687543,18.520977],[73.8687541,18.5210382],[73.8686973,18.521038],[73.8686977,18.5209036],[73.8687429,18.5209038],[73.8687427,18.5209701],[73.8688384,18.5209704],[73.868839,18.5207827],[73.8685871,18.520782]]]]}},
{"type":"Feature","properties":{"osm_id":"108324477","code":1500,"fclass":"building","name":"","type":""},"geometry":{"type":"MultiPolygon","coordinates":[[[[73.8713055,18.519959],[73.8713149,18.5197836],[73.8714464,18.51979],[73.871437,18.5199654],[73.8713055,18.519959]]]]}},
{"type":"Feature","properties":{"osm_id":"108324478","code":1500,"fclass":"building","name":"","type":""},"geometry":{"type":"MultiPolygon","coordinates":[[[[73.8728907,18.5265785],[73.8729026,18.5265011],[73.873242,18.5265483],[73.8732301,18.5266256],[73.8728907,18.5265785]]]]}},
{"type":"Feature","properties":{"osm_id":"108324479","code":1500,"fclass":"building","name":"","type":""},"geometry":{"type":"MultiPolygon","coordinates":[[[[73.873764,18.5204791],[73.8738636,18.5204422],[73.8739211,18.5205814],[73.8738624,18.5206032],[73.8738214,18.5206184],[73.873764,18.5204791]]]]}},
{"type":"Feature","properties":{"osm_id":"108324480","code":1500,"fclass":"building","name":"","type":""},"geometry":{"type":"MultiPolygon","coordinates":[[[[73.8694685,18.5209021],[73.8694691,18.5208105],[73.8698472,18.5208126],[73.8698466,18.5209042],[73.8694685,18.5209021]]]]}},
{"type":"Feature","properties":{"osm_id":"108324482","code":1500,"fclass":"building","name":"","type":""},"geometry":{"type":"MultiPolygon","coordinates":[[[[73.8694441,18.5213424],[73.8694595,18.5209994],[73.86954,18.5210027],[73.8695246,18.5213457],[73.8694441,18.5213424]]]]}},
{"type":"Feature","properties":{"osm_id":"108324484","code":1500,"fclass":"building","name":"","type":""},"geometry":{"type":"MultiPolygon","coordinates":[[[[73.8700224,18.5205198],[73.8700412,18.5201577],[73.8701634,18.5201634],[73.8701446,18.5205255],[73.8700224,18.5205198]]]]}},
{"type":"Feature","properties":{"osm_id":"108324485","code":1500,"fclass":"building","name":"","type":""},"geometry":{"type":"MultiPolygon","coordinates":[[[[73.8694769,18.5207472],[73.8694775,18.5206578],[73.8698533,18.5206598],[73.8698527,18.5207492],[73.8694769,18.5207472]]]]}},
{"type":"Feature","properties":{"osm_id":"108324486","code":1500,"fclass":"building","name":"","type":""},"geometry":{"type":"MultiPolygon","coordinates":[[[[73.8702489,18.5204976],[73.8702679,18.5201318],[73.8703939,18.5201377],[73.870379,18.5204908],[73.8702489,18.5204976]]]]}},
{"type":"Feature","properties":{"osm_id":"108324487","code":1500,"fclass":"building","name":"","type":"apartments"},"geometry":{"type":"MultiPolygon","coordinates":[[[[73.870311,18.5193199],[73.8703539,18.5190351],[73.8704827,18.5189333],[73.8709226,18.5189944],[73.8708904,18.5191266],[73.8705041,18.5190656],[73.8704827,18.5192691],[73.870708,18.5192996],[73.8706865,18.5194929],[73.8705739,18.5194827],[73.87059,18.5194267],[73.8703861,18.5193911],[73.870311,18.5193199]]]]}},
{"type":"Feature","properties":{"osm_id":"108324488","code":1500,"fclass":"building","name":"","type":""},"geometry":{"type":"MultiPolygon","coordinates":[[[[73.8728394,18.5264297],[73.8728573,18.5263293],[73.8733844,18.526414],[73.8733664,18.5265144],[73.8728394,18.5264297]]]]}},
{"type":"Feature","properties":{"osm_id":"108324489","code":1500,"fclass":"building","name":"","type":""},"geometry":{"type":"MultiPolygon","coordinates":[[[[73.869249,18.5202306],[73.8694044,18.5202306],[73.8694044,18.5205763],[73.869249,18.5205763],[73.869249,18.5202306]]]]}},
{"type":"Feature","properties":{"osm_id":"108538090","code":1500,"fclass":"building","name":"","type":""},"geometry":{"type":"MultiPolygon","coordinates":[[[[73.8826111,18.4916061],[73.8826845,18.491503],[73.8837031,18.4921559],[73.8835945,18.4923085],[73.8834874,18.4922399],[73.8835155,18.4922005],[73.8832553,18.4920337],[73.883221,18.4920817],[73.8829577,18.491913],[73.8829992,18.4918548],[73.8826111,18.4916061]]]]}},
{"type":"Feature","properties":{"osm_id":"108539256","code":1500,"fclass":"building","name":"","type":""},"geometry":{"type":"MultiPolygon","coordinates":[[[[73.8746258,18.5056853],[73.8746288,18.5054131],[73.8746966,18.5054138],[73.8748567,18.5054154],[73.8748537,18.5056875],[73.8746258,18.5056853]]]]}},
{"type":"Feature","properties":{"osm_id":"108539258","code":1500,"fclass":"building","name":"","type":""},"geometry":{"type":"MultiPolygon","coordinates":[[[[73.875672,18.50537],[73.8756721,18.5050277],[73.8758115,18.5050277],[73.8758116,18.5049922],[73.875926,18.5049923],[73.8759258,18.5053701],[73.875672,18.50537]]]]}},
{"type":"Feature","properties":{"osm_id":"108539260","code":1500,"fclass":"building","name":"","type":""},"geometry":{"type":"MultiPolygon","coordinates":[[[[73.8752087,18.5023078],[73.8752386,18.5021878],[73.8760534,18.5023705],[73.8760235,18.5024905],[73.8752087,18.5023078]]]]}},
{"type":"Feature","properties":{"osm_id":"108539261","code":1500,"fclass":"building","name":"","type":""},"geometry":{"type":"MultiPolygon","coordinates":[[[[73.8747403,18.5046973],[73.8748325,18.5039055],[73.8749686,18.5039197],[73.8748763,18.5047115],[73.8747403,18.5046973]]]]}},
{"type":"Feature","properties":{"osm_id":"108539263","code":1500,"fclass":"building","name":"","type":""},"geometry":{"type":"MultiPolygon","coordinates":[[[[73.8748464,18.5038505],[73.874988,18.503056],[73.8751184,18.5030769],[73.8749769,18.5038713],[73.8748464,18.5038505]]]]}},
{"type":"Feature","properties":{"osm_id":"108539265","code":1500,"fclass":"building","name":"","type":""},"geometry":{"type":"MultiPolygon","coordinates":[[[[73.8751852,18.505353],[73.8751973,18.5048216],[73.8755033,18.5048279],[73.8754911,18.5053593],[73.8751852,18.505353]]]]}},
{"type":"Feature","properties":{"osm_id":"108539266","code":1500,"fclass":"building","name":"","type":""},"geometry":{"type":"MultiPolygon","coordinates":[[[[73.8750314,18.5029749],[73.8751817,18.5024113],[73.8752978,18.5024392],[73.8751476,18.5030028],[73.8750314,18.5029749]]]]}},
{"type":"Feature","properties":{"osm_id":"108540354","code":1500,"fclass":"building","name":"","type":""},"geometry":{"type":"MultiPolygon","coordinates":[[[[73.8748376,18.5050929],[73.8748379,18.5050303],[73.8749028,18.5050306],[73.8749041,18.504793],[73.8750299,18.5047936],[73.8750268,18.5053467],[73.8748962,18.505346],[73.8748977,18.5050932],[73.8748376,18.5050929]]]]}},
{"type":"Feature","properties":{"osm_id":"108541340","code":1500,"fclass":"building","name":"","type":""},"geometry":{"type":"MultiPolygon","coordinates":[[[[73.8750239,18.5046531],[73.8750541,18.5043555],[73.8752685,18.5043751],[73.8752382,18.5046727],[73.8750239,18.5046531]]]]}},
{"type":"Feature","properties":{"osm_id":"108541341","code":1500,"fclass":"building","name":"","type":""},"geometry":{"type":"MultiPolygon","coordinates":[[[[73.8746273,18.5058386],[73.875173,18.5056981],[73.8752076,18.5058188],[73.8747868,18.5059272],[73.874839,18.5061096],[73.8747141,18.5061418],[73.8746273,18.5058386]]]]}},
{"type":"Feature","properties":{"osm_id":"108541424","code":1500,"fclass":"building","name":"","type":""},"geometry":{"type":"MultiPolygon","coordinates":[[[[73.8750246,18.5043139],[73.8750425,18.5041856],[73.8751212,18.5040619],[73.8750795,18.5040567],[73.8750983,18.5039223],[73.8753392,18.5039526],[73.8753188,18.5040988],[73.8752193,18.5040863],[73.8752027,18.5042047],[73.8753074,18.5042178],[73.8752894,18.5043472],[73.8750246,18.5043139]]]]}},
{"type":"Feature","properties":{"osm_id":"108541510","code":1500,"fclass":"building","name":"","type":""},"geometry":{"type":"MultiPolygon","coordinates":[[[[73.8750692,18.5038597],[73.8751219,18.5035188],[73.8753846,18.5035553],[73.8753319,18.5038962],[73.8750692,18.5038597]]]]}},
{"type":"Feature","properties":{"osm_id":"108541511","code":1500,"fclass":"building","name":"","type":""},"geometry":{"type":"MultiPolygon","coordinates":[[[[73.8756102,18.5028477],[73.8760621,18.5027977],[73.8761444,18.5034675],[73.8756898,18.5035178],[73.8756803,18.5034404],[73.8760189,18.503403],[73.875959,18.5029157],[73.8756231,18.5029528],[73.8756102,18.5028477]]]]}},
{"type":"Feature","properties":{"osm_id":"108541648","code":1500,"fclass":"building","name":"","type":""},"geometry":{"type":"MultiPolygon","coordinates":[[[[73.8751283,18.503459],[73.8752356,18.5029808],[73.8755092,18.5030266],[73.8754233,18.5034132],[73.8754716,18.5034234],[73.8754448,18.5035252],[73.8751283,18.503459]]]]}},
{"type":"Feature","properties":{"osm_id":"108541649","code":1500,"fclass":"building","name":"","type":""},"geometry":{"type":"MultiPolygon","coordinates":[[[[73.8752362,18.5029024],[73.8752695,18.5027646],[73.875556,18.5028271],[73.8755226,18.5029648],[73.8752362,18.5029024]]]]}},
{"type":"Feature","properties":{"osm_id":"108543303","code":1500,"fclass":"building","name":"","type":""},"geometry":{"type":"MultiPolygon","coordinates":[[[[73.875549,18.5026881],[73.8755942,18.5024838],[73.8758077,18.5025264],[73.8757624,18.5027306],[73.875549,18.5026881]]]]}},
{"type":"Feature","properties":{"osm_id":"108543307","code":1500,"fclass":"building","name":"","type":""},"geometry":{"type":"MultiPolygon","coordinates":[[[[73.8757998,18.5027384],[73.8758462,18.5025291],[73.8760649,18.5025727],[73.8760185,18.502782],[73.8757998,18.5027384]]]]}},
{"type":"Feature","properties":{"osm_id":"108543309","code":1500,"fclass":"building","name":"","type":""},"geometry":{"type":"MultiPolygon","coordinates":[[[[73.8753027,18.5026383],[73.8753472,18.5024378],[73.8755567,18.5024795],[73.8755123,18.50268],[73.8753027,18.5026383]]]]}},
{"type":"Feature","properties":{"osm_id":"108546756","code":1500,"fclass":"building","name":"","type":""},"geometry":{"type":"MultiPolygon","coordinates":[[[[73.8755145,18.5048122],[73.8755843,18.5047054],[73.8759276,18.5048631],[73.8758739,18.5049648],[73.8757774,18.5049546],[73.875772,18.5049953],[73.8755414,18.5050004],[73.8755414,18.504919],[73.8757237,18.5049139],[73.8755145,18.5048122]]]]}},
{"type":"Feature","properties":{"osm_id":"108547363","code":1500,"fclass":"building","name":"","type":""},"geometry":{"type":"MultiPolygon","coordinates":[[[[73.877105,18.5045567],[73.8772017,18.5045228],[73.8773617,18.5049321],[73.877265,18.5049661],[73.877105,18.5045567]]]]}},
{"type":"Feature","properties":{"osm_id":"108547364","code":1500,"fclass":"building","name":"","type":""},"geometry":{"type":"MultiPolygon","coordinates":[[[[73.8766947,18.5056973],[73.877376,18.5054735],[73.877832,18.5054176],[73.8778266,18.5053412],[73.8778856,18.5053311],[73.877891,18.5053819],[73.87795,18.5053769],[73.8779661,18.5054837],[73.8777837,18.505504],[73.8777944,18.50556],[73.8773492,18.505621],[73.876743,18.5058093],[73.8766947,18.5056973]]]]}},
{"type":"Feature","properties":{"osm_id":"108547365","code":1500,"fclass":"building","name":"","type":""},"geometry":{"type":"MultiPolygon","coordinates":[[[[73.8752495,18.5056742],[73.8759446,18.5055258],[73.8759723,18.5056425],[73.8755718,18.505728],[73.8755947,18.5058243],[73.8754508,18.5058551],[73.8754277,18.5057575],[73.8752769,18.5057897],[73.8752495,18.5056742]]]]}},
{"type":"Feature","properties":{"osm_id":"108547366","code":1500,"fclass":"building","name":"","type":""},"geometry":{"type":"MultiPolygon","coordinates":[[[[73.8759901,18.5055487],[73.8762225,18.5054991],[73.876248,18.5056067],[73.8760156,18.5056563],[73.8759901,18.5055487]]]]}},
{"type":"Feature","properties":{"osm_id":"108547367","code":1500,"fclass":"building","name":"","type":""},"geometry":{"type":"MultiPolygon","coordinates":[[[[73.8768656,18.5041149],[73.8769247,18.5040722],[73.8772042,18.5044205],[73.877145,18.5044632],[73.8768656,18.5041149]]]]}},
{"type":"Feature","properties":{"osm_id":"108547368","code":1500,"fclass":"building","name":"","type":""},"geometry":{"type":"MultiPolygon","coordinates":[[[[73.878009,18.5053819],[73.878068,18.5053769],[73.8782128,18.5054379],[73.8782075,18.5054939],[73.8780144,18.5054939],[73.878009,18.5053819]]]]}},
{"type":"Feature","properties":{"osm_id":"108547369","code":1500,"fclass":"building","name":"","type":""},"geometry":{"type":"MultiPolygon","coordinates":[[[[73.8766473,18.5038145],[73.8767004,18.5037759],[73.8769217,18.5040442],[73.876867,18.5040846],[73.8766473,18.5038145]]]]}},
{"type":"Feature","properties":{"osm_id":"108547370","code":1500,"fclass":"building","name":"Camp High School","type":""},"geometry":{"type":"MultiPolygon","coordinates":[[[[73.8789789,18.5055568],[73.8790321,18.5053441],[73.8791386,18.5053681],[73.8791104,18.5054808],[73.879314,18.5055266],[73.8793468,18.5053954],[73.8794385,18.5054161],[73.8793807,18.5056473],[73.8789789,18.5055568]]]]}},
{"type":"Feature","properties":{"osm_id":"108547371","code":1500,"fclass":"building","name":"","type":""},"geometry":{"type":"MultiPolygon","coordinates":[[[[73.8772687,18.5050055],[73.8773921,18.5049394],[73.8774404,18.5050615],[73.8778212,18.5052192],[73.8777783,18.5053107],[73.8772848,18.5050716],[73.8772687,18.5050055]]]]}},
{"type":"Feature","properties":{"osm_id":"108547372","code":1500,"fclass":"building","name":"","type":""},"geometry":{"type":"MultiPolygon","coordinates":[[[[73.8759449,18.5057404],[73.876096,18.5056919],[73.8761578,18.5058653],[73.8764043,18.5057933],[73.8764401,18.5059035],[73.8760496,18.5060338],[73.8759449,18.5057404]]]]}},
{"type":"Feature","properties":{"osm_id":"108547373","code":1500,"fclass":"building","name":"","type":""},"geometry":{"type":"MultiPolygon","coordinates":[[[[73.8761425,18.5031904],[73.8761913,18.5031549],[73.876438,18.5034594],[73.8763892,18.503495],[73.8761425,18.5031904]]]]}},
{"type":"Feature","properties":{"osm_id":"108547374","code":1500,"fclass":"building","name":"","type":""},"geometry":{"type":"MultiPolygon","coordinates":[[[[73.8757303,18.505751],[73.8759056,18.5057117],[73.8759821,18.5060183],[73.8758068,18.5060577],[73.8757303,18.505751]]]]}},
{"type":"Feature","properties":{"osm_id":"108547375","code":1500,"fclass":"building","name":"","type":""},"geometry":{"type":"MultiPolygon","coordinates":[[[[73.8764001,18.5035094],[73.8764532,18.5034707],[73.8767004,18.5037759],[73.8766473,18.5038145],[73.8764001,18.5035094]]]]}},
{"type":"Feature","properties":{"osm_id":"108547470","code":1500,"fclass":"building","name":"","type":""},"geometry":{"type":"MultiPolygon","coordinates":[[[[73.8781887,18.5056287],[73.8783872,18.5056287],[73.8784569,18.5056643],[73.8784516,18.5058831],[73.8781941,18.5058678],[73.8781887,18.5056287]]]]}},
{"type":"Feature","properties":{"osm_id":"108547541","code":1500,"fclass":"building","name":"","type":""},"geometry":{"type":"MultiPolygon","coordinates":[[[[73.8824017,18.506179],[73.8825283,18.5058685],[73.8826407,18.5059069],[73.8828299,18.5059787],[73.8829307,18.5060272],[73.8828096,18.5063269],[73.8824017,18.506179]]]]}},
{"type":"Feature","properties":{"osm_id":"108557630","code":1500,"fclass":"building","name":"","type":""},"geometry":{"type":"MultiPolygon","coordinates":[[[[73.8704222,18.5263915],[73.8705102,18.5263474],[73.8706193,18.5265436],[73.8705313,18.5265877],[73.8704222,18.5263915]]]]}},
{"type":"Feature","properties":{"osm_id":"108558636","code":1500,"fclass":"building","name":"","type":"roof"},"geometry":{"type":"MultiPolygon","coordinates":[[[[73.8768831,18.5269625],[73.8769401,18.5266547],[73.877318,18.526705],[73.8772675,18.527019],[73.8768831,18.5269625]]]]}},
{"type":"Feature","properties":{"osm_id":"108561218","code":1500,"fclass":"building","name":"","type":""},"geometry":{"type":"MultiPolygon","coordinates":[[[[73.8869018,18.5271851],[73.8869959,18.5270021],[73.8871194,18.5270592],[73.8870254,18.5272422],[73.8869018,18.5271851]]]]}},
{"type":"Feature","properties":{"osm_id":"108561220","code":1500,"fclass":"building","name":"","type":"hotel"},"geometry":{"type":"MultiPolygon","coordinates":[[[[73.8871985,18.5253188],[73.8873735,18.5249607],[73.8877652,18.5251328],[73.8875902,18.5254909],[73.8871985,18.5253188]]]]}},
{"type":"Feature","properties":{"osm_id":"108561221","code":1500,"fclass":"building","name":"","type":""},"geometry":{"type":"MultiPolygon","coordinates":[[[[73.8866464,18.5278242],[73.8867259,18.5276343],[73.8868648,18.5276866],[73.8867853,18.5278765],[73.8866464,18.5278242]]]]}},
{"type":"Feature","properties":{"osm_id":"108561224","code":1500,"fclass":"building","name":"Rajendra Sinhji Institute","type":""},"geometry":{"type":"MultiPolygon","coordinates":[[[[73.8868547,18.526036],[73.8868958,18.5259541],[73.8870471,18.5260093],[73.8871091,18.5259935],[73.8872308,18.5257445],[73.8873196,18.5257834],[73.887192,18.5260495],[73.8871699,18.5261267],[73.8871619,18.526201],[73.8871941,18.5262926],[73.887237,18.5263485],[73.8872824,18.5264013],[73.8873086,18.5263866],[73.8873461,18.5264329],[73.887396,18.5264275],[73.8874169,18.5264506],[73.887401,18.526482],[73.8873711,18.526491],[73.887339,18.5265317],[73.8873711,18.5265724],[73.8873443,18.526613],[73.8872907,18.526608],[73.8872024,18.5265567],[73.8871736,18.5265482],[73.8871405,18.5265113],[73.8871941,18.5264706],[73.8871512,18.5264147],[73.887119,18.5263638],[73.8870868,18.5262926],[73.8870707,18.5262214],[73.887079,18.5261357],[73.8870221,18.5260815],[73.8868547,18.526036]]]]}},
{"type":"Feature","properties":{"osm_id":"108561414","code":1500,"fclass":"building","name":"","type":""},"geometry":{"type":"MultiPolygon","coordinates":[[[[73.8872013,18.5342874],[73.8875176,18.5342543],[73.8875423,18.5344666],[73.8873199,18.5344899],[73.8873269,18.5345501],[73.8875403,18.5345278],[73.8875746,18.5348226],[73.8872673,18.5348547],[73.8872013,18.5342874]]]]}},
{"type":"Feature","properties":{"osm_id":"108561415","code":1500,"fclass":"building","name":"","type":""},"geometry":{"type":"MultiPolygon","coordinates":[[[[73.8871262,18.5352122],[73.8873267,18.5351925],[73.8872959,18.53491],[73.8874077,18.5348991],[73.8874174,18.534988],[73.8874805,18.5349818],[73.8874713,18.5348975],[73.8876176,18.5348831],[73.8876969,18.5356098],[73.8875678,18.5356225],[73.8875603,18.5355538],[73.8874778,18.5355619],[73.8874854,18.5356316],[73.8873808,18.5356418],[73.8873579,18.5354322],[73.8871524,18.5354523],[73.8871262,18.5352122]]]]}},
{"type":"Feature","properties":{"osm_id":"108561417","code":1500,"fclass":"building","name":"","type":""},"geometry":{"type":"MultiPolygon","coordinates":[[[[73.8860302,18.5353788],[73.8860444,18.5351649],[73.8864137,18.535187],[73.8863995,18.5354009],[73.8860302,18.5353788]]]]}},
{"type":"Feature","properties":{"osm_id":"108561634","code":1500,"fclass":"building","name":"","type":""},"geometry":{"type":"MultiPolygon","coordinates":[[[[73.8876058,18.5452579],[73.8876553,18.5449971],[73.8878121,18.5450239],[73.8877626,18.5452846],[73.8876058,18.5452579]]]]}},
{"type":"Feature","properties":{"osm_id":"109712875","code":1500,"fclass":"building","name":"","type":""},"geometry":{"type":"MultiPolygon","coordinates":[[[[73.8489184,18.4921458],[73.849715,18.4921414],[73.8497157,18.492261],[73.8489191,18.4922654],[73.8489184,18.4921458]]]]}},
{"type":"Feature","properties":{"osm_id":"113704569","code":1500,"fclass":"building","name":"Krishna Chambers","type":"commercial"},"geometry":{"type":"MultiPolygon","coordinates":[[[[73.7857312,18.5438055],[73.7858391,18.5435528],[73.786054,18.5435309],[73.7860016,18.5437274],[73.7859169,18.5439238],[73.7858753,18.543899],[73.785836,18.5438793],[73.7857936,18.5438406],[73.7857312,18.5438055]]]]}},
{"type":"Feature","properties":{"osm_id":"116845226","code":1500,"fclass":"building","name":"Vascon Almonte","type":""},"geometry":{"type":"MultiPolygon","coordinates":[[[[73.9374182,18.5510311],[73.9374187,18.5510059],[73.937422,18.5509808],[73.9374281,18.5509561],[73.9374368,18.5509322],[73.937448,18.5509093],[73.9374617,18.5508876],[73.9374778,18.5508673],[73.9374959,18.5508488],[73.937516,18.5508322],[73.9375378,18.5508176],[73.9375611,18.5508052],[73.9375856,18.5507952],[73.937611,18.5507877],[73.9376372,18.5507827],[73.9376637,18.5507803],[73.9376904,18.5507805],[73.9377169,18.5507834],[73.937743,18.5507888],[73.9377683,18.5507968],[73.9377926,18.5508073],[73.9378156,18.55082],[73.9378371,18.550835],[73.9378569,18.550852],[73.9378746,18.5508709],[73.9378903,18.5508914],[73.9379035,18.5509133],[73.9379143,18.5509365],[73.9379226,18.5509605],[73.9379281,18.5509853],[73.9379232,18.5510888],[73.937893,18.5510919],[73.9380247,18.5519426],[73.9377167,18.5519808],[73.9376971,18.5518748],[73.9375887,18.5515918],[73.9376498,18.5514716],[73.9376337,18.5513241],[73.9375357,18.5513295],[73.9374919,18.5510487],[73.9374205,18.5510563],[73.9374182,18.5510311]]]]}},
{"type":"Feature","properties":{"osm_id":"117374885","code":1500,"fclass":"building","name":"Khadki Business Centre","type":""},"geometry":{"type":"MultiPolygon","coordinates":[[[[73.8509191,18.5647026],[73.850986,18.564638],[73.8512009,18.5648378],[73.8512351,18.5648696],[73.8514496,18.5648848],[73.8515945,18.564778],[73.8516052,18.564595],[73.8514106,18.5643142],[73.8514797,18.5642711],[73.8517146,18.5646102],[73.8516749,18.5648187],[73.8514443,18.5649865],[73.851219,18.5649814],[73.8509191,18.5647026]]]]}},
{"type":"Feature","properties":{"osm_id":"117926498","code":1500,"fclass":"building","name":"","type":""},"geometry":{"type":"MultiPolygon","coordinates":[[[[73.8712629,18.5472194],[73.8715711,18.5470027],[73.871897,18.5474127],[73.8717822,18.5474757],[73.8715315,18.547179],[73.8713268,18.5473095],[73.8712629,18.5472194]]]]}},
{"type":"Feature","properties":{"osm_id":"118011624","code":1500,"fclass":"building","name":"","type":""},"geometry":{"type":"MultiPolygon","coordinates":[[[[73.8543291,18.5284954],[73.8546858,18.5284078],[73.8546147,18.5281476],[73.8547278,18.5281198],[73.8548342,18.5285091],[73.8543643,18.5286245],[73.8543291,18.5284954]]]]}},
{"type":"Feature","properties":{"osm_id":"118011625","code":1500,"fclass":"building","name":"Computer Engineering And Information Technology","type":""},"geometry":{"type":"MultiPolygon","coordinates":[[[[73.8552934,18.530723],[73.8553724,18.5306527],[73.8555338,18.530509],[73.855635,18.5306112],[73.8553945,18.5308251],[73.8552934,18.530723]]]]}},
{"type":"Feature","properties":{"osm_id":"118011626","code":1500,"fclass":"building","name":"ENTC (Old Building)","type":""},"geometry":{"type":"MultiPolygon","coordinates":[[[[73.8547315,18.5312471],[73.8551968,18.5308278],[73.8552537,18.5308845],[73.8552274,18.5309082],[73.8553037,18.5309844],[73.8551234,18.5311468],[73.8548969,18.5313509],[73.8548219,18.5312761],[73.8547896,18.5313051],[73.8547315,18.5312471]]]]}},
{"type":"Feature","properties":{"osm_id":"118011627","code":1500,"fclass":"building","name":"","type":""},"geometry":{"type":"MultiPolygon","coordinates":[[[[73.8558495,18.5278407],[73.855969,18.527809],[73.8560546,18.5280991],[73.856405,18.5280061],[73.8564334,18.5281025],[73.8559636,18.5282272],[73.8558495,18.5278407]]]]}},
{"type":"Feature","properties":{"osm_id":"118011628","code":1500,"fclass":"building","name":"","type":""},"geometry":{"type":"MultiPolygon","coordinates":[[[[73.8547594,18.5276242],[73.8548966,18.5275906],[73.854953,18.5277973],[73.855141,18.5277512],[73.8550277,18.5273359],[73.8552324,18.5272857],[73.8553434,18.5276925],[73.8555623,18.5276388],[73.8555009,18.5274138],[73.8556233,18.5273838],[73.8557215,18.5277439],[73.8553844,18.5278266],[73.8554106,18.5279229],[73.8552155,18.5279707],[73.855189,18.5278736],[73.8548501,18.5279567],[73.8547594,18.5276242]]]]}},
{"type":"Feature","properties":{"osm_id":"118011629","code":1500,"fclass":"building","name":"Department of Electrical","type":"university"},"geometry":{"type":"MultiPolygon","coordinates":[[[[73.8552899,18.5295665],[73.8556626,18.5295128],[73.8556533,18.5294549],[73.8555794,18.5294656],[73.8555607,18.5293495],[73.8556395,18.5293382],[73.8555855,18.5290023],[73.8557468,18.528979],[73.8558417,18.5295698],[73.855708,18.5295891],[73.8557184,18.5296538],[73.8553132,18.5297122],[73.8552899,18.5295665]]]]}},
{"type":"Feature","properties":{"osm_id":"118011854","code":1500,"fclass":"building","name":"Shimla Office Meteorological Department","type":""},"geometry":{"type":"MultiPolygon","coordinates":[[[[73.8487962,18.5295629],[73.8488789,18.529481],[73.8489567,18.5295515],[73.8489303,18.5295777],[73.8489674,18.5296114],[73.8491646,18.5294157],[73.8491189,18.5293743],[73.8490928,18.5294002],[73.8490206,18.5293348],[73.8490956,18.5292604],[73.8491687,18.5293266],[73.8491443,18.5293509],[73.8491885,18.5293909],[73.8492467,18.5293331],[73.8492296,18.5293176],[73.849305,18.5292427],[73.8494467,18.5293709],[73.8489316,18.5298824],[73.8488019,18.5297649],[73.8488754,18.529692],[73.8488851,18.5297008],[73.8489447,18.5296417],[73.848899,18.5296004],[73.8488698,18.5296294],[73.8487962,18.5295629]]]]}},
{"type":"Feature","properties":{"osm_id":"118011956","code":1500,"fclass":"building","name":"","type":""},"geometry":{"type":"MultiPolygon","coordinates":[[[[73.8501551,18.5296881],[73.8505356,18.5295883],[73.8505616,18.5296776],[73.8501812,18.5297774],[73.8501551,18.5296881]]]]}},
{"type":"Feature","properties":{"osm_id":"118011957","code":1500,"fclass":"building","name":"building 3","type":""},"geometry":{"type":"MultiPolygon","coordinates":[[[[73.8508527,18.5283504],[73.8508573,18.5282476],[73.851459,18.5282714],[73.8514545,18.5283743],[73.8508527,18.5283504]]]]}},
{"type":"Feature","properties":{"osm_id":"118011958","code":1500,"fclass":"building","name":"","type":"dormitory"},"geometry":{"type":"MultiPolygon","coordinates":[[[[73.8520608,18.5288692],[73.8521402,18.5288152],[73.852421,18.5291872],[73.8523416,18.5292411],[73.8520608,18.5288692]]]]}},
{"type":"Feature","properties":{"osm_id":"118011959","code":1500,"fclass":"building","name":"Bulding 6","type":"dormitory"},"geometry":{"type":"MultiPolygon","coordinates":[[[[73.8516644,18.5283631],[73.8517237,18.5283207],[73.8519571,18.5286144],[73.8518978,18.5286568],[73.8516644,18.5283631]]]]}},
{"type":"Feature","properties":{"osm_id":"118011960","code":1500,"fclass":"building","name":"","type":"dormitory"},"geometry":{"type":"MultiPolygon","coordinates":[[[[73.851908,18.5286701],[73.8519745,18.528621],[73.852112,18.5287886],[73.8520456,18.5288377],[73.851908,18.5286701]]]]}},
{"type":"Feature","properties":{"osm_id":"118011961","code":1500,"fclass":"building","name":"building 2","type":""},"geometry":{"type":"MultiPolygon","coordinates":[[[[73.8504216,18.5283717],[73.850721,18.5279508],[73.8508829,18.5280543],[73.8508436,18.5281096],[73.8507741,18.5280652],[73.85056,18.5283663],[73.8506281,18.5284099],[73.8505822,18.5284744],[73.8504216,18.5283717]]]]}},
{"type":"Feature","properties":{"osm_id":"118011962","code":1500,"fclass":"building","name":"Building 1","type":""},"geometry":{"type":"MultiPolygon","coordinates":[[[[73.8508468,18.5284874],[73.8509453,18.5284762],[73.8510006,18.5289142],[73.850902,18.5289254],[73.8508468,18.5284874]]]]}},
{"type":"Feature","properties":{"osm_id":"118012068","code":1500,"fclass":"building","name":"","type":""},"geometry":{"type":"MultiPolygon","coordinates":[[[[73.8501577,18.5290408],[73.8502978,18.5286465],[73.8503831,18.5286737],[73.8502429,18.5290681],[73.8501577,18.5290408]]]]}},
{"type":"Feature","properties":{"osm_id":"118012070","code":1500,"fclass":"building","name":"","type":""},"geometry":{"type":"MultiPolygon","coordinates":[[[[73.8442185,18.5266447],[73.844299,18.5265837],[73.8444063,18.526721],[73.8447925,18.5267058],[73.8448622,18.5265634],[73.8449427,18.5266142],[73.844873,18.5267465],[73.8449534,18.526894],[73.8448891,18.5269397],[73.8447925,18.5268075],[73.8444009,18.5268177],[73.8443419,18.5269499],[73.8442453,18.5269092],[73.8443258,18.526777],[73.8442185,18.5266447]]]]}},
{"type":"Feature","properties":{"osm_id":"118012073","code":1500,"fclass":"building","name":"","type":""},"geometry":{"type":"MultiPolygon","coordinates":[[[[73.8452112,18.5250799],[73.8461926,18.5249204],[73.8462141,18.5250832],[73.8462945,18.5250679],[73.8463214,18.5252205],[73.846434,18.5252154],[73.8465306,18.5257343],[73.8462999,18.5257546],[73.846198,18.5251544],[73.8453397,18.5252612],[73.8453719,18.5259276],[73.8461819,18.5259123],[73.8463804,18.5259021],[73.8464018,18.5261412],[73.8460585,18.5261564],[73.8460531,18.5260445],[73.845345,18.5260954],[73.8453289,18.5260496],[73.8452501,18.526045],[73.8452163,18.5252816],[73.8452383,18.5252668],[73.8452112,18.5250799]]]]}},
{"type":"Feature","properties":{"osm_id":"118012311","code":1500,"fclass":"building","name":"","type":""},"geometry":{"type":"MultiPolygon","coordinates":[[[[73.8529856,18.5268897],[73.8531757,18.5268504],[73.8532021,18.5269654],[73.8535462,18.5268943],[73.853521,18.5267846],[73.853693,18.5267491],[73.8537455,18.5269782],[73.8535467,18.5270192],[73.8535374,18.5269788],[73.8534268,18.5270016],[73.8534367,18.5270446],[73.8534906,18.5270335],[73.8535063,18.5271022],[73.8532955,18.5271458],[73.8532799,18.5270777],[73.8533654,18.52706],[73.8533553,18.5270163],[73.8531997,18.5270485],[73.8532101,18.5270941],[73.8530405,18.5271291],[73.8529856,18.5268897]]]]}},
{"type":"Feature","properties":{"osm_id":"120400284","code":1500,"fclass":"building","name":"","type":""},"geometry":{"type":"MultiPolygon","coordinates":[[[[73.87827,18.5159082],[73.8786748,18.5159054],[73.8786761,18.5160669],[73.8782713,18.5160697],[73.87827,18.5159082]]]]}},
{"type":"Feature","properties":{"osm_id":"121807063","code":1500,"fclass":"building","name":"","type":""},"geometry":{"type":"MultiPolygon","coordinates":[[[[73.893262,18.5558201],[73.8941336,18.555793],[73.8941408,18.5560002],[73.8932692,18.5560273],[73.893262,18.5558201]]]]}},
{"type":"Feature","properties":{"osm_id":"121807065","code":1500,"fclass":"building","name":"shastri nagar","type":"residential"},"geometry":{"type":"MultiPolygon","coordinates":[[[[73.8940053,18.5562145],[73.8940322,18.5560264],[73.8945252,18.5561004],[73.8946062,18.5563264],[73.894456,18.5562959],[73.8944232,18.5565072],[73.894236,18.556479],[73.894236,18.5562603],[73.8940053,18.5562145]]]]}},
{"type":"Feature","properties":{"osm_id":"121807066","code":1500,"fclass":"building","name":"","type":""},"geometry":{"type":"MultiPolygon","coordinates":[[[[73.8944236,18.5560558],[73.8944357,18.5557722],[73.8955584,18.5558153],[73.8955476,18.5560672],[73.8954615,18.5560639],[73.8954445,18.5564623],[73.8951965,18.5564527],[73.8951996,18.55638],[73.8952121,18.5560861],[73.8944236,18.5560558]]]]}},
{"type":"Feature","properties":{"osm_id":"121807067","code":1500,"fclass":"building","name":"","type":""},"geometry":{"type":"MultiPolygon","coordinates":[[[[73.8934147,18.5562733],[73.8934313,18.5562094],[73.8939141,18.5564739],[73.8938213,18.5565255],[73.8937479,18.5565502],[73.8936459,18.5565553],[73.8935432,18.5565252],[73.8934743,18.5564688],[73.8934201,18.5563597],[73.8934147,18.5562733]]]]}},
{"type":"Feature","properties":{"osm_id":"121807068","code":1500,"fclass":"building","name":"","type":""},"geometry":{"type":"MultiPolygon","coordinates":[[[[73.8929217,18.5562705],[73.8931631,18.556184],[73.8932275,18.5563518],[73.8932758,18.5563417],[73.893367,18.5565502],[73.893308,18.5565654],[73.8933616,18.556718],[73.8935059,18.5568225],[73.8940322,18.5566315],[73.8941502,18.5568248],[73.8933884,18.5570994],[73.8932221,18.5568858],[73.8931787,18.5569445],[73.8929217,18.5562705]]]]}},
{"type":"Feature","properties":{"osm_id":"121807069","code":1500,"fclass":"building","name":"","type":""},"geometry":{"type":"MultiPolygon","coordinates":[[[[73.8948046,18.5563162],[73.8950085,18.5563264],[73.8950729,18.5562603],[73.8951996,18.55638],[73.8951965,18.5564527],[73.8954445,18.5564623],[73.8955047,18.556512],[73.8953625,18.5566722],[73.8952746,18.5568639],[73.8948046,18.5565603],[73.8948154,18.5564739],[73.8948958,18.5564993],[73.894965,18.5564258],[73.8948046,18.5563162]]]]}},
{"type":"Feature","properties":{"osm_id":"121807071","code":1500,"fclass":"building","name":"","type":""},"geometry":{"type":"MultiPolygon","coordinates":[[[[73.8935254,18.5562476],[73.8936651,18.5560203],[73.8939854,18.5561972],[73.8938751,18.5563767],[73.8938077,18.5563395],[73.8937783,18.5563873],[73.8935254,18.5562476]]]]}},
{"type":"Feature","properties":{"osm_id":"121808784","code":1500,"fclass":"building","name":"","type":""},"geometry":{"type":"MultiPolygon","coordinates":[[[[73.9034751,18.5162373],[73.903974,18.5162283],[73.9039779,18.516419],[73.9034789,18.516428],[73.9034751,18.5162373]]]]}},
{"type":"Feature","properties":{"osm_id":"121808786","code":1500,"fclass":"building","name":"","type":""},"geometry":{"type":"MultiPolygon","coordinates":[[[[73.9042048,18.5162424],[73.9046929,18.5162336],[73.9046965,18.5164139],[73.9042085,18.5164227],[73.9042048,18.5162424]]]]}},
{"type":"Feature","properties":{"osm_id":"121808787","code":1500,"fclass":"building","name":"","type":""},"geometry":{"type":"MultiPolygon","coordinates":[[[[73.9039169,18.5166002],[73.90422,18.5166002],[73.90422,18.5167706],[73.9039169,18.5167706],[73.9039169,18.5166002]]]]}},
{"type":"Feature","properties":{"osm_id":"121808791","code":1500,"fclass":"building","name":"","type":""},"geometry":{"type":"MultiPolygon","coordinates":[[[[73.9043057,18.5166616],[73.9043062,18.5165877],[73.9046708,18.5165898],[73.9046703,18.5166637],[73.9043057,18.5166616]]]]}},
{"type":"Feature","properties":{"osm_id":"121808793","code":1500,"fclass":"building","name":"","type":"school"},"geometry":{"type":"MultiPolygon","coordinates":[[[[73.9023781,18.5178239],[73.9024097,18.5176496],[73.9025078,18.5176656],[73.9024933,18.5177458],[73.902704,18.5177801],[73.9026869,18.5178742],[73.9023781,18.5178239]]]]}},
{"type":"Feature","properties":{"osm_id":"121893353","code":1500,"fclass":"building","name":"","type":""},"geometry":{"type":"MultiPolygon","coordinates":[[[[73.8698033,18.5129472],[73.86982,18.5128226],[73.8700964,18.512856],[73.8700932,18.5128798],[73.8701259,18.5128837],[73.8701291,18.5128599],[73.8704036,18.5128931],[73.8703869,18.5130176],[73.8698033,18.5129472]]]]}},
{"type":"Feature","properties":{"osm_id":"121893355","code":1500,"fclass":"building","name":"","type":""},"geometry":{"type":"MultiPolygon","coordinates":[[[[73.8697737,18.5131406],[73.8697919,18.5130047],[73.8700691,18.5130382],[73.8700643,18.5130739],[73.8701004,18.5130783],[73.8701052,18.5130425],[73.8703875,18.5130766],[73.8703692,18.5132124],[73.8697737,18.5131406]]]]}},
{"type":"Feature","properties":{"osm_id":"121893358","code":1500,"fclass":"building","name":"","type":""},"geometry":{"type":"MultiPolygon","coordinates":[[[[73.8697526,18.5133007],[73.8697707,18.5131655],[73.8700542,18.5131997],[73.87005,18.5132307],[73.8700806,18.5132344],[73.8700848,18.5132034],[73.8703656,18.5132373],[73.8703475,18.5133725],[73.8697526,18.5133007]]]]}},
{"type":"Feature","properties":{"osm_id":"121895445","code":1500,"fclass":"building","name":"","type":""},"geometry":{"type":"MultiPolygon","coordinates":[[[[73.8801652,18.5334715],[73.8801756,18.533133],[73.8803297,18.5331373],[73.8803193,18.5334758],[73.8801652,18.5334715]]]]}},
{"type":"Feature","properties":{"osm_id":"121895446","code":1500,"fclass":"building","name":"","type":""},"geometry":{"type":"MultiPolygon","coordinates":[[[[73.8762792,18.5299472],[73.8763651,18.5297946],[73.8766944,18.5299607],[73.8766408,18.5300421],[73.8768393,18.5301641],[73.8769466,18.5300878],[73.8771665,18.5299607],[73.8772309,18.5300777],[73.877027,18.5302252],[73.8769627,18.5303523],[73.8770753,18.5303218],[73.8771161,18.530466],[73.8767964,18.5305405],[73.8767695,18.5304693],[73.8767534,18.5305303],[73.8767159,18.5305253],[73.8766891,18.5304846],[73.8766623,18.5304439],[73.8766226,18.5304304],[73.8765711,18.5304134],[73.8765314,18.5303999],[73.876496,18.5303676],[73.8764616,18.5303388],[73.8764369,18.5302964],[73.8765335,18.5301946],[73.8763565,18.530098],[73.8764101,18.5300421],[73.8762792,18.5299472]]]]}},
{"type":"Feature","properties":{"osm_id":"121895449","code":1500,"fclass":"building","name":"","type":""},"geometry":{"type":"MultiPolygon","coordinates":[[[[73.877437,18.5343505],[73.8775617,18.5337522],[73.8778125,18.5337992],[73.8776879,18.5343975],[73.877437,18.5343505]]]]}},
{"type":"Feature","properties":{"osm_id":"121895452","code":1500,"fclass":"building","name":"","type":""},"geometry":{"type":"MultiPolygon","coordinates":[[[[73.8793815,18.532783],[73.8793916,18.5324529],[73.8795091,18.5324561],[73.879504,18.5326268],[73.880044,18.5326417],[73.880049,18.5324764],[73.8802006,18.5324807],[73.8801906,18.5328057],[73.8800816,18.5328038],[73.880041,18.5328017],[73.8800439,18.5327087],[73.8795434,18.5326949],[73.8795406,18.5327873],[73.8793815,18.532783]]]]}},
{"type":"Feature","properties":{"osm_id":"121895455","code":1500,"fclass":"building","name":"","type":""},"geometry":{"type":"MultiPolygon","coordinates":[[[[73.8795681,18.5330388],[73.8795688,18.5328793],[73.8800194,18.5328811],[73.8800199,18.5330454],[73.8795681,18.5330388]]]]}},
{"type":"Feature","properties":{"osm_id":"121895456","code":1500,"fclass":"building","name":"","type":""},"geometry":{"type":"MultiPolygon","coordinates":[[[[73.8801906,18.5328057],[73.8802006,18.5324807],[73.8803363,18.5324895],[73.8803263,18.5328145],[73.8801906,18.5328057]]]]}},
{"type":"Feature","properties":{"osm_id":"121896445","code":1500,"fclass":"building","name":"","type":""},"geometry":{"type":"MultiPolygon","coordinates":[[[[73.8553557,18.512636],[73.8553622,18.5124434],[73.8558436,18.5124581],[73.8558314,18.5128187],[73.8555731,18.5128109],[73.855576,18.5127267],[73.8554096,18.5127217],[73.8554124,18.5126377],[73.8553557,18.512636]]]]}},
{"type":"Feature","properties":{"osm_id":"121896446","code":1500,"fclass":"building","name":"","type":""},"geometry":{"type":"MultiPolygon","coordinates":[[[[73.8559985,18.512397],[73.8560098,18.5119661],[73.8564759,18.5119646],[73.8568574,18.5121238],[73.8568407,18.512458],[73.8559985,18.512397]]]]}},
{"type":"Feature","properties":{"osm_id":"121896447","code":1500,"fclass":"building","name":"Hutatma Babu Genu Parking","type":""},"geometry":{"type":"MultiPolygon","coordinates":[[[[73.8556981,18.5139129],[73.8557019,18.5137325],[73.8558161,18.5137348],[73.8558161,18.5135568],[73.855918,18.5135619],[73.856101,18.5136906],[73.8561165,18.5139739],[73.8558751,18.5139739],[73.8558757,18.5139246],[73.8556981,18.5139129]]]]}},
{"type":"Feature","properties":{"osm_id":"121898090","code":1500,"fclass":"building","name":"","type":""},"geometry":{"type":"MultiPolygon","coordinates":[[[[73.8389992,18.5131268],[73.8391379,18.5129142],[73.8394592,18.5131072],[73.8394232,18.5131567],[73.8391201,18.513208],[73.8389992,18.5131268]]]]}},
{"type":"Feature","properties":{"osm_id":"121898091","code":1500,"fclass":"building","name":"","type":"school"},"geometry":{"type":"MultiPolygon","coordinates":[[[[73.8444532,18.5110693],[73.8446951,18.5107491],[73.8445446,18.5103943],[73.8446358,18.5103587],[73.8448021,18.5107199],[73.8452256,18.5107641],[73.8452045,18.5108725],[73.8447866,18.5108168],[73.8445407,18.5111243],[73.8444532,18.5110693]]]]}},
{"type":"Feature","properties":{"osm_id":"121898092","code":1500,"fclass":"building","name":"Persistent Systems","type":""},"geometry":{"type":"MultiPolygon","coordinates":[[[[73.8337577,18.5070006],[73.8338293,18.5069374],[73.8337875,18.5068948],[73.833836,18.5068519],[73.833819,18.5068347],[73.8340103,18.5066657],[73.8348084,18.5074842],[73.8346326,18.5076424],[73.8346138,18.5076232],[73.8345708,18.5076612],[73.8345364,18.5076261],[73.8344585,18.5076949],[73.8342396,18.507472],[73.8342896,18.5074278],[73.8341506,18.5073125],[73.8340421,18.5071758],[73.833982,18.5072289],[73.8337577,18.5070006]]]]}},
{"type":"Feature","properties":{"osm_id":"121898482","code":1500,"fclass":"building","name":"Balgandharva Rangmandir","type":""},"geometry":{"type":"MultiPolygon","coordinates":[[[[73.8484744,18.5220553],[73.8485352,18.5218335],[73.8489146,18.5219269],[73.8488539,18.5221487],[73.8484744,18.5220553]]]]}},
{"type":"Feature","properties":{"osm_id":"121898483","code":1500,"fclass":"building","name":"PES Modern PDMBA Sports Complex","type":"sports_hall"},"geometry":{"type":"MultiPolygon","coordinates":[[[[73.8476661,18.5252605],[73.8480722,18.5251006],[73.8482133,18.5254231],[73.8478072,18.5255829],[73.8476661,18.5252605]]]]}},
{"type":"Feature","properties":{"osm_id":"121898485","code":1500,"fclass":"building","name":"","type":""},"geometry":{"type":"MultiPolygon","coordinates":[[[[73.8469638,18.526516],[73.8471971,18.526516],[73.8471971,18.5266863],[73.8469638,18.5266863],[73.8469638,18.526516]]]]}},
{"type":"Feature","properties":{"osm_id":"121898486","code":1500,"fclass":"building","name":"","type":""},"geometry":{"type":"MultiPolygon","coordinates":[[[[73.8480662,18.525079],[73.8482243,18.5250122],[73.8482683,18.5251058],[73.8481103,18.5251727],[73.8480662,18.525079]]]]}},
{"type":"Feature","properties":{"osm_id":"121898628","code":1500,"fclass":"building","name":"","type":""},"geometry":{"type":"MultiPolygon","coordinates":[[[[73.8709885,18.5299578],[73.8710013,18.5298156],[73.8718073,18.5298811],[73.8717662,18.5302852],[73.8715566,18.530274],[73.8715554,18.5302054],[73.8716234,18.5302105],[73.8716398,18.5300858],[73.8714206,18.5300679],[73.8714146,18.5301349],[73.8711616,18.5301143],[73.8711665,18.5300603],[73.871098,18.5300547],[73.8711059,18.5299673],[73.8709885,18.5299578]]]]}},
{"type":"Feature","properties":{"osm_id":"121898629","code":1500,"fclass":"building","name":"","type":""},"geometry":{"type":"MultiPolygon","coordinates":[[[[73.8748255,18.5396089],[73.8748846,18.5392612],[73.8752587,18.5393183],[73.8751996,18.5396661],[73.8748255,18.5396089]]]]}},
{"type":"Feature","properties":{"osm_id":"121898699","code":1500,"fclass":"building","name":"","type":""},"geometry":{"type":"MultiPolygon","coordinates":[[[[73.8819016,18.5170687],[73.8824392,18.5170191],[73.8824218,18.5168493],[73.8819357,18.5168941],[73.8819198,18.5167392],[73.8825095,18.5166848],[73.8826345,18.5179043],[73.8825328,18.5179137],[73.8824836,18.5174345],[73.8819319,18.5174853],[73.8819232,18.5174004],[73.8824681,18.5173502],[73.8824431,18.5171064],[73.8819105,18.5171555],[73.8819016,18.5170687]]]]}},
{"type":"Feature","properties":{"osm_id":"121898933","code":1500,"fclass":"building","name":"Jewel Square Mall","type":""},"geometry":{"type":"MultiPolygon","coordinates":[[[[73.8856292,18.5389738],[73.8856306,18.5389056],[73.8856502,18.538884],[73.8856502,18.5388141],[73.8856778,18.5388152],[73.8856772,18.5387281],[73.8860795,18.5387332],[73.8860949,18.5387472],[73.8861291,18.5387427],[73.8861606,18.5387821],[73.8861606,18.5389392],[73.8862069,18.5389385],[73.8862096,18.53906],[73.8861452,18.5390212],[73.886046,18.5390905],[73.8859189,18.5390889],[73.8859192,18.5390425],[73.8856617,18.5390441],[73.8856614,18.5389748],[73.8856292,18.5389738]]]]}},
{"type":"Feature","properties":{"osm_id":"121981156","code":1500,"fclass":"building","name":"The Residency Club","type":""},"geometry":{"type":"MultiPolygon","coordinates":[[[[73.8797545,18.5290782],[73.8799637,18.5290774],[73.8799632,18.5289498],[73.8800807,18.5289493],[73.8800804,18.5288827],[73.8801491,18.5288825],[73.8801494,18.5289536],[73.8802814,18.5289531],[73.8802832,18.5293702],[73.8800287,18.5293711],[73.8800285,18.5293302],[73.879964,18.5293304],[73.8799637,18.5292501],[73.8797553,18.5292509],[73.8797545,18.5290782]]]]}},
{"type":"Feature","properties":{"osm_id":"125482922","code":1500,"fclass":"building","name":"","type":""},"geometry":{"type":"MultiPolygon","coordinates":[[[[73.8606653,18.5005542],[73.8611535,18.5004932],[73.8616953,18.5003357],[73.8617312,18.5004754],[73.8612028,18.5006379],[73.8608073,18.5006951],[73.8606761,18.5007068],[73.8606653,18.5005542]]]]}},
{"type":"Feature","properties":{"osm_id":"125482923","code":1500,"fclass":"building","name":"","type":""},"geometry":{"type":"MultiPolygon","coordinates":[[[[73.8600373,18.4992707],[73.8601828,18.4992626],[73.8602085,18.4996786],[73.860063,18.4996867],[73.8600373,18.4992707]]]]}},
{"type":"Feature","properties":{"osm_id":"125482928","code":1500,"fclass":"building","name":"","type":""},"geometry":{"type":"MultiPolygon","coordinates":[[[[73.8608073,18.5006951],[73.8612028,18.5006379],[73.8612395,18.5008662],[73.860844,18.5009234],[73.8608073,18.5006951]]]]}},
{"type":"Feature","properties":{"osm_id":"125482929","code":1500,"fclass":"building","name":"Shivajirao Dhere Udyog Bhavan","type":"commercial"},"geometry":{"type":"MultiPolygon","coordinates":[[[[73.8554859,18.5035162],[73.8560674,18.502985],[73.8561734,18.5030894],[73.8555356,18.5036718],[73.8555088,18.5036437],[73.8554859,18.5035162]]]]}},
{"type":"Feature","properties":{"osm_id":"125487662","code":1500,"fclass":"building","name":"","type":"manufacture"},"geometry":{"type":"MultiPolygon","coordinates":[[[[73.9575419,18.4669579],[73.9589617,18.4668259],[73.9590075,18.4672698],[73.9575878,18.4674018],[73.9575419,18.4669579]]]]}},
{"type":"Feature","properties":{"osm_id":"126325036","code":1500,"fclass":"building","name":"","type":"school"},"geometry":{"type":"MultiPolygon","coordinates":[[[[73.8294075,18.5220425],[73.8296473,18.5220389],[73.8296435,18.5220993],[73.8295986,18.52211],[73.8296136,18.5221739],[73.829651,18.5221988],[73.829651,18.5222734],[73.8294749,18.5222769],[73.8294075,18.5220425]]]]}},
{"type":"Feature","properties":{"osm_id":"126349324","code":1500,"fclass":"building","name":"","type":"warehouse"},"geometry":{"type":"MultiPolygon","coordinates":[[[[73.8928075,18.5313982],[73.8939814,18.531267],[73.8940211,18.5315863],[73.8928472,18.5317175],[73.8928075,18.5313982]]]]}},
{"type":"Feature","properties":{"osm_id":"126349325","code":1500,"fclass":"building","name":"","type":"warehouse"},"geometry":{"type":"MultiPolygon","coordinates":[[[[73.8916838,18.5319886],[73.8922685,18.5319269],[73.892302,18.532212],[73.8917173,18.5322737],[73.8916838,18.5319886]]]]}},
{"type":"Feature","properties":{"osm_id":"126349326","code":1500,"fclass":"building","name":"","type":""},"geometry":{"type":"MultiPolygon","coordinates":[[[[73.8669468,18.5261648],[73.8670588,18.52607],[73.8686241,18.5277325],[73.8685121,18.5278274],[73.8669468,18.5261648]]]]}},
{"type":"Feature","properties":{"osm_id":"126349328","code":1500,"fclass":"building","name":"","type":"warehouse"},"geometry":{"type":"MultiPolygon","coordinates":[[[[73.8915983,18.5315437],[73.892768,18.531413],[73.8928071,18.5317282],[73.8916375,18.5318589],[73.8915983,18.5315437]]]]}},
{"type":"Feature","properties":{"osm_id":"126349329","code":1500,"fclass":"building","name":"","type":"warehouse"},"geometry":{"type":"MultiPolygon","coordinates":[[[[73.8936007,18.5317597],[73.8939555,18.5317257],[73.8939859,18.5320103],[73.8936311,18.5320443],[73.8936007,18.5317597]]]]}},
{"type":"Feature","properties":{"osm_id":"126349331","code":1500,"fclass":"building","name":"","type":"warehouse"},"geometry":{"type":"MultiPolygon","coordinates":[[[[73.8917433,18.532678],[73.8922907,18.5326145],[73.8923279,18.5329029],[73.8917804,18.5329663],[73.8917433,18.532678]]]]}},
{"type":"Feature","properties":{"osm_id":"126349334","code":1500,"fclass":"building","name":"","type":"apartments"},"geometry":{"type":"MultiPolygon","coordinates":[[[[73.8833502,18.5401042],[73.8835736,18.5399783],[73.8835219,18.5403788],[73.8833502,18.5401042]]]]}},
{"type":"Feature","properties":{"osm_id":"126349335","code":1500,"fclass":"building","name":"","type":""},"geometry":{"type":"MultiPolygon","coordinates":[[[[73.8874125,18.5385816],[73.8874132,18.5382468],[73.8877676,18.5382474],[73.887767,18.5385822],[73.8874125,18.5385816]]]]}},
{"type":"Feature","properties":{"osm_id":"126349342","code":1500,"fclass":"building","name":"","type":"warehouse"},"geometry":{"type":"MultiPolygon","coordinates":[[[[73.8922929,18.5319294],[73.8934572,18.5317839],[73.8934948,18.5320545],[73.8923305,18.5321999],[73.8922929,18.5319294]]]]}},
{"type":"Feature","properties":{"osm_id":"126349343","code":1500,"fclass":"building","name":"","type":"warehouse"},"geometry":{"type":"MultiPolygon","coordinates":[[[[73.8917133,18.5323796],[73.892336,18.5323102],[73.8923621,18.5325206],[73.8917393,18.53259],[73.8917133,18.5323796]]]]}},
{"type":"Feature","properties":{"osm_id":"126349344","code":1500,"fclass":"building","name":"","type":""},"geometry":{"type":"MultiPolygon","coordinates":[[[[73.8666493,18.5262556],[73.866781,18.5261454],[73.86786,18.5273048],[73.8677283,18.527415],[73.8666493,18.5262556]]]]}},
{"type":"Feature","properties":{"osm_id":"126349345","code":1500,"fclass":"building","name":"","type":""},"geometry":{"type":"MultiPolygon","coordinates":[[[[73.869895,18.5276717],[73.8698985,18.5275909],[73.8701876,18.5276022],[73.8701841,18.527683],[73.869895,18.5276717]]]]}},
{"type":"Feature","properties":{"osm_id":"126349348","code":1500,"fclass":"building","name":"","type":"warehouse"},"geometry":{"type":"MultiPolygon","coordinates":[[[[73.8923558,18.5323074],[73.8935113,18.5321669],[73.8935375,18.5323607],[73.892382,18.5325011],[73.8923558,18.5323074]]]]}},
{"type":"Feature","properties":{"osm_id":"126349349","code":1500,"fclass":"building","name":"","type":""},"geometry":{"type":"MultiPolygon","coordinates":[[[[73.8698996,18.5274918],[73.8699032,18.5274086],[73.8701948,18.52742],[73.8701912,18.5275031],[73.8698996,18.5274918]]]]}},
{"type":"Feature","properties":{"osm_id":"126349350","code":1500,"fclass":"building","name":"","type":""},"geometry":{"type":"MultiPolygon","coordinates":[[[[73.8673918,18.526038],[73.8675037,18.5259454],[73.8694132,18.5280211],[73.8693012,18.5281137],[73.8673918,18.526038]]]]}},
{"type":"Feature","properties":{"osm_id":"126349351","code":1500,"fclass":"building","name":"","type":""},"geometry":{"type":"MultiPolygon","coordinates":[[[[73.8698505,18.5273039],[73.8698541,18.52722],[73.8701465,18.5272314],[73.8701429,18.5273153],[73.8698505,18.5273039]]]]}},
{"type":"Feature","properties":{"osm_id":"127046362","code":1500,"fclass":"building","name":"","type":"school"},"geometry":{"type":"MultiPolygon","coordinates":[[[[73.9050821,18.5521728],[73.9052024,18.5521708],[73.9052026,18.5521808],[73.905385,18.5521778],[73.9053849,18.5521695],[73.9054399,18.5521686],[73.9054401,18.5521772],[73.9056556,18.5521736],[73.9056554,18.5521628],[73.9057762,18.5521607],[73.9057783,18.5522716],[73.9057664,18.5522718],[73.9057704,18.5524796],[73.9058077,18.5524789],[73.9058078,18.5524849],[73.9058147,18.5524848],[73.9058213,18.5524868],[73.9058254,18.5524906],[73.9058274,18.5524977],[73.9058261,18.552505],[73.9058227,18.5525105],[73.9058161,18.5525131],[73.9058085,18.5525133],[73.9058096,18.5525632],[73.9058334,18.5525627],[73.9058374,18.5527418],[73.9058074,18.5527424],[73.9058085,18.5527931],[73.9058163,18.5527929],[73.9058236,18.5527965],[73.9058272,18.552801],[73.9058283,18.5528074],[73.9058269,18.5528138],[73.9058222,18.5528195],[73.9058172,18.5528228],[73.9058094,18.552823],[73.9058096,18.552831],[73.905784,18.5528316],[73.9057932,18.553186],[73.9057222,18.5531876],[73.9055728,18.5531911],[73.9054738,18.5531934],[73.9052365,18.5531989],[73.9052031,18.5531997],[73.9051343,18.5532013],[73.9051301,18.5530379],[73.9052213,18.5530358],[73.9052221,18.5530674],[73.9056206,18.5530588],[73.9056189,18.5529866],[73.9056755,18.5529854],[73.9056737,18.552907],[73.9056383,18.5529077],[73.9056374,18.5528598],[73.9054817,18.5528626],[73.9054759,18.5525673],[73.9056836,18.5525637],[73.9056804,18.5523998],[73.9055924,18.5524013],[73.9055912,18.552338],[73.9052035,18.5523445],[73.9052044,18.5523944],[73.9050861,18.5523963],[73.9050821,18.5521728]]]]}},
{"type":"Feature","properties":{"osm_id":"145694256","code":1500,"fclass":"building","name":"Muktangan English School","type":"residential"},"geometry":{"type":"MultiPolygon","coordinates":[[[[73.8517778,18.4902722],[73.8518006,18.4897357],[73.8521314,18.4897483],[73.8521085,18.4902849],[73.8517778,18.4902722]]]]}},
{"type":"Feature","properties":{"osm_id":"145709991","code":1500,"fclass":"building","name":"Dhume Badminton Complex","type":"public"},"geometry":{"type":"MultiPolygon","coordinates":[[[[73.8482605,18.4887364],[73.8483196,18.488574],[73.8487105,18.4887021],[73.8486514,18.4888645],[73.8482605,18.4887364]]]]}},
{"type":"Feature","properties":{"osm_id":"147854712","code":1500,"fclass":"building","name":"Royal Orchid Central","type":""},"geometry":{"type":"MultiPolygon","coordinates":[[[[73.9062704,18.5464181],[73.9062758,18.5462586],[73.9063123,18.5462597],[73.906315,18.5461783],[73.9063372,18.5461789],[73.9063391,18.5461231],[73.9064221,18.5461256],[73.9064243,18.5460611],[73.9064843,18.546063],[73.906485,18.5460424],[73.9065651,18.5460449],[73.9065657,18.5460285],[73.906689,18.5460323],[73.9066696,18.5466029],[73.9064643,18.5465967],[73.9064648,18.5465818],[73.9064574,18.5465816],[73.9064244,18.5465805],[73.9064251,18.5465592],[73.9063661,18.5465574],[73.906368,18.5465005],[73.9063139,18.5464988],[73.9063166,18.5464195],[73.9062704,18.5464181]]]]}},
{"type":"Feature","properties":{"osm_id":"148788425","code":1500,"fclass":"building","name":"","type":"apartments"},"geometry":{"type":"MultiPolygon","coordinates":[[[[73.9087677,18.5462256],[73.9090162,18.5462117],[73.9090316,18.5464581],[73.9092833,18.546444],[73.9092984,18.5466873],[73.9090282,18.5467025],[73.9090123,18.5464476],[73.9087823,18.5464605],[73.9087677,18.5462256]]]]}},
{"type":"Feature","properties":{"osm_id":"149110266","code":1500,"fclass":"building","name":"Centro Mall","type":""},"geometry":{"type":"MultiPolygon","coordinates":[[[[73.8381751,18.5344408],[73.8387064,18.5341083],[73.8389759,18.5344617],[73.8384639,18.5348084],[73.8381751,18.5344408]]]]}},
{"type":"Feature","properties":{"osm_id":"149549389","code":1500,"fclass":"building","name":"Wakefield IT Park","type":""},"geometry":{"type":"MultiPolygon","coordinates":[[[[73.9106586,18.5607088],[73.91068,18.5605876],[73.910882,18.5605558],[73.910882,18.5605041],[73.9109637,18.5604931],[73.9109713,18.5605347],[73.9110147,18.56053],[73.9110607,18.5606652],[73.9110905,18.5607158],[73.9111297,18.5607425],[73.9112116,18.5608285],[73.9112853,18.5608582],[73.91132,18.5608523],[73.911391,18.5608527],[73.9114393,18.5608604],[73.9114981,18.5608936],[73.911536,18.5609311],[73.9115621,18.5609629],[73.9115695,18.5610041],[73.9115745,18.5610723],[73.9115422,18.5611382],[73.9115704,18.5611607],[73.9114995,18.5612359],[73.9115312,18.5612609],[73.9114687,18.561318],[73.9115163,18.5613475],[73.9114764,18.5614347],[73.9114163,18.5614919],[73.9113385,18.5615386],[73.9111475,18.5614241],[73.9110346,18.5613347],[73.9109613,18.561251],[73.9107856,18.5610528],[73.9107181,18.5609523],[73.9106884,18.5608288],[73.9106586,18.5607088]]]]}},
{"type":"Feature","properties":{"osm_id":"149955069","code":1500,"fclass":"building","name":"","type":""},"geometry":{"type":"MultiPolygon","coordinates":[[[[73.9649882,18.5553934],[73.9651032,18.5553878],[73.9651044,18.5554155],[73.965103,18.5554592],[73.9649967,18.5554663],[73.964991,18.5554297],[73.9649882,18.5553934]]]]}},
{"type":"Feature","properties":{"osm_id":"149955673","code":1500,"fclass":"building","name":"","type":""},"geometry":{"type":"MultiPolygon","coordinates":[[[[73.9655962,18.5546988],[73.9657928,18.5546712],[73.9658142,18.5548136],[73.9656909,18.5548289],[73.965615,18.5547904],[73.9655962,18.5546988]]]]}},
{"type":"Feature","properties":{"osm_id":"149955675","code":1500,"fclass":"building","name":"","type":""},"geometry":{"type":"MultiPolygon","coordinates":[[[[73.9653073,18.5548492],[73.9653575,18.5547751],[73.9655238,18.5547471],[73.9655801,18.5550981],[73.9653655,18.5551184],[73.9653073,18.5548492]]]]}},
{"type":"Feature","properties":{"osm_id":"149955677","code":1500,"fclass":"building","name":"","type":""},"geometry":{"type":"MultiPolygon","coordinates":[[[[73.9666497,18.5547479],[73.9667308,18.5546214],[73.9667562,18.5546361],[73.966703,18.554719],[73.9667721,18.5547588],[73.9667983,18.554718],[73.9668852,18.554768],[73.9668096,18.5548861],[73.9667189,18.5548339],[73.9667405,18.5548002],[73.9666497,18.5547479]]]]}},
{"type":"Feature","properties":{"osm_id":"150515942","code":1500,"fclass":"building","name":"","type":""},"geometry":{"type":"MultiPolygon","coordinates":[[[[73.8665088,18.5208294],[73.8665101,18.5202128],[73.8666527,18.5202131],[73.8666537,18.5197207],[73.8668032,18.519721],[73.8668027,18.5199705],[73.8670006,18.5199708],[73.8670008,18.5198418],[73.8668584,18.5198416],[73.8668585,18.5197598],[73.8669337,18.51976],[73.8669338,18.5196987],[73.867413,18.5196996],[73.8674127,18.5198454],[73.8671198,18.5198448],[73.8671195,18.5200087],[73.8671651,18.5200087],[73.8671649,18.5200854],[73.8675044,18.520086],[73.867504,18.5202551],[73.8667249,18.5202537],[73.8667237,18.5208298],[73.8665088,18.5208294]]]]}},
{"type":"Feature","properties":{"osm_id":"151720278","code":1500,"fclass":"building","name":"","type":"train_station"},"geometry":{"type":"MultiPolygon","coordinates":[[[[73.851147,18.5328074],[73.8513812,18.5323255],[73.8514638,18.5323616],[73.8512297,18.5328435],[73.851147,18.5328074]]]]}},
{"type":"Feature","properties":{"osm_id":"157291398","code":1500,"fclass":"building","name":"Shree Krupa Shrusti Apartment","type":"residential"},"geometry":{"type":"MultiPolygon","coordinates":[[[[73.847564,18.4420859],[73.8480013,18.4418794],[73.8480386,18.4420371],[73.8477767,18.4421405],[73.8478387,18.4422587],[73.8476912,18.4423283],[73.847564,18.4420859]]]]}},
{"type":"Feature","properties":{"osm_id":"157423557","code":1500,"fclass":"building","name":"Tower11","type":"commercial"},"geometry":{"type":"MultiPolygon","coordinates":[[[[73.9276461,18.5167982],[73.9276718,18.5167832],[73.9277944,18.5167117],[73.927945,18.5166238],[73.9279982,18.5165818],[73.9281277,18.516381],[73.9282598,18.5161762],[73.9286069,18.5163408],[73.9283152,18.5168226],[73.9282401,18.5168887],[73.9278465,18.5171161],[73.9276461,18.5167982]]]]}},
{"type":"Feature","properties":{"osm_id":"157425444","code":1500,"fclass":"building","name":"Tower12","type":"commercial"},"geometry":{"type":"MultiPolygon","coordinates":[[[[73.9282535,18.5160035],[73.9284107,18.5156938],[73.9284195,18.5156753],[73.9284456,18.5155361],[73.9284449,18.5155227],[73.9284438,18.5155025],[73.9284252,18.5151549],[73.9284537,18.5151537],[73.9284718,18.5151529],[73.9285247,18.5151506],[73.9285385,18.51515],[73.9286019,18.5151473],[73.9286407,18.5151456],[73.9287786,18.5151397],[73.9288001,18.5156435],[73.9287894,18.5157351],[73.928572,18.5161508],[73.9282535,18.5160035]]]]}},
{"type":"Feature","properties":{"osm_id":"158116622","code":1500,"fclass":"building","name":"Dwarka Suncrest Phase 1 Cooperative Society","type":"apartments"},"geometry":{"type":"MultiPolygon","coordinates":[[[[73.7898131,18.5987439],[73.7899994,18.5986849],[73.7903838,18.6001115],[73.7901446,18.6001644],[73.7899127,18.5991846],[73.7899592,18.5991271],[73.7899812,18.5990612],[73.789965,18.5989656],[73.7899417,18.5989039],[73.7898968,18.5988622],[73.7898504,18.5988591],[73.7898131,18.5987439]]]]}},
{"type":"Feature","properties":{"osm_id":"158322682","code":1500,"fclass":"building","name":"Krome","type":"supermarket"},"geometry":{"type":"MultiPolygon","coordinates":[[[[73.907378,18.5066931],[73.9079689,18.5066435],[73.9079957,18.5069284],[73.9073907,18.5069764],[73.907378,18.5066931]]]]}},
{"type":"Feature","properties":{"osm_id":"158889481","code":1500,"fclass":"building","name":"Florida Estate","type":""},"geometry":{"type":"MultiPolygon","coordinates":[[[[73.9376126,18.5306678],[73.9377065,18.5303702],[73.9378586,18.5303708],[73.937846,18.5306754],[73.9376126,18.5306678]]]]}},
{"type":"Feature","properties":{"osm_id":"159300653","code":1500,"fclass":"building","name":"Abhiruchi Mall and Multiplex","type":"retail"},"geometry":{"type":"MultiPolygon","coordinates":[[[[73.8163217,18.4626045],[73.8168269,18.4626191],[73.8169172,18.462868],[73.8169352,18.4630885],[73.8169197,18.4632446],[73.8168509,18.4634182],[73.816325,18.4634162],[73.8163217,18.4626045]]]]}},
{"type":"Feature","properties":{"osm_id":"159324277","code":1500,"fclass":"building","name":"","type":""},"geometry":{"type":"MultiPolygon","coordinates":[[[[73.853566,18.5293536],[73.8537455,18.5293034],[73.8537838,18.5294264],[73.8538063,18.5294201],[73.8538314,18.529501],[73.8536294,18.5295575],[73.853566,18.5293536]]]]}},
{"type":"Feature","properties":{"osm_id":"160919295","code":1500,"fclass":"building","name":"Prakash Woolen Cloths","type":""},"geometry":{"type":"MultiPolygon","coordinates":[[[[73.8562872,18.5177693],[73.8562891,18.5176035],[73.8563465,18.5176041],[73.8563447,18.5177699],[73.8562872,18.5177693]]]]}},
{"type":"Feature","properties":{"osm_id":"168413341","code":1500,"fclass":"building","name":"Shanti One","type":"commercial"},"geometry":{"type":"MultiPolygon","coordinates":[[[[73.9034374,18.5539925],[73.9035319,18.5535756],[73.9040771,18.5536998],[73.9041004,18.5535062],[73.9043424,18.5534805],[73.9043198,18.5538255],[73.9043036,18.553868],[73.9042156,18.5540993],[73.9044155,18.5541681],[73.9043472,18.5542903],[73.9040507,18.554185],[73.9037898,18.5540983],[73.9034374,18.5539925]]]]}},
{"type":"Feature","properties":{"osm_id":"168413349","code":1500,"fclass":"building","name":"Hyatt Regency Pune","type":"hotel"},"geometry":{"type":"MultiPolygon","coordinates":[[[[73.9117923,18.55914],[73.9119165,18.5591308],[73.9119196,18.5591687],[73.9119963,18.5591631],[73.9119995,18.5592021],[73.9121002,18.5591946],[73.9121038,18.5592383],[73.9121867,18.5592322],[73.91219,18.5592724],[73.9122716,18.5592663],[73.9122753,18.559311],[73.91238,18.5593032],[73.9123892,18.5594146],[73.9124882,18.5606172],[73.9121662,18.560641],[73.9121634,18.560607],[73.9121035,18.5606114],[73.9121067,18.5606507],[73.9119252,18.5606641],[73.9118772,18.5600812],[73.9123069,18.5600494],[73.9122816,18.5597419],[73.9118445,18.5597742],[73.9117923,18.55914]]]]}},
{"type":"Feature","properties":{"osm_id":"168413351","code":1500,"fclass":"building","name":"Mahadiscom Office","type":""},"geometry":{"type":"MultiPolygon","coordinates":[[[[73.9170375,18.5503254],[73.917189,18.5502526],[73.9172274,18.5503244],[73.9171847,18.5503449],[73.917287,18.5505363],[73.9171781,18.5505885],[73.9170375,18.5503254]]]]}},
{"type":"Feature","properties":{"osm_id":"168413352","code":1500,"fclass":"building","name":"Ibis Pune Viman Nagar","type":"hotel"},"geometry":{"type":"MultiPolygon","coordinates":[[[[73.9128939,18.559563],[73.9129373,18.5595606],[73.9129357,18.5595333],[73.9130881,18.559525],[73.913094,18.5596218],[73.91305,18.5596242],[73.9130702,18.559954],[73.9129183,18.5599624],[73.9128939,18.559563]]]]}},
{"type":"Feature","properties":{"osm_id":"168423945","code":1500,"fclass":"building","name":"State Bank of India","type":"commercial"},"geometry":{"type":"MultiPolygon","coordinates":[[[[73.8733804,18.5015868],[73.8733811,18.5014925],[73.8736005,18.501494],[73.8736006,18.5014831],[73.8736515,18.5014834],[73.8736498,18.5016882],[73.8735407,18.5016874],[73.8734939,18.5016734],[73.8734506,18.5016514],[73.8734123,18.5016222],[73.8733804,18.5015868]]]]}},
{"type":"Feature","properties":{"osm_id":"168423946","code":1500,"fclass":"building","name":"8 Shankar Sheth Rd","type":""},"geometry":{"type":"MultiPolygon","coordinates":[[[[73.8732613,18.5025043],[73.8735953,18.5024903],[73.8736072,18.5027182],[73.8732627,18.5027243],[73.8732613,18.5025043]]]]}},
{"type":"Feature","properties":{"osm_id":"168423948","code":1500,"fclass":"building","name":"Ganga Fortune Flats","type":""},"geometry":{"type":"MultiPolygon","coordinates":[[[[73.8981566,18.5376172],[73.8985575,18.5376154],[73.8985583,18.5377819],[73.8981574,18.5377837],[73.8981566,18.5376172]]]]}},
{"type":"Feature","properties":{"osm_id":"168801830","code":1500,"fclass":"building","name":"","type":""},"geometry":{"type":"MultiPolygon","coordinates":[[[[73.9174421,18.546787],[73.9174448,18.546754],[73.9174797,18.546726],[73.917536,18.5467108],[73.9176111,18.5467209],[73.9176701,18.5467464],[73.9177023,18.5468023],[73.9177104,18.5468328],[73.9176621,18.5468659],[73.9175977,18.5468837],[73.9175467,18.5468837],[73.9175092,18.5468659],[73.9174609,18.546815],[73.9174421,18.546787]]]]}},
{"type":"Feature","properties":{"osm_id":"168801831","code":1500,"fclass":"building","name":"","type":""},"geometry":{"type":"MultiPolygon","coordinates":[[[[73.9170639,18.5474024],[73.9170773,18.547377],[73.9171042,18.5473388],[73.9171659,18.5473007],[73.9172356,18.5472931],[73.9172839,18.547321],[73.917308,18.5473414],[73.9173483,18.5473439],[73.9173778,18.5473287],[73.9174931,18.5471837],[73.9174609,18.5469498],[73.9177157,18.5469422],[73.9177318,18.5470286],[73.9176272,18.5470388],[73.9176352,18.5470947],[73.9177372,18.5470947],[73.9177533,18.5471634],[73.917536,18.5471837],[73.9175628,18.5472041],[73.9175628,18.547232],[73.9175521,18.5472524],[73.9175843,18.5472804],[73.9175441,18.5473338],[73.9176192,18.547405],[73.9175494,18.5474787],[73.917477,18.5474253],[73.9174448,18.5474685],[73.9173965,18.5474406],[73.917359,18.5474914],[73.9173027,18.5474482],[73.9173268,18.5474177],[73.917308,18.5474024],[73.9173268,18.547377],[73.9172812,18.5473617],[73.9172463,18.5473999],[73.9172597,18.5474177],[73.9172705,18.5474431],[73.9172732,18.5474609],[73.9172544,18.5474812],[73.9172222,18.5474787],[73.9172061,18.5474558],[73.9171498,18.5475169],[73.9170961,18.5474762],[73.9171203,18.5474482],[73.9170639,18.5474024]]]]}},
{"type":"Feature","properties":{"osm_id":"168801832","code":1500,"fclass":"building","name":"","type":""},"geometry":{"type":"MultiPolygon","coordinates":[[[[73.9197367,18.5467087],[73.9201082,18.5466722],[73.9201314,18.5468844],[73.9197599,18.5469209],[73.9197367,18.5467087]]]]}},
{"type":"Feature","properties":{"osm_id":"168802447","code":1500,"fclass":"building","name":"EON Free Zone","type":"commercial"},"geometry":{"type":"MultiPolygon","coordinates":[[[[73.949592,18.5505214],[73.949593,18.5503824],[73.9496217,18.5502081],[73.949678,18.550061],[73.9497436,18.5499381],[73.9498364,18.5498193],[73.9499922,18.549818],[73.9501392,18.5498293],[73.9502988,18.5498691],[73.9504663,18.549946],[73.9505874,18.5500243],[73.9507061,18.5501291],[73.9507922,18.5502358],[73.9508616,18.5503745],[73.9508988,18.550481],[73.9509252,18.5506147],[73.9509249,18.5507438],[73.9509007,18.5509041],[73.950861,18.5510197],[73.9506348,18.5509825],[73.95065,18.5508291],[73.9506388,18.5507348],[73.9505974,18.5506109],[73.9505487,18.550536],[73.9504873,18.5504626],[73.9504012,18.550384],[73.9503098,18.5503375],[73.9502088,18.5503006],[73.9501026,18.5502885],[73.9500472,18.5503836],[73.9500217,18.5504833],[73.95001,18.550581],[73.9500291,18.5506928],[73.9500578,18.5507825],[73.950095,18.5508631],[73.9501789,18.5509658],[73.9502544,18.5510283],[73.9503915,18.5510958],[73.9503177,18.5513082],[73.950186,18.551275],[73.9500255,18.5512024],[73.9499118,18.5511208],[73.9498109,18.5510241],[73.9497397,18.5509345],[73.9496589,18.5508015],[73.9496153,18.5506735],[73.949592,18.5505214]]]]}},
{"type":"Feature","properties":{"osm_id":"168802450","code":1500,"fclass":"building","name":"EON Free Zone","type":"commercial"},"geometry":{"type":"MultiPolygon","coordinates":[[[[73.9510677,18.5504673],[73.9510782,18.5503847],[73.9510977,18.5502921],[73.9511338,18.5501952],[73.9511903,18.550084],[73.9512509,18.5499944],[73.9513242,18.5499087],[73.951406,18.5498261],[73.9514964,18.5497616],[73.9515994,18.5497022],[73.9517078,18.5496569],[73.9518332,18.5496216],[73.951965,18.5496005],[73.9520819,18.5496035],[73.9522136,18.5496125],[73.9523178,18.5496307],[73.9524883,18.549674],[73.9525297,18.54982],[73.952549,18.5499187],[73.9525588,18.5500436],[73.9525622,18.5501544],[73.9525402,18.5502794],[73.9525033,18.5503984],[73.9524556,18.5505012],[73.9523932,18.550599],[73.9523253,18.5506848],[73.9522384,18.5507625],[73.9521482,18.5508322],[73.9520537,18.5508898],[73.9519365,18.5509436],[73.9518344,18.550978],[73.9517368,18.5509967],[73.9516475,18.5510068],[73.9515313,18.5510037],[73.9515012,18.550802],[73.9516701,18.5507584],[73.9517455,18.55073],[73.9518399,18.5506724],[73.9519099,18.5506139],[73.9519672,18.5505503],[73.9520212,18.5504686],[73.9520603,18.5503648],[73.9520813,18.5502609],[73.9520875,18.5501743],[73.9520793,18.5500564],[73.951945,18.5500505],[73.9518536,18.5500566],[73.9517441,18.5500767],[73.9516347,18.550114],[73.9515486,18.5501654],[73.9514817,18.5502198],[73.95142,18.5502863],[73.9513595,18.5503759],[73.9513297,18.5504475],[73.9512819,18.5506016],[73.9510692,18.5506027],[73.9510677,18.5504673]]]]}},
{"type":"Feature","properties":{"osm_id":"168802454","code":1500,"fclass":"building","name":"EON Free Zone","type":"commercial"},"geometry":{"type":"MultiPolygon","coordinates":[[[[73.9511496,18.5516116],[73.95136,18.5515704],[73.9514165,18.5517275],[73.9514511,18.551797],[73.9515176,18.5518828],[73.9515837,18.5519454],[73.9516542,18.5519956],[73.9517436,18.5520416],[73.9518553,18.5520721],[73.9519659,18.5520855],[73.9520575,18.5520859],[73.9521811,18.5520708],[73.9521789,18.5519433],[73.9521668,18.5518572],[73.9521387,18.5517549],[73.9520926,18.5516537],[73.9520332,18.5515754],[73.9519717,18.5515155],[73.9518978,18.5514613],[73.9517997,18.5514097],[73.9517225,18.551386],[73.9515572,18.5513504],[73.9515428,18.5511492],[73.9516852,18.5511393],[73.9517728,18.5511441],[73.9518715,18.5511568],[73.9519758,18.5511848],[73.9520964,18.5512313],[73.9521946,18.551283],[73.9522893,18.551347],[73.9523814,18.5514193],[73.9524549,18.5515007],[73.952524,18.5515945],[73.9525785,18.5516942],[73.9526234,18.5518107],[73.952654,18.551934],[73.9526581,18.5520448],[73.9526568,18.55217],[73.9526442,18.5522697],[73.9526093,18.5524338],[73.9524582,18.5524821],[73.9523555,18.5525065],[73.9522246,18.5525236],[73.9521082,18.5525338],[73.9519752,18.5525208],[73.9518477,18.5524933],[73.9517365,18.5524547],[73.9516296,18.5524017],[73.951535,18.5523429],[73.9514477,18.5522654],[73.9513687,18.5521845],[73.9513022,18.5520987],[73.9512382,18.5519912],[73.9511956,18.5518967],[73.9511698,18.5518055],[73.9511536,18.5517217],[73.9511496,18.5516116]]]]}},
{"type":"Feature","properties":{"osm_id":"168918525","code":1500,"fclass":"building","name":"","type":""},"geometry":{"type":"MultiPolygon","coordinates":[[[[73.9111206,18.553275],[73.9119676,18.552433],[73.9123651,18.552624],[73.9121232,18.5531476],[73.9111522,18.5533205],[73.9111206,18.553275]]]]}},
{"type":"Feature","properties":{"osm_id":"168918529","code":1500,"fclass":"building","name":"","type":""},"geometry":{"type":"MultiPolygon","coordinates":[[[[73.9137088,18.5438444],[73.9139418,18.5438187],[73.9139923,18.5442306],[73.9137594,18.5442563],[73.9137088,18.5438444]]]]}},
{"type":"Feature","properties":{"osm_id":"168918530","code":1500,"fclass":"building","name":"","type":""},"geometry":{"type":"MultiPolygon","coordinates":[[[[73.9134809,18.5422791],[73.9138131,18.542243],[73.913896,18.5431765],[73.9135934,18.54321],[73.9134809,18.5422791]]]]}},
{"type":"Feature","properties":{"osm_id":"168920745","code":1500,"fclass":"building","name":"","type":"hotel"},"geometry":{"type":"MultiPolygon","coordinates":[[[[73.9074797,18.5380903],[73.9079893,18.5380247],[73.9081271,18.539377],[73.9075963,18.539435],[73.9074797,18.5380903]]]]}},
{"type":"Feature","properties":{"osm_id":"168980793","code":1500,"fclass":"building","name":"Cybage Tower 1","type":"office"},"geometry":{"type":"MultiPolygon","coordinates":[[[[73.9115758,18.5459888],[73.9119288,18.5455379],[73.9121222,18.545674],[73.9120213,18.5458029],[73.9120774,18.5458424],[73.9120101,18.5459284],[73.9120665,18.5459681],[73.9118818,18.5462041],[73.9115758,18.5459888]]]]}},
{"type":"Feature","properties":{"osm_id":"168980794","code":1500,"fclass":"building","name":"Cybage Tower 2","type":"office"},"geometry":{"type":"MultiPolygon","coordinates":[[[[73.9121317,18.5460055],[73.9122042,18.5459982],[73.912193,18.5458971],[73.9122628,18.5458901],[73.9122436,18.545718],[73.9124411,18.5456983],[73.9125047,18.5462686],[73.9121648,18.5463026],[73.9121317,18.5460055]]]]}},
{"type":"Feature","properties":{"osm_id":"169256025","code":1500,"fclass":"building","name":"Phoenix Avenue of Stars","type":"retail"},"geometry":{"type":"MultiPolygon","coordinates":[[[[73.9156595,18.56185],[73.915694,18.5618488],[73.9156914,18.5617784],[73.9156678,18.5617792],[73.9156645,18.5616903],[73.9158265,18.5616849],[73.9158708,18.5616961],[73.915899,18.5617119],[73.9159272,18.5617391],[73.9159305,18.5616907],[73.9164695,18.5616891],[73.916493,18.5616776],[73.9165229,18.5616499],[73.9165358,18.5616276],[73.9165393,18.5616114],[73.9166412,18.5610555],[73.916664,18.5610089],[73.9166968,18.5609839],[73.9167331,18.5609724],[73.9167759,18.560967],[73.9168151,18.5609751],[73.9168571,18.5609974],[73.9168821,18.5610231],[73.9169027,18.5610596],[73.9169084,18.5610933],[73.9169063,18.5611251],[73.9169542,18.5611039],[73.9169934,18.5610951],[73.9170354,18.5610944],[73.9170931,18.5611019],[73.917086,18.5610661],[73.9170938,18.5610255],[73.9171102,18.5609958],[73.9171402,18.5609776],[73.9171758,18.5609708],[73.9173409,18.5610251],[73.917356,18.561006],[73.917488,18.5610499],[73.9175414,18.561092],[73.9175727,18.5611388],[73.9175959,18.5611903],[73.9175979,18.5612333],[73.9175485,18.5615199],[73.9178075,18.5615476],[73.9177782,18.5617148],[73.9177309,18.561881],[73.9176886,18.5619784],[73.9176301,18.5621074],[73.9175606,18.562244],[73.9174679,18.5623796],[73.9173298,18.5625535],[73.9171483,18.5627362],[73.9168772,18.5629683],[73.9168349,18.5629769],[73.9168039,18.5629724],[73.9167821,18.5629626],[73.9167252,18.5630039],[73.9166583,18.5630284],[73.9166371,18.5630752],[73.9166029,18.5631125],[73.9165585,18.5631535],[73.9165041,18.5631755],[73.9164195,18.5631917],[73.9160416,18.5632242],[73.9160312,18.5630686],[73.9159969,18.5631154],[73.9159556,18.5631555],[73.9159102,18.5631718],[73.9158578,18.5631746],[73.9158236,18.5631603],[73.9157843,18.5631374],[73.9157601,18.5631087],[73.9157483,18.5630846],[73.9157055,18.5630861],[73.9156595,18.56185]]]]}},
{"type":"Feature","properties":{"osm_id":"169256033","code":1500,"fclass":"building","name":"Prime Academy","type":""},"geometry":{"type":"MultiPolygon","coordinates":[[[[73.9177258,18.5613465],[73.9177507,18.5611087],[73.9179492,18.5611274],[73.9179324,18.5612101],[73.9177258,18.5613465]]]]}},
{"type":"Feature","properties":{"osm_id":"169256038","code":1500,"fclass":"building","name":"","type":""},"geometry":{"type":"MultiPolygon","coordinates":[[[[73.9172003,18.5634289],[73.9172104,18.5632837],[73.9176944,18.5632902],[73.9177019,18.5627885],[73.9178643,18.5627907],[73.9178291,18.5634029],[73.9172003,18.5634289]]]]}},
{"type":"Feature","properties":{"osm_id":"169257640","code":1500,"fclass":"building","name":"Binarius","type":"office"},"geometry":{"type":"MultiPolygon","coordinates":[[[[73.8915809,18.5557044],[73.8919811,18.555579],[73.8920364,18.5557374],[73.8921007,18.5557172],[73.8922272,18.55608],[73.8921678,18.5560986],[73.8922168,18.5562393],[73.8919915,18.5563099],[73.8920067,18.5563533],[73.891927,18.5563783],[73.8919146,18.5563426],[73.8918144,18.556374],[73.8917521,18.5561955],[73.8917236,18.5561697],[73.8916997,18.5561297],[73.8916601,18.5560668],[73.8916514,18.5560286],[73.8916365,18.555963],[73.891635,18.5559103],[73.8916354,18.5558606],[73.8915809,18.5557044]]]]}},
{"type":"Feature","properties":{"osm_id":"169257641","code":1500,"fclass":"building","name":"","type":""},"geometry":{"type":"MultiPolygon","coordinates":[[[[73.9119227,18.547645],[73.911971,18.5474873],[73.9119352,18.5474304],[73.9120881,18.5473592],[73.9121203,18.54741],[73.9122544,18.5474532],[73.9123107,18.5475728],[73.9122607,18.5477111],[73.9122919,18.5477508],[73.9121561,18.5478199],[73.9121212,18.5477823],[73.9119781,18.547733],[73.9119227,18.547645]]]]}},
{"type":"Feature","properties":{"osm_id":"169257644","code":1500,"fclass":"building","name":"","type":""},"geometry":{"type":"MultiPolygon","coordinates":[[[[73.9115177,18.5478403],[73.9115677,18.547677],[73.9115329,18.5476185],[73.911675,18.547555],[73.9117072,18.5476084],[73.9118494,18.5476465],[73.9119093,18.5477264],[73.9118681,18.5478932],[73.9118896,18.5479288],[73.9117564,18.548003],[73.911726,18.5479771],[73.9115892,18.5479288],[73.9115177,18.5478403]]]]}},
{"type":"Feature","properties":{"osm_id":"169257645","code":1500,"fclass":"building","name":"","type":""},"geometry":{"type":"MultiPolygon","coordinates":[[[[73.9110581,18.5480279],[73.911118,18.5479959],[73.91116,18.5478601],[73.9112324,18.5478042],[73.9114604,18.5478525],[73.9115007,18.5479237],[73.9114524,18.5481068],[73.9114738,18.5481297],[73.9113371,18.548211],[73.9113273,18.548179],[73.9111868,18.5481322],[73.9111395,18.5481586],[73.9110581,18.5480279]]]]}},
{"type":"Feature","properties":{"osm_id":"169257647","code":1500,"fclass":"building","name":"Wakefield IT Park","type":""},"geometry":{"type":"MultiPolygon","coordinates":[[[[73.9105236,18.5596282],[73.9106071,18.5593145],[73.9106445,18.5591954],[73.911001,18.5592579],[73.9110052,18.5592272],[73.9110601,18.5592377],[73.9111191,18.5592621],[73.9111486,18.5592987],[73.91117,18.5593435],[73.91117,18.5593943],[73.9111164,18.5593842],[73.91108,18.5595441],[73.9110403,18.5595418],[73.9110081,18.5596955],[73.9105236,18.5596282]]]]}},
{"type":"Feature","properties":{"osm_id":"169257649","code":1500,"fclass":"building","name":"Bajaj Finserv","type":""},"geometry":{"type":"MultiPolygon","coordinates":[[[[73.9125114,18.5620682],[73.9127497,18.5620403],[73.9128251,18.5626181],[73.9125868,18.5626461],[73.9125114,18.5620682]]]]}},
{"type":"Feature","properties":{"osm_id":"169257650","code":1500,"fclass":"building","name":"Suyog Enclave","type":"apartments"},"geometry":{"type":"MultiPolygon","coordinates":[[[[73.912627,18.5629108],[73.9128401,18.5628879],[73.9129154,18.5635171],[73.9127023,18.56354],[73.912627,18.5629108]]]]}},
{"type":"Feature","properties":{"osm_id":"169257652","code":1500,"fclass":"building","name":"Novotel Pune Nagar Road","type":"hotel"},"geometry":{"type":"MultiPolygon","coordinates":[[[[73.9104651,18.5590075],[73.9105278,18.5586356],[73.9113315,18.5589092],[73.9113932,18.5590115],[73.9114041,18.5590933],[73.9113961,18.5591829],[73.9104651,18.5590075]]]]}},
{"type":"Feature","properties":{"osm_id":"169257654","code":1500,"fclass":"building","name":"","type":""},"geometry":{"type":"MultiPolygon","coordinates":[[[[73.9107926,18.5475117],[73.9108274,18.547471],[73.9108703,18.5474812],[73.9109159,18.5473897],[73.9108811,18.5473515],[73.9109964,18.5473058],[73.9110313,18.5473515],[73.9111305,18.547377],[73.9111985,18.547348],[73.911278,18.5474609],[73.9112137,18.5474914],[73.9111717,18.5475819],[73.9112683,18.5477314],[73.9110903,18.5478143],[73.9109803,18.5476389],[73.9108445,18.5476165],[73.9107926,18.5475117]]]]}},
{"type":"Feature","properties":{"osm_id":"169258740","code":1500,"fclass":"building","name":"","type":""},"geometry":{"type":"MultiPolygon","coordinates":[[[[73.9158871,18.5514686],[73.9161624,18.55139],[73.9161753,18.5514306],[73.9164621,18.5513487],[73.9165312,18.5515663],[73.9164332,18.5515943],[73.9163894,18.5514564],[73.9160826,18.551544],[73.9161409,18.5517188],[73.9162794,18.551681],[73.9163274,18.5518274],[73.9160281,18.5519128],[73.9158871,18.5514686]]]]}},
{"type":"Feature","properties":{"osm_id":"169258741","code":1500,"fclass":"building","name":"","type":""},"geometry":{"type":"MultiPolygon","coordinates":[[[[73.9050392,18.5494807],[73.905539,18.5494701],[73.9055427,18.5496283],[73.9053362,18.5496326],[73.9053335,18.549521],[73.9052313,18.5495232],[73.9052337,18.5496243],[73.9050427,18.5496283],[73.9050392,18.5494807]]]]}},
{"type":"Feature","properties":{"osm_id":"169258742","code":1500,"fclass":"building","name":"","type":""},"geometry":{"type":"MultiPolygon","coordinates":[[[[73.9049539,18.5490607],[73.904961,18.5489341],[73.9055189,18.5489341],[73.905535,18.5490511],[73.9049539,18.5490607]]]]}},
{"type":"Feature","properties":{"osm_id":"169258743","code":1500,"fclass":"building","name":"","type":""},"geometry":{"type":"MultiPolygon","coordinates":[[[[73.9061405,18.5484906],[73.9061474,18.5482914],[73.906315,18.5482966],[73.9063127,18.5483624],[73.9063702,18.5483642],[73.9063682,18.5484228],[73.9063164,18.5484212],[73.9063138,18.548496],[73.9061405,18.5484906]]]]}},
{"type":"Feature","properties":{"osm_id":"169258744","code":1500,"fclass":"building","name":"","type":""},"geometry":{"type":"MultiPolygon","coordinates":[[[[73.9053741,18.5487753],[73.9056843,18.5486794],[73.9057498,18.5487277],[73.9056933,18.5489835],[73.9056166,18.548967],[73.9056611,18.5487655],[73.9054019,18.548848],[73.9053741,18.5487753]]]]}},
{"type":"Feature","properties":{"osm_id":"169258745","code":1500,"fclass":"building","name":"","type":""},"geometry":{"type":"MultiPolygon","coordinates":[[[[73.9049634,18.5491854],[73.905223,18.5491792],[73.9052266,18.5493131],[73.9053078,18.5493112],[73.905304,18.5491725],[73.9055478,18.5491666],[73.9055532,18.5493683],[73.9049687,18.5493824],[73.9049634,18.5491854]]]]}},
{"type":"Feature","properties":{"osm_id":"169258746","code":1500,"fclass":"building","name":"","type":""},"geometry":{"type":"MultiPolygon","coordinates":[[[[73.9157386,18.5508531],[73.9160313,18.5507743],[73.9160662,18.550891],[73.9157735,18.5509698],[73.9157386,18.5508531]]]]}},
{"type":"Feature","properties":{"osm_id":"169258747","code":1500,"fclass":"building","name":"","type":""},"geometry":{"type":"MultiPolygon","coordinates":[[[[73.9050002,18.5497603],[73.905551,18.5497639],[73.9055393,18.5498798],[73.9050136,18.5498875],[73.9050002,18.5497603]]]]}},
{"type":"Feature","properties":{"osm_id":"169258748","code":1500,"fclass":"building","name":"","type":""},"geometry":{"type":"MultiPolygon","coordinates":[[[[73.915798,18.5511584],[73.9158838,18.5511344],[73.915938,18.5513084],[73.9159094,18.5513164],[73.9159256,18.5513685],[73.9158686,18.5513845],[73.915798,18.5511584]]]]}},
{"type":"Feature","properties":{"osm_id":"169258749","code":1500,"fclass":"building","name":"","type":""},"geometry":{"type":"MultiPolygon","coordinates":[[[[73.9163402,18.5516954],[73.9165806,18.5516419],[73.9166167,18.5517875],[73.9164566,18.5518231],[73.916463,18.5518486],[73.9164121,18.55186],[73.9163912,18.5517753],[73.9163617,18.5517819],[73.9163402,18.5516954]]]]}},
{"type":"Feature","properties":{"osm_id":"169258750","code":1500,"fclass":"building","name":"","type":""},"geometry":{"type":"MultiPolygon","coordinates":[[[[73.9046998,18.5516109],[73.9049457,18.5515755],[73.9049581,18.5518378],[73.9047358,18.5518606],[73.9046998,18.5516109]]]]}},
{"type":"Feature","properties":{"osm_id":"169258751","code":1500,"fclass":"building","name":"","type":""},"geometry":{"type":"MultiPolygon","coordinates":[[[[73.9154074,18.5511284],[73.9156759,18.5510505],[73.9157036,18.5511363],[73.9154351,18.5512142],[73.9154074,18.5511284]]]]}},
{"type":"Feature","properties":{"osm_id":"170934917","code":1500,"fclass":"building","name":"Shivajinagar District Sessions Court","type":""},"geometry":{"type":"MultiPolygon","coordinates":[[[[73.8557463,18.5275905],[73.8558731,18.5273413],[73.8566702,18.527706],[73.8566516,18.5277425],[73.856901,18.5278567],[73.856782,18.5280905],[73.8565349,18.5279773],[73.8565443,18.5279221],[73.8564008,18.5278552],[73.8563994,18.5278916],[73.8561885,18.5277951],[73.856219,18.5277351],[73.8560529,18.5276592],[73.8560234,18.5277172],[73.8557463,18.5275905]]]]}},
{"type":"Feature","properties":{"osm_id":"170934918","code":1500,"fclass":"building","name":"Pasalkar Bhavan","type":""},"geometry":{"type":"MultiPolygon","coordinates":[[[[73.8544749,18.5263191],[73.8545232,18.5261869],[73.8547217,18.5262581],[73.8547163,18.5264005],[73.8544749,18.5263191]]]]}},
{"type":"Feature","properties":{"osm_id":"172743111","code":1500,"fclass":"building","name":"Mahindra British Telecom","type":""},"geometry":{"type":"MultiPolygon","coordinates":[[[[73.83281,18.5085354],[73.8330675,18.5081697],[73.8333357,18.5081798],[73.8333931,18.5086382],[73.8330997,18.5087287],[73.83281,18.5085354]]]]}},
{"type":"Feature","properties":{"osm_id":"174837916","code":1500,"fclass":"building","name":"","type":""},"geometry":{"type":"MultiPolygon","coordinates":[[[[73.9068611,18.5460919],[73.9068646,18.5459538],[73.9071103,18.5459555],[73.9071121,18.5459255],[73.9074368,18.5459239],[73.9074333,18.5463032],[73.9072771,18.5462999],[73.907256,18.5463365],[73.9072209,18.5463515],[73.9071665,18.5463615],[73.9071139,18.5463615],[73.907077,18.5463382],[73.9070454,18.5463132],[73.9070279,18.546275],[73.9070243,18.5462267],[73.9070208,18.5461918],[73.9069454,18.5461918],[73.9069225,18.5461535],[73.9069261,18.5460903],[73.9068611,18.5460919]]]]}},
{"type":"Feature","properties":{"osm_id":"174837918","code":1500,"fclass":"building","name":"","type":""},"geometry":{"type":"MultiPolygon","coordinates":[[[[73.9065812,18.5495736],[73.906599,18.5493569],[73.906833,18.5493742],[73.9068152,18.5495908],[73.9065812,18.5495736]]]]}},
{"type":"Feature","properties":{"osm_id":"174837922","code":1500,"fclass":"building","name":"","type":""},"geometry":{"type":"MultiPolygon","coordinates":[[[[73.9132311,18.5596305],[73.9135223,18.5596154],[73.913541,18.5599381],[73.9132498,18.5599533],[73.9132311,18.5596305]]]]}},
{"type":"Feature","properties":{"osm_id":"174837924","code":1500,"fclass":"building","name":"","type":""},"geometry":{"type":"MultiPolygon","coordinates":[[[[73.9061616,18.546867],[73.9061708,18.5466994],[73.906361,18.5467089],[73.9063572,18.546777],[73.9064087,18.5467796],[73.906406,18.5468272],[73.9063465,18.5468243],[73.9063437,18.5468761],[73.9061616,18.546867]]]]}},
{"type":"Feature","properties":{"osm_id":"176067598","code":1500,"fclass":"building","name":"Lunkad Sky Max","type":"commercial"},"geometry":{"type":"MultiPolygon","coordinates":[[[[73.9135427,18.5653221],[73.9137842,18.5653152],[73.9137864,18.5653857],[73.9138909,18.5653827],[73.9138981,18.5656081],[73.9135521,18.565618],[73.9135427,18.5653221]]]]}},
{"type":"Feature","properties":{"osm_id":"2350959","code":1500,"fclass":"building","name":"","type":""},"geometry":{"type":"MultiPolygon","coordinates":[[[[73.8721188,18.5193344],[73.8726384,18.5192908],[73.8726346,18.5192503],[73.8724823,18.5192631],[73.8724718,18.5191502],[73.8729351,18.5191113],[73.8729484,18.5192533],[73.8728602,18.5192607],[73.8728871,18.5195497],[73.8727307,18.5195628],[73.8727133,18.5193764],[73.872381,18.5194043],[73.8723939,18.519543],[73.8722321,18.5195566],[73.8721402,18.5195636],[73.8721188,18.5193344]],[[73.8722185,18.5194024],[73.872226,18.519491],[73.8722861,18.5194859],[73.8722778,18.5193975],[73.8722185,18.5194024]]]]}},
{"type":"Feature","properties":{"osm_id":"2350958","code":1500,"fclass":"building","name":"","type":""},"geometry":{"type":"MultiPolygon","coordinates":[[[[73.8694471,18.5255763],[73.8694988,18.525575],[73.8694967,18.5255007],[73.8700851,18.525486],[73.8700947,18.5258292],[73.8700073,18.5258313],[73.8700087,18.5258803],[73.8699882,18.5258808],[73.8699906,18.5259666],[73.8697646,18.5259723],[73.8697667,18.5260496],[73.8700375,18.5260429],[73.8700422,18.5262104],[73.8695447,18.5262229],[73.8695415,18.5261089],[73.8696496,18.5261062],[73.869645,18.5259419],[73.8695637,18.525944],[73.8695616,18.5258697],[73.8695058,18.5258711],[73.8695046,18.5258271],[73.8694541,18.5258284],[73.8694471,18.5255763]],[[73.8695799,18.5256162],[73.8695871,18.525846],[73.8699868,18.5258309],[73.8699872,18.5255989],[73.8698456,18.5256028],[73.8698482,18.5256868],[73.8697414,18.5256898],[73.8697389,18.5256117],[73.8695799,18.5256162]]]]}},
{"type":"Feature","properties":{"osm_id":"177479476","code":1500,"fclass":"building","name":"","type":""},"geometry":{"type":"MultiPolygon","coordinates":[[[[73.8556605,18.4728268],[73.8561486,18.4728319],[73.8560735,18.4736053],[73.8558053,18.4736206],[73.8556765,18.4735341],[73.8556605,18.4728268]]]]}},
{"type":"Feature","properties":{"osm_id":"178326749","code":1500,"fclass":"building","name":"Loksewa Estate","type":""},"geometry":{"type":"MultiPolygon","coordinates":[[[[73.8490194,18.4480565],[73.8491358,18.4480486],[73.8492216,18.4484303],[73.8491374,18.4484483],[73.8490194,18.4480565]]]]}},
{"type":"Feature","properties":{"osm_id":"187876375","code":1500,"fclass":"building","name":"","type":"apartments"},"geometry":{"type":"MultiPolygon","coordinates":[[[[73.9093898,18.565648],[73.9103768,18.5656734],[73.9103607,18.5658921],[73.9093951,18.5658565],[73.9093898,18.565648]]]]}},
{"type":"Feature","properties":{"osm_id":"187876377","code":1500,"fclass":"building","name":"","type":""},"geometry":{"type":"MultiPolygon","coordinates":[[[[73.9094753,18.5660917],[73.9097328,18.5660511],[73.909824,18.5665087],[73.9095612,18.5665596],[73.9094753,18.5660917]]]]}},
{"type":"Feature","properties":{"osm_id":"189105304","code":1500,"fclass":"building","name":"St.Xavier's Church","type":"church"},"geometry":{"type":"MultiPolygon","coordinates":[[[[73.8759064,18.5130786],[73.8759102,18.5129756],[73.876162,18.5129841],[73.8761661,18.5128753],[73.8762804,18.5128792],[73.8762761,18.5129921],[73.8763049,18.512993],[73.876301,18.5130972],[73.8762703,18.5130962],[73.8762658,18.5132155],[73.8761449,18.5132114],[73.8761466,18.5131675],[73.8761126,18.5131663],[73.8761156,18.5130856],[73.8759064,18.5130786]]]]}},
{"type":"Feature","properties":{"osm_id":"189209031","code":1500,"fclass":"building","name":"","type":"residential"},"geometry":{"type":"MultiPolygon","coordinates":[[[[73.8943102,18.4758249],[73.894395,18.475816],[73.894396,18.4758401],[73.8944568,18.4758366],[73.8944566,18.4758097],[73.8945891,18.4757918],[73.8945932,18.4758211],[73.8946702,18.475811],[73.8946691,18.4757833],[73.894793,18.4757613],[73.8947951,18.475791],[73.8948619,18.4757806],[73.8948622,18.4757542],[73.8949435,18.4757418],[73.8949486,18.47583],[73.894921,18.4758342],[73.8949271,18.4758936],[73.8949622,18.4758885],[73.894972,18.4760024],[73.894878,18.4760112],[73.8948765,18.4759831],[73.8948012,18.4759893],[73.8948013,18.4760153],[73.8946777,18.4760297],[73.8946781,18.4760037],[73.8946023,18.4760097],[73.894603,18.4760369],[73.8944692,18.4760477],[73.8944695,18.4760178],[73.8944198,18.4760203],[73.894422,18.4760503],[73.894335,18.4760644],[73.8943241,18.4759661],[73.8943585,18.4759623],[73.8943554,18.4759053],[73.8943198,18.4759077],[73.8943102,18.4758249]]]]}},
{"type":"Feature","properties":{"osm_id":"189209032","code":1500,"fclass":"building","name":"","type":"residential"},"geometry":{"type":"MultiPolygon","coordinates":[[[[73.8950988,18.4765932],[73.8951011,18.4765411],[73.8951363,18.4765423],[73.8951363,18.4765169],[73.8951068,18.4765143],[73.8951076,18.4764374],[73.8951341,18.4764389],[73.8951378,18.4763687],[73.8951081,18.4763688],[73.8951106,18.4763039],[73.8951444,18.4763057],[73.895147,18.4762498],[73.8951133,18.4762476],[73.8951172,18.4761667],[73.8951363,18.4761684],[73.8951363,18.4761429],[73.8951175,18.4761429],[73.8951175,18.4760895],[73.8952227,18.4760917],[73.8952213,18.4761067],[73.8952074,18.4761063],[73.8952078,18.4761244],[73.895259,18.4761249],[73.8952617,18.4761076],[73.895249,18.4761073],[73.8952491,18.4760934],[73.895353,18.4760895],[73.8953516,18.4761481],[73.895331,18.4761473],[73.8953305,18.4761696],[73.8953505,18.4761697],[73.895347,18.4762452],[73.8953249,18.4762452],[73.8953207,18.4763017],[73.8953536,18.4763032],[73.8953496,18.4763781],[73.8953196,18.476377],[73.8953152,18.4764402],[73.8953457,18.47644],[73.8953437,18.4765186],[73.8953157,18.476518],[73.8953146,18.4765464],[73.8953447,18.4765464],[73.8953428,18.4766008],[73.8952366,18.4765966],[73.8952359,18.4765666],[73.8952566,18.4765678],[73.8952592,18.4765466],[73.8951968,18.4765463],[73.8951961,18.476567],[73.8952182,18.4765668],[73.8952168,18.4765957],[73.8950988,18.4765932]]]]}},
{"type":"Feature","properties":{"osm_id":"190009134","code":1500,"fclass":"building","name":"","type":"residential"},"geometry":{"type":"MultiPolygon","coordinates":[[[[73.8943877,18.4767924],[73.8944671,18.4767709],[73.8944756,18.4767926],[73.8944964,18.4767871],[73.8945028,18.476804],[73.8945303,18.476797],[73.8945248,18.4767787],[73.8945424,18.4767739],[73.8945341,18.4767505],[73.8946146,18.4767251],[73.8947594,18.4771372],[73.8948983,18.4770973],[73.8948918,18.4770805],[73.8949669,18.4770585],[73.894975,18.4770742],[73.895092,18.4770355],[73.8950598,18.4769286],[73.8950276,18.4768361],[73.8950484,18.4768317],[73.8950352,18.4767966],[73.8951184,18.4767648],[73.8951335,18.4768074],[73.8951573,18.4767998],[73.8951441,18.476755],[73.8952395,18.4767251],[73.8952556,18.476776],[73.8953571,18.4770701],[73.8945682,18.4773141],[73.8943877,18.4767924]]]]}},
{"type":"Feature","properties":{"osm_id":"190009135","code":1500,"fclass":"building","name":"","type":"residential"},"geometry":{"type":"MultiPolygon","coordinates":[[[[73.893935,18.4759154],[73.8940155,18.4758925],[73.8940343,18.4759383],[73.8940504,18.4759332],[73.8940611,18.4759612],[73.8940995,18.4759538],[73.8940906,18.475918],[73.8941104,18.4759143],[73.8941004,18.4758738],[73.8941665,18.4758559],[73.8941844,18.4759078],[73.8941581,18.4759125],[73.8941639,18.4759436],[73.8941913,18.4759373],[73.8942189,18.4760225],[73.8941899,18.4760324],[73.8941958,18.4760594],[73.8942293,18.4760506],[73.8943354,18.4764613],[73.8943824,18.4766589],[73.8943584,18.4766649],[73.8943672,18.4766968],[73.8943925,18.4766912],[73.8944149,18.4767427],[73.894336,18.4767622],[73.8943236,18.4767251],[73.894305,18.4767284],[73.8942988,18.4767117],[73.8942738,18.4767185],[73.8942775,18.4767348],[73.8942614,18.4767391],[73.8942705,18.476775],[73.8942014,18.4767913],[73.8941826,18.4767399],[73.8942026,18.4767348],[73.8941944,18.4767039],[73.8941707,18.4767099],[73.8939906,18.4761081],[73.8940178,18.4760995],[73.8940084,18.4760715],[73.8939822,18.47608],[73.8939576,18.4759932],[73.8939869,18.4759855],[73.8939758,18.4759503],[73.8939485,18.4759561],[73.893935,18.4759154]]]]}},
{"type":"Feature","properties":{"osm_id":"190031747","code":1500,"fclass":"building","name":"S","type":"residential"},"geometry":{"type":"MultiPolygon","coordinates":[[[[73.8957721,18.4770948],[73.8959907,18.477014],[73.8960766,18.477232],[73.8958471,18.4773051],[73.8957721,18.4770948]]]]}},
{"type":"Feature","properties":{"osm_id":"190031749","code":1500,"fclass":"building","name":"","type":""},"geometry":{"type":"MultiPolygon","coordinates":[[[[73.9232757,18.4653531],[73.9232964,18.4652513],[73.9235609,18.4653017],[73.9235493,18.465404],[73.9232757,18.4653531]]]]}},
{"type":"Feature","properties":{"osm_id":"190031750","code":1500,"fclass":"building","name":"A-1","type":"residential"},"geometry":{"type":"MultiPolygon","coordinates":[[[[73.8951054,18.4773578],[73.8953396,18.4772842],[73.895398,18.4774541],[73.895175,18.4775142],[73.8951054,18.4773578]]]]}},
{"type":"Feature","properties":{"osm_id":"190031751","code":1500,"fclass":"building","name":"","type":"residential"},"geometry":{"type":"MultiPolygon","coordinates":[[[[73.8952741,18.4779088],[73.8954636,18.4778977],[73.8954843,18.4780801],[73.8952902,18.4780877],[73.8952741,18.4779088]]]]}},
{"type":"Feature","properties":{"osm_id":"190031753","code":1500,"fclass":"building","name":"","type":""},"geometry":{"type":"MultiPolygon","coordinates":[[[[73.92351,18.4659685],[73.923569,18.4656683],[73.9238909,18.4657294],[73.9238158,18.4660346],[73.92351,18.4659685]]]]}},
{"type":"Feature","properties":{"osm_id":"190031754","code":1500,"fclass":"building","name":"","type":""},"geometry":{"type":"MultiPolygon","coordinates":[[[[73.9215026,18.4649767],[73.9217279,18.4647783],[73.9218752,18.4649309],[73.9216475,18.4651243],[73.9215026,18.4649767]]]]}},
{"type":"Feature","properties":{"osm_id":"190031755","code":1500,"fclass":"building","name":"","type":""},"geometry":{"type":"MultiPolygon","coordinates":[[[[73.9064239,18.4676227],[73.9065147,18.4675942],[73.9065193,18.4676072],[73.9065483,18.4675981],[73.9065438,18.4675851],[73.9067809,18.4675108],[73.9068698,18.4677666],[73.9066331,18.4678325],[73.9066261,18.46781],[73.9065872,18.4678209],[73.9065941,18.4678434],[73.9065211,18.4678638],[73.9064239,18.4676227]]]]}},
{"type":"Feature","properties":{"osm_id":"190031757","code":1500,"fclass":"building","name":"","type":""},"geometry":{"type":"MultiPolygon","coordinates":[[[[73.9210302,18.4652643],[73.9210919,18.465104],[73.9214593,18.4652439],[73.9213789,18.465422],[73.9210302,18.4652643]]]]}},
{"type":"Feature","properties":{"osm_id":"190031765","code":1500,"fclass":"building","name":"","type":""},"geometry":{"type":"MultiPolygon","coordinates":[[[[73.9216639,18.4662586],[73.9218694,18.4661459],[73.9221054,18.4665758],[73.9218962,18.4666954],[73.9216639,18.4662586]]]]}},
{"type":"Feature","properties":{"osm_id":"190031766","code":1500,"fclass":"building","name":"","type":""},"geometry":{"type":"MultiPolygon","coordinates":[[[[73.8994074,18.4700031],[73.899461,18.4698453],[73.8997721,18.4698962],[73.8998526,18.4698962],[73.8998902,18.469825],[73.8999223,18.4696825],[73.9001101,18.4697232],[73.9000106,18.4701252],[73.8994074,18.4700031]]]]}},
{"type":"Feature","properties":{"osm_id":"190031768","code":1500,"fclass":"building","name":"A-2","type":"residential"},"geometry":{"type":"MultiPolygon","coordinates":[[[[73.8954749,18.4772523],[73.8956949,18.4771725],[73.8957508,18.4773392],[73.8955265,18.4774015],[73.8954749,18.4772523]]]]}},
{"type":"Feature","properties":{"osm_id":"190031769","code":1500,"fclass":"building","name":"","type":""},"geometry":{"type":"MultiPolygon","coordinates":[[[[73.923873,18.4660239],[73.9239428,18.4657389],[73.924266,18.4658132],[73.9241796,18.4661015],[73.923873,18.4660239]]]]}},
{"type":"Feature","properties":{"osm_id":"190031771","code":1500,"fclass":"building","name":"","type":""},"geometry":{"type":"MultiPolygon","coordinates":[[[[73.9220336,18.465275],[73.9225188,18.464929],[73.9226288,18.465074],[73.9221248,18.4654022],[73.9220336,18.465275]]]]}},
{"type":"Feature","properties":{"osm_id":"190031773","code":1500,"fclass":"building","name":"","type":""},"geometry":{"type":"MultiPolygon","coordinates":[[[[73.9202363,18.4650221],[73.9203079,18.4650101],[73.9203107,18.4650396],[73.9203549,18.4650347],[73.9203506,18.4650085],[73.9204355,18.4649966],[73.9205079,18.4654469],[73.9204381,18.465452],[73.9204313,18.4654067],[73.9203807,18.4654167],[73.9203896,18.4654571],[73.9203089,18.4654677],[73.9202363,18.4650221]]]]}},
{"type":"Feature","properties":{"osm_id":"190031774","code":1500,"fclass":"building","name":"","type":""},"geometry":{"type":"MultiPolygon","coordinates":[[[[73.8999147,18.4695992],[73.9001209,18.4688125],[73.9003228,18.4688601],[73.9001166,18.4696468],[73.8999147,18.4695992]]]]}},
{"type":"Feature","properties":{"osm_id":"190031777","code":1500,"fclass":"building","name":"","type":""},"geometry":{"type":"MultiPolygon","coordinates":[[[[73.9231502,18.4659339],[73.9231695,18.4658322],[73.9234237,18.4658831],[73.9233989,18.4659801],[73.9231502,18.4659339]]]]}},
{"type":"Feature","properties":{"osm_id":"190031778","code":1500,"fclass":"building","name":"","type":""},"geometry":{"type":"MultiPolygon","coordinates":[[[[73.8994967,18.4727577],[73.8996132,18.4725308],[73.899985,18.4725486],[73.8999772,18.4728015],[73.8994967,18.4727577]]]]}},
{"type":"Feature","properties":{"osm_id":"190031779","code":1500,"fclass":"building","name":"","type":""},"geometry":{"type":"MultiPolygon","coordinates":[[[[73.9215431,18.466063],[73.9218352,18.46589],[73.9219049,18.4659969],[73.9216021,18.4661622],[73.9215431,18.466063]]]]}},
{"type":"Feature","properties":{"osm_id":"190031781","code":1500,"fclass":"building","name":"VIBGYOR High School NIBM | CBSE School","type":"school"},"geometry":{"type":"MultiPolygon","coordinates":[[[[73.906357,18.4680939],[73.9068881,18.4679361],[73.9069525,18.4681498],[73.9067564,18.4682007],[73.9067457,18.4681549],[73.9064265,18.468257],[73.906357,18.4680939]]]]}},
{"type":"Feature","properties":{"osm_id":"190031782","code":1500,"fclass":"building","name":"","type":"residential"},"geometry":{"type":"MultiPolygon","coordinates":[[[[73.8961003,18.4782071],[73.8961981,18.478222],[73.8961915,18.4783326],[73.8961038,18.4783233],[73.8961003,18.4782071]]]]}},
{"type":"Feature","properties":{"osm_id":"190031783","code":1500,"fclass":"building","name":"Prism","type":"residential"},"geometry":{"type":"MultiPolygon","coordinates":[[[[73.8960597,18.4781798],[73.8960617,18.4780239],[73.8962133,18.4780185],[73.8962084,18.4781758],[73.8960597,18.4781798]]]]}},
{"type":"Feature","properties":{"osm_id":"190031784","code":1500,"fclass":"building","name":"","type":""},"geometry":{"type":"MultiPolygon","coordinates":[[[[73.9059844,18.4677591],[73.9060095,18.4677523],[73.906219,18.4676881],[73.9062246,18.4677047],[73.9062614,18.4676935],[73.9062558,18.4676768],[73.9063495,18.467648],[73.9063718,18.4677081],[73.9063806,18.4677054],[73.9063971,18.4677498],[73.9063736,18.4677576],[73.9063892,18.4677997],[73.9064127,18.4677918],[73.9064274,18.4678311],[73.9064123,18.4678362],[73.9064265,18.4678743],[73.9064416,18.4678693],[73.9064513,18.4678957],[73.9063447,18.4679248],[73.9063385,18.4679045],[73.9063015,18.4679146],[73.9063077,18.4679349],[73.9060721,18.4679993],[73.9059844,18.4677591]]]]}},
{"type":"Feature","properties":{"osm_id":"190031785","code":1500,"fclass":"building","name":"","type":""},"geometry":{"type":"MultiPolygon","coordinates":[[[[73.9225222,18.4654709],[73.9225329,18.4654251],[73.9227261,18.4654607],[73.9227958,18.4654251],[73.9228736,18.4655396],[73.9227529,18.4656108],[73.9226966,18.4654989],[73.9225222,18.4654709]]]]}},
{"type":"Feature","properties":{"osm_id":"190031787","code":1500,"fclass":"building","name":"","type":""},"geometry":{"type":"MultiPolygon","coordinates":[[[[73.920655,18.4651587],[73.9207282,18.4649796],[73.9207867,18.4649935],[73.9208215,18.4650064],[73.9208542,18.4650152],[73.9208859,18.465024],[73.9209766,18.4650473],[73.9209231,18.4652346],[73.9208318,18.4652112],[73.9208244,18.4652367],[73.9207347,18.4652127],[73.920743,18.4651855],[73.920655,18.4651587]]]]}},
{"type":"Feature","properties":{"osm_id":"190031788","code":1500,"fclass":"building","name":"","type":""},"geometry":{"type":"MultiPolygon","coordinates":[[[[73.9203227,18.4655348],[73.9203922,18.4655297],[73.9203952,18.4655704],[73.9204539,18.4655628],[73.9204488,18.465517],[73.9205212,18.4655042],[73.9206232,18.4661886],[73.9205507,18.4661988],[73.9205481,18.4661403],[73.9204971,18.4661479],[73.9205025,18.4662064],[73.9204327,18.466214],[73.9203227,18.4655348]]]]}},
{"type":"Feature","properties":{"osm_id":"190031790","code":1500,"fclass":"building","name":"Plumeria & Jacaranda","type":""},"geometry":{"type":"MultiPolygon","coordinates":[[[[73.9213306,18.4656352],[73.9217678,18.4653783],[73.9218668,18.4655385],[73.9214191,18.4657726],[73.9213306,18.4656352]]]]}},
{"type":"Feature","properties":{"osm_id":"190031791","code":1500,"fclass":"building","name":"B-1","type":"residential"},"geometry":{"type":"MultiPolygon","coordinates":[[[[73.8952307,18.4776308],[73.8954176,18.477607],[73.8954373,18.4777765],[73.8952495,18.4778072],[73.8952307,18.4776308]]]]}},
{"type":"Feature","properties":{"osm_id":"190031792","code":1500,"fclass":"building","name":"","type":"residential"},"geometry":{"type":"MultiPolygon","coordinates":[[[[73.8959455,18.4777118],[73.8961392,18.4777049],[73.896143,18.4778942],[73.8959547,18.4778954],[73.8959455,18.4777118]]]]}},
{"type":"Feature","properties":{"osm_id":"190031793","code":1500,"fclass":"building","name":"","type":"residential"},"geometry":{"type":"MultiPolygon","coordinates":[[[[73.8953166,18.4782468],[73.8954591,18.4782336],[73.8954642,18.4783891],[73.8953227,18.4783962],[73.8953166,18.4782468]]]]}},
{"type":"Feature","properties":{"osm_id":"190031794","code":1500,"fclass":"building","name":"","type":""},"geometry":{"type":"MultiPolygon","coordinates":[[[[73.9020694,18.4773174],[73.9020788,18.4772136],[73.9023469,18.4772422],[73.9023265,18.4773404],[73.9020694,18.4773174]]]]}},
{"type":"Feature","properties":{"osm_id":"190031795","code":1500,"fclass":"building","name":"A-3","type":"residential"},"geometry":{"type":"MultiPolygon","coordinates":[[[[73.8956221,18.4779817],[73.8958837,18.4779574],[73.8958984,18.4781165],[73.8956429,18.478136],[73.8956221,18.4779817]]]]}},
{"type":"Feature","properties":{"osm_id":"190031799","code":1500,"fclass":"building","name":"","type":""},"geometry":{"type":"MultiPolygon","coordinates":[[[[73.9218053,18.4647139],[73.9219635,18.4645791],[73.9220866,18.4647241],[73.9219233,18.4648564],[73.9218053,18.4647139]]]]}},
{"type":"Feature","properties":{"osm_id":"190031800","code":1500,"fclass":"building","name":"","type":""},"geometry":{"type":"MultiPolygon","coordinates":[[[[73.9223231,18.4642171],[73.9223454,18.4641287],[73.9224109,18.4641393],[73.9224839,18.464144],[73.9225478,18.4641368],[73.9226087,18.4641247],[73.9226326,18.4642199],[73.9225692,18.4642373],[73.9224704,18.4642471],[73.9223946,18.4642373],[73.9223231,18.4642171]]]]}},
{"type":"Feature","properties":{"osm_id":"190031801","code":1500,"fclass":"building","name":"","type":""},"geometry":{"type":"MultiPolygon","coordinates":[[[[73.9208401,18.4659269],[73.9211701,18.4657361],[73.9212556,18.4658836],[73.9209179,18.4660668],[73.9208401,18.4659269]]]]}},
{"type":"Feature","properties":{"osm_id":"190031802","code":1500,"fclass":"building","name":"B-2","type":"residential"},"geometry":{"type":"MultiPolygon","coordinates":[[[[73.8959187,18.4774299],[73.8961058,18.4774017],[73.8961283,18.477579],[73.8959478,18.4776106],[73.8959187,18.4774299]]]]}},
{"type":"Feature","properties":{"osm_id":"190031803","code":1500,"fclass":"building","name":"","type":""},"geometry":{"type":"MultiPolygon","coordinates":[[[[73.9244106,18.4661386],[73.924526,18.4658333],[73.9247432,18.4658664],[73.9244106,18.4661386]]]]}},
{"type":"Feature","properties":{"osm_id":"190031805","code":1500,"fclass":"building","name":"","type":""},"geometry":{"type":"MultiPolygon","coordinates":[[[[73.9219675,18.4658253],[73.9223562,18.4656065],[73.9224527,18.4657592],[73.9220587,18.465978],[73.9219675,18.4658253]]]]}},
{"type":"Feature","properties":{"osm_id":"192952995","code":1500,"fclass":"building","name":"Kumar Pragati","type":"residential"},"geometry":{"type":"MultiPolygon","coordinates":[[[[73.8923493,18.4761538],[73.892679,18.4761151],[73.8926844,18.4762372],[73.8923652,18.4762652],[73.8923493,18.4761538]]]]}},
{"type":"Feature","properties":{"osm_id":"192952996","code":1500,"fclass":"building","name":"","type":"residential"},"geometry":{"type":"MultiPolygon","coordinates":[[[[73.8964363,18.4789033],[73.8964524,18.4787689],[73.896616,18.4787841],[73.8966,18.4789235],[73.8964363,18.4789033]]]]}},
{"type":"Feature","properties":{"osm_id":"192952998","code":1500,"fclass":"building","name":"","type":"residential"},"geometry":{"type":"MultiPolygon","coordinates":[[[[73.8964423,18.4785607],[73.896453,18.4784335],[73.8967239,18.4784542],[73.8967159,18.4785861],[73.8964423,18.4785607]]]]}},
{"type":"Feature","properties":{"osm_id":"192953002","code":1500,"fclass":"building","name":"","type":"residential"},"geometry":{"type":"MultiPolygon","coordinates":[[[[73.8933244,18.4774469],[73.8935443,18.4774082],[73.8935711,18.4775507],[73.8933539,18.4775863],[73.8933244,18.4774469]]]]}},
{"type":"Feature","properties":{"osm_id":"192953003","code":1500,"fclass":"building","name":"","type":"residential"},"geometry":{"type":"MultiPolygon","coordinates":[[[[73.8942178,18.4769791],[73.8943009,18.4769485],[73.894317,18.4769938],[73.8942848,18.4770058],[73.8944324,18.4773754],[73.8943653,18.4773983],[73.8942178,18.4769791]]]]}},
{"type":"Feature","properties":{"osm_id":"192953004","code":1500,"fclass":"building","name":"","type":"residential"},"geometry":{"type":"MultiPolygon","coordinates":[[[[73.8908884,18.4763174],[73.8909646,18.4762158],[73.8911124,18.4763028],[73.8910396,18.4764042],[73.8908884,18.4763174]]]]}},
{"type":"Feature","properties":{"osm_id":"192953005","code":1500,"fclass":"building","name":"Kumar Pragati","type":"residential"},"geometry":{"type":"MultiPolygon","coordinates":[[[[73.8919218,18.4762188],[73.8922652,18.4761811],[73.8922758,18.4762849],[73.8919326,18.4763053],[73.8919218,18.4762188]]]]}},
{"type":"Feature","properties":{"osm_id":"192953006","code":1500,"fclass":"building","name":"","type":"residential"},"geometry":{"type":"MultiPolygon","coordinates":[[[[73.8922818,18.4769057],[73.8923396,18.4768292],[73.8923958,18.4768753],[73.8924663,18.4767929],[73.8926165,18.4768977],[73.8925747,18.4769494],[73.8926272,18.4769862],[73.8926726,18.4769342],[73.8927335,18.4769765],[73.8926907,18.4770243],[73.8927481,18.4770625],[73.8927908,18.4770113],[73.8928466,18.4770474],[73.8928079,18.4770994],[73.8928645,18.4771356],[73.8929038,18.4770846],[73.8930642,18.4772005],[73.893003,18.4772876],[73.893055,18.477324],[73.8929947,18.4774059],[73.8929569,18.4773806],[73.8929732,18.4773539],[73.8929303,18.477323],[73.8929062,18.47735],[73.8928039,18.4772807],[73.8928265,18.4772498],[73.8927801,18.4772177],[73.8927515,18.4772484],[73.8926712,18.4771937],[73.8926916,18.4771617],[73.8926469,18.4771314],[73.8926246,18.4771617],[73.8925315,18.4770927],[73.8925519,18.4770633],[73.8924975,18.4770249],[73.892477,18.4770544],[73.8923709,18.4769725],[73.8923946,18.4769464],[73.8923504,18.4769108],[73.8923284,18.4769426],[73.8922818,18.4769057]]]]}},
{"type":"Feature","properties":{"osm_id":"192953008","code":1500,"fclass":"building","name":"","type":"residential"},"geometry":{"type":"MultiPolygon","coordinates":[[[[73.8920742,18.4764032],[73.8923748,18.4763598],[73.8923855,18.4764667],[73.8920949,18.4765077],[73.8920742,18.4764032]]]]}},
{"type":"Feature","properties":{"osm_id":"192953009","code":1500,"fclass":"building","name":"","type":"residential"},"geometry":{"type":"MultiPolygon","coordinates":[[[[73.8923884,18.476396],[73.8925359,18.4763782],[73.8925788,18.4767064],[73.8924286,18.4767165],[73.8923884,18.476396]]]]}},
{"type":"Feature","properties":{"osm_id":"192953010","code":1500,"fclass":"building","name":"","type":"residential"},"geometry":{"type":"MultiPolygon","coordinates":[[[[73.8913991,18.4744496],[73.8922117,18.4743123],[73.8922332,18.4744216],[73.8914233,18.4745463],[73.8913991,18.4744496]]]]}},
{"type":"Feature","properties":{"osm_id":"192953011","code":1500,"fclass":"building","name":"","type":"residential"},"geometry":{"type":"MultiPolygon","coordinates":[[[[73.8967004,18.4789788],[73.8967092,18.4788435],[73.8969183,18.4788515],[73.8969114,18.478987],[73.8967004,18.4789788]]]]}},
{"type":"Feature","properties":{"osm_id":"192953012","code":1500,"fclass":"building","name":"Kumar Pragati","type":"residential"},"geometry":{"type":"MultiPolygon","coordinates":[[[[73.8929107,18.4761138],[73.8932447,18.4760744],[73.8932514,18.4762028],[73.8929275,18.4762315],[73.8929107,18.4761138]]]]}},
{"type":"Feature","properties":{"osm_id":"192953013","code":1500,"fclass":"building","name":"","type":"residential"},"geometry":{"type":"MultiPolygon","coordinates":[[[[73.8936893,18.4767216],[73.8937385,18.4767053],[73.8937424,18.4767142],[73.8938033,18.4766946],[73.8938005,18.4766848],[73.8938512,18.4766678],[73.8939224,18.4768675],[73.8938695,18.4768828],[73.8938673,18.4768747],[73.8937989,18.4768941],[73.8938015,18.4769032],[73.8937536,18.476915],[73.8936893,18.4767216]]]]}},
{"type":"Feature","properties":{"osm_id":"192953014","code":1500,"fclass":"building","name":"","type":"residential"},"geometry":{"type":"MultiPolygon","coordinates":[[[[73.8922333,18.47432],[73.8932579,18.4741521],[73.8932713,18.4742564],[73.8922521,18.4744192],[73.8922333,18.47432]]]]}},
{"type":"Feature","properties":{"osm_id":"192953015","code":1500,"fclass":"building","name":"","type":"residential"},"geometry":{"type":"MultiPolygon","coordinates":[[[[73.8969503,18.4789986],[73.8969688,18.4788241],[73.8971822,18.4788415],[73.8971663,18.4790157],[73.8969503,18.4789986]]]]}},
{"type":"Feature","properties":{"osm_id":"192953016","code":1500,"fclass":"building","name":"","type":"residential"},"geometry":{"type":"MultiPolygon","coordinates":[[[[73.8932388,18.4770473],[73.8934775,18.4770071],[73.8935016,18.4771617],[73.8934373,18.4771694],[73.8934268,18.4771012],[73.8933066,18.4771194],[73.8933161,18.4771865],[73.8932549,18.4771948],[73.8932388,18.4770473]]]]}},
{"type":"Feature","properties":{"osm_id":"192953017","code":1500,"fclass":"building","name":"","type":"residential"},"geometry":{"type":"MultiPolygon","coordinates":[[[[73.8971889,18.479023],[73.8972051,18.4788711],[73.8974231,18.4788877],[73.8974015,18.4790424],[73.8971889,18.479023]]]]}},
{"type":"Feature","properties":{"osm_id":"192953018","code":1500,"fclass":"building","name":"","type":"residential"},"geometry":{"type":"MultiPolygon","coordinates":[[[[73.8931721,18.476257],[73.8932155,18.4762526],[73.8932159,18.4762659],[73.8932645,18.4762609],[73.8932632,18.4762463],[73.8933089,18.4762443],[73.8933383,18.4764956],[73.893298,18.4764981],[73.8932969,18.4764851],[73.8932383,18.4764865],[73.8932391,18.4765012],[73.8932041,18.4765007],[73.8931721,18.476257]]]]}},
{"type":"Feature","properties":{"osm_id":"192953019","code":1500,"fclass":"building","name":"","type":"residential"},"geometry":{"type":"MultiPolygon","coordinates":[[[[73.8938511,18.4773541],[73.8940798,18.4773133],[73.8941039,18.4774629],[73.8938813,18.477496],[73.8938511,18.4773541]]]]}},
{"type":"Feature","properties":{"osm_id":"192953020","code":1500,"fclass":"building","name":"","type":"residential"},"geometry":{"type":"MultiPolygon","coordinates":[[[[73.8926028,18.4767563],[73.8930264,18.4767049],[73.8930371,18.4767813],[73.8926134,18.4768194],[73.8926028,18.4767563]]]]}},
{"type":"Feature","properties":{"osm_id":"192953021","code":1500,"fclass":"building","name":"","type":"residential"},"geometry":{"type":"MultiPolygon","coordinates":[[[[73.8927266,18.4747199],[73.8927687,18.474711],[73.8927626,18.4746849],[73.8928382,18.4746722],[73.8928419,18.474697],[73.8928881,18.4746892],[73.8929191,18.474872],[73.8928787,18.4748785],[73.8928816,18.4749021],[73.8928016,18.4749134],[73.8927971,18.4748862],[73.8927561,18.4748903],[73.8927266,18.4747199]]]]}},
{"type":"Feature","properties":{"osm_id":"192953022","code":1500,"fclass":"building","name":"","type":""},"geometry":{"type":"MultiPolygon","coordinates":[[[[73.894694,18.4775373],[73.894783,18.4775112],[73.894798,18.4775359],[73.8948457,18.4775202],[73.8948323,18.4774948],[73.8948735,18.4774804],[73.8948836,18.4775071],[73.8949316,18.4774922],[73.8949204,18.477463],[73.8950045,18.4774367],[73.8951051,18.477672],[73.8947706,18.4777543],[73.894694,18.4775373]]]]}},
{"type":"Feature","properties":{"osm_id":"192953023","code":1500,"fclass":"building","name":"","type":"residential"},"geometry":{"type":"MultiPolygon","coordinates":[[[[73.8974375,18.4790452],[73.8974543,18.4788994],[73.8976693,18.478922],[73.897651,18.479065],[73.8974375,18.4790452]]]]}},
{"type":"Feature","properties":{"osm_id":"192953024","code":1500,"fclass":"building","name":"","type":"residential"},"geometry":{"type":"MultiPolygon","coordinates":[[[[73.8934999,18.4762258],[73.8935572,18.4762211],[73.893558,18.4762334],[73.8936408,18.4762276],[73.8936415,18.4762143],[73.8936876,18.4762105],[73.8937064,18.4764267],[73.8936522,18.4764316],[73.8936516,18.4764193],[73.8935665,18.4764254],[73.8935679,18.4764393],[73.8935106,18.4764445],[73.8934999,18.4762258]]]]}},
{"type":"Feature","properties":{"osm_id":"192953025","code":1500,"fclass":"building","name":"","type":"residential"},"geometry":{"type":"MultiPolygon","coordinates":[[[[73.8919455,18.4764737],[73.8920818,18.4764598],[73.8921157,18.4767191],[73.891987,18.4767318],[73.8919455,18.4764737]]]]}},
{"type":"Feature","properties":{"osm_id":"192953026","code":1500,"fclass":"building","name":"","type":"residential"},"geometry":{"type":"MultiPolygon","coordinates":[[[[73.8930313,18.4768137],[73.8931181,18.476801],[73.8931689,18.477205],[73.8930831,18.4772177],[73.8930313,18.4768137]]]]}},
{"type":"Feature","properties":{"osm_id":"192953028","code":1500,"fclass":"building","name":"","type":"residential"},"geometry":{"type":"MultiPolygon","coordinates":[[[[73.8935887,18.4774045],[73.8938113,18.4773669],[73.8938328,18.4775139],[73.8936128,18.4775521],[73.8935887,18.4774045]]]]}},
{"type":"Feature","properties":{"osm_id":"192953029","code":1500,"fclass":"building","name":"Kumar Pragati","type":"residential"},"geometry":{"type":"MultiPolygon","coordinates":[[[[73.8933363,18.4760535],[73.8936621,18.4760189],[73.8936676,18.4761391],[73.8933512,18.4761666],[73.8933363,18.4760535]]]]}},
{"type":"Feature","properties":{"osm_id":"192953030","code":1500,"fclass":"building","name":"","type":"residential"},"geometry":{"type":"MultiPolygon","coordinates":[[[[73.8910595,18.4764227],[73.8911373,18.4763189],[73.8912821,18.476408],[73.8912124,18.4765092],[73.8910595,18.4764227]]]]}},
{"type":"Feature","properties":{"osm_id":"192953031","code":1500,"fclass":"building","name":"","type":"residential"},"geometry":{"type":"MultiPolygon","coordinates":[[[[73.893271,18.4772457],[73.8933327,18.477238],[73.8933409,18.477303],[73.8934507,18.4772915],[73.8934429,18.4772288],[73.8935158,18.4772193],[73.8935392,18.4773652],[73.8932897,18.4773932],[73.893271,18.4772457]]]]}},
{"type":"Feature","properties":{"osm_id":"192953032","code":1500,"fclass":"building","name":"","type":"residential"},"geometry":{"type":"MultiPolygon","coordinates":[[[[73.8912356,18.4765504],[73.8913137,18.4764462],[73.8914609,18.4765353],[73.8913878,18.476635],[73.8912356,18.4765504]]]]}},
{"type":"Feature","properties":{"osm_id":"192953033","code":1500,"fclass":"building","name":"","type":"residential"},"geometry":{"type":"MultiPolygon","coordinates":[[[[73.8934946,18.4766895],[73.8935858,18.4766768],[73.8936073,18.4769058],[73.8935214,18.4769108],[73.8934946,18.4766895]]]]}},
{"type":"Feature","properties":{"osm_id":"192953034","code":1500,"fclass":"building","name":"","type":"residential"},"geometry":{"type":"MultiPolygon","coordinates":[[[[73.8931959,18.4768163],[73.8934426,18.4767806],[73.8934584,18.4768737],[73.8933859,18.4768826],[73.893382,18.4768342],[73.8932726,18.4768487],[73.8932789,18.4768972],[73.893201,18.4769049],[73.8931959,18.4768163]]]]}},
{"type":"Feature","properties":{"osm_id":"192953036","code":1500,"fclass":"building","name":"","type":"residential"},"geometry":{"type":"MultiPolygon","coordinates":[[[[73.8915297,18.4746461],[73.892388,18.4745143],[73.8923984,18.4746615],[73.8922847,18.4746806],[73.8922827,18.474652],[73.8922209,18.4746616],[73.8922247,18.4746887],[73.8921196,18.4747046],[73.8921171,18.4746771],[73.8920822,18.4746822],[73.8920864,18.4747112],[73.8920082,18.4747226],[73.8920058,18.4746947],[73.8919211,18.4747066],[73.8919258,18.4747339],[73.891849,18.4747454],[73.8918465,18.4747149],[73.8917989,18.4747207],[73.8918033,18.4747504],[73.8917205,18.4747638],[73.8917174,18.4747357],[73.8916366,18.4747484],[73.8916397,18.4747764],[73.8915511,18.4747886],[73.8915297,18.4746461]]]]}},
{"type":"Feature","properties":{"osm_id":"192953037","code":1500,"fclass":"building","name":"","type":"residential"},"geometry":{"type":"MultiPolygon","coordinates":[[[[73.8916086,18.4748819],[73.8917588,18.4748646],[73.8917963,18.4752126],[73.8916441,18.4752256],[73.8916086,18.4748819]]]]}},
{"type":"Feature","properties":{"osm_id":"192953038","code":1500,"fclass":"building","name":"","type":"residential"},"geometry":{"type":"MultiPolygon","coordinates":[[[[73.8938042,18.4770729],[73.8938464,18.4770582],[73.8938489,18.4770653],[73.8939083,18.4770454],[73.8939049,18.4770379],[73.8939575,18.4770196],[73.8940326,18.4772124],[73.8939785,18.4772275],[73.8939762,18.4772204],[73.8939105,18.4772377],[73.8939132,18.4772458],[73.893869,18.4772582],[73.8938042,18.4770729]]]]}},
{"type":"Feature","properties":{"osm_id":"192953039","code":1500,"fclass":"building","name":"","type":"residential"},"geometry":{"type":"MultiPolygon","coordinates":[[[[73.8926688,18.4764729],[73.8927415,18.4764678],[73.8927402,18.4764321],[73.8926905,18.4764347],[73.8926826,18.476364],[73.8929213,18.4763462],[73.8929292,18.4764169],[73.8928707,18.4764228],[73.8928719,18.4764596],[73.8929643,18.4764505],[73.8929695,18.4765339],[73.8926744,18.4765543],[73.8926688,18.4764729]]]]}},
{"type":"Feature","properties":{"osm_id":"193155591","code":1500,"fclass":"building","name":"","type":""},"geometry":{"type":"MultiPolygon","coordinates":[[[[73.9017167,18.4790499],[73.9017197,18.4790265],[73.9017237,18.4790055],[73.9017388,18.4789841],[73.9018051,18.4789074],[73.9018936,18.478971],[73.9017728,18.4791321],[73.9017539,18.4791206],[73.9017381,18.4791078],[73.9017258,18.4790918],[73.9017194,18.4790697],[73.9017167,18.4790499]]]]}},
{"type":"Feature","properties":{"osm_id":"193155592","code":1500,"fclass":"building","name":"","type":"residential"},"geometry":{"type":"MultiPolygon","coordinates":[[[[73.8938169,18.4753204],[73.8938761,18.4752744],[73.8939636,18.4753632],[73.8940214,18.4752391],[73.8941002,18.4752744],[73.8940468,18.4754224],[73.8941306,18.4755185],[73.8940514,18.4755519],[73.8939834,18.4754807],[73.8939219,18.4755803],[73.8938535,18.4755492],[73.8939242,18.475435],[73.8938169,18.4753204]]]]}},
{"type":"Feature","properties":{"osm_id":"193155594","code":1500,"fclass":"building","name":"","type":"residential"},"geometry":{"type":"MultiPolygon","coordinates":[[[[73.8941753,18.475333],[73.8942074,18.4752549],[73.8943433,18.4753007],[73.8944686,18.4752215],[73.8945151,18.4752775],[73.8944281,18.475371],[73.8945298,18.475429],[73.8944886,18.4754957],[73.8943613,18.4754517],[73.8942471,18.4755238],[73.8941985,18.4754603],[73.8943001,18.4753987],[73.8942996,18.4753712],[73.8941753,18.475333]]]]}},
{"type":"Feature","properties":{"osm_id":"193155596","code":1500,"fclass":"building","name":"","type":""},"geometry":{"type":"MultiPolygon","coordinates":[[[[73.9011963,18.4796166],[73.9012822,18.4794487],[73.9014805,18.4795408],[73.9013921,18.4797158],[73.9011963,18.4796166]]]]}},
{"type":"Feature","properties":{"osm_id":"193155604","code":1500,"fclass":"building","name":"","type":"residential"},"geometry":{"type":"MultiPolygon","coordinates":[[[[73.8950592,18.475167],[73.8950995,18.4750928],[73.8952438,18.475163],[73.8953046,18.4750457],[73.8953841,18.4750729],[73.8953296,18.4751983],[73.8955244,18.4751773],[73.8955286,18.4752372],[73.8953644,18.475266],[73.8954292,18.4753636],[73.8953602,18.4754028],[73.8952819,18.4753174],[73.8951382,18.47542],[73.8950896,18.4753626],[73.8952043,18.4752717],[73.8951999,18.4752404],[73.8950592,18.475167]]]]}},
{"type":"Feature","properties":{"osm_id":"193155614","code":1500,"fclass":"building","name":"","type":"residential"},"geometry":{"type":"MultiPolygon","coordinates":[[[[73.8959768,18.4795581],[73.8960222,18.4795586],[73.8960226,18.47954],[73.8961218,18.4795393],[73.8961199,18.4795578],[73.8961852,18.4795593],[73.8961776,18.4797652],[73.8961424,18.4796792],[73.8960889,18.4796891],[73.896021,18.4797797],[73.8960223,18.4797617],[73.8959768,18.4797616],[73.8959768,18.4795581]]]]}},
{"type":"Feature","properties":{"osm_id":"193155619","code":1500,"fclass":"building","name":"","type":"residential"},"geometry":{"type":"MultiPolygon","coordinates":[[[[73.8955374,18.4750606],[73.8955739,18.475002],[73.8957219,18.4750953],[73.8957654,18.4749461],[73.8958586,18.4749722],[73.8958031,18.4751212],[73.8960002,18.4750991],[73.8959974,18.4751863],[73.8958311,18.4752017],[73.8959128,18.4753291],[73.8958187,18.4753583],[73.8957554,18.4752361],[73.8956373,18.4753745],[73.8955626,18.475347],[73.8956669,18.4752196],[73.8956569,18.4751613],[73.8955374,18.4750606]]]]}},
{"type":"Feature","properties":{"osm_id":"193155638","code":1500,"fclass":"building","name":"","type":""},"geometry":{"type":"MultiPolygon","coordinates":[[[[73.9015197,18.4777632],[73.9015496,18.4775264],[73.9017611,18.4775636],[73.901745,18.4776415],[73.90168,18.4776318],[73.9016563,18.4777917],[73.9016102,18.4777819],[73.9016164,18.4777405],[73.9015766,18.4777349],[73.9015712,18.4777731],[73.9015197,18.4777632]]]]}},
{"type":"Feature","properties":{"osm_id":"193155653","code":1500,"fclass":"building","name":"","type":"residential"},"geometry":{"type":"MultiPolygon","coordinates":[[[[73.8963738,18.479966],[73.8963898,18.4798012],[73.8965267,18.4798159],[73.8965125,18.4799742],[73.8963738,18.479966]]]]}},
{"type":"Feature","properties":{"osm_id":"193155660","code":1500,"fclass":"building","name":"","type":"residential"},"geometry":{"type":"MultiPolygon","coordinates":[[[[73.8963684,18.4795606],[73.896369,18.4795086],[73.8964081,18.4795094],[73.8964085,18.4794696],[73.8963702,18.4794695],[73.8963706,18.4794165],[73.8964108,18.4794177],[73.896414,18.4793816],[73.8963741,18.4793808],[73.8963764,18.4793241],[73.8965612,18.4793286],[73.8965593,18.4793808],[73.8965137,18.4793807],[73.8965131,18.4794181],[73.8965547,18.4794188],[73.8965519,18.4794728],[73.896509,18.4794721],[73.8965069,18.4795103],[73.8965486,18.4795115],[73.8965454,18.4795657],[73.8963684,18.4795606]]]]}},
{"type":"Feature","properties":{"osm_id":"193155666","code":1500,"fclass":"building","name":"","type":"residential"},"geometry":{"type":"MultiPolygon","coordinates":[[[[73.8958931,18.4793566],[73.8958992,18.4792059],[73.8959689,18.4792059],[73.8959689,18.4791728],[73.8961085,18.4791723],[73.8961075,18.4792041],[73.8961855,18.4792042],[73.8961863,18.479358],[73.8961135,18.4793589],[73.8961124,18.4793865],[73.89597,18.4793852],[73.8959718,18.479357],[73.8958931,18.4793566]]]]}},
{"type":"Feature","properties":{"osm_id":"193155673","code":1500,"fclass":"building","name":"","type":""},"geometry":{"type":"MultiPolygon","coordinates":[[[[73.9019613,18.4780488],[73.90197,18.4778708],[73.9022543,18.4778733],[73.9022437,18.4780586],[73.9019613,18.4780488]]]]}},
{"type":"Feature","properties":{"osm_id":"193155674","code":1500,"fclass":"building","name":"","type":""},"geometry":{"type":"MultiPolygon","coordinates":[[[[73.9012497,18.4782546],[73.901252,18.4782172],[73.9012862,18.4782189],[73.9012915,18.4780766],[73.9014291,18.4780826],[73.9014179,18.4782234],[73.901563,18.478231],[73.901567,18.4781698],[73.9015914,18.4781713],[73.9015989,18.4780584],[73.901582,18.4780574],[73.9015844,18.4780218],[73.901561,18.4780204],[73.9015587,18.4780561],[73.9015285,18.4780543],[73.9015302,18.478029],[73.9015171,18.4780282],[73.9015226,18.4779447],[73.9015307,18.4779452],[73.9016905,18.4779511],[73.9016569,18.4783206],[73.9014059,18.4783042],[73.9014081,18.4782786],[73.9013645,18.4782755],[73.9013615,18.4782996],[73.9012785,18.4782958],[73.9012816,18.4782556],[73.9012497,18.4782546]]]]}},
{"type":"Feature","properties":{"osm_id":"193349870","code":1500,"fclass":"building","name":"","type":""},"geometry":{"type":"MultiPolygon","coordinates":[[[[73.878878,18.5151995],[73.8788825,18.5150356],[73.8792335,18.5150344],[73.879232,18.5152046],[73.878878,18.5151995]]]]}},
{"type":"Feature","properties":{"osm_id":"193349875","code":1500,"fclass":"building","name":"","type":""},"geometry":{"type":"MultiPolygon","coordinates":[[[[73.8788995,18.5147722],[73.8789025,18.5146351],[73.8792725,18.5146303],[73.8792696,18.5146908],[73.8791945,18.5146908],[73.8791948,18.5147737],[73.8788995,18.5147722]]]]}},
{"type":"Feature","properties":{"osm_id":"194706376","code":1500,"fclass":"building","name":"","type":"hotel"},"geometry":{"type":"MultiPolygon","coordinates":[[[[73.9044015,18.554062],[73.9044404,18.553953],[73.9045692,18.5539943],[73.9046913,18.5536523],[73.9045774,18.5536157],[73.904462,18.5535787],[73.9045215,18.5534122],[73.9046121,18.5534413],[73.9050465,18.5535808],[73.9049898,18.5537395],[73.9048223,18.5536857],[73.9047814,18.5538001],[73.9048672,18.5538277],[73.9048085,18.5539922],[73.9047141,18.5539619],[73.9046998,18.554002],[73.9048817,18.5540604],[73.9048318,18.5542001],[73.9044015,18.554062]]]]}},
{"type":"Feature","properties":{"osm_id":"197313924","code":1500,"fclass":"building","name":"Main Theatre","type":""},"geometry":{"type":"MultiPolygon","coordinates":[[[[73.8272696,18.5132226],[73.8277469,18.5131304],[73.8277926,18.5133408],[73.8273098,18.5134273],[73.8272696,18.5132226]]]]}},
{"type":"Feature","properties":{"osm_id":"197313925","code":1500,"fclass":"building","name":"Art Direction and Production Design Department (ADPD)","type":""},"geometry":{"type":"MultiPolygon","coordinates":[[[[73.8269507,18.5136873],[73.8272532,18.513627],[73.8272794,18.5137491],[73.82698,18.513813],[73.8269507,18.5136873]]]]}},
{"type":"Feature","properties":{"osm_id":"197313926","code":1500,"fclass":"building","name":"Old Boys' Hostel","type":"residential"},"geometry":{"type":"MultiPolygon","coordinates":[[[[73.8249426,18.5130802],[73.8260173,18.5128941],[73.826075,18.5131936],[73.8260028,18.5132061],[73.8260153,18.5132709],[73.8251488,18.513421],[73.825111,18.5132246],[73.8249749,18.5132482],[73.8249426,18.5130802]]]]}},
{"type":"Feature","properties":{"osm_id":"197313927","code":1500,"fclass":"building","name":"Girls Hostel (Demolished)","type":"residential"},"geometry":{"type":"MultiPolygon","coordinates":[[[[73.8279453,18.5135065],[73.8279984,18.5134967],[73.8279904,18.5134581],[73.8281688,18.513425],[73.8281913,18.5135342],[73.8280168,18.5135665],[73.8279598,18.5135771],[73.8279453,18.5135065]]]]}},
{"type":"Feature","properties":{"osm_id":"197313928","code":1500,"fclass":"building","name":"Studio 2","type":"industrial"},"geometry":{"type":"MultiPolygon","coordinates":[[[[73.8262423,18.5133612],[73.8265222,18.5133094],[73.8265654,18.5135194],[73.8262855,18.5135713],[73.8262423,18.5133612]]]]}},
{"type":"Feature","properties":{"osm_id":"197313930","code":1500,"fclass":"building","name":"Old Class Room Theatre (CRT)","type":""},"geometry":{"type":"MultiPolygon","coordinates":[[[[73.8260474,18.5134007],[73.8262086,18.5133705],[73.8262694,18.5136615],[73.8261082,18.5136918],[73.8260474,18.5134007]]]]}},
{"type":"Feature","properties":{"osm_id":"197313931","code":1500,"fclass":"building","name":"Studio 1","type":"industrial"},"geometry":{"type":"MultiPolygon","coordinates":[[[[73.8266528,18.513274],[73.8271773,18.5131771],[73.8272573,18.5135662],[73.8267327,18.5136631],[73.8266528,18.513274]]]]}},
{"type":"Feature","properties":{"osm_id":"197313932","code":1500,"fclass":"building","name":"Sound Department (SRSD)","type":""},"geometry":{"type":"MultiPolygon","coordinates":[[[[73.8273005,18.5134794],[73.8277896,18.5133945],[73.8278372,18.5136185],[73.8273472,18.5137089],[73.8273005,18.5134794]]]]}},
{"type":"Feature","properties":{"osm_id":"197313933","code":1500,"fclass":"building","name":"Editing Department","type":""},"geometry":{"type":"MultiPolygon","coordinates":[[[[73.8261866,18.5137413],[73.8265078,18.5136781],[73.826559,18.5139123],[73.8262378,18.5139755],[73.8261866,18.5137413]]]]}},
{"type":"Feature","properties":{"osm_id":"197313934","code":1500,"fclass":"building","name":"Director's Bungalow","type":"house"},"geometry":{"type":"MultiPolygon","coordinates":[[[[73.8283694,18.5133296],[73.828473,18.5133074],[73.8284959,18.5134036],[73.8283923,18.5134257],[73.8283694,18.5133296]]]]}},
{"type":"Feature","properties":{"osm_id":"197313935","code":1500,"fclass":"building","name":"Television Department","type":""},"geometry":{"type":"MultiPolygon","coordinates":[[[[73.8263978,18.5125382],[73.8265883,18.5125043],[73.8273596,18.5123672],[73.8274217,18.5126813],[73.827055,18.5127465],[73.8270399,18.5126704],[73.8266752,18.5127352],[73.8267398,18.5130624],[73.826578,18.5130912],[73.8265228,18.5128119],[73.8264543,18.512824],[73.8263978,18.5125382]]]]}},
{"type":"Feature","properties":{"osm_id":"198590774","code":1500,"fclass":"building","name":"ICC","type":"office"},"geometry":{"type":"MultiPolygon","coordinates":[[[[73.8291926,18.5307611],[73.8293801,18.5307578],[73.8293815,18.53083],[73.8295874,18.5308264],[73.8295863,18.5307681],[73.829667,18.5307667],[73.8296639,18.5306049],[73.8298791,18.5306011],[73.8298927,18.5313003],[73.8298004,18.5313019],[73.8297678,18.5313605],[73.829724,18.5314043],[73.8296305,18.5314544],[73.8295383,18.5314557],[73.8292048,18.5314608],[73.8291926,18.5307611]]]]}},
{"type":"Feature","properties":{"osm_id":"198590775","code":1500,"fclass":"building","name":"JW Marriott","type":"hotel"},"geometry":{"type":"MultiPolygon","coordinates":[[[[73.829211,18.5318401],[73.8294188,18.531835],[73.8294246,18.5320515],[73.829539,18.5320487],[73.8295372,18.5319947],[73.8295841,18.5319926],[73.8296426,18.5319899],[73.8296443,18.5320019],[73.8298712,18.5319965],[73.8298967,18.5329468],[73.8292411,18.5329627],[73.829211,18.5318401]]]]}},
{"type":"Feature","properties":{"osm_id":"198590776","code":1500,"fclass":"building","name":"ICC Trade Tower","type":"office"},"geometry":{"type":"MultiPolygon","coordinates":[[[[73.8296521,18.5350016],[73.829724,18.5349999],[73.8297206,18.5348616],[73.8299798,18.5348558],[73.8299916,18.5353322],[73.8300408,18.5353311],[73.8300571,18.5359882],[73.8300078,18.5359893],[73.8300143,18.5362536],[73.8300192,18.5364494],[73.8297728,18.5364549],[73.8297692,18.5363122],[73.8296893,18.536314],[73.829684,18.5361004],[73.8297551,18.5360988],[73.8297525,18.5359925],[73.8296872,18.5359939],[73.8296708,18.5353349],[73.8297205,18.5353338],[73.829718,18.5352301],[73.8296579,18.5352314],[73.8296521,18.5350016]]]]}},
{"type":"Feature","properties":{"osm_id":"198590777","code":1500,"fclass":"building","name":"Maharashtra State Board of Secondary and Higher Secondary Education","type":"office"},"geometry":{"type":"MultiPolygon","coordinates":[[[[73.8327824,18.5232215],[73.8328216,18.5232165],[73.8328147,18.523168],[73.8328723,18.5231627],[73.8330631,18.5230429],[73.833129,18.5231278],[73.8332513,18.5231121],[73.8332612,18.5231812],[73.8333103,18.5231749],[73.8333469,18.523432],[73.8328219,18.5234991],[73.8327824,18.5232215]]]]}},
{"type":"Feature","properties":{"osm_id":"198590778","code":1500,"fclass":"building","name":"Symbiosis Vishwabhavan","type":"school"},"geometry":{"type":"MultiPolygon","coordinates":[[[[73.8296753,18.522113],[73.8296864,18.5220774],[73.829707,18.5220461],[73.8297389,18.5220262],[73.8297639,18.5220217],[73.8297978,18.5220236],[73.8298209,18.5220358],[73.8298389,18.5220533],[73.8298389,18.5220097],[73.8301073,18.5220097],[73.8301073,18.5220606],[73.8301246,18.5220442],[73.8301591,18.5220279],[73.830207,18.522037],[73.8302357,18.5220551],[73.8302518,18.5220786],[73.830262,18.5221114],[73.830262,18.5221274],[73.8302516,18.5221601],[73.8302353,18.5221834],[73.8302064,18.5222014],[73.8301584,18.5222101],[73.8301241,18.5221935],[73.8301069,18.522177],[73.8301065,18.5222279],[73.8298381,18.5222259],[73.8298385,18.5221823],[73.8298203,18.5221996],[73.8297972,18.5222117],[73.8297633,18.5222134],[73.8297382,18.5222087],[73.8297065,18.5221885],[73.8296862,18.5221571],[73.8296754,18.5221214],[73.8296753,18.522113]]]]}},
{"type":"Feature","properties":{"osm_id":"198733114","code":1500,"fclass":"building","name":"","type":"office"},"geometry":{"type":"MultiPolygon","coordinates":[[[[73.82847,18.5210143],[73.8286659,18.5209217],[73.8287228,18.5210299],[73.8287811,18.5210023],[73.8288503,18.521134],[73.8288156,18.5211504],[73.8288712,18.5212562],[73.8288092,18.5212855],[73.828926,18.5215077],[73.8287684,18.5215821],[73.82847,18.5210143]]]]}},
{"type":"Feature","properties":{"osm_id":"198733115","code":1500,"fclass":"building","name":"","type":"office"},"geometry":{"type":"MultiPolygon","coordinates":[[[[73.8280631,18.5202627],[73.8282029,18.5201951],[73.8282369,18.5202584],[73.8282887,18.5202399],[73.8282918,18.5202468],[73.8283189,18.5202339],[73.8283397,18.520229],[73.8283502,18.5202359],[73.8284252,18.520394],[73.8284346,18.5203851],[73.8284502,18.520396],[73.8284669,18.5204138],[73.8284658,18.5204266],[73.8284554,18.5204434],[73.8284742,18.52048],[73.8284731,18.5204928],[73.8283864,18.5205366],[73.8284062,18.5205734],[73.8284629,18.520546],[73.8284782,18.5205744],[73.8285088,18.5205596],[73.8286326,18.5207899],[73.8286019,18.5208047],[73.8286139,18.520827],[73.8284195,18.520921],[73.8282667,18.5206368],[73.8283234,18.5206093],[73.8283119,18.5205879],[73.8282533,18.5206163],[73.8280631,18.5202627]]]]}},
{"type":"Feature","properties":{"osm_id":"202296451","code":1500,"fclass":"building","name":"","type":""},"geometry":{"type":"MultiPolygon","coordinates":[[[[73.8408356,18.5177949],[73.8410422,18.5177657],[73.8410652,18.5179121],[73.8408586,18.5179413],[73.8408356,18.5177949]]]]}},
{"type":"Feature","properties":{"osm_id":"202297127","code":1500,"fclass":"building","name":"Sagar Arcade","type":"commercial"},"geometry":{"type":"MultiPolygon","coordinates":[[[[73.841623,18.5179779],[73.8416928,18.5176647],[73.841853,18.5176417],[73.8419124,18.5178975],[73.841623,18.5179779]]]]}},
{"type":"Feature","properties":{"osm_id":"2799854","code":1500,"fclass":"building","name":"boys hostle block 2","type":"dormitory"},"geometry":{"type":"MultiPolygon","coordinates":[[[[73.8390979,18.5253448],[73.8396022,18.5253168],[73.8396022,18.5253906],[73.8395727,18.5253957],[73.8395888,18.5256449],[73.8396156,18.5256449],[73.8396183,18.5257108],[73.8391328,18.5257548],[73.8391281,18.5256725],[73.839165,18.5256678],[73.8391489,18.5254183],[73.8391006,18.5254183],[73.8390979,18.5253448]],[[73.8392267,18.5254211],[73.8392452,18.5256811],[73.8395154,18.5256583],[73.8394868,18.5254005],[73.8392267,18.5254211]]]]}},
{"type":"Feature","properties":{"osm_id":"202299532","code":1500,"fclass":"building","name":"Bhausaheb Shirole Bhavan","type":""},"geometry":{"type":"MultiPolygon","coordinates":[[[[73.842953,18.5163218],[73.8430684,18.5162537],[73.8431942,18.5162317],[73.8434088,18.5160968],[73.8435121,18.5162482],[73.8431181,18.5165337],[73.8430533,18.5164479],[73.842953,18.5163218]]]]}},
{"type":"Feature","properties":{"osm_id":"202301136","code":1500,"fclass":"building","name":"Krishna Hotel And Restaurant","type":"commercial"},"geometry":{"type":"MultiPolygon","coordinates":[[[[73.828355,18.5148938],[73.8286588,18.5148233],[73.8286775,18.5149043],[73.8286373,18.514953],[73.8283772,18.5150159],[73.828355,18.5148938]]]]}},
{"type":"Feature","properties":{"osm_id":"202505903","code":1500,"fclass":"building","name":"","type":"commercial"},"geometry":{"type":"MultiPolygon","coordinates":[[[[73.843562,18.5167237],[73.8436725,18.5166436],[73.8438301,18.5168392],[73.8437878,18.5168698],[73.8437824,18.516863],[73.8437415,18.5168926],[73.8437224,18.5168689],[73.843695,18.5168888],[73.843562,18.5167237]]]]}},
{"type":"Feature","properties":{"osm_id":"202505904","code":1500,"fclass":"building","name":"Bhosale Shinde Arcade","type":"commercial"},"geometry":{"type":"MultiPolygon","coordinates":[[[[73.8435329,18.517124],[73.8439354,18.5169141],[73.8441561,18.5172935],[73.8438249,18.5174254],[73.8435329,18.517124]]]]}},
{"type":"Feature","properties":{"osm_id":"202505905","code":1500,"fclass":"building","name":"","type":"commercial"},"geometry":{"type":"MultiPolygon","coordinates":[[[[73.8435296,18.5160252],[73.843737,18.5158878],[73.8439806,18.5162187],[73.8438292,18.5162968],[73.8437008,18.516353],[73.8435296,18.5160252]]]]}},
{"type":"Feature","properties":{"osm_id":"204906698","code":1500,"fclass":"building","name":"Nayantara","type":""},"geometry":{"type":"MultiPolygon","coordinates":[[[[73.8308367,18.5186909],[73.8310934,18.5186525],[73.8311272,18.5188563],[73.8308705,18.5188946],[73.8308367,18.5186909]]]]}},
{"type":"Feature","properties":{"osm_id":"204906701","code":1500,"fclass":"building","name":"","type":""},"geometry":{"type":"MultiPolygon","coordinates":[[[[73.8341885,18.5176462],[73.834532,18.5176238],[73.8345414,18.5177537],[73.8341979,18.517776],[73.8341885,18.5176462]]]]}},
{"type":"Feature","properties":{"osm_id":"204906706","code":1500,"fclass":"building","name":"","type":""},"geometry":{"type":"MultiPolygon","coordinates":[[[[73.8361394,18.5178117],[73.8363915,18.517799],[73.8364022,18.5180668],[73.8361916,18.5180793],[73.836185,18.5179236],[73.8361421,18.5179236],[73.8361394,18.5178117]]]]}},
{"type":"Feature","properties":{"osm_id":"204906708","code":1500,"fclass":"building","name":"","type":""},"geometry":{"type":"MultiPolygon","coordinates":[[[[73.8367754,18.5178995],[73.8370016,18.5178995],[73.8370016,18.5180139],[73.8367755,18.518014],[73.8367754,18.5178995]]]]}},
{"type":"Feature","properties":{"osm_id":"206535655","code":1500,"fclass":"building","name":"Gera Emerald City North Building C","type":"apartments"},"geometry":{"type":"MultiPolygon","coordinates":[[[[73.9522179,18.55547],[73.9523104,18.5553747],[73.9523466,18.5553225],[73.9524197,18.5552615],[73.9524405,18.5552107],[73.9525183,18.5552513],[73.9525988,18.5552259],[73.9526792,18.5552793],[73.9526497,18.5553352],[73.9526685,18.5553403],[73.9527114,18.5553022],[73.952757,18.5553276],[73.9527624,18.555353],[73.9527999,18.5553708],[73.9527221,18.5554802],[73.9526988,18.5555228],[73.9526604,18.5555132],[73.9526443,18.5555412],[73.9527045,18.555535],[73.9527329,18.5555031],[73.9527758,18.555531],[73.9527543,18.555587],[73.9527302,18.5556251],[73.9526658,18.5556582],[73.9526551,18.5556938],[73.9525987,18.5557548],[73.9525022,18.5557243],[73.9523949,18.5557751],[73.952352,18.5557116],[73.9523895,18.5556734],[73.9523734,18.5556455],[73.952352,18.5556862],[73.9523198,18.5556607],[73.9522769,18.5556811],[73.9522554,18.5556633],[73.9522903,18.5555844],[73.9523117,18.5555641],[73.9523654,18.5555946],[73.9523842,18.5555768],[73.9523922,18.5555514],[73.95236,18.5555641],[73.9523413,18.5555438],[73.9523117,18.5555488],[73.9522983,18.5555336],[73.9522635,18.5555539],[73.9522179,18.55547]]]]}},
{"type":"Feature","properties":{"osm_id":"206536024","code":1500,"fclass":"building","name":"Gera E,erald City North Building A","type":"apartments"},"geometry":{"type":"MultiPolygon","coordinates":[[[[73.951488,18.5554146],[73.9515497,18.5553129],[73.9515953,18.5552264],[73.9516516,18.5551807],[73.9517133,18.5551705],[73.9517294,18.5552061],[73.9517669,18.5551832],[73.9517937,18.5551349],[73.9518206,18.5551349],[73.9518393,18.5551476],[73.9518822,18.5551273],[73.9519252,18.5551959],[73.9520083,18.5552061],[73.9520244,18.5552468],[73.9520405,18.5553129],[73.9519842,18.5553739],[73.9519305,18.5553993],[73.9519654,18.5554197],[73.9520405,18.555351],[73.9520727,18.5553993],[73.9520485,18.55544],[73.9520727,18.5554502],[73.9520271,18.555529],[73.9519439,18.5555621],[73.9519386,18.555529],[73.9518822,18.5555239],[73.9518313,18.5555265],[73.9518688,18.5555519],[73.9518959,18.5555567],[73.9519154,18.5556268],[73.9518289,18.5556428],[73.9518071,18.5555951],[73.9517828,18.5556039],[73.9517964,18.5556358],[73.9517454,18.5556599],[73.9517012,18.5555887],[73.9517481,18.5555646],[73.9517481,18.5555392],[73.9516838,18.5555239],[73.9516891,18.5555723],[73.9516516,18.5555824],[73.9516314,18.5556002],[73.9515979,18.5556002],[73.9515671,18.5555888],[73.9515389,18.5555443],[73.9515872,18.5555265],[73.9515899,18.555496],[73.9515631,18.5554858],[73.9515309,18.5555011],[73.9514906,18.555468],[73.9515443,18.55544],[73.951488,18.5554146]]]]}},
{"type":"Feature","properties":{"osm_id":"206536132","code":1500,"fclass":"building","name":"Gera Emerald City North Building B","type":"apartments"},"geometry":{"type":"MultiPolygon","coordinates":[[[[73.9518504,18.5557904],[73.9518719,18.555737],[73.9519389,18.5556938],[73.9519899,18.5556734],[73.9520462,18.5555692],[73.9520972,18.5555794],[73.9521481,18.5556048],[73.9521347,18.5556684],[73.9521428,18.5556989],[73.952191,18.5556836],[73.9521991,18.5556455],[73.9522393,18.5556811],[73.9522635,18.555709],[73.9522769,18.555765],[73.9522514,18.5558178],[73.9522662,18.5558273],[73.9522822,18.5558082],[73.9523332,18.5558184],[73.9523278,18.555915],[73.9522635,18.5559633],[73.952191,18.5559913],[73.9521294,18.5559582],[73.9521213,18.556004],[73.9520516,18.556004],[73.9520033,18.5559786],[73.9519362,18.5559303],[73.9519201,18.5558896],[73.9519282,18.5558641],[73.9519067,18.5558387],[73.9518772,18.5558387],[73.9518504,18.5557904]]]]}},
{"type":"Feature","properties":{"osm_id":"207872412","code":1500,"fclass":"building","name":"","type":"university"},"geometry":{"type":"MultiPolygon","coordinates":[[[[73.8384082,18.5118219],[73.8384132,18.5116853],[73.8384474,18.5115508],[73.8385098,18.5114567],[73.8385842,18.5113844],[73.8386659,18.5113393],[73.838723,18.5114325],[73.8386548,18.5114702],[73.8385996,18.5115238],[73.8385536,18.5115932],[73.8385264,18.5116999],[73.8385224,18.5118105],[73.8385468,18.5119031],[73.8385929,18.5119853],[73.8384925,18.5120359],[73.8384399,18.511942],[73.8384082,18.5118219]]]]}},
{"type":"Feature","properties":{"osm_id":"207872413","code":1500,"fclass":"building","name":"SP college main building","type":""},"geometry":{"type":"MultiPolygon","coordinates":[[[[73.8491124,18.5075189],[73.8492075,18.5074331],[73.8493483,18.5075732],[73.8498864,18.5070872],[73.8497529,18.5069544],[73.8498502,18.5068665],[73.8499836,18.5069994],[73.8500156,18.5069705],[73.8501003,18.5070548],[73.8499977,18.5071474],[73.8499851,18.5071349],[73.8499178,18.5071958],[73.8499303,18.5072083],[73.8494803,18.5076147],[73.8494645,18.507599],[73.8493929,18.5076636],[73.8494087,18.5076793],[73.8493031,18.5077747],[73.8492185,18.5076904],[73.8492532,18.5076591],[73.8491124,18.5075189]]]]}},
{"type":"Feature","properties":{"osm_id":"207872414","code":1500,"fclass":"building","name":"","type":"school"},"geometry":{"type":"MultiPolygon","coordinates":[[[[73.8375811,18.511593],[73.8377446,18.5114562],[73.8377946,18.5114625],[73.8378015,18.511414],[73.8378803,18.5114239],[73.8378735,18.5114725],[73.8381996,18.5115137],[73.8382514,18.5115203],[73.8382805,18.5114305],[73.8382992,18.5113942],[73.8382574,18.5113727],[73.8380692,18.5112762],[73.8381089,18.5112262],[73.8381545,18.5112074],[73.8382897,18.5112738],[73.8383654,18.5111792],[73.8385437,18.511291],[73.8384689,18.5113965],[73.8383909,18.5113489],[73.838367,18.5113844],[73.8384224,18.5114069],[73.8383927,18.5114696],[73.8383822,18.5115396],[73.8383481,18.511536],[73.8383441,18.5115644],[73.8383304,18.5116617],[73.8380209,18.5116239],[73.837726,18.5115879],[73.8376431,18.5116553],[73.8375811,18.511593]]]]}},
{"type":"Feature","properties":{"osm_id":"207872415","code":1500,"fclass":"building","name":"","type":"apartments"},"geometry":{"type":"MultiPolygon","coordinates":[[[[73.83863,18.5121321],[73.8386911,18.5120228],[73.8389116,18.5121337],[73.8388505,18.512243],[73.83863,18.5121321]]]]}},
{"type":"Feature","properties":{"osm_id":"207872416","code":1500,"fclass":"building","name":"","type":""},"geometry":{"type":"MultiPolygon","coordinates":[[[[73.8394024,18.5112483],[73.8394851,18.5111737],[73.8396366,18.5113246],[73.8395539,18.5113992],[73.8394024,18.5112483]]]]}},
{"type":"Feature","properties":{"osm_id":"207872417","code":1500,"fclass":"building","name":"","type":""},"geometry":{"type":"MultiPolygon","coordinates":[[[[73.8397265,18.5116628],[73.8398497,18.5116591],[73.8398593,18.5119464],[73.8397361,18.5119501],[73.8397265,18.5116628]]]]}},
{"type":"Feature","properties":{"osm_id":"207872418","code":1500,"fclass":"building","name":"","type":""},"geometry":{"type":"MultiPolygon","coordinates":[[[[73.8389246,18.5122719],[73.8389864,18.5121574],[73.8392376,18.5122792],[73.8391758,18.5123937],[73.8389246,18.5122719]]]]}},
{"type":"Feature","properties":{"osm_id":"207872419","code":1500,"fclass":"building","name":"","type":""},"geometry":{"type":"MultiPolygon","coordinates":[[[[73.8385346,18.5111127],[73.8387915,18.5110399],[73.8388445,18.5112083],[73.8385876,18.511281],[73.8385346,18.5111127]]]]}},
{"type":"Feature","properties":{"osm_id":"207872420","code":1500,"fclass":"building","name":"","type":""},"geometry":{"type":"MultiPolygon","coordinates":[[[[73.8395827,18.5114319],[73.8396803,18.5113766],[73.8397973,18.511562],[73.8396996,18.5116174],[73.8395827,18.5114319]]]]}},
{"type":"Feature","properties":{"osm_id":"207872421","code":1500,"fclass":"building","name":"Centro Mall","type":""},"geometry":{"type":"MultiPolygon","coordinates":[[[[73.8381299,18.5105309],[73.8387012,18.51008],[73.8390688,18.5104988],[73.8388147,18.5106992],[73.8387073,18.5105768],[73.83839,18.5108272],[73.8381299,18.5105309]]]]}},
{"type":"Feature","properties":{"osm_id":"207872422","code":1500,"fclass":"building","name":"","type":""},"geometry":{"type":"MultiPolygon","coordinates":[[[[73.8388267,18.5110303],[73.8390664,18.5109685],[73.8391033,18.5110974],[73.8389137,18.5111463],[73.8389221,18.5111752],[73.838872,18.5111882],[73.8388267,18.5110303]]]]}},
{"type":"Feature","properties":{"osm_id":"207872423","code":1500,"fclass":"building","name":"","type":"school"},"geometry":{"type":"MultiPolygon","coordinates":[[[[73.8453235,18.5120844],[73.845344,18.5119374],[73.8455167,18.5119591],[73.845573,18.5119661],[73.8455664,18.5120135],[73.8455525,18.5121131],[73.8453235,18.5120844]]]]}},
{"type":"Feature","properties":{"osm_id":"207872424","code":1500,"fclass":"building","name":"","type":""},"geometry":{"type":"MultiPolygon","coordinates":[[[[73.8396632,18.512121],[73.839692,18.5119974],[73.8397672,18.5120131],[73.83976,18.5120441],[73.8396909,18.512127],[73.8396632,18.512121]]]]}},
{"type":"Feature","properties":{"osm_id":"207872425","code":1500,"fclass":"building","name":"","type":"apartments"},"geometry":{"type":"MultiPolygon","coordinates":[[[[73.8392639,18.5123376],[73.8393439,18.5123196],[73.839394,18.5122836],[73.8394334,18.5123273],[73.839394,18.5123594],[73.8393818,18.5124533],[73.839291,18.5124584],[73.8392883,18.5124044],[73.8392639,18.5123376]]]]}},
{"type":"Feature","properties":{"osm_id":"207872426","code":1500,"fclass":"building","name":"","type":""},"geometry":{"type":"MultiPolygon","coordinates":[[[[73.8388444,18.5112819],[73.8389998,18.5112459],[73.8391597,18.5112509],[73.8393123,18.5112965],[73.839281,18.5113907],[73.839142,18.5113492],[73.8390107,18.5113451],[73.8388692,18.5113779],[73.8388444,18.5112819]]]]}},
{"type":"Feature","properties":{"osm_id":"207872427","code":1500,"fclass":"building","name":"","type":""},"geometry":{"type":"MultiPolygon","coordinates":[[[[73.8391538,18.5111247],[73.839208,18.5110205],[73.839182,18.5110083],[73.8392248,18.5109259],[73.8394932,18.5110513],[73.8394504,18.5111337],[73.8394234,18.5111211],[73.8393692,18.5112253],[73.8391538,18.5111247]]]]}},
{"type":"Feature","properties":{"osm_id":"2795097","code":1500,"fclass":"building","name":"Jnana Prabodhini","type":"school"},"geometry":{"type":"MultiPolygon","coordinates":[[[[73.8453438,18.5119318],[73.8453686,18.5117461],[73.8454157,18.511752],[73.8454215,18.5117104],[73.8453722,18.5117042],[73.8453758,18.5116783],[73.8454251,18.5116844],[73.8454321,18.5116343],[73.845516,18.5116448],[73.8455228,18.5115966],[73.8456767,18.5116157],[73.8456477,18.5118238],[73.8456301,18.5119504],[73.8455719,18.5119431],[73.8455932,18.5117899],[73.8454975,18.5117779],[73.8454738,18.5119481],[73.8453438,18.5119318]],[[73.8455167,18.5117037],[73.8456085,18.5117152],[73.8456166,18.5116572],[73.8455248,18.5116457],[73.8455167,18.5117037]]]]}},
{"type":"Feature","properties":{"osm_id":"2795098","code":1500,"fclass":"building","name":"","type":"school"},"geometry":{"type":"MultiPolygon","coordinates":[[[[73.8436476,18.5109351],[73.8436785,18.5107031],[73.8436593,18.5107008],[73.8436776,18.5105631],[73.8436968,18.5105654],[73.843729,18.5103232],[73.8440062,18.5103563],[73.8439747,18.5105932],[73.8440757,18.5106053],[73.8440569,18.5107466],[73.843956,18.5107345],[73.8439249,18.5109683],[73.8436476,18.5109351]],[[73.8437643,18.5108868],[73.843841,18.5108941],[73.8438529,18.5107812],[73.8437762,18.5107739],[73.8437643,18.5108868]],[[73.8438022,18.5105109],[73.8438916,18.5105212],[73.8439071,18.5104002],[73.8438176,18.5103899],[73.8438022,18.5105109]]]]}},
{"type":"Feature","properties":{"osm_id":"207899909","code":1500,"fclass":"building","name":"","type":"temple"},"geometry":{"type":"MultiPolygon","coordinates":[[[[73.8529132,18.5009936],[73.8529141,18.5007531],[73.8530473,18.5007535],[73.853047,18.5008192],[73.8531136,18.5008195],[73.8531136,18.5008679],[73.8531132,18.5009389],[73.8530466,18.5009386],[73.8530464,18.5009941],[73.8529132,18.5009936]]]]}},
{"type":"Feature","properties":{"osm_id":"208051208","code":1500,"fclass":"building","name":"National Film Archive of India","type":""},"geometry":{"type":"MultiPolygon","coordinates":[[[[73.8293169,18.5160795],[73.8293996,18.5160613],[73.8293938,18.5160377],[73.8294596,18.5160232],[73.8294974,18.5159511],[73.8295406,18.5158505],[73.8296665,18.5158223],[73.829699,18.5159297],[73.8296202,18.5159464],[73.8296496,18.515967],[73.8296362,18.515992],[73.8298052,18.5160854],[73.8297215,18.5162218],[73.8295524,18.5161285],[73.8295431,18.5161533],[73.8295085,18.5161421],[73.8295131,18.5161607],[73.8293459,18.5161976],[73.8293169,18.5160795]]]]}},
{"type":"Feature","properties":{"osm_id":"208054482","code":1500,"fclass":"building","name":"Bajaj Allianz","type":"office"},"geometry":{"type":"MultiPolygon","coordinates":[[[[73.8890989,18.5472605],[73.8891016,18.5470748],[73.8891257,18.5470291],[73.8892276,18.5470087],[73.8892866,18.5469985],[73.8893229,18.546999],[73.8893658,18.5469973],[73.8894422,18.546982],[73.8895817,18.5470392],[73.8895951,18.5471969],[73.8896031,18.5473291],[73.8895227,18.5474308],[73.8891713,18.5474664],[73.8891177,18.5474588],[73.8890989,18.5472605]]]]}},
{"type":"Feature","properties":{"osm_id":"208054717","code":1500,"fclass":"building","name":"Tata Consultancy Services","type":"office"},"geometry":{"type":"MultiPolygon","coordinates":[[[[73.8903086,18.54768],[73.890499,18.5475045],[73.8905392,18.5475249],[73.8905929,18.5474893],[73.8906546,18.5474511],[73.8907377,18.5474333],[73.8907914,18.5474613],[73.890837,18.5475096],[73.8908423,18.5475783],[73.8908128,18.5476241],[73.8907779,18.5476927],[73.8905231,18.5479038],[73.8904775,18.5478605],[73.8903086,18.54768]]]]}},
{"type":"Feature","properties":{"osm_id":"208055626","code":1500,"fclass":"building","name":"Muttha Towers","type":"office"},"geometry":{"type":"MultiPolygon","coordinates":[[[[73.8916926,18.5522089],[73.8916976,18.5521567],[73.8918013,18.5521583],[73.8922019,18.5521459],[73.8923189,18.552144],[73.8924343,18.5521388],[73.8924983,18.5521383],[73.8924986,18.552266],[73.8924181,18.552266],[73.8922036,18.5522787],[73.8920196,18.5522844],[73.891824,18.5522927],[73.8917448,18.5522991],[73.8916926,18.552294],[73.8916926,18.5522089]]]]}},
{"type":"Feature","properties":{"osm_id":"208056822","code":1500,"fclass":"building","name":"MSEDCL Yerawada","type":"office"},"geometry":{"type":"MultiPolygon","coordinates":[[[[73.8964622,18.5527357],[73.8964837,18.5526569],[73.8966252,18.5526564],[73.8966366,18.552578],[73.8967566,18.5525801],[73.8967351,18.5528674],[73.8966097,18.5528679],[73.8966151,18.5527382],[73.8964622,18.5527357]]]]}},
{"type":"Feature","properties":{"osm_id":"208056823","code":1500,"fclass":"building","name":"BSNL Yerawada Telephone Exchange","type":"office"},"geometry":{"type":"MultiPolygon","coordinates":[[[[73.8907483,18.5557791],[73.8910112,18.5556901],[73.8911453,18.5556468],[73.8911802,18.5557562],[73.8912338,18.5557384],[73.8912606,18.5557943],[73.8912016,18.5558121],[73.891207,18.5558859],[73.8908234,18.5559977],[73.8907854,18.5558869],[73.8907483,18.5557791]]]]}},
{"type":"Feature","properties":{"osm_id":"208058067","code":1500,"fclass":"building","name":"","type":"retail"},"geometry":{"type":"MultiPolygon","coordinates":[[[[73.9200569,18.559832],[73.920529,18.5596795],[73.920647,18.5601575],[73.9212264,18.5600761],[73.92128,18.5607678],[73.9210869,18.5611339],[73.9202608,18.560839],[73.9200569,18.5607779],[73.9200569,18.559832]]]]}},
{"type":"Feature","properties":{"osm_id":"208089917","code":1500,"fclass":"building","name":"","type":"cinema"},"geometry":{"type":"MultiPolygon","coordinates":[[[[73.8574121,18.49581],[73.8575551,18.495763],[73.8577029,18.495794],[73.8577173,18.4959343],[73.8576636,18.4959375],[73.8577039,18.4961722],[73.8575848,18.4962476],[73.8574574,18.4961858],[73.8574688,18.4959482],[73.857415,18.4959509],[73.8574121,18.49581]]]]}},
{"type":"Feature","properties":{"osm_id":"208180369","code":1500,"fclass":"building","name":"BMCC Main Building","type":"college"},"geometry":{"type":"MultiPolygon","coordinates":[[[[73.8350075,18.5214291],[73.8350077,18.5213164],[73.8350582,18.5213165],[73.8350585,18.5211663],[73.8351911,18.5211665],[73.835191,18.5212212],[73.835519,18.5212216],[73.8355191,18.521158],[73.8356409,18.5211581],[73.8356407,18.5212673],[73.8357063,18.5212674],[73.8357061,18.5214204],[73.8355175,18.5214202],[73.8355176,18.5213697],[73.8354279,18.5213696],[73.8354278,18.5214188],[73.8352693,18.5214186],[73.8352694,18.5213718],[73.8351703,18.5213716],[73.8351702,18.5214294],[73.8350075,18.5214291]]]]}},
{"type":"Feature","properties":{"osm_id":"208180370","code":1500,"fclass":"building","name":"","type":""},"geometry":{"type":"MultiPolygon","coordinates":[[[[73.8281906,18.5171852],[73.8282866,18.5171559],[73.8283068,18.5172155],[73.8284319,18.5171773],[73.8283916,18.5170588],[73.828449,18.5170413],[73.8284131,18.5169357],[73.8286261,18.5168706],[73.8286589,18.5169672],[73.8284936,18.5170177],[73.8285354,18.5171407],[73.8285517,18.5171357],[73.8285662,18.5171783],[73.8285498,18.5171833],[73.8285699,18.5172424],[73.8285865,18.5172373],[73.8285999,18.5172767],[73.8285833,18.5172818],[73.8286136,18.517371],[73.8287789,18.5173205],[73.8288144,18.517425],[73.8286198,18.5174844],[73.8285919,18.5174022],[73.8285161,18.5174253],[73.82848,18.517319],[73.8283533,18.5173577],[73.8283729,18.5174156],[73.8282786,18.5174444],[73.8282465,18.5173499],[73.8282318,18.5173479],[73.8282162,18.5173408],[73.8282109,18.5173248],[73.8282173,18.5173043],[73.8282287,18.5172973],[73.8281906,18.5171852]]]]}},
{"type":"Feature","properties":{"osm_id":"2799853","code":1500,"fclass":"building","name":"Fergusson College Boys' Hostel","type":"dormitory"},"geometry":{"type":"MultiPolygon","coordinates":[[[[73.8381614,18.5257446],[73.8384408,18.525726],[73.8384247,18.5255022],[73.8383684,18.5255048],[73.8383603,18.5254008],[73.8388646,18.5253626],[73.8388887,18.5257797],[73.8382396,18.525828],[73.8382825,18.5262604],[73.8385266,18.5262502],[73.8384971,18.5258659],[73.8385749,18.5258534],[73.8386124,18.5263211],[73.8382906,18.5263367],[73.8382906,18.5263517],[73.8382155,18.5263595],[73.8381614,18.5257446]],[[73.8385008,18.5254647],[73.838522,18.5257363],[73.8388092,18.5257162],[73.838788,18.5254446],[73.8385008,18.5254647]]]]}},
{"type":"Feature","properties":{"osm_id":"2800242","code":1500,"fclass":"building","name":"","type":"school"},"geometry":{"type":"MultiPolygon","coordinates":[[[[73.8493847,18.5174572],[73.8493956,18.5169086],[73.8498505,18.5169168],[73.8498396,18.5174654],[73.8493847,18.5174572]],[[73.8494966,18.5173716],[73.8497129,18.5173755],[73.8497198,18.5170303],[73.8495035,18.5170264],[73.8494966,18.5173716]]]]}},
{"type":"Feature","properties":{"osm_id":"209172128","code":1500,"fclass":"building","name":"","type":""},"geometry":{"type":"MultiPolygon","coordinates":[[[[73.8044435,18.4995769],[73.80452,18.4995232],[73.8046403,18.4996772],[73.8045638,18.499731],[73.8044435,18.4995769]]]]}},
{"type":"Feature","properties":{"osm_id":"209748925","code":1500,"fclass":"building","name":"","type":""},"geometry":{"type":"MultiPolygon","coordinates":[[[[73.8122123,18.5027169],[73.8122182,18.5025741],[73.812314,18.5025777],[73.8123133,18.5025949],[73.8125933,18.5026053],[73.8125926,18.5026222],[73.8126407,18.502624],[73.8126278,18.5029358],[73.812669,18.5029373],[73.8126651,18.5030317],[73.8126239,18.5030301],[73.8126212,18.5030965],[73.8122169,18.5030815],[73.8122204,18.5029978],[73.8122878,18.5030003],[73.8122912,18.5029191],[73.8122237,18.5029166],[73.8122319,18.5027177],[73.8122123,18.5027169]]]]}},
{"type":"Feature","properties":{"osm_id":"210576111","code":1500,"fclass":"building","name":"Sai Capital","type":"commercial"},"geometry":{"type":"MultiPolygon","coordinates":[[[[73.8301158,18.5318586],[73.8301254,18.5318275],[73.830144,18.5318004],[73.8301701,18.5317794],[73.8302014,18.5317664],[73.8304302,18.5317603],[73.8304381,18.5320365],[73.83012,18.5320447],[73.8301159,18.531891],[73.8301158,18.5318586]]]]}},
{"type":"Feature","properties":{"osm_id":"210604942","code":1500,"fclass":"building","name":"","type":""},"geometry":{"type":"MultiPolygon","coordinates":[[[[73.8652028,18.4870348],[73.8652656,18.4867705],[73.8652837,18.4866756],[73.8652874,18.4866291],[73.8652713,18.4864844],[73.8654309,18.4864503],[73.8654539,18.4866251],[73.8654484,18.4866956],[73.865428,18.4868018],[73.8653646,18.4870693],[73.8652028,18.4870348]]]]}},
{"type":"Feature","properties":{"osm_id":"210604943","code":1500,"fclass":"building","name":"","type":""},"geometry":{"type":"MultiPolygon","coordinates":[[[[73.863729,18.4866012],[73.8637314,18.4865305],[73.8637739,18.486359],[73.8639288,18.4864091],[73.8638965,18.4865512],[73.8638949,18.4865979],[73.8639023,18.4866941],[73.863935,18.4869632],[73.8637704,18.4869812],[73.8637373,18.4867088],[73.863729,18.4866012]]]]}},
{"type":"Feature","properties":{"osm_id":"210604944","code":1500,"fclass":"building","name":"","type":""},"geometry":{"type":"MultiPolygon","coordinates":[[[[73.8647113,18.4862831],[73.8647341,18.4861256],[73.8648494,18.4861626],[73.8649446,18.4862256],[73.8650255,18.4863111],[73.8650725,18.4863895],[73.8651074,18.4864779],[73.8649432,18.486517],[73.8649158,18.4864554],[73.8648863,18.4864061],[73.8648309,18.4863475],[73.8647668,18.4863051],[73.8647113,18.4862831]]]]}},
{"type":"Feature","properties":{"osm_id":"210604945","code":1500,"fclass":"building","name":"","type":""},"geometry":{"type":"MultiPolygon","coordinates":[[[[73.8640925,18.4864191],[73.8641371,18.4863348],[73.8641926,18.4862616],[73.8642826,18.4861847],[73.8643843,18.4861317],[73.8645032,18.4861066],[73.8645082,18.4862654],[73.8644505,18.4862817],[73.864382,18.4863174],[73.8643203,18.4863701],[73.8642855,18.4864161],[73.8642513,18.4864746],[73.8640925,18.4864191]]]]}},
{"type":"Feature","properties":{"osm_id":"210604946","code":1500,"fclass":"building","name":"","type":""},"geometry":{"type":"MultiPolygon","coordinates":[[[[73.8646095,18.4882773],[73.8647471,18.4882604],[73.8648542,18.4882301],[73.8649755,18.4881708],[73.8651065,18.4880889],[73.8652545,18.4879446],[73.8653866,18.4880343],[73.865215,18.4882066],[73.8650637,18.4883089],[73.8649042,18.4883798],[73.8647765,18.4884135],[73.8646171,18.4884337],[73.8646095,18.4882773]]]]}},
{"type":"Feature","properties":{"osm_id":"210604947","code":1500,"fclass":"building","name":"","type":""},"geometry":{"type":"MultiPolygon","coordinates":[[[[73.8636306,18.4879416],[73.8637724,18.4878665],[73.8639024,18.4880257],[73.864023,18.488121],[73.8641364,18.4881927],[73.8642393,18.4882342],[73.864374,18.4882656],[73.864348,18.4884203],[73.864192,18.4883833],[73.8640691,18.4883362],[73.863919,18.4882488],[73.8637807,18.4881311],[73.8636306,18.4879416]]]]}},
{"type":"Feature","properties":{"osm_id":"210604948","code":1500,"fclass":"building","name":"","type":""},"geometry":{"type":"MultiPolygon","coordinates":[[[[73.8639115,18.4877824],[73.8640511,18.4877055],[73.8641372,18.4878141],[73.8641957,18.4878608],[73.8642575,18.4879005],[73.8643236,18.4879298],[73.8643963,18.4879504],[73.8643913,18.4881066],[73.8642742,18.4880828],[73.8641932,18.4880503],[73.8641104,18.4880051],[73.864036,18.4879377],[73.8639734,18.4878695],[73.8639115,18.4877824]]]]}},
{"type":"Feature","properties":{"osm_id":"210604949","code":1500,"fclass":"building","name":"","type":""},"geometry":{"type":"MultiPolygon","coordinates":[[[[73.8646112,18.4881174],[73.8646246,18.4879617],[73.8646993,18.4879489],[73.8647684,18.4879268],[73.8648345,18.487894],[73.8648982,18.4878537],[73.8649966,18.487755],[73.8651262,18.4878462],[73.8650544,18.4879263],[73.8649841,18.4879873],[73.8649022,18.4880464],[73.8648147,18.4880825],[73.8647303,18.4881062],[73.8646112,18.4881174]]]]}},
{"type":"Feature","properties":{"osm_id":"210604950","code":1500,"fclass":"building","name":"","type":""},"geometry":{"type":"MultiPolygon","coordinates":[[[[73.8638188,18.4857553],[73.8638787,18.4857048],[73.8639471,18.4856561],[73.8640297,18.4856046],[73.8641208,18.4855658],[73.8642188,18.4855295],[73.8643176,18.4855036],[73.8644293,18.4854846],[73.8645351,18.4854823],[73.8645387,18.485635],[73.8644455,18.485637],[73.8643534,18.4856527],[73.8642697,18.4856746],[73.8641832,18.4857067],[73.8641074,18.485739],[73.8640397,18.4857811],[73.8639807,18.4858231],[73.8639259,18.4858694],[73.8638188,18.4857553]]]]}},
{"type":"Feature","properties":{"osm_id":"210604951","code":1500,"fclass":"building","name":"","type":""},"geometry":{"type":"MultiPolygon","coordinates":[[[[73.8647517,18.4856532],[73.8647724,18.4855017],[73.8648774,18.4855146],[73.8649863,18.4855449],[73.8650817,18.4855805],[73.865175,18.4856266],[73.8652612,18.4856744],[73.8653376,18.4857339],[73.8654002,18.4857892],[73.865454,18.4858455],[73.8653347,18.4859481],[73.8652855,18.4858965],[73.8652315,18.4858488],[73.8651689,18.4858001],[73.8650972,18.4857604],[73.8650148,18.4857197],[73.864934,18.4856895],[73.8648442,18.4856645],[73.8647517,18.4856532]]]]}},
{"type":"Feature","properties":{"osm_id":"210604952","code":1500,"fclass":"building","name":"","type":""},"geometry":{"type":"MultiPolygon","coordinates":[[[[73.8644755,18.4871611],[73.8644873,18.4869639],[73.8646358,18.4869719],[73.864624,18.4871691],[73.8644755,18.4871611]]]]}},
{"type":"Feature","properties":{"osm_id":"210604953","code":1500,"fclass":"building","name":"","type":""},"geometry":{"type":"MultiPolygon","coordinates":[[[[73.8634923,18.4861829],[73.8635822,18.4860122],[73.8636873,18.4858764],[73.8637974,18.4857713],[73.8639033,18.4858858],[73.8638099,18.485976],[73.8637201,18.486092],[73.8636411,18.4862387],[73.8634923,18.4861829]]]]}},
{"type":"Feature","properties":{"osm_id":"210604954","code":1500,"fclass":"building","name":"","type":""},"geometry":{"type":"MultiPolygon","coordinates":[[[[73.8653553,18.4859667],[73.8654735,18.4858636],[73.8655712,18.4859792],[73.8656605,18.4861248],[73.8657306,18.4863036],[73.8655764,18.4863441],[73.8655144,18.4861903],[73.8654381,18.4860658],[73.8653553,18.4859667]]]]}},
{"type":"Feature","properties":{"osm_id":"210717983","code":1500,"fclass":"building","name":"Kaka Halwai","type":"retail"},"geometry":{"type":"MultiPolygon","coordinates":[[[[73.8442034,18.506567],[73.8442182,18.5063994],[73.8443527,18.5064101],[73.844338,18.5065776],[73.8442034,18.506567]]]]}},
{"type":"Feature","properties":{"osm_id":"210717984","code":1500,"fclass":"building","name":"","type":"commercial"},"geometry":{"type":"MultiPolygon","coordinates":[[[[73.843541,18.5062774],[73.8435712,18.5060275],[73.8444282,18.5061206],[73.844398,18.5063705],[73.843541,18.5062774]]]]}},
{"type":"Feature","properties":{"osm_id":"2847818","code":1500,"fclass":"building","name":"","type":""},"geometry":{"type":"MultiPolygon","coordinates":[[[[73.8632344,18.4848621],[73.8632522,18.4847928],[73.8633034,18.4847392],[73.8633911,18.4847026],[73.8639209,18.484653],[73.8639867,18.4846738],[73.8640441,18.4847214],[73.8640922,18.4847918],[73.864111,18.4850811],[73.8640818,18.4851346],[73.8640337,18.4851832],[73.8639574,18.4852169],[73.8634319,18.4852634],[73.8633462,18.4852307],[73.8632961,18.4851881],[73.8632605,18.4851277],[73.8632344,18.4848621]],[[73.8633733,18.4848717],[73.8633946,18.4850883],[73.8634048,18.4851057],[73.8634199,18.4851185],[73.8634523,18.4851308],[73.863921,18.4850893],[73.8639517,18.4850757],[73.8639686,18.4850586],[73.8639716,18.4850532],[73.8639573,18.4848339],[73.8639393,18.4848076],[73.8639171,18.4847892],[73.8639052,18.4847854],[73.8634264,18.4848302],[73.8633855,18.4848473],[73.8633774,18.4848557],[73.8633733,18.4848717]]]]}},
{"type":"Feature","properties":{"osm_id":"2847819","code":1500,"fclass":"building","name":"","type":""},"geometry":{"type":"MultiPolygon","coordinates":[[[[73.8630192,18.4841576],[73.8630422,18.4840942],[73.863085,18.4840476],[73.8631717,18.484002],[73.8638059,18.4839416],[73.8638759,18.4839475],[73.8639397,18.4839782],[73.8639877,18.4840288],[73.8640222,18.4841011],[73.8640347,18.4843102],[73.8640347,18.4843914],[73.8639783,18.4844608],[73.8638918,18.484504],[73.8632314,18.4845654],[73.8631372,18.4845401],[73.8630735,18.4844856],[73.8630411,18.4844271],[73.8630192,18.4841576]],[[73.8631535,18.4841738],[73.8631712,18.4843916],[73.8631799,18.4844072],[73.8632031,18.4844271],[73.8632435,18.4844379],[73.863853,18.4843812],[73.863891,18.4843623],[73.8639021,18.4843486],[73.8639021,18.4843138],[73.8638912,18.4841316],[73.8638754,18.4840984],[73.8638577,18.4840798],[73.8638386,18.4840706],[73.8638067,18.4840679],[73.8632121,18.4841245],[73.8631696,18.4841469],[73.8631591,18.4841583],[73.8631535,18.4841738]]]]}},
{"type":"Feature","properties":{"osm_id":"214074987","code":1500,"fclass":"building","name":"English Language Teaching Institute of Symbiosis","type":"university"},"geometry":{"type":"MultiPolygon","coordinates":[[[[73.8332581,18.5339825],[73.8332768,18.5337271],[73.833722,18.5338194],[73.8336995,18.5340251],[73.8332581,18.5339825]]]]}},
{"type":"Feature","properties":{"osm_id":"214074988","code":1500,"fclass":"building","name":"","type":""},"geometry":{"type":"MultiPolygon","coordinates":[[[[73.8334774,18.5336825],[73.8335287,18.5335475],[73.8337774,18.5336325],[73.8337274,18.5337639],[73.8336626,18.5337417],[73.8336757,18.5337072],[73.8335811,18.5336749],[73.8335667,18.533713],[73.8334774,18.5336825]]]]}},
{"type":"Feature","properties":{"osm_id":"214074989","code":1500,"fclass":"building","name":"","type":""},"geometry":{"type":"MultiPolygon","coordinates":[[[[73.8337657,18.5331988],[73.8338234,18.5330748],[73.8339638,18.5331368],[73.833933,18.5331988],[73.8339061,18.5332608],[73.8338715,18.5332462],[73.8338869,18.5332225],[73.8338369,18.5332061],[73.8338272,18.5332262],[73.8337657,18.5331988]]]]}},
{"type":"Feature","properties":{"osm_id":"214074990","code":1500,"fclass":"building","name":"","type":""},"geometry":{"type":"MultiPolygon","coordinates":[[[[73.8337858,18.5329877],[73.8338378,18.5328856],[73.8340397,18.5329914],[73.8339858,18.5330953],[73.8337858,18.5329877]]]]}},
{"type":"Feature","properties":{"osm_id":"214074991","code":1500,"fclass":"building","name":"","type":""},"geometry":{"type":"MultiPolygon","coordinates":[[[[73.8338475,18.5328395],[73.8338895,18.5327688],[73.834057,18.5328583],[73.8340705,18.5329586],[73.8338475,18.5328395]]]]}},
{"type":"Feature","properties":{"osm_id":"214074992","code":1500,"fclass":"building","name":"","type":""},"geometry":{"type":"MultiPolygon","coordinates":[[[[73.833514,18.5328512],[73.8335522,18.5327795],[73.8335982,18.5328015],[73.8336059,18.5327872],[73.8335788,18.5327742],[73.8335958,18.5327422],[73.8335777,18.5327335],[73.8336379,18.5326206],[73.8336513,18.5326271],[73.8337169,18.5326585],[73.8336933,18.5327027],[73.8337102,18.5327108],[73.8336938,18.5327415],[73.8337005,18.5327447],[73.8336783,18.5327864],[73.8336523,18.5327739],[73.8336278,18.53282],[73.8336512,18.5328312],[73.8336149,18.5328995],[73.833514,18.5328512]]]]}},
{"type":"Feature","properties":{"osm_id":"215535664","code":1500,"fclass":"building","name":"","type":"grandstand"},"geometry":{"type":"MultiPolygon","coordinates":[[[[73.8556786,18.5029452],[73.8558745,18.5028748],[73.8560434,18.5027488],[73.8561632,18.5025796],[73.8561697,18.502558],[73.8563087,18.5026066],[73.8562161,18.50279],[73.8560783,18.5029325],[73.8559046,18.5030338],[73.8557083,18.5030861],[73.8556786,18.5029452]]]]}},
{"type":"Feature","properties":{"osm_id":"215535665","code":1500,"fclass":"building","name":"","type":""},"geometry":{"type":"MultiPolygon","coordinates":[[[[73.8525838,18.5039601],[73.8526464,18.5038714],[73.8527898,18.5039625],[73.8527273,18.5040511],[73.8525838,18.5039601]]]]}},
{"type":"Feature","properties":{"osm_id":"215535666","code":1500,"fclass":"building","name":"","type":""},"geometry":{"type":"MultiPolygon","coordinates":[[[[73.8523746,18.5030056],[73.8524281,18.5027208],[73.8527061,18.5027678],[73.8526526,18.5030526],[73.8523746,18.5030056]]]]}},
{"type":"Feature","properties":{"osm_id":"215535667","code":1500,"fclass":"building","name":"","type":""},"geometry":{"type":"MultiPolygon","coordinates":[[[[73.8524664,18.503639],[73.8525111,18.5031026],[73.8526725,18.5031147],[73.8526277,18.5036511],[73.8524664,18.503639]]]]}},
{"type":"Feature","properties":{"osm_id":"215535668","code":1500,"fclass":"building","name":"","type":""},"geometry":{"type":"MultiPolygon","coordinates":[[[[73.8552543,18.5013573],[73.8555397,18.5013354],[73.855798,18.5013369],[73.8557839,18.5014848],[73.8555381,18.5014699],[73.8552593,18.5015013],[73.8552543,18.5013573]]]]}},
{"type":"Feature","properties":{"osm_id":"215535669","code":1500,"fclass":"building","name":"","type":"grandstand"},"geometry":{"type":"MultiPolygon","coordinates":[[[[73.8561697,18.502558],[73.8562222,18.5023837],[73.8562296,18.5022446],[73.8562207,18.5021052],[73.8563672,18.5021023],[73.8563737,18.5023608],[73.8563087,18.5026066],[73.8561697,18.502558]]]]}},
{"type":"Feature","properties":{"osm_id":"215535670","code":1500,"fclass":"building","name":"","type":""},"geometry":{"type":"MultiPolygon","coordinates":[[[[73.8554544,18.5029537],[73.8556786,18.5029452],[73.8556825,18.5030932],[73.8556428,18.5030941],[73.8556435,18.5031204],[73.8554977,18.5031238],[73.8554969,18.5030936],[73.8554581,18.5030945],[73.8554544,18.5029537]]]]}},
{"type":"Feature","properties":{"osm_id":"215535671","code":1500,"fclass":"building","name":"","type":""},"geometry":{"type":"MultiPolygon","coordinates":[[[[73.8562849,18.5014048],[73.8568942,18.501264],[73.8569115,18.5018676],[73.8569281,18.5019504],[73.8568477,18.501971],[73.8568603,18.5020231],[73.8565809,18.5020977],[73.8565423,18.5019426],[73.8564959,18.5019516],[73.8562849,18.5014048]]]]}},
{"type":"Feature","properties":{"osm_id":"215535683","code":1500,"fclass":"building","name":"Swargate Multimodal Hub","type":"train_station"},"geometry":{"type":"MultiPolygon","coordinates":[[[[73.8571418,18.4989106],[73.8577287,18.498814],[73.8579956,18.5002289],[73.8576387,18.5002908],[73.8576312,18.5002682],[73.8573995,18.5003107],[73.8573215,18.4999284],[73.8574968,18.4998963],[73.8573882,18.4993028],[73.8572187,18.4993307],[73.8571418,18.4989106]]]]}},
{"type":"Feature","properties":{"osm_id":"215998839","code":1500,"fclass":"building","name":"Aga Khan Palace","type":""},"geometry":{"type":"MultiPolygon","coordinates":[[[[73.9013032,18.5520039],[73.9015341,18.5519846],[73.9015373,18.5520191],[73.9015922,18.5526103],[73.901544,18.5526143],[73.9015514,18.5526731],[73.9015583,18.5527282],[73.9014692,18.5527365],[73.901463,18.5526811],[73.9014564,18.552622],[73.9013688,18.5526293],[73.9013567,18.5524988],[73.9014673,18.5524895],[73.901458,18.5523891],[73.9013969,18.5523942],[73.9013853,18.5522694],[73.9013737,18.5521446],[73.9013167,18.5521494],[73.9013032,18.5520039]]]]}},
{"type":"Feature","properties":{"osm_id":"216433734","code":1500,"fclass":"building","name":"","type":""},"geometry":{"type":"MultiPolygon","coordinates":[[[[73.8917647,18.5292347],[73.8923194,18.5289981],[73.8924356,18.529243],[73.891881,18.5294796],[73.8917647,18.5292347]]]]}},
{"type":"Feature","properties":{"osm_id":"216433736","code":1500,"fclass":"building","name":"","type":""},"geometry":{"type":"MultiPolygon","coordinates":[[[[73.8884556,18.5314047],[73.8887375,18.5313809],[73.8887448,18.5314592],[73.888463,18.531483],[73.8884556,18.5314047]]]]}},
{"type":"Feature","properties":{"osm_id":"216433737","code":1500,"fclass":"building","name":"","type":"warehouse"},"geometry":{"type":"MultiPolygon","coordinates":[[[[73.8681797,18.5293531],[73.8681894,18.5292143],[73.8686339,18.5292423],[73.8686242,18.5293811],[73.8681797,18.5293531]]]]}},
{"type":"Feature","properties":{"osm_id":"216433738","code":1500,"fclass":"building","name":"","type":""},"geometry":{"type":"MultiPolygon","coordinates":[[[[73.8946661,18.5286127],[73.894901,18.5285116],[73.894936,18.5285848],[73.8947012,18.5286859],[73.8946661,18.5286127]]]]}},
{"type":"Feature","properties":{"osm_id":"216433739","code":1500,"fclass":"building","name":"","type":""},"geometry":{"type":"MultiPolygon","coordinates":[[[[73.8927109,18.5292662],[73.8928923,18.5292049],[73.8929199,18.5292784],[73.8927386,18.5293397],[73.8927109,18.5292662]]]]}},
{"type":"Feature","properties":{"osm_id":"216433740","code":1500,"fclass":"building","name":"","type":""},"geometry":{"type":"MultiPolygon","coordinates":[[[[73.8686981,18.5283311],[73.8687431,18.5281858],[73.8690399,18.5282683],[73.868995,18.5284136],[73.8686981,18.5283311]]]]}},
{"type":"Feature","properties":{"osm_id":"216433741","code":1500,"fclass":"building","name":"","type":""},"geometry":{"type":"MultiPolygon","coordinates":[[[[73.894934,18.528484],[73.8951802,18.5283817],[73.895224,18.5284765],[73.8949778,18.5285788],[73.894934,18.528484]]]]}},
{"type":"Feature","properties":{"osm_id":"216433742","code":1500,"fclass":"building","name":"","type":""},"geometry":{"type":"MultiPolygon","coordinates":[[[[73.8932728,18.528667],[73.8937773,18.5284305],[73.8938243,18.5285206],[73.8933198,18.5287572],[73.8932728,18.528667]]]]}},
{"type":"Feature","properties":{"osm_id":"216433743","code":1500,"fclass":"building","name":"","type":""},"geometry":{"type":"MultiPolygon","coordinates":[[[[73.8888631,18.5314132],[73.8890947,18.5313911],[73.8891015,18.5314548],[73.8888699,18.5314769],[73.8888631,18.5314132]]]]}},
{"type":"Feature","properties":{"osm_id":"216433744","code":1500,"fclass":"building","name":"","type":""},"geometry":{"type":"MultiPolygon","coordinates":[[[[73.895407,18.5292551],[73.8959731,18.5291516],[73.8960212,18.529388],[73.8954551,18.5294915],[73.895407,18.5292551]]]]}},
{"type":"Feature","properties":{"osm_id":"216433745","code":1500,"fclass":"building","name":"","type":""},"geometry":{"type":"MultiPolygon","coordinates":[[[[73.8942714,18.5287861],[73.8945785,18.5286501],[73.8946121,18.5287182],[73.8943049,18.5288542],[73.8942714,18.5287861]]]]}},
{"type":"Feature","properties":{"osm_id":"216433746","code":1500,"fclass":"building","name":"","type":""},"geometry":{"type":"MultiPolygon","coordinates":[[[[73.8909923,18.5294096],[73.8911213,18.5293521],[73.8911485,18.5294068],[73.8910195,18.5294643],[73.8909923,18.5294096]]]]}},
{"type":"Feature","properties":{"osm_id":"216433747","code":1500,"fclass":"building","name":"","type":""},"geometry":{"type":"MultiPolygon","coordinates":[[[[73.8923758,18.5289778],[73.8924534,18.5289475],[73.8925109,18.5290802],[73.8924333,18.5291104],[73.8923758,18.5289778]]]]}},
{"type":"Feature","properties":{"osm_id":"216433748","code":1500,"fclass":"building","name":"","type":""},"geometry":{"type":"MultiPolygon","coordinates":[[[[73.8891414,18.5313911],[73.8892832,18.5313843],[73.8892861,18.5314386],[73.8891443,18.5314454],[73.8891414,18.5313911]]]]}},
{"type":"Feature","properties":{"osm_id":"216433750","code":1500,"fclass":"building","name":"","type":""},"geometry":{"type":"MultiPolygon","coordinates":[[[[73.893138,18.5291342],[73.8934252,18.5290474],[73.8934495,18.5291197],[73.8931623,18.5292065],[73.893138,18.5291342]]]]}},
{"type":"Feature","properties":{"osm_id":"216433752","code":1500,"fclass":"building","name":"","type":""},"geometry":{"type":"MultiPolygon","coordinates":[[[[73.8651499,18.5281753],[73.8654639,18.5281517],[73.8654696,18.5282198],[73.8651556,18.5282434],[73.8651499,18.5281753]]]]}},
{"type":"Feature","properties":{"osm_id":"216433753","code":1500,"fclass":"building","name":"","type":"warehouse"},"geometry":{"type":"MultiPolygon","coordinates":[[[[73.8638485,18.5293335],[73.86386,18.5291285],[73.8643278,18.5291521],[73.8643163,18.5293571],[73.8638485,18.5293335]]]]}},
{"type":"Feature","properties":{"osm_id":"216433754","code":1500,"fclass":"building","name":"","type":""},"geometry":{"type":"MultiPolygon","coordinates":[[[[73.8953918,18.5291516],[73.8956888,18.529065],[73.8957167,18.5291511],[73.8954197,18.5292377],[73.8953918,18.5291516]]]]}},
{"type":"Feature","properties":{"osm_id":"216433755","code":1500,"fclass":"building","name":"","type":""},"geometry":{"type":"MultiPolygon","coordinates":[[[[73.8959618,18.5276033],[73.8963003,18.5274532],[73.8963533,18.5275607],[73.8960148,18.5277107],[73.8959618,18.5276033]]]]}},
{"type":"Feature","properties":{"osm_id":"216433757","code":1500,"fclass":"building","name":"","type":""},"geometry":{"type":"MultiPolygon","coordinates":[[[[73.8939851,18.528374],[73.8950473,18.5279097],[73.8951087,18.5280361],[73.8947889,18.5281758],[73.8948994,18.5284033],[73.8941571,18.5287277],[73.8939851,18.528374]]]]}},
{"type":"Feature","properties":{"osm_id":"2867911","code":1500,"fclass":"building","name":"","type":""},"geometry":{"type":"MultiPolygon","coordinates":[[[[73.8613675,18.5259302],[73.8613931,18.5258302],[73.8616349,18.5256424],[73.8617311,18.5256301],[73.8618108,18.5256439],[73.8618821,18.5256805],[73.861938,18.5257362],[73.8619729,18.5258056],[73.8619835,18.5258818],[73.8619686,18.5259574],[73.8619279,18.5260282],[73.8617315,18.5261836],[73.8616329,18.5261996],[73.861547,18.5261865],[73.8614704,18.5261477],[73.861411,18.5260875],[73.8613755,18.5260123],[73.8613675,18.5259302]],[[73.8614777,18.5259379],[73.8614823,18.5259857],[73.8615031,18.5260295],[73.8615376,18.5260646],[73.8615823,18.5260872],[73.8616323,18.5260949],[73.8616842,18.5260865],[73.8618422,18.5259615],[73.8618647,18.5259223],[73.8618732,18.525879],[73.8618672,18.5258353],[73.8618471,18.5257955],[73.8618151,18.5257636],[73.8617742,18.5257426],[73.8617285,18.5257347],[73.8616801,18.5257409],[73.8614904,18.5258882],[73.8614777,18.5259379]]]]}},
{"type":"Feature","properties":{"osm_id":"216815526","code":1500,"fclass":"building","name":"Dhanvantari","type":"apartments"},"geometry":{"type":"MultiPolygon","coordinates":[[[[73.8151657,18.5123329],[73.8151675,18.5122652],[73.8154271,18.5122763],[73.8154251,18.5123032],[73.8154455,18.5123069],[73.8154433,18.5123249],[73.8154403,18.5123579],[73.8154378,18.5123786],[73.8154246,18.5125951],[73.8153921,18.5125927],[73.8153922,18.5125545],[73.8153581,18.5125549],[73.8153598,18.5125219],[73.8153429,18.5125223],[73.815343,18.5125124],[73.815332,18.5125126],[73.8153007,18.5125125],[73.8153009,18.5124824],[73.8152284,18.5124542],[73.8152311,18.5123904],[73.8152165,18.5123889],[73.8152193,18.5123587],[73.8152206,18.5123383],[73.8151657,18.5123329]]]]}},
{"type":"Feature","properties":{"osm_id":"216815528","code":1500,"fclass":"building","name":"Nivedita","type":"apartments"},"geometry":{"type":"MultiPolygon","coordinates":[[[[73.8151901,18.5116988],[73.8153357,18.5116965],[73.8153352,18.5116651],[73.8154284,18.5116636],[73.8154313,18.5118303],[73.8154763,18.5118296],[73.815477,18.5118709],[73.8155024,18.5118705],[73.8155033,18.5119196],[73.8154126,18.511921],[73.8154115,18.5118582],[73.815353,18.5118591],[73.8153525,18.5118336],[73.8151925,18.5118361],[73.8151901,18.5116988]]]]}},
{"type":"Feature","properties":{"osm_id":"216815530","code":1500,"fclass":"building","name":"Chitralekha Shree","type":"apartments"},"geometry":{"type":"MultiPolygon","coordinates":[[[[73.8150492,18.5114702],[73.815226,18.5113882],[73.8152625,18.511459],[73.8153425,18.511422],[73.8154102,18.5115534],[73.8152947,18.5116069],[73.8152677,18.5115544],[73.8152557,18.51156],[73.8152855,18.5116179],[73.8152159,18.5116501],[73.8151841,18.5115883],[73.8151393,18.5116091],[73.8151135,18.511559],[73.8151357,18.5115488],[73.8151112,18.5115012],[73.815074,18.5115184],[73.8150492,18.5114702]]]]}},
{"type":"Feature","properties":{"osm_id":"216815531","code":1500,"fclass":"building","name":"Jayraj","type":"apartments"},"geometry":{"type":"MultiPolygon","coordinates":[[[[73.8149471,18.5112191],[73.8150574,18.5111584],[73.8150907,18.5112127],[73.815094,18.5112109],[73.8150574,18.5111516],[73.8151654,18.5110916],[73.8152794,18.511276],[73.8151867,18.5113276],[73.8151503,18.5112688],[73.8151357,18.511277],[73.8151679,18.5113289],[73.8150535,18.5113929],[73.8149471,18.5112191]]]]}},
{"type":"Feature","properties":{"osm_id":"216815532","code":1500,"fclass":"building","name":"Sulashreem","type":"apartments"},"geometry":{"type":"MultiPolygon","coordinates":[[[[73.81477,18.5110853],[73.8148935,18.5109705],[73.814916,18.5109893],[73.8149349,18.5109692],[73.8149249,18.5109589],[73.8149778,18.5109145],[73.8150617,18.5110048],[73.8150035,18.5110468],[73.8149748,18.5110844],[73.8149865,18.5110951],[73.8148807,18.5111955],[73.814846,18.5111619],[73.8148344,18.5111726],[73.8147894,18.5111292],[73.8148027,18.5111195],[73.81477,18.5110853]]]]}},
{"type":"Feature","properties":{"osm_id":"216815534","code":1500,"fclass":"building","name":"Metrocity Sports and Health Club Main Building","type":"commercial"},"geometry":{"type":"MultiPolygon","coordinates":[[[[73.8156755,18.5116562],[73.8156964,18.5116413],[73.8156933,18.5116323],[73.81569,18.511606],[73.8156961,18.5115801],[73.8157107,18.5115576],[73.8157324,18.5115409],[73.8157586,18.5115318],[73.8157865,18.5115314],[73.815813,18.5115398],[73.8158352,18.5115559],[73.8158505,18.511578],[73.8158573,18.5116037],[73.8158551,18.5116294],[73.8158442,18.5116531],[73.8158259,18.5116723],[73.8158021,18.5116848],[73.8157753,18.5116895],[73.8157484,18.5116858],[73.8157241,18.5116741],[73.8157146,18.5116648],[73.8156949,18.5116804],[73.8156755,18.5116562]]]]}},
{"type":"Feature","properties":{"osm_id":"216815536","code":1500,"fclass":"building","name":"Shivchaitanya Sabhagruha","type":""},"geometry":{"type":"MultiPolygon","coordinates":[[[[73.8161136,18.5116979],[73.8161195,18.5115572],[73.8163296,18.5115651],[73.8163237,18.5117059],[73.8161136,18.5116979]]]]}},
{"type":"Feature","properties":{"osm_id":"216972756","code":1500,"fclass":"building","name":"","type":""},"geometry":{"type":"MultiPolygon","coordinates":[[[[73.8562104,18.4755726],[73.8562173,18.4752973],[73.8562683,18.4752985],[73.8562613,18.4755737],[73.8562104,18.4755726]]]]}},
{"type":"Feature","properties":{"osm_id":"217138694","code":1500,"fclass":"building","name":"","type":""},"geometry":{"type":"MultiPolygon","coordinates":[[[[73.8401858,18.5644806],[73.8407095,18.5637512],[73.8407972,18.5638078],[73.8407497,18.563874],[73.8407204,18.5638551],[73.8405697,18.564065],[73.8405938,18.5640806],[73.8405466,18.5641463],[73.840524,18.5641317],[73.8402919,18.5644549],[73.8403211,18.5644738],[73.8402749,18.5645381],[73.8401858,18.5644806]]]]}},
{"type":"Feature","properties":{"osm_id":"217271040","code":1500,"fclass":"building","name":"","type":""},"geometry":{"type":"MultiPolygon","coordinates":[[[[73.838628,18.5165411],[73.8388302,18.5165027],[73.8388322,18.5165121],[73.839039,18.5164728],[73.8390482,18.516516],[73.8389813,18.5165287],[73.8389863,18.5165522],[73.8388455,18.5165789],[73.8388629,18.5166614],[73.8386615,18.5166997],[73.838628,18.5165411]]]]}},
{"type":"Feature","properties":{"osm_id":"217271041","code":1500,"fclass":"building","name":"","type":""},"geometry":{"type":"MultiPolygon","coordinates":[[[[73.8565072,18.5186353],[73.8566937,18.5186344],[73.8566947,18.518814],[73.8565082,18.5188149],[73.8565072,18.5186353]]]]}},
{"type":"Feature","properties":{"osm_id":"217271053","code":1500,"fclass":"building","name":"","type":"warehouse"},"geometry":{"type":"MultiPolygon","coordinates":[[[[73.8575329,18.5278116],[73.8577083,18.5275888],[73.857811,18.5276615],[73.8576356,18.5278843],[73.8575329,18.5278116]]]]}},
{"type":"Feature","properties":{"osm_id":"217271061","code":1500,"fclass":"building","name":"","type":"warehouse"},"geometry":{"type":"MultiPolygon","coordinates":[[[[73.8574018,18.5277189],[73.8575771,18.5274961],[73.8577083,18.5275888],[73.8575329,18.5278116],[73.8574018,18.5277189]]]]}},
{"type":"Feature","properties":{"osm_id":"217271065","code":1500,"fclass":"building","name":"","type":"warehouse"},"geometry":{"type":"MultiPolygon","coordinates":[[[[73.8571183,18.5275591],[73.8572968,18.5273238],[73.8574976,18.5274608],[73.8573191,18.527696],[73.8571183,18.5275591]]]]}},
{"type":"Feature","properties":{"osm_id":"217271067","code":1500,"fclass":"building","name":"PYC Gymkhana","type":""},"geometry":{"type":"MultiPolygon","coordinates":[[[[73.8390218,18.5174923],[73.8392319,18.51746],[73.8392432,18.5175259],[73.8398022,18.5174362],[73.8398469,18.5176871],[73.8392861,18.517777],[73.8392922,18.517813],[73.8390821,18.5178453],[73.8390218,18.5174923]]]]}},
{"type":"Feature","properties":{"osm_id":"217278792","code":1500,"fclass":"building","name":"Sheti Mahamandal Bhavan","type":"office"},"geometry":{"type":"MultiPolygon","coordinates":[[[[73.8289208,18.5243245],[73.8289682,18.524212],[73.8291566,18.5242834],[73.8293612,18.5241344],[73.8294503,18.5242445],[73.8292485,18.5243914],[73.8292817,18.5246276],[73.8291423,18.5246453],[73.8291071,18.5243951],[73.8289208,18.5243245]]]]}},
{"type":"Feature","properties":{"osm_id":"217397130","code":1500,"fclass":"building","name":"","type":""},"geometry":{"type":"MultiPolygon","coordinates":[[[[73.8722265,18.5088218],[73.872244,18.5087704],[73.8722746,18.5087679],[73.8723017,18.5088069],[73.8723391,18.5092266],[73.8723166,18.509239],[73.8722662,18.5092393],[73.8722265,18.5088218]]]]}},
{"type":"Feature","properties":{"osm_id":"217431354","code":1500,"fclass":"building","name":"","type":""},"geometry":{"type":"MultiPolygon","coordinates":[[[[73.8406213,18.5209899],[73.8406334,18.5207597],[73.840944,18.5207744],[73.8409319,18.5210046],[73.8406213,18.5209899]]]]}},
{"type":"Feature","properties":{"osm_id":"217431360","code":1500,"fclass":"building","name":"Savarkar Bhavan","type":"office"},"geometry":{"type":"MultiPolygon","coordinates":[[[[73.8494872,18.5217757],[73.8496544,18.5217536],[73.8496728,18.5218782],[73.8501261,18.5218181],[73.8501514,18.5219895],[73.849613,18.5220609],[73.8495187,18.5219896],[73.8494872,18.5217757]]]]}},
{"type":"Feature","properties":{"osm_id":"217431361","code":1500,"fclass":"building","name":"","type":""},"geometry":{"type":"MultiPolygon","coordinates":[[[[73.842644,18.5174866],[73.8429037,18.5174271],[73.8429243,18.5175078],[73.8426645,18.5175673],[73.842644,18.5174866]]]]}},
{"type":"Feature","properties":{"osm_id":"217431362","code":1500,"fclass":"building","name":"Renuka Complex","type":""},"geometry":{"type":"MultiPolygon","coordinates":[[[[73.843645,18.5181681],[73.8439058,18.5180115],[73.8439842,18.518129],[73.8437234,18.5182856],[73.843645,18.5181681]]]]}},
{"type":"Feature","properties":{"osm_id":"217431363","code":1500,"fclass":"building","name":"","type":""},"geometry":{"type":"MultiPolygon","coordinates":[[[[73.8431919,18.5177846],[73.8435039,18.5176071],[73.8435806,18.5177283],[73.8432686,18.5179058],[73.8431919,18.5177846]]]]}},
{"type":"Feature","properties":{"osm_id":"217431364","code":1500,"fclass":"building","name":"Phadke Hospital","type":""},"geometry":{"type":"MultiPolygon","coordinates":[[[[73.843727,18.5183338],[73.8439515,18.5182021],[73.8440325,18.5183263],[73.843808,18.518458],[73.843727,18.5183338]]]]}},
{"type":"Feature","properties":{"osm_id":"217431365","code":1500,"fclass":"building","name":"","type":"construction"},"geometry":{"type":"MultiPolygon","coordinates":[[[[73.8429929,18.5174041],[73.8431373,18.5173789],[73.8432714,18.5174008],[73.8433569,18.5174687],[73.8434308,18.5175607],[73.8431489,18.5177098],[73.8429929,18.5174041]]]]}},
{"type":"Feature","properties":{"osm_id":"217659204","code":1500,"fclass":"building","name":"Tower 3","type":"commercial"},"geometry":{"type":"MultiPolygon","coordinates":[[[[73.9263198,18.512469],[73.9268337,18.5124236],[73.9269234,18.512443],[73.9274022,18.51266],[73.9272726,18.5129483],[73.9269317,18.5127976],[73.9268642,18.5127886],[73.9263317,18.5128024],[73.9263198,18.512469]]]]}},
{"type":"Feature","properties":{"osm_id":"217659205","code":1500,"fclass":"building","name":"Tower 9","type":"commercial"},"geometry":{"type":"MultiPolygon","coordinates":[[[[73.9250268,18.5171176],[73.9251737,18.5168368],[73.9251877,18.5168431],[73.9255332,18.5169989],[73.9255871,18.5170232],[73.9256694,18.5170359],[73.9256905,18.5170358],[73.9260866,18.5170341],[73.9261042,18.517034],[73.9260958,18.5173675],[73.9255891,18.5173773],[73.9254916,18.5173604],[73.9250268,18.5171176]]]]}},
{"type":"Feature","properties":{"osm_id":"217659206","code":1500,"fclass":"building","name":"Tower 2","type":"commercial"},"geometry":{"type":"MultiPolygon","coordinates":[[[[73.9274836,18.5128046],[73.9276626,18.5125175],[73.9281217,18.5127411],[73.9281863,18.5128032],[73.928467,18.5132303],[73.9282049,18.5134033],[73.9281955,18.5133893],[73.9280306,18.5131502],[73.9279957,18.5130955],[73.927938,18.5130421],[73.9278173,18.5129747],[73.9275064,18.5128176],[73.9274836,18.5128046]]]]}},
{"type":"Feature","properties":{"osm_id":"217659207","code":1500,"fclass":"building","name":"Tower 5","type":"office"},"geometry":{"type":"MultiPolygon","coordinates":[[[[73.9237704,18.5134436],[73.9240212,18.5130087],[73.9241177,18.512921],[73.9245138,18.5126774],[73.9247215,18.5129466],[73.9244288,18.5131394],[73.9243993,18.5131588],[73.9243162,18.5132287],[73.9242507,18.5133275],[73.9240775,18.5135886],[73.9237704,18.5134436]]]]}},
{"type":"Feature","properties":{"osm_id":"217659208","code":1500,"fclass":"building","name":"Tower 6","type":"commercial"},"geometry":{"type":"MultiPolygon","coordinates":[[[[73.923677,18.5142045],[73.923693,18.5141185],[73.9239367,18.5136871],[73.924256,18.5138269],[73.9240359,18.5142869],[73.9240185,18.5143494],[73.9240325,18.5147058],[73.923702,18.5147071],[73.923677,18.5142045]]]]}},
{"type":"Feature","properties":{"osm_id":"217659209","code":1500,"fclass":"building","name":"Tower 8","type":"commercial"},"geometry":{"type":"MultiPolygon","coordinates":[[[[73.923966,18.5165869],[73.9242491,18.5164251],[73.9243837,18.5166536],[73.9244325,18.5167365],[73.9244816,18.5167813],[73.9245807,18.5168453],[73.9248926,18.5170469],[73.9249218,18.5170657],[73.9247257,18.5173426],[73.924281,18.5170941],[73.9242203,18.5170286],[73.923966,18.5165869]]]]}},
{"type":"Feature","properties":{"osm_id":"217659211","code":1500,"fclass":"building","name":"Tower 7","type":"commercial"},"geometry":{"type":"MultiPolygon","coordinates":[[[[73.9238162,18.5158579],[73.9238199,18.5153547],[73.9239353,18.5153508],[73.9239627,18.5153498],[73.9241336,18.515344],[73.9241502,18.5153434],[73.9241513,18.5157001],[73.9241713,18.5157618],[73.9244107,18.5162131],[73.9240975,18.5163649],[73.9238358,18.5159431],[73.9238162,18.5158579]]]]}},
{"type":"Feature","properties":{"osm_id":"217659212","code":1500,"fclass":"building","name":"Tower 4","type":"commercial"},"geometry":{"type":"MultiPolygon","coordinates":[[[[73.9247975,18.5128028],[73.9252213,18.5125485],[73.9253071,18.5125052],[73.9258087,18.51249],[73.9258328,18.5128308],[73.9254868,18.5128461],[73.9253393,18.5128868],[73.9249852,18.5131029],[73.9247975,18.5128028]]]]}},
{"type":"Feature","properties":{"osm_id":"217773607","code":1500,"fclass":"building","name":"Hamalwada Parking","type":""},"geometry":{"type":"MultiPolygon","coordinates":[[[[73.8511581,18.5150662],[73.8511646,18.5148556],[73.8513532,18.5148608],[73.8513565,18.514752],[73.8515498,18.5147574],[73.8515347,18.5152467],[73.8515022,18.5152458],[73.8515007,18.5152935],[73.8513145,18.5152883],[73.8513162,18.5152307],[73.8512995,18.5152302],[73.8513045,18.5150703],[73.8511581,18.5150662]]]]}},
{"type":"Feature","properties":{"osm_id":"217773625","code":1500,"fclass":"building","name":"","type":""},"geometry":{"type":"MultiPolygon","coordinates":[[[[73.8431573,18.5122122],[73.8434802,18.5120597],[73.843527,18.5121429],[73.8435548,18.5122413],[73.8435942,18.5122787],[73.8435474,18.5123078],[73.843546,18.5123618],[73.8434861,18.5123646],[73.8434846,18.51233],[73.8432946,18.5123327],[73.843299,18.5123688],[73.8432406,18.5123701],[73.8432347,18.5123535],[73.8432128,18.5123577],[73.8431704,18.5122288],[73.8431655,18.5122307],[73.8431573,18.5122122]]]]}},
{"type":"Feature","properties":{"osm_id":"217773626","code":1500,"fclass":"building","name":"","type":""},"geometry":{"type":"MultiPolygon","coordinates":[[[[73.8486156,18.5083144],[73.8486438,18.5080972],[73.8490714,18.5081469],[73.8490433,18.5083642],[73.8486156,18.5083144]]]]}},
{"type":"Feature","properties":{"osm_id":"217773628","code":1500,"fclass":"building","name":"Kibe Laxmi Theatre","type":""},"geometry":{"type":"MultiPolygon","coordinates":[[[[73.8539808,18.5169489],[73.8540284,18.5167124],[73.8543834,18.5167767],[73.8543358,18.5170132],[73.8539808,18.5169489]]]]}},
{"type":"Feature","properties":{"osm_id":"217773654","code":1500,"fclass":"building","name":"Kridamaharshi Haribhau Sane Parking","type":""},"geometry":{"type":"MultiPolygon","coordinates":[[[[73.8479704,18.5151581],[73.8479959,18.5146128],[73.8481581,18.5146196],[73.8481554,18.5146773],[73.8481833,18.5146798],[73.8482101,18.5146878],[73.8482345,18.5147008],[73.8482556,18.5147184],[73.8482724,18.5147397],[73.8482841,18.5147639],[73.8482902,18.5147898],[73.8482906,18.5148164],[73.8482851,18.5148425],[73.848274,18.514867],[73.8482578,18.5148887],[73.8482372,18.5149067],[73.848213,18.5149203],[73.8481865,18.5149289],[73.8481586,18.514932],[73.8481457,18.5152095],[73.8480108,18.5152038],[73.8480128,18.5151599],[73.8479704,18.5151581]]]]}},
{"type":"Feature","properties":{"osm_id":"2884363","code":1500,"fclass":"building","name":"Vitthal Raghoba Lande Building","type":"school"},"geometry":{"type":"MultiPolygon","coordinates":[[[[73.8510961,18.5158772],[73.8513718,18.5158733],[73.8513778,18.5162543],[73.8511022,18.5162583],[73.8510961,18.5158772]],[[73.8511862,18.5159727],[73.851188,18.5161516],[73.851295,18.5161506],[73.8512933,18.5159718],[73.8511862,18.5159727]]]]}},
{"type":"Feature","properties":{"osm_id":"2884362","code":1500,"fclass":"building","name":"","type":"school"},"geometry":{"type":"MultiPolygon","coordinates":[[[[73.8469888,18.5107387],[73.8469996,18.5106494],[73.8476966,18.510725],[73.8476575,18.5110488],[73.8478543,18.5110702],[73.8478636,18.5109936],[73.8479527,18.5110032],[73.8479291,18.5111991],[73.8472504,18.5111254],[73.847272,18.5109459],[73.8472007,18.5109382],[73.8472174,18.5107997],[73.8471774,18.5107954],[73.8471817,18.5107597],[73.8469888,18.5107387]],[[73.8473441,18.5110178],[73.8475338,18.5110368],[73.8475598,18.5108049],[73.8473701,18.5107859],[73.8473441,18.5110178]]]]}},
{"type":"Feature","properties":{"osm_id":"218059563","code":1500,"fclass":"building","name":"","type":""},"geometry":{"type":"MultiPolygon","coordinates":[[[[73.8485266,18.5161179],[73.8485286,18.5160217],[73.8486132,18.5160233],[73.848614,18.5159862],[73.848574,18.5159854],[73.8485748,18.5159487],[73.8485352,18.5159479],[73.8485372,18.5158518],[73.8485786,18.5158526],[73.8485795,18.5158106],[73.8485349,18.5158097],[73.8485374,18.5156948],[73.8486034,18.5156961],[73.8486041,18.5156641],[73.8487116,18.5156662],[73.8487109,18.5156992],[73.8489173,18.5157032],[73.8489148,18.5158183],[73.8487238,18.5158146],[73.8487193,18.5160232],[73.8489594,18.5160278],[73.8489573,18.5161263],[73.8485266,18.5161179]]]]}},
{"type":"Feature","properties":{"osm_id":"218059564","code":1500,"fclass":"building","name":"","type":"public"},"geometry":{"type":"MultiPolygon","coordinates":[[[[73.8490189,18.5138948],[73.8490383,18.5137242],[73.8492499,18.5137458],[73.8492317,18.5139057],[73.8490774,18.51389],[73.8490762,18.5139006],[73.8490189,18.5138948]]]]}},
{"type":"Feature","properties":{"osm_id":"218059570","code":1500,"fclass":"building","name":"","type":""},"geometry":{"type":"MultiPolygon","coordinates":[[[[73.8616142,18.5231513],[73.8616176,18.5230409],[73.8616298,18.5226411],[73.8616373,18.522618],[73.8616496,18.5225992],[73.8616689,18.5225857],[73.8617996,18.5225893],[73.861793,18.5228049],[73.8619516,18.5228093],[73.8619526,18.5227762],[73.8621556,18.5227818],[73.8621591,18.5226677],[73.8623372,18.5226726],[73.8623293,18.5229306],[73.862423,18.5229332],[73.8624148,18.5232009],[73.8622391,18.523196],[73.8622448,18.5230079],[73.862169,18.5230058],[73.8621629,18.5232042],[73.8619855,18.5231993],[73.8619926,18.5229679],[73.8617904,18.5229623],[73.8617878,18.5230468],[73.8618576,18.5230487],[73.8618585,18.5230197],[73.8618967,18.5230208],[73.8618958,18.5230494],[73.8619476,18.5230509],[73.8619457,18.523113],[73.8619211,18.5231124],[73.8619205,18.5231326],[73.8617876,18.5231289],[73.8617852,18.5232094],[73.8616507,18.5232057],[73.8616228,18.5231853],[73.8616142,18.5231513]]]]}},
{"type":"Feature","properties":{"osm_id":"218059572","code":1500,"fclass":"building","name":"","type":""},"geometry":{"type":"MultiPolygon","coordinates":[[[[73.8465434,18.5148725],[73.8465499,18.514788],[73.8469055,18.5148128],[73.846899,18.5148974],[73.8465434,18.5148725]]]]}},
{"type":"Feature","properties":{"osm_id":"218059573","code":1500,"fclass":"building","name":"","type":""},"geometry":{"type":"MultiPolygon","coordinates":[[[[73.8624033,18.5226256],[73.8624565,18.5226256],[73.8624565,18.5227564],[73.8624033,18.5227564],[73.8624033,18.5226256]]]]}},
{"type":"Feature","properties":{"osm_id":"218059575","code":1500,"fclass":"building","name":"","type":""},"geometry":{"type":"MultiPolygon","coordinates":[[[[73.8443073,18.5131265],[73.8443348,18.51309],[73.8447112,18.5132915],[73.8445628,18.5134608],[73.8443742,18.5132437],[73.8443934,18.513222],[73.8443073,18.5131265]]]]}},
{"type":"Feature","properties":{"osm_id":"218059576","code":1500,"fclass":"building","name":"","type":""},"geometry":{"type":"MultiPolygon","coordinates":[[[[73.856416,18.5134458],[73.8564186,18.5133543],[73.8565701,18.5133582],[73.8565749,18.5131871],[73.8566621,18.5131893],[73.8566546,18.513452],[73.856416,18.5134458]]]]}},
{"type":"Feature","properties":{"osm_id":"218059577","code":1500,"fclass":"building","name":"","type":""},"geometry":{"type":"MultiPolygon","coordinates":[[[[73.8612657,18.5232276],[73.8612679,18.5229792],[73.8614771,18.5229809],[73.8614765,18.5230403],[73.8614753,18.5231751],[73.8614203,18.5232289],[73.8612657,18.5232276]]]]}},
{"type":"Feature","properties":{"osm_id":"218059578","code":1500,"fclass":"building","name":"","type":""},"geometry":{"type":"MultiPolygon","coordinates":[[[[73.8444146,18.5129311],[73.8444311,18.5129133],[73.8446543,18.5129258],[73.8446504,18.512961],[73.8446375,18.5130212],[73.8446116,18.5130593],[73.8444216,18.5129524],[73.8444146,18.5129311]]]]}},
{"type":"Feature","properties":{"osm_id":"218059579","code":1500,"fclass":"building","name":"","type":"school"},"geometry":{"type":"MultiPolygon","coordinates":[[[[73.8468551,18.5150468],[73.8468584,18.5149539],[73.8469028,18.5149553],[73.8469039,18.5149224],[73.8470076,18.5149258],[73.8470024,18.51507],[73.8468982,18.5150667],[73.8468989,18.5150482],[73.8468551,18.5150468]]]]}},
{"type":"Feature","properties":{"osm_id":"2888212","code":1500,"fclass":"building","name":"","type":""},"geometry":{"type":"MultiPolygon","coordinates":[[[[73.8132807,18.5025976],[73.8132887,18.5023104],[73.8135511,18.5023169],[73.8135502,18.5023499],[73.8137464,18.5023547],[73.8137437,18.5024507],[73.8136513,18.5024484],[73.8136474,18.502592],[73.8135589,18.5025898],[73.8135582,18.5026176],[73.81336,18.5026127],[73.8133604,18.5025996],[73.8132807,18.5025976]],[[73.8133622,18.5024227],[73.8134053,18.5024239],[73.8134015,18.5025384],[73.8135391,18.5025425],[73.8135441,18.5023944],[73.8133634,18.502389],[73.8133622,18.5024227]]]]}},
{"type":"Feature","properties":{"osm_id":"2888211","code":1500,"fclass":"building","name":"","type":"school"},"geometry":{"type":"MultiPolygon","coordinates":[[[[73.8511697,18.5186456],[73.8511786,18.5181915],[73.8513707,18.5181949],[73.851375,18.5179731],[73.8514881,18.5179751],[73.8514841,18.5181778],[73.8516269,18.5181803],[73.8516175,18.5186535],[73.8511697,18.5186456]],[[73.8512571,18.5185644],[73.8515158,18.518572],[73.8515238,18.5183294],[73.851265,18.5183218],[73.8512571,18.5185644]]]]}},
{"type":"Feature","properties":{"osm_id":"218078555","code":1500,"fclass":"building","name":"Mayor's Bungalow","type":""},"geometry":{"type":"MultiPolygon","coordinates":[[[[73.8444296,18.5236401],[73.8444861,18.5236277],[73.8444834,18.5236163],[73.8445487,18.523602],[73.8445511,18.5236118],[73.8446014,18.5236008],[73.8446299,18.5237177],[73.8445919,18.523726],[73.8446161,18.5238253],[73.8445394,18.5238421],[73.8445156,18.5237444],[73.8444592,18.5237568],[73.8444532,18.5237323],[73.8444442,18.5237342],[73.844435,18.5236965],[73.8444429,18.5236947],[73.8444296,18.5236401]]]]}},
{"type":"Feature","properties":{"osm_id":"218078558","code":1500,"fclass":"building","name":"","type":""},"geometry":{"type":"MultiPolygon","coordinates":[[[[73.8430075,18.5183092],[73.84341,18.518098],[73.8435242,18.5182932],[73.8435462,18.5182774],[73.8436947,18.5184696],[73.8436242,18.5185077],[73.8435112,18.5183193],[73.8434358,18.518358],[73.8433578,18.5182214],[73.8430579,18.5183898],[73.8430075,18.5183092]]]]}},
{"type":"Feature","properties":{"osm_id":"218078559","code":1500,"fclass":"building","name":"","type":""},"geometry":{"type":"MultiPolygon","coordinates":[[[[73.8447028,18.5234788],[73.8448509,18.5234407],[73.8448522,18.5234216],[73.8449304,18.5234262],[73.8449282,18.5234599],[73.8453333,18.5234835],[73.8453353,18.5234523],[73.845403,18.5234563],[73.8454009,18.5234877],[73.8454786,18.5234923],[73.8454707,18.5236144],[73.8448421,18.5235778],[73.8447735,18.5236042],[73.8447028,18.5234788]]]]}},
{"type":"Feature","properties":{"osm_id":"218078560","code":1500,"fclass":"building","name":"","type":""},"geometry":{"type":"MultiPolygon","coordinates":[[[[73.842057,18.5163797],[73.8420842,18.5163787],[73.8420795,18.5162573],[73.842381,18.5162468],[73.8423858,18.5163709],[73.8424077,18.5163797],[73.8424389,18.5163588],[73.8426137,18.5165934],[73.842471,18.516689],[73.8424584,18.5166721],[73.8423555,18.5166952],[73.8423286,18.5166605],[73.8423346,18.5166036],[73.8423216,18.5165755],[73.8423024,18.5165532],[73.8422702,18.5165425],[73.8420587,18.5164806],[73.842057,18.5163797]]]]}},
{"type":"Feature","properties":{"osm_id":"218078561","code":1500,"fclass":"building","name":"","type":""},"geometry":{"type":"MultiPolygon","coordinates":[[[[73.8445154,18.518174],[73.8447243,18.5180493],[73.8448337,18.5182141],[73.8446248,18.5183388],[73.8445154,18.518174]]]]}},
{"type":"Feature","properties":{"osm_id":"218078562","code":1500,"fclass":"building","name":"Smart Inn","type":""},"geometry":{"type":"MultiPolygon","coordinates":[[[[73.842094,18.5191921],[73.8422676,18.5191187],[73.8423646,18.519325],[73.842191,18.5193984],[73.842094,18.5191921]]]]}},
{"type":"Feature","properties":{"osm_id":"218078563","code":1500,"fclass":"building","name":"","type":""},"geometry":{"type":"MultiPolygon","coordinates":[[[[73.8442593,18.5190566],[73.8443498,18.5190154],[73.8444008,18.5191158],[73.8443102,18.5191571],[73.8442593,18.5190566]]]]}},
{"type":"Feature","properties":{"osm_id":"218078564","code":1500,"fclass":"building","name":"","type":""},"geometry":{"type":"MultiPolygon","coordinates":[[[[73.8456921,18.5195545],[73.846042,18.5193036],[73.8461161,18.5193965],[73.8457662,18.5196474],[73.8456921,18.5195545]]]]}},
{"type":"Feature","properties":{"osm_id":"218078565","code":1500,"fclass":"building","name":"","type":""},"geometry":{"type":"MultiPolygon","coordinates":[[[[73.8439982,18.5190344],[73.8441026,18.5189658],[73.8442628,18.5191854],[73.8441583,18.5192539],[73.8439982,18.5190344]]]]}},
{"type":"Feature","properties":{"osm_id":"218078566","code":1500,"fclass":"building","name":"","type":""},"geometry":{"type":"MultiPolygon","coordinates":[[[[73.8445453,18.5175944],[73.8446925,18.517521],[73.8447892,18.5176956],[73.844642,18.517769],[73.8445453,18.5175944]]]]}},
{"type":"Feature","properties":{"osm_id":"218078567","code":1500,"fclass":"building","name":"","type":"apartments"},"geometry":{"type":"MultiPolygon","coordinates":[[[[73.8441409,18.518913],[73.8444891,18.5187314],[73.844551,18.5188382],[73.8442028,18.5190197],[73.8441409,18.518913]]]]}},
{"type":"Feature","properties":{"osm_id":"218078568","code":1500,"fclass":"building","name":"","type":"apartments"},"geometry":{"type":"MultiPolygon","coordinates":[[[[73.8443968,18.5189774],[73.8446336,18.5188652],[73.8446903,18.5189728],[73.8444536,18.519085],[73.8443968,18.5189774]]]]}},
{"type":"Feature","properties":{"osm_id":"218078569","code":1500,"fclass":"building","name":"","type":""},"geometry":{"type":"MultiPolygon","coordinates":[[[[73.8411298,18.5256098],[73.8414481,18.5255565],[73.841471,18.5256794],[73.8411527,18.5257327],[73.8411298,18.5256098]]]]}},
{"type":"Feature","properties":{"osm_id":"218078570","code":1500,"fclass":"building","name":"","type":""},"geometry":{"type":"MultiPolygon","coordinates":[[[[73.8418689,18.5171574],[73.8421118,18.5171547],[73.8421144,18.5173604],[73.8418715,18.5173631],[73.8418689,18.5171574]]]]}},
{"type":"Feature","properties":{"osm_id":"218078571","code":1500,"fclass":"building","name":"","type":""},"geometry":{"type":"MultiPolygon","coordinates":[[[[73.8414065,18.5162329],[73.8414284,18.5161464],[73.8416012,18.5161858],[73.8415792,18.5162723],[73.8414065,18.5162329]]]]}},
{"type":"Feature","properties":{"osm_id":"218078572","code":1500,"fclass":"building","name":"","type":""},"geometry":{"type":"MultiPolygon","coordinates":[[[[73.8428976,18.5181049],[73.8430463,18.5180284],[73.8430273,18.5179953],[73.8431422,18.5179362],[73.8432318,18.5180927],[73.8429682,18.5182282],[73.8428976,18.5181049]]]]}},
{"type":"Feature","properties":{"osm_id":"218078573","code":1500,"fclass":"building","name":"","type":""},"geometry":{"type":"MultiPolygon","coordinates":[[[[73.8451165,18.5196606],[73.8452186,18.5195896],[73.8453312,18.5197351],[73.8452823,18.5197692],[73.8452906,18.5197799],[73.8452374,18.5198169],[73.8451165,18.5196606]]]]}},
{"type":"Feature","properties":{"osm_id":"218078574","code":1500,"fclass":"building","name":"","type":""},"geometry":{"type":"MultiPolygon","coordinates":[[[[73.8431735,18.5166616],[73.8432231,18.51663],[73.8432958,18.5167325],[73.8434137,18.5166573],[73.8434522,18.5167116],[73.8432847,18.5168184],[73.8431735,18.5166616]]]]}},
{"type":"Feature","properties":{"osm_id":"218078575","code":1500,"fclass":"building","name":"","type":""},"geometry":{"type":"MultiPolygon","coordinates":[[[[73.8459177,18.5198174],[73.8462205,18.5195849],[73.8463049,18.5196837],[73.846054,18.5198763],[73.8460191,18.5198354],[73.8459671,18.5198753],[73.8459177,18.5198174]]]]}},
{"type":"Feature","properties":{"osm_id":"218078576","code":1500,"fclass":"building","name":"","type":""},"geometry":{"type":"MultiPolygon","coordinates":[[[[73.8421402,18.5176402],[73.8423175,18.517577],[73.8424556,18.5176495],[73.8425116,18.5177905],[73.842367,18.5178421],[73.8423251,18.5177364],[73.8421966,18.5177823],[73.8421402,18.5176402]]]]}},
{"type":"Feature","properties":{"osm_id":"218078577","code":1500,"fclass":"building","name":"","type":"commercial"},"geometry":{"type":"MultiPolygon","coordinates":[[[[73.8414731,18.5191449],[73.8414882,18.5189425],[73.8415684,18.5188909],[73.8416166,18.5188636],[73.8416617,18.5188181],[73.8418224,18.518718],[73.8418849,18.5188224],[73.8417584,18.5189362],[73.8417771,18.5189552],[73.8417245,18.5190017],[73.8417062,18.5189832],[73.8414731,18.5191449]]]]}},
{"type":"Feature","properties":{"osm_id":"218078578","code":1500,"fclass":"building","name":"Bharati Vidyapeeth Bhavan","type":""},"geometry":{"type":"MultiPolygon","coordinates":[[[[73.8429622,18.511786],[73.8430686,18.5117432],[73.8430103,18.5116334],[73.843118,18.5115854],[73.8433114,18.5118463],[73.8431647,18.5119239],[73.8431395,18.5118765],[73.8430362,18.5119239],[73.8429622,18.511786]]]]}},
{"type":"Feature","properties":{"osm_id":"218110048","code":1500,"fclass":"building","name":"","type":""},"geometry":{"type":"MultiPolygon","coordinates":[[[[73.847454,18.5225601],[73.8476181,18.522453],[73.8478906,18.5227762],[73.847798,18.5228427],[73.8477334,18.5227601],[73.8476746,18.5226375],[73.847608,18.5225604],[73.8475101,18.5226198],[73.847454,18.5225601]]]]}},
{"type":"Feature","properties":{"osm_id":"218110049","code":1500,"fclass":"building","name":"","type":""},"geometry":{"type":"MultiPolygon","coordinates":[[[[73.8432562,18.5285505],[73.8433596,18.528512],[73.8433759,18.5285513],[73.8434076,18.5285395],[73.8435546,18.528541],[73.843592,18.5286314],[73.8433301,18.5287289],[73.8432562,18.5285505]]]]}},
{"type":"Feature","properties":{"osm_id":"218110051","code":1500,"fclass":"building","name":"Surya Bhavan","type":""},"geometry":{"type":"MultiPolygon","coordinates":[[[[73.8428287,18.5278116],[73.842928,18.5277648],[73.843054,18.5280051],[73.8429547,18.5280519],[73.8428287,18.5278116]]]]}},
{"type":"Feature","properties":{"osm_id":"218110052","code":1500,"fclass":"building","name":"","type":""},"geometry":{"type":"MultiPolygon","coordinates":[[[[73.8427039,18.5275685],[73.8427936,18.5275244],[73.842892,18.5277043],[73.8428023,18.5277484],[73.8427039,18.5275685]]]]}},
{"type":"Feature","properties":{"osm_id":"218110053","code":1500,"fclass":"building","name":"","type":""},"geometry":{"type":"MultiPolygon","coordinates":[[[[73.8413986,18.5209263],[73.8414088,18.5208107],[73.8416235,18.5208278],[73.8416133,18.5209434],[73.8413986,18.5209263]]]]}},
{"type":"Feature","properties":{"osm_id":"218110054","code":1500,"fclass":"building","name":"Mantri Centre","type":"commercial"},"geometry":{"type":"MultiPolygon","coordinates":[[[[73.8417113,18.5254055],[73.8419145,18.5253509],[73.841985,18.5255868],[73.8417818,18.5256414],[73.8417113,18.5254055]]]]}},
{"type":"Feature","properties":{"osm_id":"218110055","code":1500,"fclass":"building","name":"","type":""},"geometry":{"type":"MultiPolygon","coordinates":[[[[73.8438414,18.5220094],[73.8439979,18.5219627],[73.8439903,18.5219398],[73.8438855,18.5219711],[73.8438592,18.5218921],[73.8439284,18.5218715],[73.843922,18.5218522],[73.8440598,18.521811],[73.8440802,18.5218723],[73.8440493,18.5218815],[73.8440572,18.5219053],[73.8440483,18.5219079],[73.8440603,18.5219441],[73.8441092,18.5219295],[73.8441608,18.5220848],[73.8438929,18.5221648],[73.8438414,18.5220094]]]]}},
{"type":"Feature","properties":{"osm_id":"218110056","code":1500,"fclass":"building","name":"","type":""},"geometry":{"type":"MultiPolygon","coordinates":[[[[73.8438537,18.5296752],[73.8439659,18.5296205],[73.8440691,18.529811],[73.8439568,18.5298656],[73.8438537,18.5296752]]]]}},
{"type":"Feature","properties":{"osm_id":"218110057","code":1500,"fclass":"building","name":"","type":""},"geometry":{"type":"MultiPolygon","coordinates":[[[[73.8424558,18.5182296],[73.8426751,18.5181562],[73.8427004,18.5182244],[73.8424812,18.5182978],[73.8424558,18.5182296]]]]}},
{"type":"Feature","properties":{"osm_id":"218110058","code":1500,"fclass":"building","name":"","type":""},"geometry":{"type":"MultiPolygon","coordinates":[[[[73.8419027,18.5260195],[73.8420477,18.5259656],[73.8421537,18.5262222],[73.8420087,18.526276],[73.8419027,18.5260195]]]]}},
{"type":"Feature","properties":{"osm_id":"218110059","code":1500,"fclass":"building","name":"Millenium Plaza","type":"office"},"geometry":{"type":"MultiPolygon","coordinates":[[[[73.8410965,18.5223455],[73.8411026,18.5220453],[73.8414236,18.5220512],[73.8414175,18.5223514],[73.8411439,18.5223464],[73.8410965,18.5223455]]]]}},
{"type":"Feature","properties":{"osm_id":"218110060","code":1500,"fclass":"building","name":"","type":""},"geometry":{"type":"MultiPolygon","coordinates":[[[[73.8434375,18.5289122],[73.8438,18.5287474],[73.8439663,18.5290765],[73.8436038,18.5292412],[73.8434375,18.5289122]]]]}},
{"type":"Feature","properties":{"osm_id":"218110061","code":1500,"fclass":"building","name":"","type":"office"},"geometry":{"type":"MultiPolygon","coordinates":[[[[73.8412331,18.5212428],[73.8412509,18.5210931],[73.8415918,18.5211294],[73.841574,18.5212791],[73.8412331,18.5212428]]]]}},
{"type":"Feature","properties":{"osm_id":"218110062","code":1500,"fclass":"building","name":"","type":""},"geometry":{"type":"MultiPolygon","coordinates":[[[[73.8430094,18.5195093],[73.8432011,18.5194309],[73.8432663,18.5195745],[73.8430746,18.5196528],[73.8430094,18.5195093]]]]}},
{"type":"Feature","properties":{"osm_id":"218110063","code":1500,"fclass":"building","name":"","type":""},"geometry":{"type":"MultiPolygon","coordinates":[[[[73.844469,18.5286988],[73.8449347,18.5286902],[73.8449359,18.5287448],[73.8444701,18.5287535],[73.844469,18.5286988]]]]}},
{"type":"Feature","properties":{"osm_id":"218110064","code":1500,"fclass":"building","name":"","type":""},"geometry":{"type":"MultiPolygon","coordinates":[[[[73.8423192,18.5181],[73.8426002,18.518006],[73.8426316,18.5180906],[73.8423506,18.5181846],[73.8423192,18.5181]]]]}},
{"type":"Feature","properties":{"osm_id":"218110065","code":1500,"fclass":"building","name":"","type":""},"geometry":{"type":"MultiPolygon","coordinates":[[[[73.8451759,18.528601],[73.8457448,18.5285881],[73.8457484,18.5287302],[73.8451795,18.5287432],[73.8451759,18.528601]]]]}},
{"type":"Feature","properties":{"osm_id":"218110066","code":1500,"fclass":"building","name":"","type":""},"geometry":{"type":"MultiPolygon","coordinates":[[[[73.8437173,18.5294073],[73.8437849,18.5293737],[73.8438376,18.5294692],[73.8437701,18.5295027],[73.8437173,18.5294073]]]]}},
{"type":"Feature","properties":{"osm_id":"218110067","code":1500,"fclass":"building","name":"","type":""},"geometry":{"type":"MultiPolygon","coordinates":[[[[73.8420583,18.5263811],[73.8421614,18.5263367],[73.8422823,18.526596],[73.8424144,18.5265906],[73.842419,18.5266898],[73.842211,18.5267035],[73.8420583,18.5263811]]]]}},
{"type":"Feature","properties":{"osm_id":"218110068","code":1500,"fclass":"building","name":"","type":""},"geometry":{"type":"MultiPolygon","coordinates":[[[[73.8441658,18.5286092],[73.8444427,18.5286069],[73.8444441,18.5287605],[73.8442556,18.5287621],[73.8442582,18.5290428],[73.8441699,18.5290435],[73.8441658,18.5286092]]]]}},
{"type":"Feature","properties":{"osm_id":"218110069","code":1500,"fclass":"building","name":"","type":""},"geometry":{"type":"MultiPolygon","coordinates":[[[[73.8419185,18.516668],[73.8419688,18.5165134],[73.8421144,18.5165561],[73.8421035,18.5165895],[73.8420564,18.5165757],[73.842017,18.5166968],[73.8419185,18.516668]]]]}},
{"type":"Feature","properties":{"osm_id":"218110070","code":1500,"fclass":"building","name":"Siddarth Towers","type":"commercial"},"geometry":{"type":"MultiPolygon","coordinates":[[[[73.8423442,18.5259703],[73.8425501,18.5259277],[73.8426136,18.5262035],[73.8426324,18.5261996],[73.8427071,18.5266382],[73.842504,18.5266643],[73.8423442,18.5259703]]]]}},
{"type":"Feature","properties":{"osm_id":"218110071","code":1500,"fclass":"building","name":"","type":""},"geometry":{"type":"MultiPolygon","coordinates":[[[[73.843776,18.5295143],[73.8438333,18.5294867],[73.8439022,18.5296153],[73.8440661,18.5295363],[73.8442096,18.5298041],[73.8441059,18.5298541],[73.8439734,18.5296069],[73.843856,18.5296635],[73.843776,18.5295143]]]]}},
{"type":"Feature","properties":{"osm_id":"218110072","code":1500,"fclass":"building","name":"","type":""},"geometry":{"type":"MultiPolygon","coordinates":[[[[73.8417031,18.5180497],[73.8418816,18.5179904],[73.841892,18.5180187],[73.8421613,18.5179292],[73.8421923,18.518013],[73.8420011,18.5180765],[73.8419967,18.5180647],[73.8417402,18.51815],[73.8417031,18.5180497]]]]}},
{"type":"Feature","properties":{"osm_id":"218110073","code":1500,"fclass":"building","name":"","type":""},"geometry":{"type":"MultiPolygon","coordinates":[[[[73.8418962,18.5176713],[73.8419695,18.5176555],[73.8419775,18.5176397],[73.8419972,18.5176302],[73.8420201,18.5176325],[73.8420311,18.5176407],[73.8420765,18.5176304],[73.8421244,18.5178207],[73.8419442,18.5178616],[73.8418962,18.5176713]]]]}},
{"type":"Feature","properties":{"osm_id":"218193802","code":1500,"fclass":"building","name":"Anantrao Pawar College Of Engineering","type":"college"},"geometry":{"type":"MultiPolygon","coordinates":[[[[73.8429158,18.4904711],[73.8429662,18.4904003],[73.8429503,18.4903901],[73.8430374,18.4902667],[73.8430699,18.4902873],[73.8431168,18.4902208],[73.8434356,18.4904227],[73.8435261,18.4902941],[73.843799,18.4904669],[73.843714,18.4905876],[73.843771,18.4906236],[73.8437215,18.4906939],[73.8437644,18.490721],[73.8437739,18.490717],[73.8438183,18.4907112],[73.8438627,18.4907176],[73.8439034,18.4907355],[73.8439371,18.4907636],[73.8439611,18.4907996],[73.8439735,18.4908405],[73.8439732,18.490883],[73.8439602,18.4909238],[73.8439357,18.4909594],[73.8439016,18.4909871],[73.8438606,18.4910045],[73.8438162,18.4910103],[73.8437718,18.4910039],[73.8437311,18.490986],[73.8436974,18.4909579],[73.8436734,18.4909219],[73.843661,18.490881],[73.8436611,18.4908748],[73.8436144,18.4908449],[73.8435823,18.49089],[73.8435298,18.4908564],[73.8434438,18.4909772],[73.8431909,18.4908152],[73.8433092,18.4906491],[73.8432674,18.4906223],[73.8432314,18.4906729],[73.8429158,18.4904711]]]]}},
{"type":"Feature","properties":{"osm_id":"218229432","code":1500,"fclass":"building","name":"Shivajinagar General Post Office","type":""},"geometry":{"type":"MultiPolygon","coordinates":[[[[73.8501804,18.5275703],[73.850266,18.5274845],[73.8503652,18.5275733],[73.8504409,18.5274974],[73.8503141,18.5273837],[73.8503862,18.5273114],[73.8505333,18.5274432],[73.8505874,18.5273889],[73.8504463,18.5272624],[73.8504981,18.5272105],[73.8507064,18.5273972],[73.850666,18.5274377],[73.8506771,18.5274477],[73.8506487,18.5274762],[73.8506336,18.5274627],[73.8505102,18.5275865],[73.8505474,18.5276199],[73.850441,18.5277265],[73.8504548,18.5277388],[73.8503868,18.5278071],[73.8502134,18.5276517],[73.8502407,18.5276243],[73.8501804,18.5275703]]]]}},
{"type":"Feature","properties":{"osm_id":"218229433","code":1500,"fclass":"building","name":"","type":""},"geometry":{"type":"MultiPolygon","coordinates":[[[[73.8214314,18.4995109],[73.8214497,18.4992249],[73.8214634,18.4991868],[73.8214826,18.4991512],[73.8215137,18.49912],[73.8215539,18.4990949],[73.8221606,18.4990221],[73.822128,18.4991742],[73.8220931,18.4991754],[73.8220953,18.4992906],[73.8220351,18.4992963],[73.8220446,18.4994225],[73.8214314,18.4995109]]]]}},
{"type":"Feature","properties":{"osm_id":"218229434","code":1500,"fclass":"building","name":"Gopal House","type":""},"geometry":{"type":"MultiPolygon","coordinates":[[[[73.8214285,18.5049907],[73.8215102,18.5047281],[73.8216591,18.5047698],[73.821944,18.5048886],[73.8218999,18.5049824],[73.821712,18.5049031],[73.8217211,18.5048838],[73.8216418,18.5048503],[73.8216288,18.5048924],[73.8217026,18.5049186],[73.8216927,18.5049436],[73.8216489,18.504928],[73.8216311,18.5049732],[73.8216063,18.5049644],[73.8215846,18.5050344],[73.8214285,18.5049907]]]]}},
{"type":"Feature","properties":{"osm_id":"218229435","code":1500,"fclass":"building","name":"","type":""},"geometry":{"type":"MultiPolygon","coordinates":[[[[73.8419359,18.5194452],[73.841941,18.5192579],[73.8420474,18.5192113],[73.8421232,18.5193649],[73.8419359,18.5194452]]]]}},
{"type":"Feature","properties":{"osm_id":"218229436","code":1500,"fclass":"building","name":"Siddharth Towers","type":"commercial"},"geometry":{"type":"MultiPolygon","coordinates":[[[[73.8212595,18.5006721],[73.8212684,18.5004443],[73.8220424,18.5004713],[73.8220336,18.5006991],[73.8212595,18.5006721]]]]}},
{"type":"Feature","properties":{"osm_id":"218229437","code":1500,"fclass":"building","name":"","type":""},"geometry":{"type":"MultiPolygon","coordinates":[[[[73.8461807,18.5043132],[73.8462245,18.5041888],[73.8462368,18.5041792],[73.8462559,18.504176],[73.8463186,18.5042153],[73.8462648,18.5043567],[73.8461807,18.5043132]]]]}},
{"type":"Feature","properties":{"osm_id":"218229438","code":1500,"fclass":"building","name":"","type":""},"geometry":{"type":"MultiPolygon","coordinates":[[[[73.8167411,18.4985074],[73.8168532,18.4984],[73.8168678,18.4983521],[73.8169204,18.4983703],[73.8169037,18.4984212],[73.8167794,18.4985451],[73.8167411,18.4985074]]]]}},
{"type":"Feature","properties":{"osm_id":"218229439","code":1500,"fclass":"building","name":"","type":""},"geometry":{"type":"MultiPolygon","coordinates":[[[[73.8160944,18.498482],[73.8161379,18.4984457],[73.8161873,18.4984988],[73.8163106,18.4985509],[73.8162884,18.4986022],[73.8161503,18.4985424],[73.8160944,18.498482]]]]}},
{"type":"Feature","properties":{"osm_id":"218229440","code":1500,"fclass":"building","name":"","type":"gazebo"},"geometry":{"type":"MultiPolygon","coordinates":[[[[73.8379125,18.4921011],[73.837921,18.4920869],[73.8379376,18.4920826],[73.8379526,18.4920907],[73.8379572,18.4921065],[73.8379486,18.4921207],[73.837932,18.492125],[73.837917,18.4921169],[73.8379125,18.4921011]]]]}},
{"type":"Feature","properties":{"osm_id":"218229441","code":1500,"fclass":"building","name":"City Pride Movie Theater","type":""},"geometry":{"type":"MultiPolygon","coordinates":[[[[73.8207572,18.4995399],[73.8207734,18.4992525],[73.8211703,18.4992727],[73.8211539,18.4995619],[73.8211282,18.4995606],[73.8211098,18.4998856],[73.8207721,18.4998684],[73.8207906,18.4995416],[73.8207572,18.4995399]]]]}},
{"type":"Feature","properties":{"osm_id":"218229442","code":1500,"fclass":"building","name":"","type":"gazebo"},"geometry":{"type":"MultiPolygon","coordinates":[[[[73.8375487,18.492009],[73.8375669,18.4919787],[73.8376025,18.4919694],[73.8376345,18.4919868],[73.8376442,18.4920205],[73.8376259,18.4920509],[73.8375904,18.4920601],[73.8375584,18.4920427],[73.8375487,18.492009]]]]}},
{"type":"Feature","properties":{"osm_id":"218405517","code":1500,"fclass":"building","name":"NVIDIA","type":"office"},"geometry":{"type":"MultiPolygon","coordinates":[[[[73.8466799,18.5312251],[73.8468738,18.5311855],[73.8469366,18.5314615],[73.8469973,18.5314491],[73.8470535,18.5316965],[73.8470368,18.5316999],[73.847055,18.5317798],[73.8468347,18.5318248],[73.8468159,18.5317419],[73.8467982,18.5317455],[73.8466799,18.5312251]]]]}},
{"type":"Feature","properties":{"osm_id":"218405518","code":1500,"fclass":"building","name":"","type":""},"geometry":{"type":"MultiPolygon","coordinates":[[[[73.841107,18.5224104],[73.841451,18.5224094],[73.841452,18.5224207],[73.8417427,18.5224169],[73.8417408,18.5225272],[73.8416826,18.5225281],[73.8416846,18.5225029],[73.8415308,18.5225057],[73.8415318,18.5225169],[73.8411622,18.5225188],[73.8411375,18.5225141],[73.8411198,18.5225001],[73.8411099,18.5224777],[73.841107,18.5224104]]]]}},
{"type":"Feature","properties":{"osm_id":"218405519","code":1500,"fclass":"building","name":"","type":"dormitory"},"geometry":{"type":"MultiPolygon","coordinates":[[[[73.8509812,18.5294565],[73.8510023,18.5294503],[73.8509829,18.5293905],[73.8510262,18.5293779],[73.851056,18.5294701],[73.8514332,18.5293601],[73.8514054,18.5292744],[73.8514554,18.5292598],[73.8514713,18.5293089],[73.8514931,18.5293026],[73.8515308,18.5294189],[73.8514643,18.5294382],[73.8514715,18.5294602],[73.8510846,18.5295729],[73.851075,18.5295433],[73.851015,18.5295607],[73.8509812,18.5294565]]]]}},
{"type":"Feature","properties":{"osm_id":"218405521","code":1500,"fclass":"building","name":"","type":""},"geometry":{"type":"MultiPolygon","coordinates":[[[[73.8479557,18.526389],[73.8480114,18.526369],[73.8480339,18.526322],[73.8480737,18.5263077],[73.8480369,18.526215],[73.8480647,18.5261741],[73.8481135,18.5261489],[73.8481763,18.5261635],[73.8482153,18.5261476],[73.8482432,18.5262071],[73.8483254,18.5261754],[73.8483432,18.5262167],[73.8482724,18.526244],[73.8482928,18.5262916],[73.8482434,18.5263089],[73.8483077,18.5264629],[73.8482809,18.5265141],[73.8482223,18.5265389],[73.8481623,18.5265203],[73.8481303,18.5264397],[73.8480895,18.5264543],[73.8480363,18.5264315],[73.8479805,18.5264514],[73.8479557,18.526389]]]]}},
{"type":"Feature","properties":{"osm_id":"218405522","code":1500,"fclass":"building","name":"Ashish Plaza","type":"hotel"},"geometry":{"type":"MultiPolygon","coordinates":[[[[73.8415346,18.5238382],[73.8415474,18.5238208],[73.8415642,18.523832],[73.8415758,18.5238163],[73.8415942,18.5238286],[73.8416086,18.5238091],[73.8416294,18.5238229],[73.8416436,18.5238037],[73.8416631,18.5238166],[73.8416841,18.523813],[73.8416369,18.5235371],[73.841728,18.523523],[73.8417829,18.5238433],[73.841813,18.5238387],[73.8418283,18.5239283],[73.8416916,18.5239493],[73.8416786,18.5239668],[73.8416618,18.5239554],[73.8416503,18.5239708],[73.8416317,18.5239583],[73.8416173,18.5239774],[73.8415964,18.5239633],[73.8415817,18.5239829],[73.8415602,18.5239684],[73.8415346,18.5238382]]]]}},
{"type":"Feature","properties":{"osm_id":"218405523","code":1500,"fclass":"building","name":"","type":""},"geometry":{"type":"MultiPolygon","coordinates":[[[[73.8446084,18.5260979],[73.8446223,18.5260973],[73.8446214,18.5260775],[73.8446814,18.526075],[73.8446822,18.5260934],[73.8446948,18.5260929],[73.8446997,18.5261985],[73.8448299,18.5261931],[73.8448253,18.5260931],[73.8448465,18.5260923],[73.8448462,18.5260867],[73.8449026,18.5260844],[73.844903,18.5260919],[73.8449166,18.5260913],[73.844921,18.5261866],[73.8450568,18.526181],[73.8450516,18.5260674],[73.8450719,18.5260665],[73.8450712,18.5260523],[73.8451255,18.52605],[73.8451263,18.5260663],[73.845147,18.5260655],[73.8451523,18.5261824],[73.8451288,18.5261833],[73.8451308,18.5262277],[73.8451081,18.5262286],[73.845109,18.5262489],[73.8446641,18.5262672],[73.8446635,18.5262532],[73.8446334,18.5262545],[73.8446311,18.5262042],[73.8446133,18.5262049],[73.8446084,18.5260979]]]]}},
{"type":"Feature","properties":{"osm_id":"218405524","code":1500,"fclass":"building","name":"","type":""},"geometry":{"type":"MultiPolygon","coordinates":[[[[73.8445719,18.5254727],[73.8445858,18.5254721],[73.8445849,18.5254523],[73.8446449,18.5254498],[73.8446458,18.5254682],[73.8446584,18.5254677],[73.8446632,18.5255733],[73.8447934,18.5255679],[73.8447888,18.5254679],[73.84481,18.5254671],[73.8448098,18.5254615],[73.8448662,18.5254592],[73.8448665,18.5254667],[73.8448802,18.5254662],[73.8448845,18.5255615],[73.8450203,18.5255559],[73.8450151,18.5254422],[73.8450354,18.5254413],[73.8450348,18.5254271],[73.8450891,18.5254248],[73.8450898,18.5254411],[73.8451105,18.5254403],[73.8451159,18.5255572],[73.8450923,18.5255581],[73.8450944,18.5256025],[73.8450716,18.5256034],[73.8450726,18.5256237],[73.8446277,18.525642],[73.844627,18.525628],[73.844597,18.5256293],[73.8445947,18.525579],[73.8445768,18.5255797],[73.8445719,18.5254727]]]]}},
{"type":"Feature","properties":{"osm_id":"218405525","code":1500,"fclass":"building","name":"","type":""},"geometry":{"type":"MultiPolygon","coordinates":[[[[73.8445482,18.5252554],[73.8445718,18.5252542],[73.8445693,18.5252099],[73.844592,18.5252088],[73.8445909,18.5251885],[73.8450356,18.5251661],[73.8450364,18.52518],[73.8450664,18.5251785],[73.8450692,18.5252288],[73.845087,18.5252279],[73.845093,18.5253349],[73.8450791,18.5253356],[73.8450803,18.5253554],[73.8450203,18.5253584],[73.8450192,18.52534],[73.8450067,18.5253407],[73.8450007,18.5252351],[73.8448706,18.5252417],[73.8448762,18.5253416],[73.844855,18.5253427],[73.8448553,18.5253482],[73.8447989,18.5253511],[73.8447985,18.5253436],[73.8447849,18.5253442],[73.8447795,18.525249],[73.8446438,18.5252558],[73.8446502,18.5253695],[73.8446299,18.5253705],[73.8446307,18.5253847],[73.8445764,18.5253875],[73.8445755,18.5253712],[73.8445548,18.5253722],[73.8445482,18.5252554]]]]}},
{"type":"Feature","properties":{"osm_id":"218405526","code":1500,"fclass":"building","name":"","type":""},"geometry":{"type":"MultiPolygon","coordinates":[[[[73.8441555,18.5258036],[73.8441728,18.5258029],[73.8441719,18.5257833],[73.8442952,18.5257785],[73.8442962,18.5258008],[73.8443429,18.525799],[73.8443438,18.5258206],[73.8443652,18.5258197],[73.8443834,18.5262416],[73.8443687,18.5262422],[73.8443699,18.5262707],[73.8443169,18.5262728],[73.8443176,18.5262897],[73.8442047,18.526294],[73.8442041,18.5262809],[73.8441832,18.5262817],[73.8441808,18.5262248],[73.8442001,18.526224],[73.8441996,18.5262121],[73.844311,18.5262078],[73.8443057,18.5260843],[73.8442002,18.5260884],[73.8441994,18.5260683],[73.8441935,18.5260685],[73.8441912,18.526015],[73.8441991,18.5260147],[73.8441986,18.5260018],[73.8442991,18.5259979],[73.8442936,18.5258691],[73.8441736,18.5258737],[73.8441728,18.5258545],[73.8441578,18.5258551],[73.8441555,18.5258036]]]]}},
{"type":"Feature","properties":{"osm_id":"218405527","code":1500,"fclass":"building","name":"","type":""},"geometry":{"type":"MultiPolygon","coordinates":[[[[73.8441207,18.5252275],[73.8441379,18.5252269],[73.8441371,18.5252072],[73.8442604,18.5252026],[73.8442613,18.5252249],[73.844308,18.5252232],[73.8443089,18.5252448],[73.8443303,18.525244],[73.8443478,18.5256659],[73.844333,18.5256665],[73.8443342,18.525695],[73.8442812,18.5256969],[73.8442819,18.5257138],[73.844169,18.525718],[73.8441684,18.5257049],[73.8441475,18.5257056],[73.8441452,18.5256487],[73.8441645,18.525648],[73.844164,18.5256361],[73.8442755,18.5256319],[73.8442703,18.5255084],[73.8441649,18.5255124],[73.844164,18.5254923],[73.8441582,18.5254925],[73.844156,18.525439],[73.8441639,18.5254387],[73.8441634,18.5254257],[73.8442639,18.525422],[73.8442586,18.5252932],[73.8441386,18.5252977],[73.8441378,18.5252784],[73.8441228,18.525279],[73.8441207,18.5252275]]]]}},
{"type":"Feature","properties":{"osm_id":"218405528","code":1500,"fclass":"building","name":"","type":""},"geometry":{"type":"MultiPolygon","coordinates":[[[[73.8445893,18.5258598],[73.8446128,18.5258589],[73.844611,18.5258145],[73.8446337,18.5258137],[73.8446329,18.5257934],[73.8450779,18.5257769],[73.8450785,18.5257909],[73.8451085,18.5257898],[73.8451106,18.52584],[73.8451284,18.5258394],[73.8451329,18.5259464],[73.845119,18.5259469],[73.8451198,18.5259667],[73.8450598,18.525969],[73.845059,18.5259506],[73.8450464,18.5259511],[73.845042,18.5258454],[73.8449118,18.5258503],[73.8449159,18.5259503],[73.8448947,18.5259511],[73.844895,18.5259566],[73.8448385,18.5259587],[73.8448382,18.5259512],[73.8448246,18.5259517],[73.8448206,18.5258564],[73.8446848,18.5258615],[73.8446895,18.5259752],[73.8446692,18.5259759],[73.8446698,18.5259902],[73.8446155,18.5259922],[73.8446148,18.5259759],[73.8445941,18.5259767],[73.8445893,18.5258598]]]]}},
{"type":"Feature","properties":{"osm_id":"218405529","code":1500,"fclass":"building","name":"","type":""},"geometry":{"type":"MultiPolygon","coordinates":[[[[73.8415123,18.5222375],[73.8418258,18.5222375],[73.8418258,18.5223262],[73.8415123,18.5223262],[73.8415123,18.5222375]]]]}},
{"type":"Feature","properties":{"osm_id":"218405530","code":1500,"fclass":"building","name":"","type":""},"geometry":{"type":"MultiPolygon","coordinates":[[[[73.8449419,18.5220281],[73.8451144,18.5219804],[73.8451467,18.5220856],[73.8449742,18.5221333],[73.8449419,18.5220281]]]]}},
{"type":"Feature","properties":{"osm_id":"218405531","code":1500,"fclass":"building","name":"","type":""},"geometry":{"type":"MultiPolygon","coordinates":[[[[73.8462414,18.5220058],[73.8463932,18.5219488],[73.8464435,18.5220691],[73.8462917,18.5221261],[73.8462414,18.5220058]]]]}},
{"type":"Feature","properties":{"osm_id":"218405532","code":1500,"fclass":"building","name":"Karnik heritage","type":"commercial"},"geometry":{"type":"MultiPolygon","coordinates":[[[[73.8417035,18.5197535],[73.8419233,18.5196647],[73.8419634,18.5197538],[73.8417436,18.5198426],[73.8417035,18.5197535]]]]}},
{"type":"Feature","properties":{"osm_id":"218405533","code":1500,"fclass":"building","name":"","type":""},"geometry":{"type":"MultiPolygon","coordinates":[[[[73.8464502,18.5219243],[73.8466079,18.5218635],[73.8466636,18.5219936],[73.8465059,18.5220543],[73.8464502,18.5219243]]]]}},
{"type":"Feature","properties":{"osm_id":"218405535","code":1500,"fclass":"building","name":"","type":""},"geometry":{"type":"MultiPolygon","coordinates":[[[[73.8426648,18.5271734],[73.8427851,18.5271163],[73.8428854,18.5273067],[73.8427651,18.5273637],[73.8426648,18.5271734]]]]}},
{"type":"Feature","properties":{"osm_id":"218405536","code":1500,"fclass":"building","name":"","type":""},"geometry":{"type":"MultiPolygon","coordinates":[[[[73.8433262,18.5186444],[73.8434862,18.5185625],[73.8435812,18.5187294],[73.8434212,18.5188113],[73.8433262,18.5186444]]]]}},
{"type":"Feature","properties":{"osm_id":"218405537","code":1500,"fclass":"building","name":"","type":"apartments"},"geometry":{"type":"MultiPolygon","coordinates":[[[[73.8461928,18.5209696],[73.8463032,18.5208902],[73.8463586,18.5209595],[73.8462483,18.5210389],[73.8461928,18.5209696]]]]}},
{"type":"Feature","properties":{"osm_id":"218405538","code":1500,"fclass":"building","name":"","type":""},"geometry":{"type":"MultiPolygon","coordinates":[[[[73.8460429,18.5221029],[73.846177,18.5220505],[73.846218,18.5221449],[73.8460839,18.5221973],[73.8460429,18.5221029]]]]}},
{"type":"Feature","properties":{"osm_id":"218405539","code":1500,"fclass":"building","name":"","type":"apartments"},"geometry":{"type":"MultiPolygon","coordinates":[[[[73.8466715,18.5218378],[73.8467829,18.5217939],[73.8468339,18.5219103],[73.8467226,18.5219542],[73.8466715,18.5218378]]]]}},
{"type":"Feature","properties":{"osm_id":"218405540","code":1500,"fclass":"building","name":"","type":""},"geometry":{"type":"MultiPolygon","coordinates":[[[[73.848506,18.5291478],[73.8486854,18.5291421],[73.8486959,18.5294444],[73.8485166,18.52945],[73.848506,18.5291478]]]]}},
{"type":"Feature","properties":{"osm_id":"218405541","code":1500,"fclass":"building","name":"","type":"apartments"},"geometry":{"type":"MultiPolygon","coordinates":[[[[73.8470845,18.5222064],[73.8472016,18.5221614],[73.8472978,18.5223868],[73.8471807,18.5224318],[73.8470845,18.5222064]]]]}},
{"type":"Feature","properties":{"osm_id":"218405542","code":1500,"fclass":"building","name":"","type":""},"geometry":{"type":"MultiPolygon","coordinates":[[[[73.8449811,18.5197768],[73.8450712,18.519715],[73.8451741,18.5198498],[73.8450839,18.5199117],[73.8449811,18.5197768]]]]}},
{"type":"Feature","properties":{"osm_id":"218405543","code":1500,"fclass":"building","name":"","type":""},"geometry":{"type":"MultiPolygon","coordinates":[[[[73.8439312,18.5285254],[73.8439769,18.5285037],[73.8440892,18.5285537],[73.8441242,18.5286205],[73.844015,18.5286753],[73.8439312,18.5285254]]]]}},
{"type":"Feature","properties":{"osm_id":"218405545","code":1500,"fclass":"building","name":"","type":""},"geometry":{"type":"MultiPolygon","coordinates":[[[[73.8424129,18.5184113],[73.8427521,18.5182757],[73.842766,18.518307],[73.8427423,18.5183166],[73.8428633,18.5185887],[73.8427848,18.5186201],[73.8426989,18.5184268],[73.842462,18.5185216],[73.8424129,18.5184113]]]]}},
{"type":"Feature","properties":{"osm_id":"218405546","code":1500,"fclass":"building","name":"","type":""},"geometry":{"type":"MultiPolygon","coordinates":[[[[73.8478236,18.5244869],[73.8483006,18.5242266],[73.8484232,18.5244286],[73.8483172,18.5244864],[73.8482548,18.5243836],[73.8479859,18.5245303],[73.8480489,18.5246341],[73.8479468,18.5246898],[73.8478236,18.5244869]]]]}},
{"type":"Feature","properties":{"osm_id":"218405547","code":1500,"fclass":"building","name":"","type":""},"geometry":{"type":"MultiPolygon","coordinates":[[[[73.8438784,18.5194476],[73.8443527,18.5192554],[73.8444403,18.5194497],[73.8443639,18.5194806],[73.8443075,18.5193555],[73.8439903,18.519484],[73.8440527,18.5196223],[73.8439719,18.5196551],[73.8438784,18.5194476]]]]}},
{"type":"Feature","properties":{"osm_id":"218405548","code":1500,"fclass":"building","name":"","type":""},"geometry":{"type":"MultiPolygon","coordinates":[[[[73.8415679,18.5185357],[73.8415986,18.5183443],[73.8416816,18.5183563],[73.8416635,18.5184699],[73.8417078,18.5184762],[73.8417246,18.5183717],[73.8417904,18.5183812],[73.8417613,18.5185635],[73.8415679,18.5185357]]]]}},
{"type":"Feature","properties":{"osm_id":"218405549","code":1500,"fclass":"building","name":"","type":""},"geometry":{"type":"MultiPolygon","coordinates":[[[[73.8480659,18.5246855],[73.848344,18.5245287],[73.8484332,18.524671],[73.8483527,18.5247164],[73.8483134,18.5246537],[73.8482025,18.5247162],[73.8482419,18.524779],[73.8481552,18.5248279],[73.8480659,18.5246855]]]]}},
{"type":"Feature","properties":{"osm_id":"218405550","code":1500,"fclass":"building","name":"Deccan Rendezvous","type":"hotel"},"geometry":{"type":"MultiPolygon","coordinates":[[[[73.843487,18.5232905],[73.843592,18.5232716],[73.8435948,18.5232855],[73.8436423,18.523277],[73.8435916,18.5230226],[73.8436856,18.5230058],[73.8437784,18.5234721],[73.84356,18.5235112],[73.8435284,18.5234984],[73.843487,18.5232905]]]]}},
{"type":"Feature","properties":{"osm_id":"2891526","code":1500,"fclass":"building","name":"","type":""},"geometry":{"type":"MultiPolygon","coordinates":[[[[73.8473257,18.5246311],[73.847651,18.524504],[73.8477284,18.524682],[73.8474031,18.5248091],[73.8473257,18.5246311]],[[73.8474381,18.5246779],[73.8474561,18.5247194],[73.8476188,18.5246558],[73.8476007,18.5246143],[73.8474381,18.5246779]]]]}},
{"type":"Feature","properties":{"osm_id":"218422374","code":1500,"fclass":"building","name":"","type":""},"geometry":{"type":"MultiPolygon","coordinates":[[[[73.8417126,18.510429],[73.8423265,18.5102934],[73.8423579,18.5104214],[73.8420849,18.5104817],[73.8420976,18.5105334],[73.8421865,18.5105138],[73.8423116,18.5110234],[73.8423063,18.5110969],[73.8420783,18.5111009],[73.8420265,18.510883],[73.8418156,18.5109296],[73.8417888,18.5108207],[73.8420583,18.5107611],[73.8420356,18.5106686],[73.8417658,18.5107282],[73.8417374,18.5106123],[73.8420543,18.5105424],[73.8420431,18.510497],[73.8417455,18.5105627],[73.8417126,18.510429]]]]}},
{"type":"Feature","properties":{"osm_id":"218422376","code":1500,"fclass":"building","name":"","type":"office"},"geometry":{"type":"MultiPolygon","coordinates":[[[[73.8442236,18.517781],[73.8442491,18.5177715],[73.8442727,18.5177501],[73.8442998,18.5177328],[73.8443295,18.5177201],[73.8443611,18.5177123],[73.8443783,18.5177126],[73.8444124,18.5177806],[73.8444241,18.5177753],[73.8444294,18.5177858],[73.844444,18.5177791],[73.8444533,18.5177976],[73.8444679,18.5177911],[73.8445019,18.517844],[73.8445211,18.5178681],[73.8444849,18.5178724],[73.8444662,18.5178918],[73.8444407,18.5179111],[73.8444121,18.5179261],[73.8443813,18.5179363],[73.8443491,18.5179413],[73.8443278,18.5179653],[73.8443153,18.5179331],[73.8442915,18.5179119],[73.8442718,18.5178872],[73.8442569,18.5178596],[73.8442471,18.5178301],[73.8442426,18.5177994],[73.8442236,18.517781]]]]}},
{"type":"Feature","properties":{"osm_id":"218422377","code":1500,"fclass":"building","name":"","type":""},"geometry":{"type":"MultiPolygon","coordinates":[[[[73.8395058,18.5130065],[73.8395528,18.5128985],[73.8397467,18.5129744],[73.8396997,18.5130824],[73.8395058,18.5130065]]]]}},
{"type":"Feature","properties":{"osm_id":"218422378","code":1500,"fclass":"building","name":"","type":""},"geometry":{"type":"MultiPolygon","coordinates":[[[[73.8471095,18.5233593],[73.8472381,18.5233024],[73.8473218,18.5234729],[73.8471932,18.5235297],[73.8471095,18.5233593]]]]}},
{"type":"Feature","properties":{"osm_id":"218422380","code":1500,"fclass":"building","name":"","type":""},"geometry":{"type":"MultiPolygon","coordinates":[[[[73.8481892,18.523849],[73.8483258,18.5237822],[73.8484292,18.5239725],[73.8482926,18.5240393],[73.8481892,18.523849]]]]}},
{"type":"Feature","properties":{"osm_id":"218422381","code":1500,"fclass":"building","name":"Bipin Snacks","type":"retail"},"geometry":{"type":"MultiPolygon","coordinates":[[[[73.8391853,18.5128385],[73.8392226,18.5127612],[73.8394795,18.5128727],[73.8394422,18.51295],[73.8391853,18.5128385]]]]}},
{"type":"Feature","properties":{"osm_id":"218422382","code":1500,"fclass":"building","name":"","type":""},"geometry":{"type":"MultiPolygon","coordinates":[[[[73.845622,18.5194286],[73.8457742,18.5193116],[73.8458407,18.5193893],[73.8456884,18.5195063],[73.845622,18.5194286]]]]}},
{"type":"Feature","properties":{"osm_id":"218422383","code":1500,"fclass":"building","name":"Kakade Center Port","type":""},"geometry":{"type":"MultiPolygon","coordinates":[[[[73.8355766,18.537551],[73.8359083,18.5372899],[73.8363587,18.5378043],[73.8361562,18.5379637],[73.8361362,18.537941],[73.8360071,18.5380426],[73.8355766,18.537551]]]]}},
{"type":"Feature","properties":{"osm_id":"218422384","code":1500,"fclass":"building","name":"","type":""},"geometry":{"type":"MultiPolygon","coordinates":[[[[73.8436587,18.5240186],[73.8438237,18.5239953],[73.8438052,18.5241295],[73.8437966,18.5241459],[73.8437757,18.5241622],[73.8436772,18.524175],[73.8436587,18.5240186]]]]}},
{"type":"Feature","properties":{"osm_id":"218422385","code":1500,"fclass":"building","name":"","type":""},"geometry":{"type":"MultiPolygon","coordinates":[[[[73.842344,18.5110316],[73.8423696,18.5107865],[73.842494,18.5108019],[73.8424802,18.5109577],[73.8424731,18.5109722],[73.8424572,18.5109945],[73.8424329,18.5110121],[73.842344,18.5110316]]]]}},
{"type":"Feature","properties":{"osm_id":"218422386","code":1500,"fclass":"building","name":"","type":"apartments"},"geometry":{"type":"MultiPolygon","coordinates":[[[[73.8478824,18.5233976],[73.8479309,18.5233751],[73.8479397,18.5233922],[73.8480476,18.5233421],[73.8480394,18.5233262],[73.8480979,18.5232991],[73.8481559,18.5234117],[73.847941,18.5235113],[73.8478824,18.5233976]]]]}},
{"type":"Feature","properties":{"osm_id":"218422400","code":1500,"fclass":"building","name":"","type":"commercial"},"geometry":{"type":"MultiPolygon","coordinates":[[[[73.8353716,18.5378347],[73.8355254,18.5377143],[73.8358184,18.5380616],[73.8356599,18.5381818],[73.8353716,18.5378347]]]]}},
{"type":"Feature","properties":{"osm_id":"218697332","code":1500,"fclass":"building","name":"Kothrud Stand","type":""},"geometry":{"type":"MultiPolygon","coordinates":[[[[73.8133474,18.499834],[73.813357,18.4997803],[73.8133775,18.4997293],[73.8134081,18.4996832],[73.8134475,18.4996435],[73.8135302,18.4997175],[73.8135048,18.4997421],[73.8135392,18.4997583],[73.8136166,18.499995],[73.8135927,18.5000177],[73.8136384,18.5000252],[73.813619,18.5001314],[73.8135624,18.5001222],[73.8135087,18.5001026],[73.8134601,18.5000735],[73.8134184,18.500036],[73.8133852,18.4999915],[73.8133617,18.4999417],[73.813349,18.4998885],[73.8133474,18.499834]]]]}},
{"type":"Feature","properties":{"osm_id":"218697335","code":1500,"fclass":"building","name":"","type":"gazebo"},"geometry":{"type":"MultiPolygon","coordinates":[[[[73.812289,18.5036639],[73.8122891,18.5036013],[73.8123358,18.5035571],[73.8124017,18.5035571],[73.8124484,18.5036014],[73.8124483,18.503664],[73.8124016,18.5037082],[73.8123357,18.5037081],[73.812289,18.5036639]]]]}},
{"type":"Feature","properties":{"osm_id":"218697336","code":1500,"fclass":"building","name":"","type":"gazebo"},"geometry":{"type":"MultiPolygon","coordinates":[[[[73.8119228,18.503968],[73.8119342,18.5039403],[73.8119629,18.5039283],[73.8119922,18.5039391],[73.8120049,18.5039663],[73.8119935,18.5039941],[73.8119647,18.5040061],[73.8119355,18.5039953],[73.8119228,18.503968]]]]}},
{"type":"Feature","properties":{"osm_id":"218726668","code":1500,"fclass":"building","name":"Priyanjali Society","type":"residential"},"geometry":{"type":"MultiPolygon","coordinates":[[[[73.8122631,18.4967963],[73.8123049,18.4967873],[73.8123076,18.4967985],[73.8123297,18.4967937],[73.812327,18.4967826],[73.8123656,18.4967743],[73.8123684,18.4967857],[73.81237,18.4967853],[73.8123718,18.4967928],[73.8124395,18.4967782],[73.8124748,18.4967705],[73.8124816,18.496799],[73.812447,18.4968065],[73.8124562,18.4968446],[73.8124903,18.4968373],[73.8124989,18.4968732],[73.8124078,18.4968929],[73.8124063,18.4968863],[73.812397,18.4968883],[73.8124023,18.49691],[73.81236,18.4969191],[73.812355,18.4968981],[73.8123377,18.4969019],[73.8123433,18.4969252],[73.8122985,18.4969348],[73.8122897,18.496898],[73.8123104,18.4968935],[73.8122962,18.4968342],[73.8122734,18.4968392],[73.8122631,18.4967963]]]]}},
{"type":"Feature","properties":{"osm_id":"218729171","code":1500,"fclass":"building","name":"Madhu Malini Society","type":"residential"},"geometry":{"type":"MultiPolygon","coordinates":[[[[73.8123326,18.4971933],[73.8123814,18.4971824],[73.8123847,18.4971958],[73.8125049,18.497169],[73.8125023,18.4971581],[73.8125589,18.4971455],[73.812565,18.4971702],[73.8125636,18.4971705],[73.8125909,18.4972809],[73.8125899,18.4972811],[73.8125926,18.4972922],[73.812547,18.4973024],[73.8125442,18.4972909],[73.8124155,18.4973196],[73.8124181,18.49733],[73.8123676,18.4973412],[73.8123623,18.4973196],[73.8123633,18.4973193],[73.8123353,18.4972064],[73.8123359,18.4972063],[73.8123326,18.4971933]]]]}},
{"type":"Feature","properties":{"osm_id":"218729977","code":1500,"fclass":"building","name":"Dhanagauri Society","type":"residential"},"geometry":{"type":"MultiPolygon","coordinates":[[[[73.8123939,18.4973893],[73.8124429,18.49738],[73.812443,18.4973801],[73.8125303,18.4973636],[73.8125276,18.4973512],[73.8125631,18.4973445],[73.812567,18.4973628],[73.8125709,18.4973813],[73.8125881,18.4973781],[73.8126013,18.4974406],[73.8125858,18.4974435],[73.8125859,18.4974437],[73.8125968,18.4974416],[73.8126068,18.4974892],[73.8125784,18.4974946],[73.8125728,18.497468],[73.8125697,18.4974685],[73.8125721,18.4974801],[73.8125254,18.497489],[73.8125233,18.4974789],[73.8125056,18.4974822],[73.8125085,18.497496],[73.8124997,18.4974976],[73.812497,18.4974846],[73.8124801,18.4974878],[73.8124833,18.497503],[73.8124236,18.4975143],[73.8124167,18.4974814],[73.812433,18.4974783],[73.8124198,18.4974156],[73.8124002,18.4974193],[73.8123939,18.4973893]]]]}},
{"type":"Feature","properties":{"osm_id":"218731645","code":1500,"fclass":"building","name":"Kalakunj A","type":"residential"},"geometry":{"type":"MultiPolygon","coordinates":[[[[73.8117466,18.4963529],[73.8119573,18.4962974],[73.8119941,18.4964265],[73.8117837,18.4964802],[73.8117466,18.4963529]]]]}},
{"type":"Feature","properties":{"osm_id":"218731646","code":1500,"fclass":"building","name":"Kalakunj B and C","type":"residential"},"geometry":{"type":"MultiPolygon","coordinates":[[[[73.8118174,18.4965273],[73.811989,18.4964957],[73.8119973,18.4965364],[73.8120099,18.4965341],[73.8120173,18.4965704],[73.8120051,18.4965726],[73.8120079,18.4965865],[73.812018,18.4965846],[73.8120286,18.4966364],[73.8120516,18.4966378],[73.8120484,18.4966838],[73.8120682,18.4966995],[73.8120708,18.4967412],[73.8120065,18.4967448],[73.8120106,18.496811],[73.8119151,18.4968399],[73.8118854,18.4967517],[73.8118904,18.4966852],[73.8118659,18.4966835],[73.8118498,18.4966698],[73.8118407,18.496625],[73.8118565,18.4966221],[73.8118473,18.4965769],[73.8118282,18.4965804],[73.8118174,18.4965273]]]]}},
{"type":"Feature","properties":{"osm_id":"218731648","code":1500,"fclass":"building","name":"Kalakunj D","type":"residential"},"geometry":{"type":"MultiPolygon","coordinates":[[[[73.8119132,18.4968862],[73.8119281,18.496883],[73.8119274,18.4968802],[73.8119521,18.4968748],[73.8119498,18.4968651],[73.8120035,18.4968535],[73.8120057,18.4968626],[73.8120551,18.496852],[73.8121031,18.4968416],[73.812111,18.4968747],[73.8120761,18.4968822],[73.8120881,18.4969319],[73.8121182,18.4969253],[73.8121264,18.4969595],[73.8120962,18.496966],[73.8120967,18.4969682],[73.8120459,18.4969791],[73.8120483,18.4969891],[73.8120259,18.496994],[73.8120235,18.4969839],[73.8120062,18.4969877],[73.8120092,18.4970004],[73.8119926,18.497004],[73.8119896,18.4969912],[73.8119707,18.4969953],[73.8119711,18.4969969],[73.8119417,18.4970032],[73.811935,18.4969753],[73.8119494,18.4969722],[73.8119347,18.496911],[73.81192,18.4969142],[73.8119132,18.4968862]]]]}},
{"type":"Feature","properties":{"osm_id":"218731649","code":1500,"fclass":"building","name":"Kalakunj E","type":"residential"},"geometry":{"type":"MultiPolygon","coordinates":[[[[73.811973,18.4971089],[73.8120164,18.4970984],[73.8120132,18.4970865],[73.8120721,18.4970722],[73.8120749,18.4970828],[73.8120994,18.4970768],[73.812098,18.4970718],[73.812158,18.4970572],[73.8121669,18.4970903],[73.8121491,18.4970946],[73.812164,18.4971495],[73.8121808,18.4971455],[73.8121887,18.4971748],[73.8121042,18.4971953],[73.8121079,18.4972088],[73.8120819,18.4972151],[73.8120766,18.4971958],[73.8120583,18.4972003],[73.8120635,18.4972198],[73.812053,18.4972224],[73.8120479,18.4972035],[73.8120015,18.4972147],[73.811973,18.4971089]]]]}},
{"type":"Feature","properties":{"osm_id":"218731650","code":1500,"fclass":"building","name":"Kalakunj F","type":"apartments"},"geometry":{"type":"MultiPolygon","coordinates":[[[[73.8120658,18.4972444],[73.8121164,18.4972323],[73.8121226,18.4972557],[73.8121432,18.4972508],[73.8121388,18.497234],[73.8121847,18.4972231],[73.8121932,18.4972552],[73.8121808,18.4972582],[73.8121943,18.497309],[73.8122194,18.497303],[73.812247,18.4974072],[73.8122213,18.4974133],[73.8122238,18.4974226],[73.8122373,18.4974194],[73.8122446,18.497447],[73.8122309,18.4974503],[73.812237,18.4974733],[73.8122463,18.497471],[73.8122663,18.4975466],[73.8122267,18.497556],[73.8122242,18.4975466],[73.812197,18.4975531],[73.8121996,18.497563],[73.8121555,18.4975735],[73.8121462,18.4975384],[73.8121726,18.4975321],[73.812167,18.497511],[73.8121394,18.4975176],[73.8121292,18.4974788],[73.8121487,18.4974742],[73.8121376,18.4974322],[73.8121461,18.4974302],[73.8121412,18.4974115],[73.8121195,18.4974167],[73.81211,18.4973805],[73.8121318,18.4973754],[73.8121278,18.4973601],[73.8121015,18.4973664],[73.8120956,18.497344],[73.812122,18.4973377],[73.8121176,18.497321],[73.8120854,18.4973287],[73.8120802,18.497309],[73.8120938,18.4973058],[73.8120853,18.4972736],[73.8120742,18.4972762],[73.8120658,18.4972444]]]]}},
{"type":"Feature","properties":{"osm_id":"218732223","code":1500,"fclass":"building","name":"Raj Vaibhav","type":"residential"},"geometry":{"type":"MultiPolygon","coordinates":[[[[73.8122257,18.4966167],[73.8122905,18.4966038],[73.8122928,18.4966142],[73.8123238,18.4966081],[73.8123264,18.4966197],[73.812374,18.4966102],[73.812367,18.4965786],[73.8124289,18.4965663],[73.8124381,18.4966078],[73.8124331,18.4966088],[73.8124348,18.4966166],[73.8124543,18.4966127],[73.812473,18.496697],[73.81242,18.4967075],[73.8124159,18.4966888],[73.8123269,18.4967065],[73.8123329,18.4967336],[73.81226,18.4967481],[73.8122464,18.496687],[73.8122753,18.4966812],[73.8122702,18.4966585],[73.8122365,18.4966653],[73.8122257,18.4966167]]]]}},
{"type":"Feature","properties":{"osm_id":"218732940","code":1500,"fclass":"building","name":"The Seasons","type":"residential"},"geometry":{"type":"MultiPolygon","coordinates":[[[[73.8121519,18.4964423],[73.8124004,18.4963803],[73.8124398,18.4965222],[73.8121913,18.4965846],[73.8121519,18.4964423]]]]}},
{"type":"Feature","properties":{"osm_id":"218732973","code":1500,"fclass":"building","name":"Ashutosh Society","type":"residential"},"geometry":{"type":"MultiPolygon","coordinates":[[[[73.81212,18.4962987],[73.8122063,18.496281],[73.8122074,18.4962856],[73.8122844,18.4962698],[73.8122827,18.4962622],[73.8123227,18.4962539],[73.8123246,18.4962623],[73.812328,18.4962616],[73.8123473,18.4963461],[73.8122422,18.4963676],[73.8122461,18.4963846],[73.8121465,18.4964051],[73.8121383,18.4963688],[73.8121746,18.4963613],[73.8121647,18.4963176],[73.8121261,18.4963255],[73.81212,18.4962987]]]]}},
{"type":"Feature","properties":{"osm_id":"218733015","code":1500,"fclass":"building","name":"Chaitanyashree Society","type":"residential"},"geometry":{"type":"MultiPolygon","coordinates":[[[[73.812073,18.4960995],[73.8120778,18.4960985],[73.812074,18.496083],[73.8121573,18.4960651],[73.812161,18.4960808],[73.8121998,18.4960724],[73.8121975,18.4960628],[73.8122513,18.4960512],[73.8122564,18.4960725],[73.8122175,18.4960809],[73.8122319,18.496141],[73.8122716,18.4961325],[73.812278,18.4961592],[73.8122382,18.4961678],[73.8122392,18.4961718],[73.812204,18.4961794],[73.8122067,18.4961908],[73.8121011,18.4962135],[73.8120984,18.4962019],[73.8120976,18.4962021],[73.812073,18.4960995]]]]}},
{"type":"Feature","properties":{"osm_id":"218733232","code":1500,"fclass":"building","name":"Megha Ranjani Society","type":"residential"},"geometry":{"type":"MultiPolygon","coordinates":[[[[73.8119332,18.4956934],[73.8119697,18.4956848],[73.811971,18.4956898],[73.8119782,18.4956881],[73.8119742,18.4956729],[73.812,18.4956669],[73.8119966,18.4956538],[73.8120599,18.4956388],[73.8120629,18.4956501],[73.8121193,18.4956368],[73.812123,18.4956511],[73.8121455,18.4956458],[73.8121394,18.4956228],[73.8121587,18.4956182],[73.8121646,18.4956406],[73.8121812,18.4956367],[73.8122094,18.4957444],[73.8121996,18.4957467],[73.8122043,18.4957644],[73.8121517,18.4957768],[73.8121474,18.4957605],[73.8120955,18.4957727],[73.8120998,18.4957891],[73.8120125,18.4958097],[73.8120088,18.4957954],[73.811976,18.4958032],[73.8119753,18.4958005],[73.811963,18.4958034],[73.8119531,18.4957653],[73.8119642,18.4957627],[73.8119531,18.4957202],[73.811941,18.495723],[73.8119332,18.4956934]]]]}},
{"type":"Feature","properties":{"osm_id":"218733325","code":1500,"fclass":"building","name":"Kojagiri Society","type":"residential"},"geometry":{"type":"MultiPolygon","coordinates":[[[[73.8116834,18.4961625],[73.811753,18.4961471],[73.8117564,18.4961611],[73.8117882,18.496154],[73.8117844,18.4961388],[73.8118719,18.4961194],[73.8118756,18.4961343],[73.8118962,18.4961297],[73.8119222,18.4962352],[73.8119087,18.4962382],[73.8119111,18.4962479],[73.811845,18.4962626],[73.8118426,18.4962531],[73.8117921,18.4962643],[73.8117949,18.4962757],[73.8117252,18.4962912],[73.811717,18.4962578],[73.8117427,18.4962521],[73.8117323,18.4962098],[73.811697,18.4962177],[73.8116834,18.4961625]]]]}},
{"type":"Feature","properties":{"osm_id":"218733522","code":1500,"fclass":"building","name":"Vishnu Society","type":"residential"},"geometry":{"type":"MultiPolygon","coordinates":[[[[73.811664,18.4959764],[73.8117067,18.4959664],[73.8117145,18.4959966],[73.811735,18.4959918],[73.8117297,18.4959715],[73.811771,18.4959618],[73.8117765,18.4959829],[73.8118436,18.4959672],[73.8118619,18.4960376],[73.8118554,18.4960391],[73.8118591,18.4960533],[73.8118237,18.4960615],[73.8118199,18.4960469],[73.8118006,18.4960515],[73.8118044,18.4960662],[73.811773,18.4960736],[73.811769,18.4960583],[73.8117291,18.4960676],[73.8117325,18.4960807],[73.8116958,18.4960893],[73.8116922,18.4960757],[73.8116879,18.4960767],[73.8116697,18.4960066],[73.8116717,18.4960061],[73.811664,18.4959764]]]]}},
{"type":"Feature","properties":{"osm_id":"218733607","code":1500,"fclass":"building","name":"Virkar Complex","type":"residential"},"geometry":{"type":"MultiPolygon","coordinates":[[[[73.8115374,18.4957643],[73.811555,18.4957328],[73.8115726,18.4957417],[73.811593,18.4957088],[73.8117032,18.4957703],[73.8117545,18.4957581],[73.8117851,18.4958734],[73.8117051,18.4958924],[73.811708,18.495902],[73.811671,18.4959122],[73.8116677,18.4959014],[73.8116418,18.4959076],[73.8116329,18.4958743],[73.8116242,18.4958761],[73.8116154,18.4958392],[73.8116232,18.4958375],[73.8116195,18.4958237],[73.8116096,18.4958262],[73.8116037,18.4958057],[73.8115511,18.4957763],[73.8115535,18.4957724],[73.8115374,18.4957643]]]]}},
{"type":"Feature","properties":{"osm_id":"218733858","code":1500,"fclass":"building","name":"Deoyani Hospital","type":""},"geometry":{"type":"MultiPolygon","coordinates":[[[[73.812005,18.4958729],[73.8120728,18.4958582],[73.8120703,18.495848],[73.8121507,18.4958305],[73.8121532,18.4958407],[73.8122606,18.4958174],[73.8122575,18.4958045],[73.8123412,18.4957863],[73.8123443,18.4957992],[73.8124222,18.4957822],[73.8124193,18.4957703],[73.8124922,18.4957545],[73.8124951,18.4957664],[73.812523,18.4957603],[73.8125581,18.4959055],[73.8120401,18.4960181],[73.812005,18.4958729]]]]}},
{"type":"Feature","properties":{"osm_id":"218816732","code":1500,"fclass":"building","name":"Hemantashree","type":"residential"},"geometry":{"type":"MultiPolygon","coordinates":[[[[73.8112608,18.4955648],[73.8112967,18.495534],[73.8113225,18.495561],[73.811336,18.4955494],[73.8113556,18.49557],[73.8113777,18.4955511],[73.8113995,18.495574],[73.8114205,18.4955559],[73.8114605,18.4955979],[73.811442,18.4956136],[73.8114753,18.4956485],[73.8114147,18.4957004],[73.8113884,18.4956728],[73.8113096,18.4957403],[73.8112804,18.4957097],[73.8112985,18.4956941],[73.8112847,18.4956796],[73.8112927,18.4956728],[73.8112685,18.4956474],[73.8112882,18.4956307],[73.8112683,18.4956098],[73.8112877,18.495593],[73.8112608,18.4955648]]]]}},
{"type":"Feature","properties":{"osm_id":"218816859","code":1500,"fclass":"building","name":"","type":""},"geometry":{"type":"MultiPolygon","coordinates":[[[[73.8121567,18.495516],[73.8122001,18.4955119],[73.8121964,18.4954768],[73.8124153,18.4954559],[73.8124247,18.4955442],[73.8122055,18.4955651],[73.8122042,18.4955535],[73.8121611,18.4955577],[73.8121567,18.495516]]]]}},
{"type":"Feature","properties":{"osm_id":"218816935","code":1500,"fclass":"building","name":"","type":""},"geometry":{"type":"MultiPolygon","coordinates":[[[[73.812693,18.4973347],[73.8127478,18.4973249],[73.8127448,18.4973103],[73.8127656,18.4973065],[73.8127616,18.4972861],[73.8128463,18.4972709],[73.8128504,18.4972918],[73.8128725,18.4972878],[73.8128752,18.4973011],[73.8128885,18.4972987],[73.8129079,18.4973956],[73.8127123,18.4974309],[73.812693,18.4973347]]]]}},
{"type":"Feature","properties":{"osm_id":"218816936","code":1500,"fclass":"building","name":"","type":""},"geometry":{"type":"MultiPolygon","coordinates":[[[[73.8124359,18.4962434],[73.8124558,18.4962405],[73.8124483,18.4961951],[73.8124833,18.4961899],[73.8124873,18.4962144],[73.8125035,18.496212],[73.8125071,18.4962337],[73.812509,18.4962334],[73.8125128,18.4962565],[73.8124946,18.4962592],[73.8124955,18.4962647],[73.8124606,18.4962699],[73.8124596,18.4962637],[73.8124397,18.4962666],[73.8124359,18.4962434]]]]}},
{"type":"Feature","properties":{"osm_id":"218816937","code":1500,"fclass":"building","name":"","type":""},"geometry":{"type":"MultiPolygon","coordinates":[[[[73.8123701,18.4959907],[73.8124638,18.4959721],[73.8124651,18.4959781],[73.8125852,18.4959543],[73.8126123,18.4960774],[73.8125842,18.496083],[73.8125893,18.496106],[73.8124977,18.4961241],[73.8124925,18.4961005],[73.8124594,18.496107],[73.8124631,18.4961234],[73.8124227,18.4961314],[73.812419,18.4961147],[73.8124178,18.4961149],[73.8123987,18.496028],[73.8123791,18.4960319],[73.8123701,18.4959907]]]]}},
{"type":"Feature","properties":{"osm_id":"218816938","code":1500,"fclass":"building","name":"","type":""},"geometry":{"type":"MultiPolygon","coordinates":[[[[73.8125157,18.4965528],[73.8126867,18.4965174],[73.812703,18.4965886],[73.8126946,18.4965903],[73.8126968,18.4965999],[73.8126682,18.4966058],[73.812666,18.4965965],[73.8126631,18.4965971],[73.8126668,18.4966131],[73.812639,18.4966188],[73.8126354,18.4966032],[73.8126284,18.4966046],[73.8126369,18.4966419],[73.812545,18.4966609],[73.8125366,18.4966245],[73.8125324,18.4966254],[73.8125157,18.4965528]]]]}},
{"type":"Feature","properties":{"osm_id":"218816939","code":1500,"fclass":"building","name":"","type":""},"geometry":{"type":"MultiPolygon","coordinates":[[[[73.8124921,18.4963713],[73.8125476,18.4963586],[73.8125507,18.4963704],[73.8125743,18.496365],[73.8125704,18.4963495],[73.8126428,18.4963329],[73.8126378,18.4963135],[73.8126846,18.4963028],[73.8126893,18.4963212],[73.8126901,18.496321],[73.8127183,18.4964315],[73.8127163,18.4964319],[73.8127207,18.4964493],[73.8126739,18.49646],[73.8126697,18.4964435],[73.8126291,18.4964528],[73.8126348,18.4964751],[73.81261,18.4964808],[73.8126045,18.4964591],[73.8125998,18.4964602],[73.8125905,18.4964238],[73.8125643,18.4964298],[73.8125731,18.4964643],[73.812519,18.4964767],[73.8124921,18.4963713]]]]}},
{"type":"Feature","properties":{"osm_id":"218816940","code":1500,"fclass":"building","name":"","type":""},"geometry":{"type":"MultiPolygon","coordinates":[[[[73.8124916,18.4961511],[73.8125536,18.496138],[73.8125567,18.4961508],[73.8125957,18.4961426],[73.8125907,18.4961215],[73.8126309,18.496113],[73.8126404,18.4961536],[73.8126353,18.4961547],[73.8126381,18.4961665],[73.8126368,18.4961668],[73.812646,18.4962056],[73.8126659,18.4962014],[73.8126752,18.4962408],[73.8126219,18.4962521],[73.8126176,18.496234],[73.8125938,18.496239],[73.8125987,18.4962599],[73.8125655,18.4962669],[73.8125604,18.4962454],[73.8125555,18.4962464],[73.8125414,18.4961865],[73.812508,18.4961936],[73.8125073,18.4961908],[73.8125012,18.4961921],[73.8124916,18.4961511]]]]}},
{"type":"Feature","properties":{"osm_id":"218816942","code":1500,"fclass":"building","name":"","type":""},"geometry":{"type":"MultiPolygon","coordinates":[[[[73.8126381,18.497118],[73.8128197,18.497079],[73.8128242,18.4970975],[73.8128429,18.4970935],[73.8128603,18.4971662],[73.8128417,18.4971702],[73.8128486,18.4971989],[73.8126668,18.497238],[73.8126381,18.497118]]]]}},
{"type":"Feature","properties":{"osm_id":"218816943","code":1500,"fclass":"building","name":"","type":""},"geometry":{"type":"MultiPolygon","coordinates":[[[[73.8122989,18.4956547],[73.8123708,18.4956423],[73.8123637,18.4956052],[73.8124657,18.4955877],[73.8124799,18.4956621],[73.8123969,18.4956764],[73.8124049,18.4957179],[73.812314,18.4957336],[73.8122989,18.4956547]]]]}},
{"type":"Feature","properties":{"osm_id":"218819617","code":1500,"fclass":"building","name":"","type":""},"geometry":{"type":"MultiPolygon","coordinates":[[[[73.8117225,18.4971759],[73.8117387,18.4971723],[73.811735,18.4971572],[73.8118667,18.4971284],[73.8118595,18.4970986],[73.8118914,18.4970916],[73.8119249,18.4972291],[73.8119132,18.4972317],[73.8119136,18.4972332],[73.8117453,18.49727],[73.8117225,18.4971759]]]]}},
{"type":"Feature","properties":{"osm_id":"218819618","code":1500,"fclass":"building","name":"","type":""},"geometry":{"type":"MultiPolygon","coordinates":[[[[73.8130842,18.4972252],[73.8131478,18.497217],[73.8131553,18.497175],[73.8131863,18.4971623],[73.8132039,18.4972007],[73.8132812,18.4971904],[73.8133023,18.4973272],[73.8131041,18.4973554],[73.8130842,18.4972252]]]]}},
{"type":"Feature","properties":{"osm_id":"218819619","code":1500,"fclass":"building","name":"","type":""},"geometry":{"type":"MultiPolygon","coordinates":[[[[73.8116552,18.4969701],[73.8118082,18.4969346],[73.8118117,18.4969481],[73.8118235,18.4969454],[73.8118371,18.496998],[73.811825,18.4970008],[73.811827,18.4970087],[73.8118537,18.4970025],[73.8118625,18.4970368],[73.8118175,18.4970472],[73.8118173,18.4970466],[73.8116829,18.4970777],[73.8116552,18.4969701]]]]}},
{"type":"Feature","properties":{"osm_id":"218819620","code":1500,"fclass":"building","name":"","type":""},"geometry":{"type":"MultiPolygon","coordinates":[[[[73.8130937,18.496495],[73.8132125,18.4964803],[73.8132244,18.4965661],[73.8132487,18.4965631],[73.8132545,18.4966049],[73.8131864,18.4966134],[73.8131863,18.4966125],[73.8131317,18.4966193],[73.8131227,18.4965536],[73.8131022,18.4965561],[73.8130937,18.496495]]]]}},
{"type":"Feature","properties":{"osm_id":"218819621","code":1500,"fclass":"building","name":"","type":""},"geometry":{"type":"MultiPolygon","coordinates":[[[[73.8114257,18.4962362],[73.8114826,18.4962228],[73.8114793,18.49621],[73.8115097,18.4962029],[73.8115131,18.4962157],[73.8115575,18.4962053],[73.8115556,18.496198],[73.8115994,18.4961877],[73.8116014,18.496195],[73.8116419,18.4961855],[73.8116677,18.4962843],[73.8114516,18.4963352],[73.8114257,18.4962362]]]]}},
{"type":"Feature","properties":{"osm_id":"218819623","code":1500,"fclass":"building","name":"","type":""},"geometry":{"type":"MultiPolygon","coordinates":[[[[73.8115485,18.4966118],[73.8115557,18.49661],[73.8115518,18.4965959],[73.8116458,18.4965727],[73.8116493,18.4965854],[73.8117379,18.4965635],[73.8117641,18.4966591],[73.8116517,18.4966869],[73.81166,18.496717],[73.8116268,18.4967252],[73.8116189,18.4966962],[73.8115747,18.4967071],[73.8115485,18.4966118]]]]}},
{"type":"Feature","properties":{"osm_id":"218819624","code":1500,"fclass":"building","name":"","type":""},"geometry":{"type":"MultiPolygon","coordinates":[[[[73.8126126,18.4954253],[73.8127871,18.4954172],[73.8127886,18.4954447],[73.8127969,18.4954443],[73.812801,18.4955242],[73.81277,18.4955257],[73.8127689,18.4955036],[73.8127211,18.4955059],[73.812724,18.4955618],[73.8126371,18.4955659],[73.8126348,18.4955232],[73.8126178,18.495524],[73.8126126,18.4954253]]]]}},
{"type":"Feature","properties":{"osm_id":"218819625","code":1500,"fclass":"building","name":"","type":""},"geometry":{"type":"MultiPolygon","coordinates":[[[[73.8129243,18.4956016],[73.8129699,18.4955996],[73.812971,18.4956214],[73.8131058,18.4956155],[73.8131119,18.4957388],[73.813022,18.4957428],[73.8130225,18.495762],[73.812955,18.4957637],[73.8129537,18.4957156],[73.8129622,18.4957154],[73.8129616,18.4957034],[73.8129294,18.4957048],[73.8129243,18.4956016]]]]}},
{"type":"Feature","properties":{"osm_id":"218819626","code":1500,"fclass":"building","name":"","type":""},"geometry":{"type":"MultiPolygon","coordinates":[[[[73.8129772,18.4959214],[73.8129804,18.4958085],[73.8130159,18.4958094],[73.8130152,18.4958359],[73.8130473,18.4958367],[73.8130482,18.4958066],[73.8131241,18.4958085],[73.8131234,18.4958334],[73.8131354,18.4958337],[73.8131316,18.4959689],[73.8129871,18.4959653],[73.8129883,18.4959217],[73.8129772,18.4959214]]]]}},
{"type":"Feature","properties":{"osm_id":"218819627","code":1500,"fclass":"building","name":"","type":""},"geometry":{"type":"MultiPolygon","coordinates":[[[[73.8132539,18.4968104],[73.8133591,18.4967923],[73.8133565,18.4967787],[73.8134277,18.4967664],[73.8134528,18.4968976],[73.8133807,18.49691],[73.813372,18.4968645],[73.8133223,18.496873],[73.8133311,18.4969188],[73.8132866,18.4969264],[73.8132781,18.4968822],[73.813268,18.4968839],[73.8132539,18.4968104]]]]}},
{"type":"Feature","properties":{"osm_id":"218819628","code":1500,"fclass":"building","name":"","type":""},"geometry":{"type":"MultiPolygon","coordinates":[[[[73.811854,18.4975633],[73.8119438,18.4975442],[73.8119381,18.4975201],[73.8119684,18.4975137],[73.8119739,18.4975369],[73.8119767,18.4975363],[73.8119842,18.4975682],[73.8119804,18.497569],[73.8119874,18.4975984],[73.8119571,18.4976048],[73.8119503,18.4975764],[73.8118616,18.4975953],[73.811854,18.4975633]]]]}},
{"type":"Feature","properties":{"osm_id":"218819630","code":1500,"fclass":"building","name":"","type":""},"geometry":{"type":"MultiPolygon","coordinates":[[[[73.8115232,18.4964287],[73.8115685,18.4964187],[73.8115641,18.4964006],[73.8116195,18.4963884],[73.8116162,18.4963751],[73.8116915,18.4963586],[73.811695,18.4963728],[73.8117023,18.4963712],[73.8117306,18.4964867],[73.8115916,18.4965173],[73.8115888,18.4965057],[73.8115321,18.4965181],[73.8115237,18.4964837],[73.8115808,18.4964711],[73.8115769,18.4964552],[73.8115321,18.4964651],[73.8115232,18.4964287]]]]}},
{"type":"Feature","properties":{"osm_id":"218819631","code":1500,"fclass":"building","name":"","type":""},"geometry":{"type":"MultiPolygon","coordinates":[[[[73.8117618,18.4973348],[73.8118269,18.4973234],[73.8118286,18.4973321],[73.8119107,18.4973177],[73.8119097,18.497313],[73.8119628,18.4973037],[73.8119766,18.4973742],[73.8119443,18.4973798],[73.8119521,18.4974198],[73.8118498,18.4974377],[73.8118511,18.4974447],[73.8117888,18.4974556],[73.8117826,18.4974239],[73.8118278,18.497416],[73.8118168,18.4973596],[73.8117683,18.4973681],[73.8117618,18.4973348]]]]}},
{"type":"Feature","properties":{"osm_id":"218819632","code":1500,"fclass":"building","name":"","type":""},"geometry":{"type":"MultiPolygon","coordinates":[[[[73.8113819,18.4960429],[73.8113939,18.4960406],[73.8113906,18.4960253],[73.8114294,18.4960177],[73.8114278,18.4960102],[73.8114773,18.4960005],[73.811479,18.4960081],[73.8115636,18.4959915],[73.8115897,18.4961114],[73.8115088,18.4961273],[73.8115133,18.4961477],[73.8114723,18.4961557],[73.8114696,18.4961438],[73.8114029,18.4961569],[73.8113932,18.4961123],[73.8114088,18.4961092],[73.8114013,18.4960747],[73.8113894,18.496077],[73.8113819,18.4960429]]]]}},
{"type":"Feature","properties":{"osm_id":"218819633","code":1500,"fclass":"building","name":"","type":""},"geometry":{"type":"MultiPolygon","coordinates":[[[[73.8113273,18.4957854],[73.8113953,18.4957718],[73.8114092,18.4958347],[73.8114664,18.4958233],[73.811481,18.4958893],[73.8115076,18.495884],[73.8115164,18.4959237],[73.8114895,18.495929],[73.8114913,18.4959374],[73.8114718,18.4959412],[73.8114748,18.4959549],[73.8114525,18.4959594],[73.8114494,18.4959455],[73.8114212,18.4959512],[73.8114246,18.4959668],[73.8114051,18.4959707],[73.8114016,18.4959549],[73.8113844,18.4959583],[73.8113829,18.4959517],[73.8113558,18.4959571],[73.8113485,18.4959241],[73.8113759,18.4959187],[73.8113641,18.4958653],[73.8113458,18.495869],[73.8113273,18.4957854]]]]}},
{"type":"Feature","properties":{"osm_id":"218819634","code":1500,"fclass":"building","name":"","type":""},"geometry":{"type":"MultiPolygon","coordinates":[[[[73.812723,18.4958736],[73.812745,18.4958697],[73.8127353,18.4958208],[73.8128652,18.4957976],[73.812894,18.4959426],[73.8127421,18.4959697],[73.812723,18.4958736]]]]}},
{"type":"Feature","properties":{"osm_id":"218819635","code":1500,"fclass":"building","name":"","type":""},"geometry":{"type":"MultiPolygon","coordinates":[[[[73.8130428,18.4970334],[73.8132188,18.4970028],[73.8132421,18.4971232],[73.813066,18.4971538],[73.8130428,18.4970334]]]]}},
{"type":"Feature","properties":{"osm_id":"218819636","code":1500,"fclass":"building","name":"","type":""},"geometry":{"type":"MultiPolygon","coordinates":[[[[73.8130786,18.4962318],[73.8132026,18.4962154],[73.8132297,18.496399],[73.8131057,18.4964155],[73.8130786,18.4962318]]]]}},
{"type":"Feature","properties":{"osm_id":"218819637","code":1500,"fclass":"building","name":"","type":""},"geometry":{"type":"MultiPolygon","coordinates":[[[[73.8129042,18.496525],[73.8129984,18.4965062],[73.8130345,18.4966688],[73.8129403,18.4966876],[73.8129042,18.496525]]]]}},
{"type":"Feature","properties":{"osm_id":"218819638","code":1500,"fclass":"building","name":"","type":""},"geometry":{"type":"MultiPolygon","coordinates":[[[[73.8128693,18.4962529],[73.8129566,18.49625],[73.8129626,18.4964109],[73.8128752,18.4964137],[73.8128693,18.4962529]]]]}},
{"type":"Feature","properties":{"osm_id":"218819639","code":1500,"fclass":"building","name":"","type":""},"geometry":{"type":"MultiPolygon","coordinates":[[[[73.8133409,18.4972072],[73.813413,18.4971985],[73.8134103,18.4971787],[73.8135092,18.4971666],[73.813529,18.4973126],[73.8135095,18.497315],[73.813358,18.4973335],[73.8133409,18.4972072]]]]}},
{"type":"Feature","properties":{"osm_id":"218819640","code":1500,"fclass":"building","name":"","type":""},"geometry":{"type":"MultiPolygon","coordinates":[[[[73.8127962,18.4960129],[73.8128019,18.4960126],[73.812803,18.4959876],[73.8128649,18.4959901],[73.8128641,18.4960097],[73.812933,18.4960065],[73.81294,18.4961437],[73.8128032,18.49615],[73.8127962,18.4960129]]]]}},
{"type":"Feature","properties":{"osm_id":"218819641","code":1500,"fclass":"building","name":"","type":""},"geometry":{"type":"MultiPolygon","coordinates":[[[[73.8116026,18.4968105],[73.8116203,18.4968063],[73.8116128,18.4967779],[73.8117778,18.4967388],[73.8118097,18.4968604],[73.8116449,18.4968993],[73.8116301,18.4968428],[73.8116122,18.496847],[73.8116026,18.4968105]]]]}},
{"type":"Feature","properties":{"osm_id":"218819642","code":1500,"fclass":"building","name":"","type":""},"geometry":{"type":"MultiPolygon","coordinates":[[[[73.8126759,18.4957682],[73.812676,18.4957233],[73.8127102,18.4957233],[73.8127104,18.495604],[73.81285,18.4956041],[73.8128498,18.4957628],[73.8127343,18.4957627],[73.8127343,18.4957683],[73.8126759,18.4957682]]]]}},
{"type":"Feature","properties":{"osm_id":"218819643","code":1500,"fclass":"building","name":"","type":""},"geometry":{"type":"MultiPolygon","coordinates":[[[[73.813286,18.4969624],[73.8134693,18.496938],[73.8134763,18.4969852],[73.8135011,18.4969819],[73.8135152,18.4970775],[73.8134291,18.497089],[73.8134275,18.4970782],[73.8133055,18.4970944],[73.813286,18.4969624]]]]}},
{"type":"Feature","properties":{"osm_id":"218819644","code":1500,"fclass":"building","name":"","type":""},"geometry":{"type":"MultiPolygon","coordinates":[[[[73.8130357,18.496042],[73.8131494,18.4960287],[73.813152,18.4960491],[73.8131765,18.4960463],[73.8131911,18.4961589],[73.8131677,18.4961616],[73.8131702,18.4961808],[73.8130555,18.4961942],[73.8130357,18.496042]]]]}},
{"type":"Feature","properties":{"osm_id":"218819645","code":1500,"fclass":"building","name":"","type":""},"geometry":{"type":"MultiPolygon","coordinates":[[[[73.81288,18.4954431],[73.8129038,18.4954422],[73.8129022,18.4954062],[73.8129782,18.4954032],[73.813063,18.4953999],[73.8130686,18.4955295],[73.8129685,18.4955335],[73.812969,18.495544],[73.8128845,18.4955473],[73.81288,18.4954431]]]]}},
{"type":"Feature","properties":{"osm_id":"218829323","code":1500,"fclass":"building","name":"","type":""},"geometry":{"type":"MultiPolygon","coordinates":[[[[73.8109891,18.4960108],[73.8110527,18.4959999],[73.8110488,18.4959791],[73.8110841,18.495973],[73.8110761,18.495931],[73.8111416,18.4959198],[73.8111536,18.495983],[73.811158,18.4959822],[73.8111705,18.4960475],[73.8110016,18.4960765],[73.8109891,18.4960108]]]]}},
{"type":"Feature","properties":{"osm_id":"218829324","code":1500,"fclass":"building","name":"","type":""},"geometry":{"type":"MultiPolygon","coordinates":[[[[73.8109291,18.4956202],[73.8109496,18.4956174],[73.810947,18.4956],[73.8110075,18.4955918],[73.8110101,18.4956093],[73.8110414,18.4956051],[73.8110384,18.4955853],[73.8111103,18.4955755],[73.8111133,18.4955955],[73.8111287,18.4955934],[73.8111434,18.4956901],[73.8109437,18.4957172],[73.8109291,18.4956202]]]]}},
{"type":"Feature","properties":{"osm_id":"218829325","code":1500,"fclass":"building","name":"","type":""},"geometry":{"type":"MultiPolygon","coordinates":[[[[73.8109512,18.495785],[73.8110018,18.4957781],[73.8110039,18.4957919],[73.811046,18.4957862],[73.8110445,18.4957763],[73.8110744,18.4957723],[73.8110731,18.4957642],[73.8111528,18.4957533],[73.811158,18.4957877],[73.8111439,18.4957896],[73.8111525,18.4958469],[73.8111703,18.4958446],[73.8111762,18.4958843],[73.8110646,18.4958995],[73.8110626,18.4958863],[73.8110276,18.4958911],[73.8110303,18.4959092],[73.8109754,18.4959167],[73.8109713,18.4958899],[73.8109877,18.4958877],[73.8109771,18.4958172],[73.8109565,18.49582],[73.8109512,18.495785]]]]}},
{"type":"Feature","properties":{"osm_id":"218829326","code":1500,"fclass":"building","name":"","type":""},"geometry":{"type":"MultiPolygon","coordinates":[[[[73.8112392,18.4969091],[73.8113051,18.4968995],[73.8113056,18.4969025],[73.8114181,18.4968861],[73.8114375,18.4970056],[73.8113033,18.4970252],[73.8113019,18.4970166],[73.8112697,18.4970213],[73.8112642,18.4969876],[73.8112974,18.4969828],[73.8112901,18.4969376],[73.8112449,18.4969442],[73.8112392,18.4969091]]]]}},
{"type":"Feature","properties":{"osm_id":"218829327","code":1500,"fclass":"building","name":"","type":""},"geometry":{"type":"MultiPolygon","coordinates":[[[[73.8106769,18.4958258],[73.8107738,18.4958134],[73.8107778,18.4958415],[73.8108227,18.4958358],[73.8108195,18.4958138],[73.8108561,18.4958091],[73.8108591,18.4958304],[73.8108673,18.4958294],[73.8108758,18.4958895],[73.8107863,18.495901],[73.8107936,18.4959524],[73.8106967,18.4959648],[73.8106769,18.4958258]]]]}},
{"type":"Feature","properties":{"osm_id":"218829328","code":1500,"fclass":"building","name":"","type":""},"geometry":{"type":"MultiPolygon","coordinates":[[[[73.8107811,18.4963697],[73.8108979,18.496354],[73.8109279,18.4963368],[73.8110256,18.4963236],[73.8110474,18.4964685],[73.8109472,18.496482],[73.8109429,18.4964531],[73.810878,18.4964619],[73.8108827,18.4964934],[73.8108013,18.4965044],[73.8107811,18.4963697]]]]}},
{"type":"Feature","properties":{"osm_id":"218829329","code":1500,"fclass":"building","name":"34 Rupesh","type":"apartments"},"geometry":{"type":"MultiPolygon","coordinates":[[[[73.8110685,18.4973231],[73.8110815,18.4973215],[73.8110798,18.4973093],[73.8112254,18.4972912],[73.8112376,18.4973793],[73.8112833,18.4973736],[73.811289,18.4974156],[73.8112025,18.4974263],[73.8112004,18.4974109],[73.811096,18.4974239],[73.8110926,18.4973988],[73.8110792,18.4974005],[73.8110685,18.4973231]]]]}},
{"type":"Feature","properties":{"osm_id":"218829330","code":1500,"fclass":"building","name":"","type":""},"geometry":{"type":"MultiPolygon","coordinates":[[[[73.8111539,18.496568],[73.8112876,18.4965395],[73.8112856,18.4965307],[73.8113164,18.4965241],[73.8113184,18.4965324],[73.8113658,18.4965222],[73.8113863,18.4966086],[73.811311,18.4966247],[73.8113159,18.496645],[73.811224,18.4966645],[73.8112194,18.496645],[73.8111745,18.4966546],[73.8111539,18.496568]]]]}},
{"type":"Feature","properties":{"osm_id":"218829331","code":1500,"fclass":"building","name":"","type":""},"geometry":{"type":"MultiPolygon","coordinates":[[[[73.8107391,18.4960364],[73.8108678,18.4960159],[73.8108694,18.4960247],[73.8108872,18.4960219],[73.8109017,18.4961036],[73.8108846,18.4961064],[73.8108993,18.4961896],[73.810931,18.4961845],[73.8109378,18.4962229],[73.8108809,18.496232],[73.8108801,18.4962274],[73.810776,18.4962441],[73.8107391,18.4960364]]]]}},
{"type":"Feature","properties":{"osm_id":"218829332","code":1500,"fclass":"building","name":"","type":""},"geometry":{"type":"MultiPolygon","coordinates":[[[[73.8113494,18.4970734],[73.8114308,18.4970665],[73.8115175,18.4970592],[73.8115255,18.497144],[73.8115263,18.4971439],[73.8115311,18.4971951],[73.8114328,18.4972035],[73.8114313,18.4971877],[73.811395,18.4971908],[73.8113962,18.4972037],[73.8113534,18.4972073],[73.81135,18.4971706],[73.8113586,18.4971699],[73.8113494,18.4970734]]]]}},
{"type":"Feature","properties":{"osm_id":"218829333","code":1500,"fclass":"building","name":"","type":""},"geometry":{"type":"MultiPolygon","coordinates":[[[[73.8112161,18.4967648],[73.8112326,18.4967633],[73.8112319,18.4967567],[73.8113102,18.4967494],[73.8113061,18.4967102],[73.8113784,18.4967034],[73.8113827,18.4967443],[73.8113886,18.4967437],[73.8113952,18.4968079],[73.8113818,18.4968092],[73.8113841,18.496832],[73.8113238,18.4968376],[73.8113213,18.4968133],[73.8112377,18.4968211],[73.8112367,18.4968117],[73.8112211,18.4968132],[73.8112161,18.4967648]]]]}},
{"type":"Feature","properties":{"osm_id":"218829334","code":1500,"fclass":"building","name":"","type":""},"geometry":{"type":"MultiPolygon","coordinates":[[[[73.8109655,18.4969541],[73.810989,18.4969514],[73.810987,18.4969352],[73.8110972,18.4969227],[73.8110967,18.4969189],[73.8111715,18.4969104],[73.8111764,18.496949],[73.8111214,18.4969553],[73.8111287,18.4970129],[73.8111734,18.4970078],[73.8111769,18.497035],[73.8111335,18.4970399],[73.8111342,18.4970455],[73.8110054,18.4970601],[73.8110041,18.4970496],[73.8109779,18.4970526],[73.8109655,18.4969541]]]]}},
{"type":"Feature","properties":{"osm_id":"218829335","code":1500,"fclass":"building","name":"","type":""},"geometry":{"type":"MultiPolygon","coordinates":[[[[73.810918,18.496795],[73.8109392,18.4967925],[73.8109372,18.4967773],[73.8110534,18.4967633],[73.8110502,18.496739],[73.8111195,18.4967306],[73.8111229,18.496756],[73.8111253,18.4967557],[73.8111385,18.4968538],[73.8110904,18.4968596],[73.8110921,18.4968729],[73.8110449,18.4968786],[73.811043,18.4968643],[73.8109496,18.4968755],[73.8109464,18.4968513],[73.8109258,18.4968538],[73.810918,18.496795]]]]}},
{"type":"Feature","properties":{"osm_id":"218829336","code":1500,"fclass":"building","name":"","type":""},"geometry":{"type":"MultiPolygon","coordinates":[[[[73.8113507,18.4972658],[73.8113825,18.4972627],[73.8113809,18.4972478],[73.8115617,18.4972303],[73.8115635,18.4972471],[73.8115755,18.4972459],[73.8115856,18.4973388],[73.8115743,18.4973399],[73.8115767,18.4973621],[73.8115264,18.497367],[73.8115286,18.4973872],[73.8114724,18.4973926],[73.8114703,18.4973731],[73.8114192,18.4973781],[73.8114207,18.4973925],[73.8113799,18.4973965],[73.8113754,18.4973544],[73.8113926,18.4973527],[73.811387,18.4973001],[73.8113548,18.4973032],[73.8113507,18.4972658]]]]}},
{"type":"Feature","properties":{"osm_id":"218829337","code":1500,"fclass":"building","name":"","type":""},"geometry":{"type":"MultiPolygon","coordinates":[[[[73.8110785,18.4963891],[73.8110984,18.4963858],[73.8110941,18.4963625],[73.8111531,18.4963527],[73.8111573,18.4963758],[73.8112066,18.4963676],[73.8111997,18.4963306],[73.8112997,18.496314],[73.8113083,18.4963598],[73.8112785,18.4963648],[73.8112889,18.4964211],[73.8113229,18.4964156],[73.811331,18.4964594],[73.8112514,18.4964725],[73.8112456,18.4964405],[73.8111718,18.4964527],[73.8111766,18.4964786],[73.8111177,18.4964884],[73.8111129,18.4964628],[73.8110927,18.4964661],[73.8110785,18.4963891]]]]}},
{"type":"Feature","properties":{"osm_id":"218829338","code":1500,"fclass":"building","name":"","type":""},"geometry":{"type":"MultiPolygon","coordinates":[[[[73.8108424,18.4965843],[73.8108837,18.4965783],[73.8108984,18.4965761],[73.8110783,18.4965548],[73.8110851,18.4966009],[73.8110718,18.4966027],[73.811076,18.496631],[73.8110902,18.4966291],[73.8110968,18.4966737],[73.8110514,18.4966819],[73.8110529,18.4966916],[73.8109261,18.4967084],[73.8109247,18.4966992],[73.8108812,18.4967049],[73.8108689,18.4966214],[73.8108482,18.4966242],[73.8108424,18.4965843]]]]}},
{"type":"Feature","properties":{"osm_id":"218829339","code":1500,"fclass":"building","name":"","type":""},"geometry":{"type":"MultiPolygon","coordinates":[[[[73.8110506,18.4961717],[73.8110658,18.4961697],[73.8110626,18.4961478],[73.811098,18.4961432],[73.8110998,18.4961554],[73.8111759,18.4961454],[73.8111726,18.4961228],[73.8112344,18.4961147],[73.8112418,18.4961651],[73.811228,18.4961669],[73.8112327,18.4961997],[73.8112481,18.4961976],[73.8112564,18.4962545],[73.8111969,18.4962623],[73.8111935,18.4962393],[73.8111614,18.4962435],[73.8111646,18.4962656],[73.8110819,18.4962764],[73.8110788,18.4962556],[73.811061,18.4962579],[73.8110578,18.4962357],[73.8110748,18.4962335],[73.8110733,18.4962231],[73.8110746,18.4962229],[73.8110696,18.4961886],[73.8110533,18.4961908],[73.8110506,18.4961717]]]]}},
{"type":"Feature","properties":{"osm_id":"218829340","code":1500,"fclass":"building","name":"","type":""},"geometry":{"type":"MultiPolygon","coordinates":[[[[73.8107729,18.4962966],[73.8109871,18.4962735],[73.8109915,18.4963098],[73.8107772,18.4963329],[73.8107729,18.4962966]]]]}},
{"type":"Feature","properties":{"osm_id":"218829341","code":1500,"fclass":"building","name":"","type":""},"geometry":{"type":"MultiPolygon","coordinates":[[[[73.811014,18.4971198],[73.8111789,18.4971008],[73.8111841,18.497141],[73.811208,18.4971382],[73.8112147,18.4971902],[73.8111912,18.4971929],[73.8111969,18.4972369],[73.8110316,18.4972561],[73.811014,18.4971198]]]]}},
{"type":"Feature","properties":{"osm_id":"218834784","code":1500,"fclass":"building","name":"","type":""},"geometry":{"type":"MultiPolygon","coordinates":[[[[73.8297886,18.5172995],[73.8298787,18.5172769],[73.8298821,18.5172888],[73.8299961,18.5172602],[73.8299928,18.5172483],[73.8300957,18.5172224],[73.8301301,18.5173455],[73.8301792,18.5173321],[73.8301699,18.5173018],[73.83019,18.5172963],[73.8301807,18.5172659],[73.8303032,18.5172323],[73.8303578,18.5174116],[73.8305589,18.5173566],[73.8305452,18.5173116],[73.8306323,18.5172878],[73.8306682,18.5174059],[73.8302576,18.5175184],[73.8302047,18.5173446],[73.8300629,18.5173834],[73.8300575,18.5173654],[73.8298234,18.5174242],[73.8297886,18.5172995]]]]}},
{"type":"Feature","properties":{"osm_id":"2896177","code":1500,"fclass":"building","name":"","type":"residential"},"geometry":{"type":"MultiPolygon","coordinates":[[[[73.8105489,18.4967373],[73.8105617,18.4967343],[73.8105526,18.4966989],[73.810665,18.4966729],[73.8107022,18.4968171],[73.8105913,18.4968429],[73.8105831,18.4968109],[73.8105703,18.4968139],[73.8105636,18.4967881],[73.8105757,18.4967853],[73.8105711,18.4967672],[73.8105575,18.4967704],[73.8105489,18.4967373]]]]}},
{"type":"Feature","properties":{"osm_id":"218835385","code":1500,"fclass":"building","name":"","type":""},"geometry":{"type":"MultiPolygon","coordinates":[[[[73.8107162,18.4973982],[73.8107404,18.4973926],[73.8107348,18.4973706],[73.8107759,18.4973611],[73.8107814,18.4973826],[73.8107968,18.4973791],[73.8107919,18.4973597],[73.8108178,18.4973538],[73.8108227,18.4973727],[73.810851,18.4973662],[73.8108616,18.4974075],[73.8108625,18.4974073],[73.8108726,18.4974467],[73.8108436,18.4974534],[73.8108372,18.4974284],[73.8107697,18.4974439],[73.810777,18.4974723],[73.8107436,18.49748],[73.8107365,18.4974522],[73.8107303,18.4974536],[73.8107162,18.4973982]]]]}},
{"type":"Feature","properties":{"osm_id":"2896174","code":1500,"fclass":"building","name":"","type":""},"geometry":{"type":"MultiPolygon","coordinates":[[[[73.8103495,18.4962473],[73.8103646,18.4962442],[73.8103568,18.4962099],[73.8105067,18.496179],[73.8105325,18.4962911],[73.8105545,18.4962866],[73.8105604,18.4963125],[73.8105377,18.4963172],[73.8105391,18.4963235],[73.8103889,18.4963544],[73.8103813,18.4963215],[73.8103689,18.4963241],[73.8103637,18.4963017],[73.8103766,18.496299],[73.8103725,18.4962811],[73.810358,18.4962841],[73.8103495,18.4962473]],[[73.8104131,18.4962764],[73.8104164,18.4962902],[73.8104397,18.4962851],[73.810446,18.4963108],[73.8105008,18.4962987],[73.8104937,18.4962697],[73.8105187,18.4962642],[73.8105158,18.4962523],[73.8104916,18.4962576],[73.8104831,18.496223],[73.8104283,18.4962351],[73.8104371,18.4962711],[73.8104131,18.4962764]]]]}},
{"type":"Feature","properties":{"osm_id":"2896176","code":1500,"fclass":"building","name":"","type":""},"geometry":{"type":"MultiPolygon","coordinates":[[[[73.8105947,18.4972013],[73.8106085,18.497198],[73.810599,18.4971622],[73.8107565,18.4971249],[73.8107655,18.4971591],[73.8107876,18.4971539],[73.8108055,18.4972218],[73.8107843,18.4972268],[73.8107933,18.4972612],[73.8106358,18.4972984],[73.8106269,18.4972645],[73.8106122,18.4972679],[73.8105947,18.4972013]],[[73.8106456,18.4972111],[73.8106505,18.4972319],[73.8106756,18.4972266],[73.8106821,18.4972544],[73.8107305,18.4972442],[73.8107239,18.4972159],[73.8107474,18.4972109],[73.8107425,18.4971901],[73.8107193,18.497195],[73.8107129,18.4971678],[73.8106645,18.497178],[73.810671,18.4972057],[73.8106456,18.4972111]]]]}},
{"type":"Feature","properties":{"osm_id":"2896175","code":1500,"fclass":"building","name":"","type":""},"geometry":{"type":"MultiPolygon","coordinates":[[[[73.8102576,18.4959687],[73.8102721,18.4959655],[73.8102639,18.4959322],[73.8104241,18.4958967],[73.8104588,18.4960376],[73.8102991,18.496073],[73.8102908,18.4960396],[73.810278,18.4960425],[73.8102722,18.4960192],[73.8102849,18.4960164],[73.8102794,18.4959941],[73.8102647,18.4959974],[73.8102576,18.4959687]],[[73.8103101,18.495983],[73.8103134,18.4960005],[73.8103406,18.4959959],[73.8103462,18.4960254],[73.8104012,18.4960161],[73.8103956,18.4959865],[73.8104221,18.4959819],[73.8104188,18.4959644],[73.8103923,18.4959689],[73.8103876,18.4959441],[73.8103326,18.4959535],[73.8103373,18.4959784],[73.8103101,18.495983]]]]}},
{"type":"Feature","properties":{"osm_id":"2896173","code":1500,"fclass":"building","name":"Deshpande Classes","type":""},"geometry":{"type":"MultiPolygon","coordinates":[[[[73.8102148,18.4957797],[73.8102343,18.4957756],[73.8102274,18.4957461],[73.8103753,18.4957148],[73.8103816,18.4957414],[73.8104043,18.4957366],[73.8104214,18.4958096],[73.8103986,18.4958145],[73.8104051,18.4958421],[73.8102571,18.4958734],[73.8102506,18.4958456],[73.8102312,18.4958497],[73.8102148,18.4957797]],[[73.8102668,18.4957865],[73.8102704,18.4958054],[73.8102944,18.4958014],[73.8103004,18.4958332],[73.8103559,18.4958238],[73.8103497,18.4957906],[73.8103733,18.4957866],[73.8103697,18.4957676],[73.8103467,18.4957715],[73.8103446,18.4957604],[73.8102891,18.4957698],[73.8102914,18.4957823],[73.8102668,18.4957865]]]]}},
{"type":"Feature","properties":{"osm_id":"2896178","code":1500,"fclass":"building","name":"","type":""},"geometry":{"type":"MultiPolygon","coordinates":[[[[73.8104377,18.4964467],[73.8104585,18.4964421],[73.8104507,18.4964103],[73.8105547,18.4963873],[73.8105896,18.4965288],[73.8104864,18.4965517],[73.81048,18.496526],[73.8104632,18.4965297],[73.8104562,18.4965013],[73.8104727,18.4964976],[73.810469,18.4964828],[73.8104477,18.4964875],[73.8104377,18.4964467]],[[73.8104958,18.4964578],[73.8105022,18.4964924],[73.8105468,18.4964849],[73.8105403,18.4964504],[73.8104958,18.4964578]]]]}},
{"type":"Feature","properties":{"osm_id":"2896179","code":1500,"fclass":"building","name":"","type":"residential"},"geometry":{"type":"MultiPolygon","coordinates":[[[[73.8106068,18.4969266],[73.8106237,18.4969229],[73.8106162,18.4968929],[73.8107211,18.4968695],[73.8107558,18.4970089],[73.8106511,18.4970323],[73.8106439,18.4970035],[73.8106254,18.4970077],[73.810618,18.496978],[73.8106365,18.4969739],[73.8106312,18.4969528],[73.8106142,18.4969566],[73.8106068,18.4969266]],[[73.8106558,18.4969333],[73.8106655,18.4969752],[73.8107074,18.4969665],[73.8106977,18.4969246],[73.8106558,18.4969333]]]]}},
{"type":"Feature","properties":{"osm_id":"218835707","code":1500,"fclass":"building","name":"","type":""},"geometry":{"type":"MultiPolygon","coordinates":[[[[73.8103385,18.4964529],[73.8104053,18.4964368],[73.8104589,18.4966363],[73.8103921,18.4966525],[73.8103385,18.4964529]]]]}},
{"type":"Feature","properties":{"osm_id":"218835708","code":1500,"fclass":"building","name":"","type":""},"geometry":{"type":"MultiPolygon","coordinates":[[[[73.8104141,18.4967137],[73.8104769,18.4966988],[73.8105292,18.4968973],[73.8104664,18.4969122],[73.8104141,18.4967137]]]]}},
{"type":"Feature","properties":{"osm_id":"218835709","code":1500,"fclass":"building","name":"","type":""},"geometry":{"type":"MultiPolygon","coordinates":[[[[73.8104833,18.4969611],[73.8105462,18.4969474],[73.8105908,18.497132],[73.8105279,18.4971456],[73.8104833,18.4969611]]]]}},
{"type":"Feature","properties":{"osm_id":"218836883","code":1500,"fclass":"building","name":"A","type":""},"geometry":{"type":"MultiPolygon","coordinates":[[[[73.8099536,18.4962074],[73.8099847,18.4961998],[73.8099817,18.4961887],[73.810028,18.4961774],[73.8100376,18.4962127],[73.8100949,18.4961987],[73.8100865,18.4961677],[73.8101259,18.4961581],[73.8101304,18.4961746],[73.8101665,18.4961658],[73.8101704,18.4961802],[73.8101756,18.496179],[73.8102016,18.4962749],[73.8101898,18.4962778],[73.8101938,18.4962924],[73.8101347,18.4963069],[73.8101307,18.4962922],[73.810059,18.4963097],[73.8100629,18.4963241],[73.8100343,18.496331],[73.8100304,18.4963166],[73.8100209,18.496319],[73.8100224,18.4963243],[73.8099876,18.4963328],[73.8099536,18.4962074]]]]}},
{"type":"Feature","properties":{"osm_id":"218836884","code":1500,"fclass":"building","name":"D","type":""},"geometry":{"type":"MultiPolygon","coordinates":[[[[73.8101061,18.4967509],[73.8101717,18.4967357],[73.8101682,18.4967219],[73.8101851,18.4967179],[73.8101888,18.496732],[73.8102228,18.4967241],[73.8102191,18.4967097],[73.810232,18.4967067],[73.8102358,18.4967214],[73.8103025,18.4967059],[73.8103097,18.4967341],[73.8102682,18.4967437],[73.8102826,18.4967995],[73.8103297,18.4967886],[73.8103384,18.4968226],[73.8102688,18.4968388],[73.8102717,18.49685],[73.8102048,18.4968655],[73.8102021,18.4968551],[73.8101353,18.4968706],[73.8101266,18.4968368],[73.8101699,18.4968267],[73.8101551,18.4967693],[73.8101133,18.496779],[73.8101061,18.4967509]]]]}},
{"type":"Feature","properties":{"osm_id":"218836885","code":1500,"fclass":"building","name":"G","type":""},"geometry":{"type":"MultiPolygon","coordinates":[[[[73.8102522,18.4973034],[73.8103179,18.4972881],[73.8103143,18.4972744],[73.8103313,18.4972704],[73.8103349,18.4972845],[73.8103689,18.4972766],[73.8103652,18.4972622],[73.8103782,18.4972591],[73.810382,18.4972739],[73.8104486,18.4972584],[73.8104559,18.4972865],[73.8104144,18.4972962],[73.8104288,18.497352],[73.8104758,18.4973411],[73.8104846,18.4973751],[73.810415,18.4973912],[73.8104179,18.4974025],[73.8103509,18.497418],[73.8103482,18.4974076],[73.8102815,18.4974231],[73.8102728,18.4973892],[73.8103161,18.4973792],[73.8103013,18.4973217],[73.8102595,18.4973314],[73.8102522,18.4973034]]]]}},
{"type":"Feature","properties":{"osm_id":"218836886","code":1500,"fclass":"building","name":"F","type":""},"geometry":{"type":"MultiPolygon","coordinates":[[[[73.8102019,18.4971223],[73.8102675,18.497107],[73.810264,18.4970933],[73.8102809,18.4970893],[73.8102846,18.4971034],[73.8103186,18.4970955],[73.8103148,18.4970811],[73.8103278,18.497078],[73.8103316,18.4970928],[73.8103983,18.4970773],[73.8104055,18.4971054],[73.810364,18.4971151],[73.8103784,18.4971709],[73.8104255,18.49716],[73.8104342,18.497194],[73.8103646,18.4972101],[73.8103675,18.4972214],[73.8103006,18.4972369],[73.8102979,18.4972265],[73.8102311,18.497242],[73.8102224,18.4972081],[73.8102657,18.4971981],[73.8102509,18.4971406],[73.8102091,18.4971503],[73.8102019,18.4971223]]]]}},
{"type":"Feature","properties":{"osm_id":"218836887","code":1500,"fclass":"building","name":"E","type":""},"geometry":{"type":"MultiPolygon","coordinates":[[[[73.8101474,18.4969258],[73.810226,18.4969102],[73.8102302,18.4969288],[73.8102943,18.496916],[73.8102887,18.4968908],[73.8103115,18.4968863],[73.8103188,18.4969196],[73.8103675,18.4969099],[73.8103722,18.4969313],[73.8103101,18.4969436],[73.8103171,18.4969757],[73.8103809,18.496963],[73.8103876,18.4969932],[73.8103459,18.4970015],[73.8103548,18.4970415],[73.8103273,18.497047],[73.8103219,18.4970225],[73.8102611,18.4970346],[73.8102649,18.4970517],[73.8101965,18.4970653],[73.8101934,18.4970513],[73.8101875,18.4970524],[73.8101686,18.4969669],[73.8101569,18.4969692],[73.8101474,18.4969258]]]]}},
{"type":"Feature","properties":{"osm_id":"218836888","code":1500,"fclass":"building","name":"B","type":""},"geometry":{"type":"MultiPolygon","coordinates":[[[[73.8100015,18.4963925],[73.8100671,18.4963772],[73.8100636,18.4963634],[73.8100805,18.4963595],[73.8100842,18.4963736],[73.8101182,18.4963657],[73.8101144,18.4963512],[73.8101274,18.4963482],[73.8101312,18.4963629],[73.8101978,18.4963475],[73.8102051,18.4963756],[73.8101636,18.4963853],[73.810178,18.4964411],[73.810225,18.4964301],[73.8102338,18.4964641],[73.8101642,18.4964803],[73.8101671,18.4964915],[73.8101002,18.4965071],[73.8100975,18.4964967],[73.8100307,18.4965122],[73.810022,18.4964783],[73.8100653,18.4964682],[73.8100505,18.4964108],[73.8100087,18.4964205],[73.8100015,18.4963925]]]]}},
{"type":"Feature","properties":{"osm_id":"218836889","code":1500,"fclass":"building","name":"C","type":""},"geometry":{"type":"MultiPolygon","coordinates":[[[[73.8100202,18.496576],[73.8100514,18.4965684],[73.8100483,18.4965573],[73.8100947,18.496546],[73.8101043,18.4965813],[73.8101616,18.4965673],[73.8101532,18.4965364],[73.8101925,18.4965268],[73.810197,18.4965432],[73.8102332,18.4965344],[73.8102371,18.4965489],[73.8102423,18.4965476],[73.8102684,18.4966434],[73.8102565,18.4966463],[73.8102605,18.4966611],[73.8102014,18.4966755],[73.8101975,18.4966608],[73.8101258,18.4966783],[73.8101297,18.4966927],[73.8101011,18.4966996],[73.8100972,18.4966853],[73.8100877,18.4966876],[73.8100891,18.496693],[73.8100543,18.4967015],[73.8100202,18.496576]]]]}},
{"type":"Feature","properties":{"osm_id":"218836890","code":1500,"fclass":"building","name":"","type":""},"geometry":{"type":"MultiPolygon","coordinates":[[[[73.809969,18.4959533],[73.8100303,18.4958962],[73.8100937,18.49588],[73.8101057,18.4959222],[73.8101402,18.4960517],[73.810004,18.4960844],[73.809969,18.4959533]]]]}},
{"type":"Feature","properties":{"osm_id":"218838440","code":1500,"fclass":"building","name":"","type":""},"geometry":{"type":"MultiPolygon","coordinates":[[[[73.8095446,18.4960884],[73.8095726,18.4960809],[73.8095643,18.4960533],[73.8096946,18.4960184],[73.8097036,18.4960488],[73.8097361,18.4960401],[73.8097751,18.4961708],[73.8097456,18.4961787],[73.8097553,18.4962115],[73.8096317,18.4962447],[73.8096225,18.4962141],[73.8095851,18.4962242],[73.8095446,18.4960884]]]]}},
{"type":"Feature","properties":{"osm_id":"218838441","code":1500,"fclass":"building","name":"","type":""},"geometry":{"type":"MultiPolygon","coordinates":[[[[73.8096499,18.4962861],[73.8097497,18.4962653],[73.8097449,18.4962416],[73.8098009,18.4962315],[73.8098048,18.4962509],[73.8098002,18.4962517],[73.8098149,18.4963259],[73.8098317,18.4963229],[73.8098459,18.4963943],[73.8097831,18.4964055],[73.8097802,18.4963912],[73.8097554,18.4963957],[73.8097578,18.4964074],[73.8096745,18.4964223],[73.8096665,18.4963822],[73.8096855,18.4963788],[73.8096777,18.4963395],[73.8096611,18.4963425],[73.8096499,18.4962861]]]]}},
{"type":"Feature","properties":{"osm_id":"218838442","code":1500,"fclass":"building","name":"","type":""},"geometry":{"type":"MultiPolygon","coordinates":[[[[73.8097367,18.4966404],[73.8098376,18.4966177],[73.8098324,18.4965957],[73.8098881,18.4965838],[73.8098928,18.4966039],[73.8098943,18.4966036],[73.8099123,18.4966794],[73.8099343,18.4966747],[73.8099484,18.4967342],[73.8098694,18.496751],[73.8098677,18.4967439],[73.8098429,18.4967492],[73.8098472,18.4967676],[73.8097865,18.4967806],[73.8097749,18.4967318],[73.8097863,18.4967293],[73.809777,18.49669],[73.8097499,18.4966958],[73.8097367,18.4966404]]]]}},
{"type":"Feature","properties":{"osm_id":"218838443","code":1500,"fclass":"building","name":"","type":""},"geometry":{"type":"MultiPolygon","coordinates":[[[[73.809618,18.4964593],[73.809672,18.496446],[73.8096853,18.4964948],[73.8097265,18.4964847],[73.8097157,18.4964452],[73.8097946,18.4964257],[73.8098127,18.4964919],[73.8097931,18.4964968],[73.8098001,18.4965222],[73.8098111,18.4965195],[73.8098289,18.496584],[73.8097576,18.4966018],[73.8097414,18.496543],[73.8097122,18.4965503],[73.8097256,18.4965987],[73.8096763,18.4966109],[73.809675,18.4966061],[73.8096569,18.4966105],[73.8096488,18.4965807],[73.8096649,18.4965768],[73.8096477,18.4965139],[73.8096339,18.4965173],[73.809618,18.4964593]]]]}},
{"type":"Feature","properties":{"osm_id":"218838444","code":1500,"fclass":"building","name":"","type":""},"geometry":{"type":"MultiPolygon","coordinates":[[[[73.8090747,18.4966081],[73.8091692,18.4965871],[73.8091951,18.4966977],[73.8092581,18.4966872],[73.8092488,18.4966608],[73.809321,18.496645],[73.8093303,18.4966731],[73.8093988,18.4966521],[73.8093544,18.4965221],[73.8094488,18.4964975],[73.8095174,18.4967609],[73.809434,18.4967803],[73.8094155,18.4967645],[73.8093785,18.4967416],[73.8093266,18.4967469],[73.8092599,18.4967732],[73.8092544,18.4968084],[73.8092266,18.4968119],[73.8092321,18.4968488],[73.8091655,18.4968681],[73.8091377,18.4967873],[73.8091099,18.4967539],[73.8091136,18.4967065],[73.8090747,18.4966081]]]]}},
{"type":"Feature","properties":{"osm_id":"218838446","code":1500,"fclass":"building","name":"","type":""},"geometry":{"type":"MultiPolygon","coordinates":[[[[73.8097253,18.4968116],[73.8097793,18.4967991],[73.8097921,18.4968488],[73.8098364,18.4968386],[73.8098262,18.4967993],[73.8098998,18.4967822],[73.8099151,18.4968415],[73.8098951,18.4968461],[73.809904,18.4968808],[73.809915,18.4968783],[73.8099332,18.4969488],[73.8098649,18.4969646],[73.8098605,18.4969476],[73.809811,18.4969591],[73.8098113,18.4969602],[73.809806,18.4969614],[73.8097819,18.496967],[73.8097806,18.496962],[73.8097627,18.4969662],[73.8097538,18.4969318],[73.8097701,18.496928],[73.8097545,18.4968679],[73.8097407,18.4968711],[73.8097253,18.4968116]]]]}},
{"type":"Feature","properties":{"osm_id":"218838447","code":1500,"fclass":"building","name":"","type":""},"geometry":{"type":"MultiPolygon","coordinates":[[[[73.8089192,18.4962236],[73.809023,18.496199],[73.8090415,18.4962552],[73.8090767,18.4962833],[73.8091026,18.4962886],[73.809223,18.4962622],[73.8092508,18.4962324],[73.8092619,18.4961973],[73.8092452,18.4961498],[73.8093397,18.496127],[73.8093646,18.4962033],[73.8093397,18.4962183],[73.8093619,18.4963097],[73.8093897,18.4963062],[73.8094137,18.4964168],[73.8093341,18.4964344],[73.8093137,18.4964028],[73.8092897,18.4963729],[73.8092508,18.4963606],[73.8091285,18.496394],[73.8091063,18.4964186],[73.8091007,18.4964572],[73.8091156,18.4964941],[73.8090174,18.4965222],[73.8089192,18.4962236]]]]}},
{"type":"Feature","properties":{"osm_id":"218838448","code":1500,"fclass":"building","name":"","type":""},"geometry":{"type":"MultiPolygon","coordinates":[[[[73.8096123,18.4979204],[73.8096623,18.4979011],[73.8096919,18.4979221],[73.8097057,18.4979558],[73.8097494,18.4979457],[73.8097401,18.4979116],[73.8097827,18.4979011],[73.8097922,18.4979358],[73.8098355,18.4979257],[73.8098308,18.4978905],[73.8098401,18.4978572],[73.8098956,18.4978431],[73.8099179,18.49788],[73.8098743,18.4979346],[73.8098833,18.4979695],[73.809903,18.4979643],[73.8099123,18.4979959],[73.8098915,18.4980014],[73.8099012,18.4980388],[73.8099345,18.4980398],[73.809966,18.4980627],[73.8099845,18.4981048],[73.8099308,18.4981153],[73.8098909,18.4980944],[73.8097716,18.4981221],[73.809753,18.4981645],[73.8096938,18.4981786],[73.8096808,18.4981171],[73.8097153,18.4980943],[73.8097057,18.4980574],[73.8096882,18.4980609],[73.8096789,18.4980187],[73.8096949,18.4980156],[73.8096853,18.4979784],[73.8096364,18.4979678],[73.8096123,18.4979204]]]]}},
{"type":"Feature","properties":{"osm_id":"218838449","code":1500,"fclass":"building","name":"","type":""},"geometry":{"type":"MultiPolygon","coordinates":[[[[73.8092468,18.4970021],[73.8092968,18.4969828],[73.8093264,18.4970038],[73.8093402,18.4970375],[73.8093839,18.4970274],[73.8093746,18.4969933],[73.8094172,18.4969828],[73.8094267,18.4970175],[73.80947,18.4970074],[73.8094653,18.4969722],[73.8094746,18.4969389],[73.8095301,18.4969248],[73.8095524,18.4969617],[73.8095088,18.4970163],[73.8095178,18.4970512],[73.8095375,18.497046],[73.8095468,18.4970776],[73.809526,18.4970831],[73.8095357,18.4971205],[73.809569,18.4971215],[73.8096005,18.4971444],[73.809619,18.4971865],[73.8095653,18.497197],[73.8095254,18.4971761],[73.8094061,18.4972038],[73.8093875,18.4972462],[73.8093283,18.4972603],[73.8093153,18.4971988],[73.8093498,18.497176],[73.8093402,18.4971391],[73.8093227,18.4971426],[73.8093134,18.4971004],[73.8093294,18.4970973],[73.8093198,18.4970601],[73.8092708,18.4970495],[73.8092468,18.4970021]]]]}},
{"type":"Feature","properties":{"osm_id":"218838450","code":1500,"fclass":"building","name":"","type":""},"geometry":{"type":"MultiPolygon","coordinates":[[[[73.8094853,18.4975901],[73.8095353,18.4975708],[73.809565,18.4975919],[73.8095788,18.4976256],[73.8096225,18.4976154],[73.8096131,18.4975813],[73.8096557,18.4975708],[73.8096653,18.4976055],[73.8097086,18.4975954],[73.8097039,18.4975602],[73.8097131,18.4975269],[73.8097687,18.4975128],[73.8097909,18.4975497],[73.8097473,18.4976043],[73.8097563,18.4976392],[73.8097761,18.497634],[73.8097854,18.4976656],[73.8097646,18.4976711],[73.8097742,18.4977085],[73.8098076,18.4977095],[73.8098391,18.4977324],[73.8098576,18.4977745],[73.8098039,18.4977851],[73.8097639,18.4977641],[73.8096446,18.4977919],[73.8096261,18.4978342],[73.8095668,18.4978483],[73.8095539,18.4977868],[73.8095883,18.497764],[73.8095788,18.4977271],[73.8095613,18.4977306],[73.809552,18.4976885],[73.809568,18.4976853],[73.8095584,18.4976481],[73.8095094,18.4976375],[73.8094853,18.4975901]]]]}},
{"type":"Feature","properties":{"osm_id":"218838451","code":1500,"fclass":"building","name":"","type":""},"geometry":{"type":"MultiPolygon","coordinates":[[[[73.8093674,18.4973008],[73.8094174,18.4972815],[73.809447,18.4973026],[73.8094608,18.4973363],[73.8095045,18.4973261],[73.8094952,18.497292],[73.8095378,18.4972815],[73.8095473,18.4973162],[73.8095906,18.4973061],[73.8095859,18.497271],[73.8095952,18.4972376],[73.8096507,18.4972235],[73.809673,18.4972604],[73.8096293,18.497315],[73.8096384,18.4973499],[73.8096581,18.4973447],[73.8096674,18.4973764],[73.8096466,18.4973818],[73.8096563,18.4974193],[73.8096896,18.4974203],[73.8097211,18.4974431],[73.8097396,18.4974852],[73.8096859,18.4974958],[73.809646,18.4974749],[73.8095267,18.4975026],[73.8095081,18.497545],[73.8094489,18.497559],[73.8094359,18.4974975],[73.8094704,18.4974748],[73.8094608,18.4974379],[73.8094433,18.4974413],[73.809434,18.4973992],[73.80945,18.497396],[73.8094404,18.4973588],[73.8093914,18.4973482],[73.8093674,18.4973008]]]]}},
{"type":"Feature","properties":{"osm_id":"218838452","code":1500,"fclass":"building","name":"","type":""},"geometry":{"type":"MultiPolygon","coordinates":[[[[73.8097808,18.4971841],[73.8098445,18.4971486],[73.8098863,18.4971784],[73.8099201,18.4971697],[73.8099167,18.4971592],[73.8099739,18.4971427],[73.8099778,18.4971549],[73.8100019,18.4971488],[73.8100167,18.49711],[73.8100723,18.4970959],[73.8100871,18.4971574],[73.8100625,18.4971756],[73.8100718,18.4972084],[73.8100908,18.4972043],[73.8101075,18.4972733],[73.8100913,18.4972768],[73.8100969,18.4972965],[73.8101353,18.497305],[73.8101464,18.4973524],[73.8101315,18.4973822],[73.8100727,18.4973702],[73.8100525,18.4973754],[73.8100571,18.49739],[73.8099741,18.4974138],[73.8099687,18.4973969],[73.8099288,18.4974071],[73.8099278,18.4974279],[73.8098815,18.4974384],[73.8098704,18.4973998],[73.8098924,18.4973528],[73.8098874,18.4973352],[73.8098648,18.4973401],[73.8098469,18.4972656],[73.8098664,18.4972614],[73.8098573,18.4972297],[73.8098389,18.4972382],[73.8097808,18.4971841]]]]}},
{"type":"Feature","properties":{"osm_id":"218838453","code":1500,"fclass":"building","name":"","type":""},"geometry":{"type":"MultiPolygon","coordinates":[[[[73.8099549,18.497822],[73.8100049,18.4978062],[73.8100467,18.497836],[73.8100805,18.4978273],[73.8100771,18.4978167],[73.8101343,18.4978003],[73.8101382,18.4978125],[73.8101623,18.4978063],[73.8101771,18.4977676],[73.8102327,18.4977535],[73.8102475,18.497815],[73.8102229,18.4978331],[73.8102323,18.497866],[73.8102512,18.4978619],[73.8102679,18.4979309],[73.8102518,18.4979344],[73.8102574,18.4979541],[73.8102957,18.4979625],[73.8103068,18.4980099],[73.810292,18.4980398],[73.8102331,18.4980278],[73.8102129,18.498033],[73.8102175,18.4980476],[73.8101345,18.4980714],[73.8101291,18.4980544],[73.8100892,18.4980647],[73.8100882,18.4980855],[73.8100419,18.498096],[73.8100308,18.4980574],[73.8100528,18.4980103],[73.8100478,18.4979928],[73.8100253,18.4979977],[73.8100073,18.4979232],[73.8100268,18.497919],[73.8100177,18.4978873],[73.8099993,18.4978958],[73.8099697,18.4978642],[73.8099549,18.497822]]]]}},
{"type":"Feature","properties":{"osm_id":"218881241","code":1500,"fclass":"building","name":"St. Teresa's Church","type":""},"geometry":{"type":"MultiPolygon","coordinates":[[[[73.8609965,18.5039946],[73.8610016,18.5039497],[73.8610336,18.503953],[73.8610477,18.5038263],[73.8611402,18.5038356],[73.8611178,18.5040359],[73.8610245,18.5040265],[73.8610277,18.5039978],[73.8609965,18.5039946]]]]}},
{"type":"Feature","properties":{"osm_id":"219767486","code":1500,"fclass":"building","name":"Padale Prime","type":"office"},"geometry":{"type":"MultiPolygon","coordinates":[[[[73.8334182,18.5071327],[73.8334397,18.5071],[73.8334207,18.5070888],[73.8334806,18.5069976],[73.8335024,18.5070105],[73.8335254,18.5069756],[73.8336237,18.5070336],[73.8335998,18.50707],[73.8336139,18.5070784],[73.8335543,18.5071692],[73.8335362,18.5071585],[73.8335155,18.5071901],[73.8334182,18.5071327]]]]}},
{"type":"Feature","properties":{"osm_id":"219798477","code":1500,"fclass":"building","name":"Congress Bhavan","type":""},"geometry":{"type":"MultiPolygon","coordinates":[[[[73.8510875,18.5227376],[73.8510947,18.5225863],[73.8515153,18.5226042],[73.8515144,18.522624],[73.8515022,18.5226235],[73.8515,18.5226708],[73.8515313,18.5226722],[73.8515285,18.5227308],[73.8514083,18.5227257],[73.8514074,18.5227441],[73.851208,18.5227356],[73.8512092,18.5227107],[73.8511367,18.5227076],[73.8511351,18.5227396],[73.8510875,18.5227376]]]]}},
{"type":"Feature","properties":{"osm_id":"219798479","code":1500,"fclass":"building","name":"Cosmos Bank Building","type":""},"geometry":{"type":"MultiPolygon","coordinates":[[[[73.8493411,18.5193529],[73.8494187,18.5191978],[73.8494844,18.5191675],[73.8496176,18.5192234],[73.8493411,18.5193529]]]]}},
{"type":"Feature","properties":{"osm_id":"219798480","code":1500,"fclass":"building","name":"Crowne Plaza","type":""},"geometry":{"type":"MultiPolygon","coordinates":[[[[73.8765605,18.5314045],[73.8768111,18.5308662],[73.8769711,18.530909],[73.8767113,18.5314694],[73.8765605,18.5314045]]]]}},
{"type":"Feature","properties":{"osm_id":"219798481","code":1500,"fclass":"building","name":"Dr. Babasaheb Ambedkar Sanskrutik Bhavan","type":"public"},"geometry":{"type":"MultiPolygon","coordinates":[[[[73.8676384,18.5251273],[73.8676391,18.5249499],[73.8679597,18.5249512],[73.867959,18.5251192],[73.8679387,18.5251198],[73.8678522,18.5251673],[73.8678519,18.5251902],[73.8677014,18.5251886],[73.8677012,18.5251764],[73.8676827,18.5251768],[73.8676661,18.5251715],[73.8676549,18.5251609],[73.867649,18.5251465],[73.8676473,18.5251278],[73.8676384,18.5251273]]]]}},
{"type":"Feature","properties":{"osm_id":"219798491","code":1500,"fclass":"building","name":"","type":""},"geometry":{"type":"MultiPolygon","coordinates":[[[[73.8473909,18.5141817],[73.8474058,18.5141242],[73.8474449,18.5141332],[73.8474578,18.5140829],[73.847787,18.5141591],[73.847743,18.5143299],[73.847414,18.5142537],[73.8474302,18.5141908],[73.8473909,18.5141817]]]]}},
{"type":"Feature","properties":{"osm_id":"220478189","code":1500,"fclass":"building","name":"","type":""},"geometry":{"type":"MultiPolygon","coordinates":[[[[73.8089652,18.495151],[73.8090068,18.4951399],[73.8090065,18.495139],[73.8090564,18.4951257],[73.8090895,18.4952369],[73.8089756,18.4952673],[73.8089656,18.4952338],[73.809029,18.4952168],[73.8090233,18.4951977],[73.8089824,18.4952087],[73.8089652,18.495151]]]]}},
{"type":"Feature","properties":{"osm_id":"220478190","code":1500,"fclass":"building","name":"","type":""},"geometry":{"type":"MultiPolygon","coordinates":[[[[73.8083631,18.4942852],[73.8084656,18.4942664],[73.808465,18.4942631],[73.8084987,18.494257],[73.8085188,18.4943554],[73.8084835,18.4943618],[73.8084801,18.494345],[73.8084128,18.4943573],[73.8084186,18.4943861],[73.8083848,18.4943922],[73.8083748,18.4943431],[73.8083631,18.4942852]]]]}},
{"type":"Feature","properties":{"osm_id":"220478191","code":1500,"fclass":"building","name":"","type":""},"geometry":{"type":"MultiPolygon","coordinates":[[[[73.8085093,18.4948063],[73.808571,18.4947905],[73.8085726,18.4947964],[73.8086623,18.4947734],[73.8087112,18.4949449],[73.8086059,18.4949718],[73.8086068,18.4949749],[73.8085618,18.4949864],[73.8085533,18.4949566],[73.80857,18.4949523],[73.8085426,18.4948564],[73.8085249,18.4948609],[73.8085093,18.4948063]]]]}},
{"type":"Feature","properties":{"osm_id":"220478192","code":1500,"fclass":"building","name":"","type":""},"geometry":{"type":"MultiPolygon","coordinates":[[[[73.8085801,18.4939241],[73.8086365,18.4939234],[73.8086367,18.493936],[73.8086704,18.4939355],[73.8086699,18.4938945],[73.808731,18.4938937],[73.8087316,18.4939407],[73.80871,18.493941],[73.8087107,18.4939935],[73.8086179,18.4939947],[73.8086177,18.4939772],[73.8085976,18.4939775],[73.8085973,18.4939524],[73.8085805,18.4939526],[73.8085801,18.4939241]]]]}},
{"type":"Feature","properties":{"osm_id":"220478193","code":1500,"fclass":"building","name":"","type":""},"geometry":{"type":"MultiPolygon","coordinates":[[[[73.8085673,18.4950421],[73.8085813,18.495038],[73.8085794,18.4950321],[73.8086087,18.4950235],[73.8086218,18.4950197],[73.8086226,18.4950221],[73.8087393,18.494988],[73.8087934,18.4951546],[73.8086425,18.4951987],[73.8086139,18.4952071],[73.8086027,18.4951726],[73.8086211,18.4951672],[73.8085888,18.4950678],[73.8085768,18.4950713],[73.8085673,18.4950421]]]]}},
{"type":"Feature","properties":{"osm_id":"220478194","code":1500,"fclass":"building","name":"","type":""},"geometry":{"type":"MultiPolygon","coordinates":[[[[73.8086423,18.4942203],[73.8086735,18.4942129],[73.8086786,18.4942322],[73.8087348,18.4942188],[73.8087322,18.4942089],[73.8087776,18.4941981],[73.8087883,18.4942386],[73.8087746,18.4942418],[73.8087969,18.4943261],[73.8086882,18.494352],[73.808683,18.4943325],[73.8086709,18.4943354],[73.8086618,18.4943011],[73.8086746,18.494298],[73.808667,18.4942695],[73.808656,18.4942721],[73.8086423,18.4942203]]]]}},
{"type":"Feature","properties":{"osm_id":"220478195","code":1500,"fclass":"building","name":"","type":""},"geometry":{"type":"MultiPolygon","coordinates":[[[[73.8087533,18.4956326],[73.8087733,18.495626],[73.808769,18.4956144],[73.8088138,18.4955995],[73.8088115,18.495593],[73.8088726,18.4955726],[73.808867,18.4955575],[73.8088963,18.4955477],[73.8089022,18.4955636],[73.8089064,18.4955622],[73.808926,18.495615],[73.8089533,18.4956059],[73.8089631,18.4956324],[73.8089349,18.4956418],[73.8089468,18.4956737],[73.8089286,18.4956797],[73.8089312,18.4956867],[73.8087907,18.4957336],[73.8087533,18.4956326]]]]}},
{"type":"Feature","properties":{"osm_id":"220478196","code":1500,"fclass":"building","name":"","type":""},"geometry":{"type":"MultiPolygon","coordinates":[[[[73.8088525,18.494902],[73.8088648,18.494899],[73.8088617,18.4948877],[73.8089809,18.4948581],[73.8089846,18.4948716],[73.8090097,18.4948653],[73.8090289,18.4949352],[73.8090033,18.4949415],[73.8090219,18.495009],[73.8090388,18.4950048],[73.8090473,18.4950354],[73.80903,18.4950397],[73.8090308,18.4950424],[73.8089339,18.4950664],[73.8088971,18.4950755],[73.8088887,18.4950451],[73.8089035,18.4950414],[73.8088734,18.4949321],[73.8088617,18.4949351],[73.8088525,18.494902]]]]}},
{"type":"Feature","properties":{"osm_id":"220478197","code":1500,"fclass":"building","name":"","type":""},"geometry":{"type":"MultiPolygon","coordinates":[[[[73.8087835,18.4946668],[73.808795,18.4946639],[73.8087854,18.4946292],[73.8088564,18.4946115],[73.8088487,18.4945835],[73.8088885,18.4945736],[73.8088957,18.4945997],[73.8089027,18.494598],[73.808927,18.4946858],[73.80893,18.4946851],[73.808943,18.4947322],[73.8089135,18.4947396],[73.8089092,18.4947242],[73.8088553,18.4947376],[73.8088609,18.4947579],[73.8088257,18.4947666],[73.8088169,18.4947349],[73.808817,18.4947349],[73.8088144,18.4947254],[73.8088006,18.4947288],[73.8087835,18.4946668]]]]}},
{"type":"Feature","properties":{"osm_id":"220478198","code":1500,"fclass":"building","name":"","type":""},"geometry":{"type":"MultiPolygon","coordinates":[[[[73.808395,18.4944279],[73.8084333,18.4944182],[73.8084369,18.4944307],[73.8085033,18.4944139],[73.8084971,18.4943922],[73.8085334,18.4943829],[73.8085613,18.4944819],[73.8085387,18.4944877],[73.8085467,18.4945159],[73.808567,18.4945107],[73.808575,18.4945387],[73.8085376,18.4945482],[73.8085333,18.4945332],[73.8084403,18.4945568],[73.808434,18.4945344],[73.808417,18.4945387],[73.8084003,18.4944799],[73.8084188,18.4944752],[73.8084141,18.4944587],[73.8084044,18.4944611],[73.808395,18.4944279]]]]}},
{"type":"Feature","properties":{"osm_id":"220478199","code":1500,"fclass":"building","name":"","type":""},"geometry":{"type":"MultiPolygon","coordinates":[[[[73.8088217,18.4958947],[73.808851,18.4958866],[73.808837,18.4958411],[73.8088864,18.4958274],[73.8088777,18.4957988],[73.8089205,18.495787],[73.8089283,18.4958125],[73.808961,18.4958035],[73.808968,18.4958261],[73.8090132,18.4958136],[73.8090257,18.4958546],[73.8089832,18.4958663],[73.8089924,18.4958962],[73.8089088,18.4959193],[73.8089155,18.495941],[73.8088975,18.495946],[73.8088917,18.4959268],[73.8088675,18.4959335],[73.8088726,18.49595],[73.8088413,18.4959587],[73.8088217,18.4958947]]]]}},
{"type":"Feature","properties":{"osm_id":"220478200","code":1500,"fclass":"building","name":"","type":""},"geometry":{"type":"MultiPolygon","coordinates":[[[[73.8084774,18.494646],[73.8085061,18.4946392],[73.8085173,18.4946818],[73.8085203,18.4946811],[73.8085053,18.4946242],[73.8085188,18.494621],[73.8085148,18.4946058],[73.8085422,18.4945994],[73.8085462,18.4946148],[73.8085639,18.4946107],[73.8085581,18.4945887],[73.8085892,18.4945813],[73.808595,18.4946037],[73.808606,18.4946011],[73.8086386,18.4947253],[73.808604,18.4947335],[73.8085998,18.4947177],[73.8085335,18.4947334],[73.8085261,18.4947056],[73.8085247,18.4947059],[73.8085361,18.4947494],[73.8085065,18.4947564],[73.8084774,18.494646]]]]}},
{"type":"Feature","properties":{"osm_id":"220478201","code":1500,"fclass":"building","name":"","type":""},"geometry":{"type":"MultiPolygon","coordinates":[[[[73.8089902,18.4953099],[73.8090449,18.495293],[73.8090446,18.4952922],[73.8090719,18.4952838],[73.8091036,18.495274],[73.8091253,18.4953373],[73.8091031,18.4953442],[73.8091058,18.495352],[73.8091132,18.4953497],[73.8091198,18.4953689],[73.8091119,18.4953713],[73.8091177,18.4953883],[73.8091326,18.4953838],[73.8091456,18.4954214],[73.8090475,18.4954517],[73.8090346,18.4954142],[73.80908,18.4954002],[73.8090737,18.4953817],[73.8090434,18.4953911],[73.8090368,18.4953719],[73.8090676,18.4953624],[73.8090656,18.4953566],[73.8090119,18.4953732],[73.8089902,18.4953099]]]]}},
{"type":"Feature","properties":{"osm_id":"220478202","code":1500,"fclass":"building","name":"","type":""},"geometry":{"type":"MultiPolygon","coordinates":[[[[73.8091123,18.4956763],[73.8091316,18.4956696],[73.8091226,18.4956461],[73.8091641,18.4956319],[73.8091698,18.4956471],[73.8092285,18.495627],[73.8092693,18.4957341],[73.8092968,18.4957247],[73.8093249,18.4957985],[73.8093059,18.495805],[73.8093112,18.4958187],[73.8092031,18.4958557],[73.8091967,18.4958388],[73.809178,18.4958452],[73.8091653,18.4958119],[73.8091828,18.4958059],[73.8091754,18.4957865],[73.8091574,18.4957927],[73.8091518,18.495778],[73.8091713,18.4957713],[73.8091654,18.4957556],[73.8091455,18.4957624],[73.8091349,18.4957347],[73.8091544,18.4957281],[73.8091433,18.4956989],[73.8091235,18.4957057],[73.8091123,18.4956763]]]]}},
{"type":"Feature","properties":{"osm_id":"220478203","code":1500,"fclass":"building","name":"","type":""},"geometry":{"type":"MultiPolygon","coordinates":[[[[73.8094505,18.4956249],[73.8096164,18.4955752],[73.8096436,18.4956569],[73.8094777,18.4957065],[73.8094505,18.4956249]]]]}},
{"type":"Feature","properties":{"osm_id":"220478204","code":1500,"fclass":"building","name":"","type":""},"geometry":{"type":"MultiPolygon","coordinates":[[[[73.8089357,18.4943772],[73.8089912,18.4943744],[73.8089942,18.4944296],[73.8089388,18.4944323],[73.8089357,18.4943772]]]]}},
{"type":"Feature","properties":{"osm_id":"220478205","code":1500,"fclass":"building","name":"","type":""},"geometry":{"type":"MultiPolygon","coordinates":[[[[73.8091447,18.4944776],[73.8092748,18.4944703],[73.8092808,18.4945673],[73.8091507,18.4945746],[73.8091447,18.4944776]]]]}},
{"type":"Feature","properties":{"osm_id":"220478206","code":1500,"fclass":"building","name":"","type":""},"geometry":{"type":"MultiPolygon","coordinates":[[[[73.8082615,18.4938917],[73.8082962,18.4938908],[73.8082959,18.4938783],[73.8082649,18.4938791],[73.8082633,18.4938199],[73.8083039,18.4938189],[73.8083046,18.4938413],[73.8084445,18.4938378],[73.8084442,18.4938278],[73.8084509,18.4938277],[73.8084505,18.4938102],[73.8084929,18.4938091],[73.8084923,18.49379],[73.8085208,18.4937893],[73.8085211,18.4938013],[73.8085935,18.4937995],[73.8085938,18.4938102],[73.8086344,18.4938091],[73.8086353,18.4938424],[73.808674,18.4938414],[73.8086748,18.4938696],[73.8086959,18.4938691],[73.8086965,18.4938887],[73.8086186,18.4938907],[73.8086181,18.4938723],[73.8086039,18.4938726],[73.8086035,18.4938598],[73.8085896,18.4938601],[73.8085891,18.4938412],[73.808564,18.4938418],[73.8085644,18.493855],[73.8085362,18.4938557],[73.8085358,18.4938404],[73.8084866,18.4938417],[73.8084873,18.4938695],[73.8085057,18.493869],[73.8085059,18.4938736],[73.8085356,18.4938728],[73.808536,18.4938882],[73.8085065,18.493889],[73.808507,18.4939063],[73.8084767,18.493907],[73.8084763,18.4938918],[73.8084563,18.4938923],[73.808457,18.4939199],[73.808325,18.4939232],[73.8083246,18.4939083],[73.8083053,18.4939088],[73.8083058,18.4939277],[73.8082625,18.4939287],[73.8082615,18.4938917]]]]}},
{"type":"Feature","properties":{"osm_id":"220478207","code":1500,"fclass":"building","name":"","type":""},"geometry":{"type":"MultiPolygon","coordinates":[[[[73.8083378,18.4940479],[73.8083913,18.4940432],[73.8083912,18.4940422],[73.8084061,18.4940412],[73.8084036,18.4940246],[73.808425,18.4940217],[73.8084278,18.4940398],[73.8084618,18.4940376],[73.8084618,18.4940174],[73.8084847,18.4940174],[73.8084847,18.493997],[73.8085368,18.493997],[73.8085368,18.4940127],[73.8085659,18.4940116],[73.8085673,18.4940439],[73.80858,18.4940427],[73.8085804,18.4940469],[73.8085813,18.4940469],[73.8085827,18.4940261],[73.8086044,18.4940274],[73.8086286,18.4939956],[73.808673,18.4940261],[73.8086544,18.4940504],[73.8086764,18.4940499],[73.8086726,18.494023],[73.8087388,18.4940145],[73.8087465,18.4940682],[73.8087042,18.4940736],[73.8087043,18.4940744],[73.8086968,18.4940745],[73.8086903,18.4940754],[73.8086929,18.4941088],[73.8086374,18.4941127],[73.8086393,18.4941291],[73.8086118,18.494132],[73.8086097,18.4941146],[73.8085874,18.4941161],[73.8085888,18.4941306],[73.8085567,18.4941335],[73.808549,18.4940573],[73.8085311,18.494058],[73.8085307,18.4940478],[73.8084893,18.4940479],[73.8084893,18.4940798],[73.8084846,18.4940798],[73.808486,18.4940993],[73.808527,18.4940987],[73.8085273,18.4941161],[73.8085337,18.4941161],[73.8085337,18.494148],[73.8084801,18.494148],[73.8084801,18.4941314],[73.8084388,18.494132],[73.8084383,18.4941061],[73.808396,18.4941088],[73.8083957,18.4941048],[73.8083699,18.4941074],[73.8083666,18.4940776],[73.8083408,18.4940798],[73.8083378,18.4940479]]]]}},
{"type":"Feature","properties":{"osm_id":"220478208","code":1500,"fclass":"building","name":"","type":""},"geometry":{"type":"MultiPolygon","coordinates":[[[[73.8090196,18.4944693],[73.809105,18.4944644],[73.8091063,18.4944852],[73.8091266,18.494484],[73.8091288,18.4945174],[73.8091093,18.4945185],[73.8091094,18.4945195],[73.8090231,18.4945245],[73.8090196,18.4944693]]]]}},
{"type":"Feature","properties":{"osm_id":"220478209","code":1500,"fclass":"building","name":"","type":""},"geometry":{"type":"MultiPolygon","coordinates":[[[[73.809014,18.4945974],[73.8090344,18.4945952],[73.8090319,18.4945736],[73.8090832,18.4945682],[73.8090919,18.4946423],[73.8090533,18.4946464],[73.8090551,18.4946616],[73.809022,18.4946651],[73.809014,18.4945974]]]]}},
{"type":"Feature","properties":{"osm_id":"220478210","code":1500,"fclass":"building","name":"","type":""},"geometry":{"type":"MultiPolygon","coordinates":[[[[73.8090477,18.4941324],[73.8091839,18.4941312],[73.8091848,18.4942216],[73.8091426,18.494222],[73.8091428,18.4942361],[73.8090845,18.4942366],[73.8090844,18.4942217],[73.8090486,18.494222],[73.8090477,18.4941324]]]]}},
{"type":"Feature","properties":{"osm_id":"220478211","code":1500,"fclass":"building","name":"","type":""},"geometry":{"type":"MultiPolygon","coordinates":[[[[73.8087089,18.4944176],[73.8087417,18.4944098],[73.8087462,18.4944266],[73.8088366,18.4944051],[73.8088691,18.4945278],[73.8087601,18.4945537],[73.8087532,18.4945274],[73.8087389,18.4945308],[73.8087089,18.4944176]]]]}},
{"type":"Feature","properties":{"osm_id":"220478212","code":1500,"fclass":"building","name":"","type":""},"geometry":{"type":"MultiPolygon","coordinates":[[[[73.8090891,18.4942676],[73.8091503,18.4942633],[73.8091511,18.4942731],[73.8092147,18.4942686],[73.8092227,18.4943699],[73.8091201,18.4943772],[73.8091163,18.4943291],[73.8090941,18.4943307],[73.8090891,18.4942676]]]]}},
{"type":"Feature","properties":{"osm_id":"220481274","code":1500,"fclass":"building","name":"","type":""},"geometry":{"type":"MultiPolygon","coordinates":[[[[73.809666,18.4954062],[73.8096813,18.4954034],[73.8096786,18.4953897],[73.8097039,18.495385],[73.8097062,18.4953964],[73.809759,18.4953867],[73.8097624,18.4954037],[73.8097836,18.4953998],[73.8097784,18.4953747],[73.8098217,18.4953667],[73.80982,18.4953585],[73.8098283,18.495357],[73.809827,18.4953505],[73.8098523,18.4953458],[73.8098542,18.4953551],[73.8098723,18.4953517],[73.8098785,18.4953819],[73.8098611,18.4953851],[73.8098626,18.4953926],[73.8098373,18.4953973],[73.8098352,18.4953872],[73.8098298,18.4953882],[73.8098303,18.4953905],[73.8098354,18.4953896],[73.8098444,18.4954338],[73.8098792,18.4954274],[73.8098794,18.4954282],[73.8098938,18.4954255],[73.8098994,18.4954532],[73.8098867,18.4954555],[73.809888,18.4954618],[73.8098875,18.4954619],[73.8098898,18.4954732],[73.8098638,18.4954779],[73.8098619,18.4954685],[73.8098381,18.4954729],[73.8098363,18.4954643],[73.8097596,18.4954784],[73.8097626,18.4954932],[73.8097363,18.495498],[73.8097385,18.4955085],[73.8097105,18.4955136],[73.8097082,18.4955023],[73.8096924,18.4955052],[73.8096859,18.4954731],[73.8097238,18.4954661],[73.8097155,18.4954254],[73.8096716,18.4954335],[73.809666,18.4954062]]]]}},
{"type":"Feature","properties":{"osm_id":"220481275","code":1500,"fclass":"building","name":"","type":""},"geometry":{"type":"MultiPolygon","coordinates":[[[[73.8095697,18.4950613],[73.8095851,18.4950585],[73.8095823,18.4950448],[73.8096076,18.4950402],[73.8096099,18.4950515],[73.8096627,18.4950418],[73.8096662,18.4950588],[73.8096873,18.495055],[73.8096822,18.4950298],[73.8097254,18.4950218],[73.8097237,18.4950137],[73.809732,18.4950121],[73.8097307,18.4950056],[73.8097561,18.495001],[73.8097579,18.4950102],[73.8097761,18.4950069],[73.8097822,18.495037],[73.8097648,18.4950402],[73.8097664,18.4950477],[73.809741,18.4950524],[73.8097389,18.4950424],[73.8097335,18.4950434],[73.809734,18.4950457],[73.8097392,18.4950447],[73.8097482,18.4950889],[73.809783,18.4950825],[73.8097831,18.4950833],[73.8097975,18.4950807],[73.8098032,18.4951083],[73.8097905,18.4951107],[73.8097917,18.4951169],[73.8097912,18.495117],[73.8097935,18.4951283],[73.8097675,18.4951331],[73.8097656,18.4951236],[73.8097418,18.495128],[73.80974,18.4951194],[73.8096633,18.4951335],[73.8096663,18.4951484],[73.8096401,18.4951532],[73.8096422,18.4951636],[73.8096142,18.4951687],[73.8096119,18.4951574],[73.8095962,18.4951603],[73.8095896,18.4951282],[73.8096276,18.4951212],[73.8096193,18.4950805],[73.8095753,18.4950886],[73.8095697,18.4950613]]]]}},
{"type":"Feature","properties":{"osm_id":"220481276","code":1500,"fclass":"building","name":"","type":""},"geometry":{"type":"MultiPolygon","coordinates":[[[[73.8092481,18.4940896],[73.8092635,18.4940867],[73.8092607,18.4940731],[73.809286,18.4940684],[73.8092883,18.4940798],[73.8093411,18.4940701],[73.8093446,18.4940871],[73.8093657,18.4940832],[73.8093606,18.494058],[73.8094038,18.4940501],[73.8094021,18.4940419],[73.8094104,18.4940404],[73.8094091,18.4940339],[73.8094345,18.4940292],[73.8094363,18.4940384],[73.8094545,18.4940351],[73.8094606,18.4940653],[73.8094432,18.4940685],[73.8094447,18.494076],[73.8094194,18.4940806],[73.8094173,18.4940706],[73.8094119,18.4940716],[73.8094124,18.4940739],[73.8094176,18.494073],[73.8094266,18.4941171],[73.8094614,18.4941108],[73.8094615,18.4941116],[73.8094759,18.4941089],[73.8094816,18.4941366],[73.8094689,18.4941389],[73.8094701,18.4941452],[73.8094696,18.4941453],[73.8094719,18.4941565],[73.8094459,18.4941613],[73.809444,18.4941519],[73.8094202,18.4941562],[73.8094184,18.4941477],[73.8093417,18.4941618],[73.8093447,18.4941766],[73.8093185,18.4941814],[73.8093206,18.4941919],[73.8092926,18.494197],[73.8092903,18.4941857],[73.8092745,18.4941886],[73.809268,18.4941564],[73.809306,18.4941495],[73.8092977,18.4941088],[73.8092537,18.4941168],[73.8092481,18.4940896]]]]}},
{"type":"Feature","properties":{"osm_id":"220481277","code":1500,"fclass":"building","name":"","type":""},"geometry":{"type":"MultiPolygon","coordinates":[[[[73.8096231,18.4952291],[73.8096385,18.4952263],[73.8096357,18.4952126],[73.809661,18.4952079],[73.8096633,18.4952193],[73.8097161,18.4952096],[73.8097196,18.4952266],[73.8097407,18.4952227],[73.8097356,18.4951976],[73.8097788,18.4951896],[73.8097772,18.4951814],[73.8097854,18.4951799],[73.8097841,18.4951734],[73.8098095,18.4951687],[73.8098114,18.495178],[73.8098295,18.4951746],[73.8098356,18.4952048],[73.8098182,18.495208],[73.8098198,18.4952155],[73.8097944,18.4952202],[73.8097924,18.4952101],[73.809787,18.4952111],[73.8097874,18.4952134],[73.8097926,18.4952125],[73.8098016,18.4952567],[73.8098364,18.4952503],[73.8098366,18.4952511],[73.8098509,18.4952485],[73.8098566,18.4952761],[73.8098439,18.4952784],[73.8098452,18.4952847],[73.8098446,18.4952848],[73.8098469,18.4952961],[73.8098209,18.4953008],[73.809819,18.4952914],[73.8097952,18.4952958],[73.8097935,18.4952872],[73.8097167,18.4953013],[73.8097197,18.4953161],[73.8096935,18.4953209],[73.8096956,18.4953314],[73.8096677,18.4953365],[73.8096654,18.4953252],[73.8096496,18.4953281],[73.809643,18.495296],[73.809681,18.495289],[73.8096727,18.4952483],[73.8096287,18.4952564],[73.8096231,18.4952291]]]]}},
{"type":"Feature","properties":{"osm_id":"220481278","code":1500,"fclass":"building","name":"","type":""},"geometry":{"type":"MultiPolygon","coordinates":[[[[73.8093065,18.494278],[73.809315,18.494276],[73.8093081,18.4942502],[73.8093349,18.4942437],[73.8093385,18.4942573],[73.8093566,18.4942529],[73.809353,18.4942395],[73.8093819,18.4942324],[73.8093851,18.4942443],[73.8094192,18.494236],[73.8094221,18.4942467],[73.8094416,18.494242],[73.809438,18.4942286],[73.8094719,18.4942204],[73.8094678,18.4942052],[73.8094953,18.4941985],[73.8094991,18.4942126],[73.8095137,18.4942091],[73.8095105,18.4941971],[73.809537,18.4941907],[73.80954,18.4942018],[73.8095445,18.4942007],[73.8095478,18.494213],[73.8095599,18.4942101],[73.8095671,18.4942368],[73.8095317,18.4942454],[73.8095333,18.4942513],[73.8095366,18.4942505],[73.8095442,18.4942785],[73.8095453,18.4942783],[73.8095498,18.4942952],[73.8095887,18.4942858],[73.8095947,18.494308],[73.8095837,18.4943107],[73.8095925,18.4943434],[73.809558,18.4943517],[73.8095541,18.4943374],[73.8095328,18.4943426],[73.8095361,18.4943548],[73.8095111,18.4943608],[73.8095076,18.4943478],[73.8094757,18.4943556],[73.8094721,18.4943424],[73.8094268,18.4943534],[73.8094344,18.4943817],[73.8094018,18.4943896],[73.8093948,18.4943632],[73.8093753,18.494368],[73.8093823,18.4943941],[73.8093526,18.4944013],[73.809346,18.4943766],[73.8093296,18.4943806],[73.8093234,18.4943575],[73.8093659,18.4943472],[73.8093518,18.4942948],[73.8093135,18.4943041],[73.8093065,18.494278]]]]}},
{"type":"Feature","properties":{"osm_id":"220481280","code":1500,"fclass":"building","name":"","type":""},"geometry":{"type":"MultiPolygon","coordinates":[[[[73.8093692,18.4944813],[73.8093778,18.4944792],[73.8093708,18.4944534],[73.8093976,18.4944469],[73.8094013,18.4944605],[73.8094193,18.4944561],[73.8094157,18.4944427],[73.8094447,18.4944357],[73.8094479,18.4944475],[73.8094819,18.4944393],[73.8094848,18.49445],[73.8095044,18.4944452],[73.8095008,18.4944318],[73.8095347,18.4944236],[73.8095306,18.4944084],[73.8095581,18.4944017],[73.8095619,18.4944158],[73.8095765,18.4944123],[73.8095733,18.4944003],[73.8095998,18.4943939],[73.8096028,18.4944051],[73.8096073,18.494404],[73.8096106,18.4944162],[73.8096226,18.4944133],[73.8096298,18.4944401],[73.8095944,18.4944486],[73.809596,18.4944545],[73.8095994,18.4944537],[73.8096069,18.4944817],[73.809608,18.4944815],[73.8096126,18.4944984],[73.8096514,18.494489],[73.8096574,18.4945113],[73.8096465,18.4945139],[73.8096553,18.4945466],[73.8096207,18.494555],[73.8096169,18.4945407],[73.8095956,18.4945458],[73.8095988,18.494558],[73.8095738,18.4945641],[73.8095703,18.4945511],[73.8095384,18.4945588],[73.8095349,18.4945456],[73.8094895,18.4945566],[73.8094972,18.4945849],[73.8094646,18.4945928],[73.8094575,18.4945665],[73.8094381,18.4945712],[73.8094451,18.4945973],[73.8094154,18.4946045],[73.8094088,18.4945798],[73.8093924,18.4945838],[73.8093861,18.4945607],[73.8094287,18.4945504],[73.8094146,18.4944981],[73.8093762,18.4945073],[73.8093692,18.4944813]]]]}},
{"type":"Feature","properties":{"osm_id":"220481282","code":1500,"fclass":"building","name":"","type":""},"geometry":{"type":"MultiPolygon","coordinates":[[[[73.8097073,18.4955785],[73.8097159,18.4955764],[73.8097089,18.4955506],[73.8097357,18.4955441],[73.8097394,18.4955577],[73.8097574,18.4955533],[73.8097538,18.4955399],[73.8097828,18.4955329],[73.809786,18.4955447],[73.80982,18.4955364],[73.8098229,18.4955472],[73.8098425,18.4955424],[73.8098389,18.495529],[73.8098727,18.4955208],[73.8098686,18.4955056],[73.8098962,18.4954989],[73.8099,18.495513],[73.8099146,18.4955095],[73.8099114,18.4954975],[73.8099378,18.4954911],[73.8099408,18.4955023],[73.8099454,18.4955012],[73.8099487,18.4955134],[73.8099607,18.4955105],[73.8099679,18.4955373],[73.8099325,18.4955458],[73.8099341,18.4955517],[73.8099375,18.4955509],[73.809945,18.4955789],[73.8099461,18.4955787],[73.8099506,18.4955956],[73.8099895,18.4955862],[73.8099955,18.4956085],[73.8099845,18.4956111],[73.8099933,18.4956438],[73.8099588,18.4956522],[73.809955,18.4956379],[73.8099336,18.495643],[73.8099369,18.4956552],[73.8099119,18.4956613],[73.8099084,18.4956483],[73.8098765,18.495656],[73.809873,18.4956428],[73.8098276,18.4956538],[73.8098353,18.4956821],[73.8098027,18.49569],[73.8097956,18.4956637],[73.8097761,18.4956684],[73.8097832,18.4956945],[73.8097535,18.4957017],[73.8097468,18.495677],[73.8097304,18.495681],[73.8097242,18.4956579],[73.8097667,18.4956476],[73.8097527,18.4955953],[73.8097143,18.4956045],[73.8097073,18.4955785]]]]}},
{"type":"Feature","properties":{"osm_id":"220481284","code":1500,"fclass":"building","name":"","type":""},"geometry":{"type":"MultiPolygon","coordinates":[[[[73.809427,18.494689],[73.8094355,18.494687],[73.8094286,18.4946612],[73.8094554,18.4946547],[73.809459,18.4946683],[73.8094771,18.4946639],[73.8094735,18.4946505],[73.8095024,18.4946435],[73.8095056,18.4946553],[73.8095397,18.494647],[73.8095426,18.4946577],[73.8095621,18.494653],[73.8095585,18.4946396],[73.8095924,18.4946314],[73.8095883,18.4946162],[73.8096158,18.4946095],[73.8096196,18.4946236],[73.8096342,18.4946201],[73.809631,18.4946081],[73.8096575,18.4946017],[73.8096605,18.4946128],[73.809665,18.4946117],[73.8096683,18.494624],[73.8096804,18.4946211],[73.8096876,18.4946478],[73.8096522,18.4946564],[73.8096538,18.4946623],[73.8096571,18.4946615],[73.8096647,18.4946895],[73.8096658,18.4946893],[73.8096703,18.4947062],[73.8097092,18.4946968],[73.8097152,18.494719],[73.8097042,18.4947217],[73.809713,18.4947544],[73.8096785,18.4947627],[73.8096746,18.4947484],[73.8096533,18.4947536],[73.8096566,18.4947658],[73.8096316,18.4947718],[73.8096281,18.4947588],[73.8095962,18.4947666],[73.8095926,18.4947534],[73.8095473,18.4947644],[73.8095549,18.4947927],[73.8095223,18.4948006],[73.8095153,18.4947743],[73.8094958,18.494779],[73.8095028,18.4948051],[73.8094731,18.4948123],[73.8094665,18.4947876],[73.8094501,18.4947916],[73.8094439,18.4947685],[73.8094864,18.4947582],[73.8094723,18.4947058],[73.809434,18.4947151],[73.809427,18.494689]]]]}},
{"type":"Feature","properties":{"osm_id":"220483485","code":1500,"fclass":"building","name":"","type":""},"geometry":{"type":"MultiPolygon","coordinates":[[[[73.8099377,18.4947447],[73.8100289,18.4947174],[73.8100314,18.4947248],[73.8100727,18.4947125],[73.8100676,18.4946972],[73.8101247,18.4946801],[73.8101434,18.4947363],[73.8101392,18.4947376],[73.810152,18.4947759],[73.8099849,18.494826],[73.8099667,18.4947713],[73.8099484,18.4947768],[73.8099377,18.4947447]]]]}},
{"type":"Feature","properties":{"osm_id":"220483486","code":1500,"fclass":"building","name":"","type":""},"geometry":{"type":"MultiPolygon","coordinates":[[[[73.8098611,18.4942986],[73.8098899,18.4942915],[73.8098824,18.4942638],[73.8099536,18.4942464],[73.8099507,18.4942356],[73.8099819,18.4942279],[73.8099853,18.4942402],[73.809988,18.4942395],[73.8100013,18.4942882],[73.8100178,18.4942842],[73.8100392,18.4943627],[73.8100215,18.494367],[73.8100244,18.4943774],[73.8099397,18.4943981],[73.8099371,18.4943886],[73.8098886,18.4944005],[73.8098673,18.4943221],[73.8098674,18.4943221],[73.8098611,18.4942986]]]]}},
{"type":"Feature","properties":{"osm_id":"220483487","code":1500,"fclass":"building","name":"","type":""},"geometry":{"type":"MultiPolygon","coordinates":[[[[73.8097602,18.4940338],[73.8097932,18.4940257],[73.8097886,18.494009],[73.8098155,18.4940024],[73.8098196,18.494017],[73.809909,18.493995],[73.8099266,18.4940593],[73.8099105,18.4940632],[73.8099195,18.494096],[73.8099217,18.4940954],[73.8099248,18.4941066],[73.809926,18.4941112],[73.8099328,18.4941359],[73.8099068,18.4941423],[73.8099029,18.4941281],[73.8098725,18.4941356],[73.8098686,18.4941213],[73.8097998,18.4941383],[73.8097884,18.4940966],[73.8097781,18.4940991],[73.8097602,18.4940338]]]]}},
{"type":"Feature","properties":{"osm_id":"220483488","code":1500,"fclass":"building","name":"","type":""},"geometry":{"type":"MultiPolygon","coordinates":[[[[73.8097082,18.4941714],[73.8097366,18.4941632],[73.8097409,18.4941768],[73.809823,18.4941532],[73.809826,18.4941625],[73.8098446,18.4941572],[73.8098697,18.4942356],[73.8098375,18.4942448],[73.8098492,18.4942812],[73.8098057,18.4942937],[73.8097903,18.4942456],[73.8097828,18.4942477],[73.8097918,18.4942758],[73.8097701,18.494282],[73.8097789,18.4943094],[73.809751,18.4943174],[73.8097419,18.4942891],[73.809734,18.4942914],[73.8097119,18.4942222],[73.8097234,18.4942189],[73.8097082,18.4941714]]]]}},
{"type":"Feature","properties":{"osm_id":"220483490","code":1500,"fclass":"building","name":"","type":""},"geometry":{"type":"MultiPolygon","coordinates":[[[[73.8100096,18.4951497],[73.8100267,18.4951458],[73.8100357,18.4951817],[73.8101174,18.4951632],[73.8101306,18.4952161],[73.8101273,18.4952168],[73.8101325,18.4952372],[73.8101267,18.4952385],[73.810136,18.4952757],[73.8101601,18.4952703],[73.8101649,18.4952895],[73.8101583,18.495291],[73.8101659,18.4953215],[73.8101399,18.4953274],[73.8101324,18.4952974],[73.8100946,18.495306],[73.8100993,18.4953245],[73.810065,18.4953322],[73.8100605,18.4953143],[73.8100566,18.4953151],[73.8100518,18.4952958],[73.8100577,18.4952944],[73.810051,18.4952677],[73.8100798,18.4952612],[73.8100771,18.4952502],[73.8100534,18.4952555],[73.8100482,18.4952347],[73.8100397,18.4952366],[73.810037,18.4952257],[73.8100291,18.4952275],[73.8100096,18.4951497]]]]}},
{"type":"Feature","properties":{"osm_id":"220483491","code":1500,"fclass":"building","name":"","type":""},"geometry":{"type":"MultiPolygon","coordinates":[[[[73.8096321,18.4938475],[73.8096774,18.4938371],[73.8096676,18.4937987],[73.8097059,18.4937899],[73.8097161,18.4938299],[73.8097182,18.4938294],[73.8097247,18.4938532],[73.8097256,18.4938568],[73.8097698,18.4938466],[73.8097617,18.4938147],[73.8097901,18.4938082],[73.8097871,18.4937964],[73.8098336,18.4937857],[73.8098459,18.4938339],[73.8098264,18.4938384],[73.8098355,18.493874],[73.8098626,18.4938678],[73.8098714,18.4939023],[73.8098688,18.4939029],[73.809878,18.4939393],[73.8098066,18.4939557],[73.8097974,18.4939198],[73.8097449,18.4939319],[73.8097546,18.4939701],[73.8097146,18.4939793],[73.8097049,18.4939415],[73.8096614,18.4939515],[73.8096526,18.4939169],[73.809696,18.4939069],[73.8096855,18.4938655],[73.8096394,18.4938761],[73.8096321,18.4938475]]]]}},
{"type":"Feature","properties":{"osm_id":"220483492","code":1500,"fclass":"building","name":"","type":""},"geometry":{"type":"MultiPolygon","coordinates":[[[[73.8101389,18.4951213],[73.8101768,18.4951128],[73.8101845,18.495144],[73.8102189,18.4951363],[73.8102117,18.4951075],[73.8102551,18.4950978],[73.8102621,18.4951258],[73.8102648,18.4951252],[73.8102718,18.4951535],[73.8102365,18.4951614],[73.810242,18.4951836],[73.8102478,18.4951823],[73.8102544,18.4952087],[73.8102444,18.4952109],[73.8102486,18.495228],[73.810291,18.4952185],[73.8103058,18.495278],[73.8102495,18.4952906],[73.810245,18.4952725],[73.8102118,18.4952799],[73.8102165,18.4952987],[73.8101959,18.4953033],[73.8101876,18.4952701],[73.8101915,18.4952692],[73.8101812,18.495228],[73.8101601,18.4952328],[73.8101535,18.4952066],[73.810172,18.4952024],[73.810166,18.4951785],[73.810155,18.4951809],[73.8101526,18.4951714],[73.8101514,18.4951717],[73.8101389,18.4951213]]]]}},
{"type":"Feature","properties":{"osm_id":"220483493","code":1500,"fclass":"building","name":"","type":""},"geometry":{"type":"MultiPolygon","coordinates":[[[[73.8099368,18.4949372],[73.8099653,18.4949287],[73.8099583,18.4949076],[73.810006,18.4948933],[73.8100275,18.494958],[73.8100397,18.4949544],[73.810043,18.4949644],[73.8100597,18.4949595],[73.8100568,18.4949508],[73.810069,18.4949471],[73.8100534,18.4949004],[73.8100762,18.4948936],[73.8100654,18.4948609],[73.8101472,18.4948365],[73.8101662,18.4948936],[73.8101025,18.4949126],[73.8101099,18.494935],[73.8101293,18.4949292],[73.8101347,18.4949454],[73.8101742,18.4949336],[73.8101894,18.4949794],[73.8101396,18.4949943],[73.8101338,18.4949769],[73.8101095,18.4949841],[73.8101191,18.4950133],[73.8101332,18.4950091],[73.8101436,18.4950405],[73.8101026,18.4950528],[73.8100968,18.4950352],[73.8100702,18.4950431],[73.8100743,18.4950554],[73.8099892,18.4950808],[73.8099723,18.4950298],[73.8099586,18.4950339],[73.8099438,18.4949894],[73.8099532,18.4949866],[73.8099368,18.4949372]]]]}},
{"type":"Feature","properties":{"osm_id":"220483494","code":1500,"fclass":"building","name":"","type":""},"geometry":{"type":"MultiPolygon","coordinates":[[[[73.8095471,18.49358],[73.8096112,18.4935666],[73.8096196,18.4936027],[73.809704,18.4935875],[73.8096967,18.493556],[73.809712,18.4935529],[73.809706,18.493527],[73.8097453,18.4935188],[73.8097594,18.4935795],[73.8097738,18.4935765],[73.8097803,18.4936045],[73.8097401,18.4936129],[73.8097459,18.4936378],[73.8097652,18.4936337],[73.8097707,18.4936574],[73.8097896,18.4936535],[73.8097988,18.4936934],[73.8097617,18.4937012],[73.8097698,18.4937363],[73.8097416,18.4937422],[73.809734,18.4937094],[73.8096718,18.4937224],[73.8096796,18.4937558],[73.8096408,18.4937639],[73.8096337,18.4937332],[73.809594,18.4937415],[73.8095848,18.4937018],[73.8096265,18.4936931],[73.8096153,18.4936451],[73.8095787,18.4936527],[73.8095711,18.49362],[73.8095571,18.4936229],[73.8095471,18.49358]]]]}},
{"type":"Feature","properties":{"osm_id":"220489212","code":1500,"fclass":"building","name":"","type":""},"geometry":{"type":"MultiPolygon","coordinates":[[[[73.81065,18.4947519],[73.8106991,18.4947483],[73.8106974,18.4947274],[73.810785,18.4947209],[73.810787,18.494745],[73.8108395,18.4947411],[73.8108464,18.4948246],[73.8106723,18.4948374],[73.8106686,18.4947927],[73.8106535,18.4947938],[73.81065,18.4947519]]]]}},
{"type":"Feature","properties":{"osm_id":"220489213","code":1500,"fclass":"building","name":"","type":""},"geometry":{"type":"MultiPolygon","coordinates":[[[[73.8099976,18.4936317],[73.8100958,18.4936171],[73.8100974,18.4936269],[73.8101877,18.4936135],[73.8102082,18.4937376],[73.8101296,18.4937493],[73.8101315,18.493761],[73.8100182,18.4937779],[73.8100096,18.4937261],[73.8100308,18.4937229],[73.8100224,18.4936717],[73.8100047,18.4936744],[73.8099976,18.4936317]]]]}},
{"type":"Feature","properties":{"osm_id":"220489214","code":1500,"fclass":"building","name":"","type":""},"geometry":{"type":"MultiPolygon","coordinates":[[[[73.8103127,18.4946275],[73.8103304,18.4946253],[73.8103262,18.4945949],[73.8103675,18.4945897],[73.8103651,18.4945726],[73.8104408,18.4945632],[73.8104431,18.4945793],[73.810485,18.494574],[73.8105023,18.4946977],[73.810344,18.4947175],[73.8103393,18.4946836],[73.8103209,18.4946859],[73.8103127,18.4946275]]]]}},
{"type":"Feature","properties":{"osm_id":"220489215","code":1500,"fclass":"building","name":"","type":""},"geometry":{"type":"MultiPolygon","coordinates":[[[[73.8100781,18.4938638],[73.8100976,18.493861],[73.8100922,18.4938277],[73.8102406,18.493806],[73.8102639,18.49395],[73.8101162,18.4939716],[73.8101117,18.4939444],[73.8100953,18.4939468],[73.81009,18.493914],[73.8101061,18.4939117],[73.8101027,18.4938904],[73.8100828,18.4938933],[73.8100781,18.4938638]]]]}},
{"type":"Feature","properties":{"osm_id":"220489216","code":1500,"fclass":"building","name":"","type":""},"geometry":{"type":"MultiPolygon","coordinates":[[[[73.8104554,18.4947923],[73.8105141,18.4947825],[73.8105056,18.4947363],[73.8105758,18.4947246],[73.8106031,18.4948721],[73.8105345,18.4948835],[73.8105323,18.494872],[73.8104714,18.4948821],[73.8104643,18.4948439],[73.8104969,18.4948385],[73.8104932,18.4948187],[73.8104613,18.494824],[73.8104554,18.4947923]]]]}},
{"type":"Feature","properties":{"osm_id":"220489217","code":1500,"fclass":"building","name":"","type":""},"geometry":{"type":"MultiPolygon","coordinates":[[[[73.810559,18.4944176],[73.8105991,18.4944134],[73.8105993,18.4944151],[73.810629,18.494412],[73.8106244,18.4943724],[73.8106439,18.4943704],[73.8106388,18.4943271],[73.8107133,18.4943193],[73.8107227,18.4944001],[73.8107373,18.4943986],[73.8107446,18.4944613],[73.8105823,18.4944783],[73.8105804,18.4944619],[73.8105643,18.4944636],[73.810559,18.4944176]]]]}},
{"type":"Feature","properties":{"osm_id":"220489218","code":1500,"fclass":"building","name":"","type":""},"geometry":{"type":"MultiPolygon","coordinates":[[[[73.8105475,18.4953577],[73.8106012,18.49535],[73.8106039,18.4953669],[73.8106642,18.4953583],[73.8106555,18.4953032],[73.8107055,18.495296],[73.8107126,18.4953408],[73.810738,18.4953372],[73.8107418,18.4953611],[73.8107504,18.4953599],[73.8107565,18.4953983],[73.8105542,18.4954272],[73.8105485,18.4953914],[73.8105528,18.4953908],[73.8105475,18.4953577]]]]}},
{"type":"Feature","properties":{"osm_id":"220489219","code":1500,"fclass":"building","name":"","type":""},"geometry":{"type":"MultiPolygon","coordinates":[[[[73.8106376,18.4945381],[73.8106767,18.4945326],[73.8106742,18.4945166],[73.8107394,18.4945074],[73.8107419,18.4945238],[73.8107554,18.4945219],[73.8107596,18.4945491],[73.8107801,18.4945462],[73.8107933,18.4946313],[73.8107671,18.4946349],[73.8107686,18.4946444],[73.8107002,18.494654],[73.8106988,18.4946448],[73.8106545,18.494651],[73.8106412,18.494566],[73.8106419,18.4945659],[73.8106376,18.4945381]]]]}},
{"type":"Feature","properties":{"osm_id":"220489220","code":1500,"fclass":"building","name":"","type":""},"geometry":{"type":"MultiPolygon","coordinates":[[[[73.8103874,18.4939735],[73.8104535,18.4939672],[73.8104567,18.4939974],[73.8105264,18.4939908],[73.8105225,18.4939538],[73.8105699,18.4939493],[73.8105747,18.4939941],[73.8105519,18.4939963],[73.8105614,18.4940863],[73.8104925,18.4940929],[73.8104932,18.4940988],[73.810407,18.494107],[73.8104035,18.4940733],[73.8104277,18.494071],[73.8104217,18.4940144],[73.8103921,18.4940173],[73.8103874,18.4939735]]]]}},
{"type":"Feature","properties":{"osm_id":"220489221","code":1500,"fclass":"building","name":"","type":""},"geometry":{"type":"MultiPolygon","coordinates":[[[[73.8102511,18.4943942],[73.8103507,18.4943826],[73.8103545,18.4944113],[73.8103871,18.4944075],[73.8103833,18.4943785],[73.8104351,18.4943724],[73.8104431,18.4944339],[73.8104349,18.4944349],[73.8104432,18.4944989],[73.8103921,18.4945049],[73.810394,18.4945196],[73.810322,18.494528],[73.8103203,18.4945155],[73.810289,18.4945192],[73.8102856,18.4944931],[73.8102642,18.4944956],[73.8102511,18.4943942]]]]}},
{"type":"Feature","properties":{"osm_id":"220489222","code":1500,"fclass":"building","name":"","type":""},"geometry":{"type":"MultiPolygon","coordinates":[[[[73.8107488,18.495078],[73.8108443,18.495069],[73.8108457,18.4950823],[73.8109279,18.4950746],[73.8109255,18.4950514],[73.8109605,18.4950481],[73.810969,18.4951297],[73.8109725,18.4951628],[73.8109949,18.4951606],[73.8109983,18.4951925],[73.8108327,18.4952081],[73.8108297,18.4951798],[73.8108444,18.4951785],[73.8108418,18.4951537],[73.8107725,18.4951602],[73.810768,18.4951175],[73.8107531,18.495119],[73.8107488,18.495078]]]]}},
{"type":"Feature","properties":{"osm_id":"220489223","code":1500,"fclass":"building","name":"","type":""},"geometry":{"type":"MultiPolygon","coordinates":[[[[73.8104764,18.4941581],[73.8105184,18.4941528],[73.8105205,18.4941675],[73.8105418,18.4941648],[73.8105396,18.4941487],[73.8105999,18.494141],[73.810602,18.4941553],[73.810667,18.494147],[73.8106795,18.4942351],[73.8106857,18.4942343],[73.8106908,18.4942699],[73.8106473,18.4942755],[73.8106453,18.4942611],[73.8105514,18.4942731],[73.810554,18.4942916],[73.8104993,18.4942986],[73.810493,18.4942543],[73.8105071,18.4942525],[73.8104996,18.4941998],[73.8104827,18.494202],[73.8104764,18.4941581]]]]}},
{"type":"Feature","properties":{"osm_id":"220489224","code":1500,"fclass":"building","name":"","type":""},"geometry":{"type":"MultiPolygon","coordinates":[[[[73.8102802,18.4936177],[73.8103044,18.4936142],[73.8103074,18.4936335],[73.8103628,18.4936255],[73.8103594,18.493604],[73.8103841,18.4936005],[73.8103874,18.4936211],[73.8104381,18.4936139],[73.8104345,18.4935919],[73.8104991,18.4935826],[73.8105107,18.4936548],[73.8104695,18.4936607],[73.8104737,18.493687],[73.8104076,18.4936965],[73.8104107,18.4937156],[73.8103817,18.4937198],[73.8103788,18.4937017],[73.8103045,18.4937124],[73.8102978,18.4936705],[73.8102888,18.4936718],[73.8102802,18.4936177]]]]}},
{"type":"Feature","properties":{"osm_id":"220489225","code":1500,"fclass":"building","name":"","type":""},"geometry":{"type":"MultiPolygon","coordinates":[[[[73.810817,18.49526],[73.8110057,18.4952338],[73.8110152,18.4952956],[73.8109647,18.4953026],[73.8109695,18.4953337],[73.8110058,18.4953287],[73.8110067,18.4953345],[73.8110223,18.4953324],[73.8110272,18.4953642],[73.8109889,18.4953695],[73.8109874,18.4953594],[73.8108803,18.4953742],[73.8108826,18.4953896],[73.8108611,18.4953926],[73.8108586,18.495376],[73.8108526,18.4953768],[73.8108483,18.4953486],[73.8108895,18.4953429],[73.8108848,18.4953125],[73.8108264,18.4953206],[73.810817,18.49526]]]]}},
{"type":"Feature","properties":{"osm_id":"220489226","code":1500,"fclass":"building","name":"","type":""},"geometry":{"type":"MultiPolygon","coordinates":[[[[73.8104695,18.4951614],[73.8105705,18.4951468],[73.8105732,18.4951636],[73.8105991,18.4951599],[73.8105957,18.495139],[73.8107058,18.4951231],[73.8107161,18.4951871],[73.8107035,18.4951889],[73.810706,18.4952047],[73.8107265,18.4952017],[73.8107331,18.4952425],[73.8106598,18.4952531],[73.810658,18.4952419],[73.810573,18.4952542],[73.8105748,18.4952648],[73.8105092,18.4952743],[73.8105076,18.4952645],[73.8104986,18.4952658],[73.8104907,18.4952166],[73.8104786,18.4952184],[73.8104695,18.4951614]]]]}},
{"type":"Feature","properties":{"osm_id":"220489227","code":1500,"fclass":"building","name":"","type":""},"geometry":{"type":"MultiPolygon","coordinates":[[[[73.8101853,18.4942202],[73.8102759,18.4942071],[73.8102768,18.4942126],[73.8103428,18.494203],[73.8103414,18.4941943],[73.8103896,18.4941874],[73.8103958,18.494226],[73.8103735,18.4942293],[73.8103801,18.4942705],[73.8104136,18.4942656],[73.810422,18.4943178],[73.8103825,18.4943235],[73.8103796,18.4943053],[73.8102903,18.4943183],[73.8102914,18.4943251],[73.8102061,18.4943375],[73.8102003,18.4943013],[73.8102386,18.4942957],[73.8102326,18.4942583],[73.8101924,18.4942641],[73.8101853,18.4942202]]]]}},
{"type":"Feature","properties":{"osm_id":"220489228","code":1500,"fclass":"building","name":"","type":""},"geometry":{"type":"MultiPolygon","coordinates":[[[[73.8099006,18.4932852],[73.809961,18.4932768],[73.8099659,18.4933085],[73.8099976,18.4933041],[73.8099914,18.4932641],[73.8100858,18.4932509],[73.8100904,18.493281],[73.8101028,18.4932793],[73.8101137,18.4933497],[73.8101411,18.4933459],[73.8101464,18.4933805],[73.8100618,18.4933923],[73.8100594,18.4933774],[73.8100102,18.4933842],[73.8100063,18.4933594],[73.8099772,18.4933635],[73.8099821,18.493395],[73.8099139,18.4934045],[73.8099075,18.493363],[73.8099272,18.4933602],[73.8099221,18.4933274],[73.8099074,18.4933294],[73.8099006,18.4932852]]]]}},
{"type":"Feature","properties":{"osm_id":"220489229","code":1500,"fclass":"building","name":"","type":""},"geometry":{"type":"MultiPolygon","coordinates":[[[[73.8102249,18.4934423],[73.8103028,18.4934323],[73.8103046,18.4934449],[73.8103375,18.4934407],[73.8103429,18.4934783],[73.8103608,18.493476],[73.8103557,18.4934402],[73.8104312,18.4934306],[73.8104374,18.493474],[73.8104405,18.493496],[73.8104574,18.4934938],[73.8104635,18.4935369],[73.8103591,18.4935502],[73.8103563,18.4935309],[73.8103141,18.4935363],[73.810316,18.4935498],[73.8102527,18.4935579],[73.8102495,18.4935349],[73.8102632,18.4935332],[73.8102584,18.4934995],[73.8102466,18.493501],[73.8102419,18.4934682],[73.8102288,18.4934699],[73.8102249,18.4934423]]]]}},
{"type":"Feature","properties":{"osm_id":"220489230","code":1500,"fclass":"building","name":"","type":""},"geometry":{"type":"MultiPolygon","coordinates":[[[[73.8099694,18.4934571],[73.8100531,18.4934443],[73.8100582,18.4934746],[73.8100764,18.4934719],[73.8100703,18.4934361],[73.8101551,18.4934232],[73.8101622,18.4934654],[73.8101399,18.4934688],[73.8101429,18.4934864],[73.8101696,18.4934823],[73.8101829,18.4935605],[73.8101392,18.4935672],[73.8101345,18.4935398],[73.8101013,18.4935448],[73.8101034,18.4935572],[73.8100434,18.4935664],[73.8100413,18.4935543],[73.8100209,18.4935574],[73.8100259,18.4935869],[73.8099799,18.4935939],[73.8099708,18.4935406],[73.809989,18.4935379],[73.8099826,18.4934999],[73.8099768,18.4935008],[73.8099694,18.4934571]]]]}},
{"type":"Feature","properties":{"osm_id":"220489231","code":1500,"fclass":"building","name":"","type":""},"geometry":{"type":"MultiPolygon","coordinates":[[[[73.810132,18.4940234],[73.810181,18.4940156],[73.810184,18.4940322],[73.8102265,18.4940254],[73.8102231,18.4940067],[73.8103256,18.4939904],[73.8103315,18.4940239],[73.8103075,18.4940278],[73.8103187,18.4940908],[73.8103447,18.4940866],[73.8103503,18.4941186],[73.8102968,18.4941272],[73.8102966,18.4941258],[73.810263,18.4941312],[73.810265,18.4941421],[73.8102267,18.4941482],[73.8102251,18.4941387],[73.8102085,18.4941414],[73.8102096,18.4941475],[73.8101606,18.4941553],[73.8101535,18.4941155],[73.8101815,18.494111],[73.8101721,18.4940585],[73.8101391,18.4940637],[73.810132,18.4940234]]]]}},
{"type":"Feature","properties":{"osm_id":"220489232","code":1500,"fclass":"building","name":"","type":""},"geometry":{"type":"MultiPolygon","coordinates":[[[[73.8106958,18.4949214],[73.8107351,18.4949156],[73.8107356,18.4949185],[73.8108629,18.4948997],[73.8108606,18.494886],[73.8109008,18.49488],[73.8109056,18.494909],[73.8108901,18.4949112],[73.8108952,18.494942],[73.8109068,18.4949403],[73.8109138,18.494983],[73.8108722,18.4949892],[73.8108698,18.4949746],[73.8108318,18.4949802],[73.8108345,18.4949963],[73.8107885,18.4950031],[73.810786,18.4949875],[73.8107579,18.4949916],[73.8107599,18.4950036],[73.8107136,18.4950104],[73.8107082,18.4949776],[73.8107182,18.4949761],[73.810714,18.4949505],[73.8107009,18.4949525],[73.8106958,18.4949214]]]]}},
{"type":"Feature","properties":{"osm_id":"220489233","code":1500,"fclass":"building","name":"","type":""},"geometry":{"type":"MultiPolygon","coordinates":[[[[73.810399,18.493776],[73.8104495,18.4937709],[73.8104514,18.4937878],[73.8105152,18.4937814],[73.8105138,18.4937687],[73.8105706,18.493763],[73.8105752,18.4938037],[73.8105429,18.4938069],[73.8105449,18.4938253],[73.8105578,18.493824],[73.8105642,18.4938823],[73.8105522,18.4938836],[73.8105535,18.4938958],[73.8105855,18.4938927],[73.8105886,18.4939204],[73.8105334,18.4939259],[73.8105318,18.4939112],[73.8104711,18.4939173],[73.8104726,18.4939308],[73.8104228,18.4939357],[73.8104178,18.49389],[73.8104269,18.4938891],[73.8104188,18.4938163],[73.8104036,18.4938178],[73.810399,18.493776]]]]}}
]
}
