{
  "type": "FeatureCollection",
  "generator": "overpass-turbo",
  "copyright": "The data included in this document is from www.openstreetmap.org. The data is made available under ODbL.",
  "timestamp": "2026-09-15T10:46:36Z",
  "features": [
    {
      "type": "Feature",
      "properties": {
        "@id": "relation/9447725",
        "landuse": "orchard",
        "type": "multipolygon"
      },
      "geometry": {
        "type": "Polygon",
        "coordinates": [
          [
            [
              73.7165825,
              19.9674086
            ],
            [
              73.7155457,
              19.9676624
            ],
            [
              73.7153485,
              19.9659944
            ],
            [
              73.7149911,
              19.966145
            ],
            [
              73.7143995,
              19.9664809
            ],
            [
              73.713808,
              19.966562
            ],
            [
              73.7133643,
              19.9663767
            ],
            [
              73.7132164,
              19.965033
            ],
            [
              73.712021,
              19.9649867
            ],
            [
              73.712021,
              19.9660524
            ],
            [
              73.7103942,
              19.9660408
            ],
            [
              73.7104435,
              19.9647434
            ],
            [
              73.713315,
              19.9647666
            ],
            [
              73.7126125,
              19.9618938
            ],
            [
              73.71016,
              19.9619633
            ],
            [
              73.7095315,
              19.9596929
            ],
            [
              73.7067216,
              19.9597972
            ],
            [
              73.7063765,
              19.957295
            ],
            [
              73.7090385,
              19.9576657
            ],
            [
              73.7089769,
              19.9558818
            ],
            [
              73.7110597,
              19.9559165
            ],
            [
              73.7106037,
              19.9534027
            ],
            [
              73.7088167,
              19.9533448
            ],
            [
              73.7085455,
              19.9519662
            ],
            [
              73.7061793,
              19.9513639
            ],
            [
              73.7067708,
              19.9497652
            ],
            [
              73.7069804,
              19.9469153
            ],
            [
              73.7084962,
              19.946869
            ],
            [
              73.7082744,
              19.9445288
            ],
            [
              73.7078554,
              19.9446679
            ],
            [
              73.7074117,
              19.9447605
            ],
            [
              73.7063025,
              19.9447721
            ],
            [
              73.7063149,
              19.9401496
            ],
            [
              73.7086471,
              19.939988
            ],
            [
              73.7084325,
              19.9416722
            ],
            [
              73.7101448,
              19.9419829
            ],
            [
              73.7113443,
              19.9409774
            ],
            [
              73.7124547,
              19.9421776
            ],
            [
              73.7136,
              19.9437257
            ],
            [
              73.7141097,
              19.9443762
            ],
            [
              73.7148312,
              19.9453141
            ],
            [
              73.7153998,
              19.945768
            ],
            [
              73.7173551,
              19.9468799
            ],
            [
              73.7184092,
              19.9474925
            ],
            [
              73.7190717,
              19.9479741
            ],
            [
              73.7207374,
              19.9494944
            ],
            [
              73.7228832,
              19.9512896
            ],
            [
              73.7227946,
              19.9522022
            ],
            [
              73.7208098,
              19.9523283
            ],
            [
              73.7206838,
              19.9522325
            ],
            [
              73.7199891,
              19.9522501
            ],
            [
              73.7190797,
              19.9523966
            ],
            [
              73.7196728,
              19.9548065
            ],
            [
              73.7175993,
              19.9553157
            ],
            [
              73.7186454,
              19.9578661
            ],
            [
              73.718935,
              19.9582084
            ],
            [
              73.719047,
              19.958722
            ],
            [
              73.7195879,
              19.9595064
            ],
            [
              73.718905,
              19.9599677
            ],
            [
              73.7187542,
              19.9600954
            ],
            [
              73.7187437,
              19.9600654
            ],
            [
              73.7182291,
              19.9585761
            ],
            [
              73.7173279,
              19.9588887
            ],
            [
              73.7172635,
              19.9585458
            ],
            [
              73.7171739,
              19.9583568
            ],
            [
              73.7168665,
              19.9582836
            ],
            [
              73.7167378,
              19.9583341
            ],
            [
              73.7165446,
              19.9581223
            ],
            [
              73.7162657,
              19.9571542
            ],
            [
              73.715976,
              19.9567508
            ],
            [
              73.7155898,
              19.9564583
            ],
            [
              73.7152572,
              19.9562264
            ],
            [
              73.7151714,
              19.9560146
            ],
            [
              73.7146671,
              19.9546129
            ],
            [
              73.7145491,
              19.9546028
            ],
            [
              73.7142916,
              19.9546229
            ],
            [
              73.7141376,
              19.9546961
            ],
            [
              73.7139445,
              19.9547868
            ],
            [
              73.7138517,
              19.9547843
            ],
            [
              73.7134081,
              19.9543935
            ],
            [
              73.7132724,
              19.9543708
            ],
            [
              73.71309,
              19.9544616
            ],
            [
              73.7130792,
              19.9546532
            ],
            [
              73.7137122,
              19.9561861
            ],
            [
              73.7137444,
              19.9566197
            ],
            [
              73.713959,
              19.9570634
            ],
            [
              73.714007,
              19.9570964
            ],
            [
              73.7130008,
              19.957248
            ],
            [
              73.712887,
              19.9573665
            ],
            [
              73.712761,
              19.9577104
            ],
            [
              73.713261,
              19.9588224
            ],
            [
              73.7138221,
              19.9587765
            ],
            [
              73.7144319,
              19.9601484
            ],
            [
              73.7162166,
              19.9634996
            ],
            [
              73.7174525,
              19.9633926
            ],
            [
              73.7180461,
              19.9643211
            ],
            [
              73.7167248,
              19.9644281
            ],
            [
              73.7165825,
              19.9674086
            ]
          ],
          [
            [
              73.7096248,
              19.9462673
            ],
            [
              73.7097536,
              19.9463127
            ],
            [
              73.709775,
              19.9462622
            ],
            [
              73.7098461,
              19.9463154
            ],
            [
              73.7098984,
              19.9463177
            ],
            [
              73.7099199,
              19.9462774
            ],
            [
              73.7099306,
              19.946232
            ],
            [
              73.7099306,
              19.9461765
            ],
            [
              73.7099306,
              19.946111
            ],
            [
              73.7099199,
              19.9460656
            ],
            [
              73.7098501,
              19.9460202
            ],
            [
              73.7097911,
              19.945995
            ],
            [
              73.7097214,
              19.9460051
            ],
            [
              73.7096959,
              19.9460885
            ],
            [
              73.7096731,
              19.9461614
            ],
            [
              73.7096087,
              19.9461916
            ],
            [
              73.7096248,
              19.9462673
            ]
          ],
          [
            [
              73.7093995,
              19.9461866
            ],
            [
              73.709476,
              19.9462499
            ],
            [
              73.7095296,
              19.9461793
            ],
            [
              73.7095873,
              19.9461059
            ],
            [
              73.7096422,
              19.9459978
            ],
            [
              73.7096101,
              19.9458767
            ],
            [
              73.7096087,
              19.9457479
            ],
            [
              73.7095604,
              19.9456571
            ],
            [
              73.7094424,
              19.9456571
            ],
            [
              73.709362,
              19.9457025
            ],
            [
              73.7093566,
              19.9457933
            ],
            [
              73.709362,
              19.9458891
            ],
            [
              73.7093781,
              19.9459748
            ],
            [
              73.7093995,
              19.9461866
            ]
          ],
          [
            [
              73.7086112,
              19.9456823
            ],
            [
              73.7089771,
              19.9459019
            ],
            [
              73.7091326,
              19.9460179
            ],
            [
              73.7091903,
              19.9459799
            ],
            [
              73.7091903,
              19.9458538
            ],
            [
              73.7091796,
              19.9457479
            ],
            [
              73.7091688,
              19.9456218
            ],
            [
              73.7091796,
              19.9455008
            ],
            [
              73.7091206,
              19.9453495
            ],
            [
              73.7090455,
              19.9452537
            ],
            [
              73.7089489,
              19.9451831
            ],
            [
              73.7086646,
              19.9451125
            ],
            [
              73.7085844,
              19.9451125
            ],
            [
              73.7084996,
              19.9451556
            ],
            [
              73.7084932,
              19.9452739
            ],
            [
              73.7085415,
              19.9453798
            ],
            [
              73.7086327,
              19.9453848
            ],
            [
              73.7087719,
              19.9453646
            ],
            [
              73.7089006,
              19.9453848
            ],
            [
              73.7089596,
              19.9454958
            ],
            [
              73.7089435,
              19.9456117
            ],
            [
              73.7088966,
              19.94567
            ],
            [
              73.7088416,
              19.9455815
            ],
            [
              73.7087504,
              19.9455815
            ],
            [
              73.7086112,
              19.9456823
            ]
          ],
          [
            [
              73.7115936,
              19.9473918
            ],
            [
              73.7116204,
              19.9474472
            ],
            [
              73.71167,
              19.947445
            ],
            [
              73.7117223,
              19.9473767
            ],
            [
              73.7117759,
              19.9473464
            ],
            [
              73.7118832,
              19.9473111
            ],
            [
              73.711953,
              19.9472455
            ],
            [
              73.7119905,
              19.9471497
            ],
            [
              73.7119919,
              19.9470264
            ],
            [
              73.7119691,
              19.9469682
            ],
            [
              73.7118779,
              19.9469833
            ],
            [
              73.7118028,
              19.9470136
            ],
            [
              73.7116579,
              19.9470338
            ],
            [
              73.7115936,
              19.9470438
            ],
            [
              73.7115775,
              19.9471699
            ],
            [
              73.7115936,
              19.9473918
            ]
          ],
          [
            [
              73.7121354,
              19.9483146
            ],
            [
              73.7121085,
              19.9480977
            ],
            [
              73.7121085,
              19.9479263
            ],
            [
              73.7121246,
              19.9478305
            ],
            [
              73.71213,
              19.9477095
            ],
            [
              73.7121193,
              19.9475834
            ],
            [
              73.7120764,
              19.9474523
            ],
            [
              73.7119905,
              19.9473918
            ],
            [
              73.7118189,
              19.9474422
            ],
            [
              73.7116955,
              19.9475229
            ],
            [
              73.7116485,
              19.9477022
            ],
            [
              73.7116633,
              19.9479213
            ],
            [
              73.7117129,
              19.9481207
            ],
            [
              73.7117612,
              19.9482619
            ],
            [
              73.711788,
              19.9483476
            ],
            [
              73.7118792,
              19.9483829
            ],
            [
              73.7119798,
              19.9484003
            ],
            [
              73.7120495,
              19.9483902
            ],
            [
              73.7121354,
              19.9483146
            ]
          ],
          [
            [
              73.7109284,
              19.9485717
            ],
            [
              73.7110142,
              19.9486575
            ],
            [
              73.7111805,
              19.9486373
            ],
            [
              73.7112891,
              19.9485745
            ],
            [
              73.7113253,
              19.9484306
            ],
            [
              73.7112878,
              19.9482087
            ],
            [
              73.7112234,
              19.9479969
            ],
            [
              73.7111322,
              19.9478204
            ],
            [
              73.7110142,
              19.9476338
            ],
            [
              73.710923,
              19.9474977
            ],
            [
              73.7108653,
              19.9474349
            ],
            [
              73.7108157,
              19.947417
            ],
            [
              73.710746,
              19.9474422
            ],
            [
              73.7107835,
              19.947649
            ],
            [
              73.7107513,
              19.9477347
            ],
            [
              73.7107084,
              19.9478053
            ],
            [
              73.710628,
              19.9479213
            ],
            [
              73.7106226,
              19.9480221
            ],
            [
              73.7107782,
              19.9482591
            ],
            [
              73.7108801,
              19.9484457
            ],
            [
              73.7109284,
              19.9485717
            ]
          ],
          [
            [
              73.7110518,
              19.9508409
            ],
            [
              73.7112931,
              19.9508762
            ],
            [
              73.7115775,
              19.9508661
            ],
            [
              73.7127415,
              19.9505938
            ],
            [
              73.7128113,
              19.9504627
            ],
            [
              73.7128006,
              19.9503366
            ],
            [
              73.7127469,
              19.9502358
            ],
            [
              73.7126128,
              19.9500795
            ],
            [
              73.7125323,
              19.9500038
            ],
            [
              73.7124304,
              19.9499332
            ],
            [
              73.7121675,
              19.949671
            ],
            [
              73.7120388,
              19.9494189
            ],
            [
              73.7120173,
              19.9492374
            ],
            [
              73.7120495,
              19.9489701
            ],
            [
              73.7120227,
              19.948844
            ],
            [
              73.7119637,
              19.9487079
            ],
            [
              73.7119262,
              19.9486323
            ],
            [
              73.7117491,
              19.9486524
            ],
            [
              73.7116633,
              19.9487381
            ],
            [
              73.7116365,
              19.9488289
            ],
            [
              73.7116646,
              19.9489981
            ],
            [
              73.7116794,
              19.9491315
            ],
            [
              73.7115882,
              19.9491264
            ],
            [
              73.7115721,
              19.9490508
            ],
            [
              73.7115292,
              19.9488995
            ],
            [
              73.7114755,
              19.9487835
            ],
            [
              73.7114004,
              19.9487432
            ],
            [
              73.7112824,
              19.9487432
            ],
            [
              73.7110893,
              19.9487987
            ],
            [
              73.7110477,
              19.9488771
            ],
            [
              73.7110692,
              19.9490384
            ],
            [
              73.7111054,
              19.9490911
            ],
            [
              73.7111698,
              19.9491466
            ],
            [
              73.7113106,
              19.9492452
            ],
            [
              73.7113481,
              19.9493006
            ],
            [
              73.7111966,
              19.9492827
            ],
            [
              73.7110947,
              19.9492374
            ],
            [
              73.7110477,
              19.9492855
            ],
            [
              73.7111376,
              19.9495298
            ],
            [
              73.711202,
              19.9497567
            ],
            [
              73.711261,
              19.949903
            ],
            [
              73.7113159,
              19.9500016
            ],
            [
              73.7112194,
              19.9502335
            ],
            [
              73.7110263,
              19.9504251
            ],
            [
              73.7109243,
              19.9505562
            ],
            [
              73.7109243,
              19.9507025
            ],
            [
              73.7109673,
              19.9507529
            ],
            [
              73.7110518,
              19.9508409
            ]
          ],
          [
            [
              73.7123231,
              19.9527267
            ],
            [
              73.7123875,
              19.9527368
            ],
            [
              73.7124358,
              19.9527217
            ],
            [
              73.7125431,
              19.9526763
            ],
            [
              73.7126021,
              19.952636
            ],
            [
              73.7126986,
              19.9525603
            ],
            [
              73.7126664,
              19.9524192
            ],
            [
              73.7125431,
              19.9522528
            ],
            [
              73.7124841,
              19.9521317
            ],
            [
              73.7123499,
              19.9521015
            ],
            [
              73.7123017,
              19.9520511
            ],
            [
              73.7121944,
              19.95193
            ],
            [
              73.7121246,
              19.9518847
            ],
            [
              73.7118886,
              19.9518242
            ],
            [
              73.711733,
              19.9518393
            ],
            [
              73.7115667,
              19.9518796
            ],
            [
              73.7114755,
              19.9519099
            ],
            [
              73.711556,
              19.9520511
            ],
            [
              73.7117719,
              19.952195
            ],
            [
              73.7119208,
              19.9523284
            ],
            [
              73.7120455,
              19.9524774
            ],
            [
              73.7122051,
              19.9525755
            ],
            [
              73.7122386,
              19.9526337
            ],
            [
              73.7123231,
              19.9527267
            ]
          ],
          [
            [
              73.7132994,
              19.9542647
            ],
            [
              73.7133652,
              19.9541868
            ],
            [
              73.7133169,
              19.9541061
            ],
            [
              73.7132686,
              19.9540506
            ],
            [
              73.7131814,
              19.9540075
            ],
            [
              73.7131224,
              19.953947
            ],
            [
              73.713101,
              19.953826
            ],
            [
              73.7130326,
              19.9536422
            ],
            [
              73.7129896,
              19.9534607
            ],
            [
              73.7129776,
              19.9533318
            ],
            [
              73.7129454,
              19.9531705
            ],
            [
              73.7128327,
              19.9530293
            ],
            [
              73.7127415,
              19.9529789
            ],
            [
              73.7126772,
              19.9529486
            ],
            [
              73.7125592,
              19.9529486
            ],
            [
              73.7125377,
              19.9530293
            ],
            [
              73.7125216,
              19.9531301
            ],
            [
              73.7124787,
              19.9531906
            ],
            [
              73.7124411,
              19.9533167
            ],
            [
              73.7124465,
              19.9533923
            ],
            [
              73.7124894,
              19.9535487
            ],
            [
              73.712527,
              19.9537403
            ],
            [
              73.7125538,
              19.9538512
            ],
            [
              73.7125913,
              19.9539974
            ],
            [
              73.7125913,
              19.9541033
            ],
            [
              73.712704,
              19.9542949
            ],
            [
              73.7127147,
              19.9543504
            ],
            [
              73.7125913,
              19.9544311
            ],
            [
              73.7126343,
              19.9545017
            ],
            [
              73.7132994,
              19.9542647
            ]
          ]
        ]
      },
      "id": "relation/9447725"
    },
    {
      "type": "Feature",
      "properties": {
        "@id": "relation/14360508",
        "landuse": "military",
        "name": "Nashik Cantonment",
        "type": "multipolygon"
      },
      "geometry": {
        "type": "Polygon",
        "coordinates": [
          [
            [
              73.8038908,
              19.95066
            ],
            [
              73.8039928,
              19.9503348
            ],
            [
              73.8040885,
              19.9497019
            ],
            [
              73.8041588,
              19.9496959
            ],
            [
              73.8042488,
              19.9494067
            ],
            [
              73.8043937,
              19.9491218
            ],
            [
              73.8048807,
              19.9480319
            ],
            [
              73.8072237,
              19.9484224
            ],
            [
              73.8073015,
              19.9480342
            ],
            [
              73.8082187,
              19.9481853
            ],
            [
              73.8085634,
              19.9479311
            ],
            [
              73.8088646,
              19.947051
            ],
            [
              73.806695,
              19.9466851
            ],
            [
              73.8068639,
              19.9460434
            ],
            [
              73.8076615,
              19.9462499
            ],
            [
              73.808001,
              19.9451358
            ],
            [
              73.8093507,
              19.9455881
            ],
            [
              73.8096415,
              19.9448192
            ],
            [
              73.8077616,
              19.9443288
            ],
            [
              73.8082059,
              19.9432913
            ],
            [
              73.8077523,
              19.9431671
            ],
            [
              73.8078928,
              19.9425428
            ],
            [
              73.8104432,
              19.9427229
            ],
            [
              73.8105075,
              19.9426036
            ],
            [
              73.8106524,
              19.9420086
            ],
            [
              73.8106524,
              19.9418724
            ],
            [
              73.810746,
              19.9418631
            ],
            [
              73.8108857,
              19.9418498
            ],
            [
              73.8108256,
              19.9414539
            ],
            [
              73.8106256,
              19.9395037
            ],
            [
              73.8112035,
              19.9394783
            ],
            [
              73.8111967,
              19.9392035
            ],
            [
              73.8149821,
              19.9392265
            ],
            [
              73.8158913,
              19.9399196
            ],
            [
              73.8180639,
              19.9402323
            ],
            [
              73.817971,
              19.9407451
            ],
            [
              73.8188957,
              19.9409439
            ],
            [
              73.8192438,
              19.9409629
            ],
            [
              73.8195614,
              19.9409375
            ],
            [
              73.8198825,
              19.9408803
            ],
            [
              73.8201156,
              19.9408168
            ],
            [
              73.8205144,
              19.9406643
            ],
            [
              73.8220926,
              19.941036
            ],
            [
              73.822775,
              19.941222
            ],
            [
              73.8230834,
              19.9413279
            ],
            [
              73.82295,
              19.9419121
            ],
            [
              73.8228013,
              19.9427825
            ],
            [
              73.8231391,
              19.9428487
            ],
            [
              73.823271,
              19.9428746
            ],
            [
              73.8233386,
              19.9426681
            ],
            [
              73.823934,
              19.9429085
            ],
            [
              73.8250694,
              19.9434517
            ],
            [
              73.8247878,
              19.9455257
            ],
            [
              73.8246907,
              19.9461713
            ],
            [
              73.8232665,
              19.9460326
            ],
            [
              73.8232585,
              19.9461435
            ],
            [
              73.8232533,
              19.9462318
            ],
            [
              73.8214429,
              19.9463663
            ],
            [
              73.8212951,
              19.9492601
            ],
            [
              73.8207822,
              19.9493424
            ],
            [
              73.8204984,
              19.9494186
            ],
            [
              73.8200928,
              19.9497522
            ],
            [
              73.8199731,
              19.9510443
            ],
            [
              73.819952,
              19.9525837
            ],
            [
              73.8199423,
              19.9530715
            ],
            [
              73.8195512,
              19.956373
            ],
            [
              73.820836,
              19.9565041
            ],
            [
              73.8205702,
              19.9586062
            ],
            [
              73.8205657,
              19.9588053
            ],
            [
              73.8206028,
              19.9591293
            ],
            [
              73.8203359,
              19.9592023
            ],
            [
              73.8196284,
              19.9593125
            ],
            [
              73.8194797,
              19.9607323
            ],
            [
              73.8198432,
              19.960728
            ],
            [
              73.8196072,
              19.9634535
            ],
            [
              73.8194434,
              19.9650872
            ],
            [
              73.8186841,
              19.9675337
            ],
            [
              73.8185691,
              19.9679979
            ],
            [
              73.8185436,
              19.96815
            ],
            [
              73.8185393,
              19.968262
            ],
            [
              73.8185521,
              19.968328
            ],
            [
              73.8185844,
              19.9683989
            ],
            [
              73.8185177,
              19.9684358
            ],
            [
              73.8184543,
              19.9684761
            ],
            [
              73.8185075,
              19.9687244
            ],
            [
              73.8183166,
              19.9688991
            ],
            [
              73.8174363,
              19.9687666
            ],
            [
              73.8167404,
              19.9699369
            ],
            [
              73.8149831,
              19.9714311
            ],
            [
              73.8135165,
              19.9727165
            ],
            [
              73.8126815,
              19.9735433
            ],
            [
              73.8123212,
              19.97326
            ],
            [
              73.8119998,
              19.9736442
            ],
            [
              73.8119763,
              19.9737822
            ],
            [
              73.8122701,
              19.9740403
            ],
            [
              73.811792,
              19.9745014
            ],
            [
              73.810988,
              19.974547
            ],
            [
              73.8091788,
              19.9741545
            ],
            [
              73.8078555,
              19.9726501
            ],
            [
              73.8067471,
              19.9693966
            ],
            [
              73.8064376,
              19.9689473
            ],
            [
              73.8044777,
              19.9673212
            ],
            [
              73.8042926,
              19.9674548
            ],
            [
              73.8035375,
              19.9674195
            ],
            [
              73.8024861,
              19.9674548
            ],
            [
              73.802233,
              19.9663808
            ],
            [
              73.8012701,
              19.9666878
            ],
            [
              73.8011263,
              19.9654453
            ],
            [
              73.7989042,
              19.9659118
            ],
            [
              73.7986805,
              19.9658821
            ],
            [
              73.7984042,
              19.9659161
            ],
            [
              73.7982265,
              19.9657832
            ],
            [
              73.7979031,
              19.9625118
            ],
            [
              73.7975964,
              19.9595237
            ],
            [
              73.797069,
              19.9585757
            ],
            [
              73.7967716,
              19.9583248
            ],
            [
              73.7962174,
              19.9579913
            ],
            [
              73.7958869,
              19.9578734
            ],
            [
              73.7955295,
              19.9580424
            ],
            [
              73.7951433,
              19.9582391
            ],
            [
              73.794926,
              19.9583727
            ],
            [
              73.7940874,
              19.9589533
            ],
            [
              73.793234,
              19.9596217
            ],
            [
              73.7929721,
              19.9598058
            ],
            [
              73.792757,
              19.9599362
            ],
            [
              73.7922547,
              19.9602052
            ],
            [
              73.7911597,
              19.9607242
            ],
            [
              73.7906464,
              19.9609572
            ],
            [
              73.7904573,
              19.9610303
            ],
            [
              73.7901824,
              19.9611387
            ],
            [
              73.7892723,
              19.961533
            ],
            [
              73.7880329,
              19.9621052
            ],
            [
              73.7876233,
              19.962306
            ],
            [
              73.7865424,
              19.9627876
            ],
            [
              73.7858316,
              19.9631279
            ],
            [
              73.7855178,
              19.9632691
            ],
            [
              73.7851503,
              19.9634279
            ],
            [
              73.7847282,
              19.9635967
            ],
            [
              73.7846169,
              19.9635337
            ],
            [
              73.7844834,
              19.963405
            ],
            [
              73.7841979,
              19.9630668
            ],
            [
              73.7837099,
              19.9624534
            ],
            [
              73.7835832,
              19.9621188
            ],
            [
              73.7833905,
              19.96161
            ],
            [
              73.7833767,
              19.9615735
            ],
            [
              73.7831296,
              19.9609707
            ],
            [
              73.7829954,
              19.9607086
            ],
            [
              73.782823,
              19.9602964
            ],
            [
              73.7827552,
              19.9601166
            ],
            [
              73.7822399,
              19.9590253
            ],
            [
              73.7819782,
              19.9583891
            ],
            [
              73.781836,
              19.9580286
            ],
            [
              73.7817824,
              19.9577437
            ],
            [
              73.7816499,
              19.9560328
            ],
            [
              73.7818457,
              19.9555815
            ],
            [
              73.7844703,
              19.9547259
            ],
            [
              73.7853479,
              19.9544595
            ],
            [
              73.786284,
              19.9540436
            ],
            [
              73.7876284,
              19.9535023
            ],
            [
              73.7883794,
              19.9531846
            ],
            [
              73.7899884,
              19.9527731
            ],
            [
              73.7912506,
              19.9523725
            ],
            [
              73.7914742,
              19.9523185
            ],
            [
              73.7917318,
              19.9522244
            ],
            [
              73.7923618,
              19.9520279
            ],
            [
              73.7928216,
              19.9518778
            ],
            [
              73.7943532,
              19.9514905
            ],
            [
              73.7971357,
              19.9507218
            ],
            [
              73.7981379,
              19.9504166
            ],
            [
              73.7986741,
              19.9502638
            ],
            [
              73.7991512,
              19.9501683
            ],
            [
              73.7993738,
              19.9501002
            ],
            [
              73.7999103,
              19.9499414
            ],
            [
              73.8007444,
              19.9497195
            ],
            [
              73.8012629,
              19.9496036
            ],
            [
              73.8015205,
              19.9495335
            ],
            [
              73.8017099,
              19.9494655
            ],
            [
              73.8018419,
              19.9493995
            ],
            [
              73.8020101,
              19.9493574
            ],
            [
              73.80224,
              19.9493174
            ],
            [
              73.8024785,
              19.9492454
            ],
            [
              73.8026424,
              19.9492234
            ],
            [
              73.8027999,
              19.9491994
            ],
            [
              73.8028808,
              19.9491673
            ],
            [
              73.8031855,
              19.949015
            ],
            [
              73.8038908,
              19.95066
            ]
          ],
          [
            [
              73.81917,
              19.9634433
            ],
            [
              73.8179534,
              19.9634655
            ],
            [
              73.8174364,
              19.9632305
            ],
            [
              73.8172471,
              19.9630494
            ],
            [
              73.8169633,
              19.9629478
            ],
            [
              73.8143788,
              19.9628956
            ],
            [
              73.8097784,
              19.9630644
            ],
            [
              73.8096081,
              19.9621361
            ],
            [
              73.8089449,
              19.9621857
            ],
            [
              73.8084467,
              19.9622097
            ],
            [
              73.8078996,
              19.9622237
            ],
            [
              73.807791,
              19.9623357
            ],
            [
              73.808187,
              19.962812
            ],
            [
              73.8080832,
              19.9628827
            ],
            [
              73.8080145,
              19.962926
            ],
            [
              73.8080231,
              19.9630201
            ],
            [
              73.8065969,
              19.963166
            ],
            [
              73.8065546,
              19.9625441
            ],
            [
              73.8067325,
              19.9625364
            ],
            [
              73.8067148,
              19.9621753
            ],
            [
              73.8066892,
              19.9621765
            ],
            [
              73.8066711,
              19.9618083
            ],
            [
              73.8061854,
              19.9618294
            ],
            [
              73.8062035,
              19.9621969
            ],
            [
              73.8061227,
              19.9622004
            ],
            [
              73.8061291,
              19.9623298
            ],
            [
              73.8046015,
              19.962396
            ],
            [
              73.8046129,
              19.9626282
            ],
            [
              73.8059351,
              19.9625709
            ],
            [
              73.8060959,
              19.9626709
            ],
            [
              73.8062454,
              19.9627857
            ],
            [
              73.8063369,
              19.9628858
            ],
            [
              73.8063752,
              19.9629578
            ],
            [
              73.8063923,
              19.9631799
            ],
            [
              73.8052486,
              19.9632978
            ],
            [
              73.803701,
              19.9632524
            ],
            [
              73.8025185,
              19.9633026
            ],
            [
              73.8011569,
              19.9633458
            ],
            [
              73.8001697,
              19.9634369
            ],
            [
              73.7995749,
              19.9635004
            ],
            [
              73.7988382,
              19.963672
            ],
            [
              73.7981181,
              19.9638698
            ],
            [
              73.7982863,
              19.9654877
            ],
            [
              73.7985178,
              19.965502
            ],
            [
              73.7985769,
              19.9658196
            ],
            [
              73.7988539,
              19.965813
            ],
            [
              73.799082,
              19.9657844
            ],
            [
              73.7994165,
              19.9657161
            ],
            [
              73.8010115,
              19.9653724
            ],
            [
              73.8011129,
              19.9653629
            ],
            [
              73.8011771,
              19.9653899
            ],
            [
              73.8012616,
              19.9654582
            ],
            [
              73.801314,
              19.9655519
            ],
            [
              73.8013478,
              19.9656694
            ],
            [
              73.8014437,
              19.966272
            ],
            [
              73.8022717,
              19.9661338
            ],
            [
              73.8023477,
              19.966129
            ],
            [
              73.8024051,
              19.9661385
            ],
            [
              73.8024356,
              19.966164
            ],
            [
              73.802444,
              19.9662037
            ],
            [
              73.8024735,
              19.9664224
            ],
            [
              73.8025039,
              19.9665796
            ],
            [
              73.802573,
              19.9668048
            ],
            [
              73.8026036,
              19.9669077
            ],
            [
              73.8026185,
              19.9670337
            ],
            [
              73.8026228,
              19.9672538
            ],
            [
              73.8041023,
              19.9672478
            ],
            [
              73.8041854,
              19.9672358
            ],
            [
              73.8043046,
              19.9672138
            ],
            [
              73.8043812,
              19.9671878
            ],
            [
              73.8044536,
              19.9671638
            ],
            [
              73.8044933,
              19.9671546
            ],
            [
              73.8045442,
              19.9671531
            ],
            [
              73.8046071,
              19.9671683
            ],
            [
              73.804688,
              19.9672203
            ],
            [
              73.8049711,
              19.9674064
            ],
            [
              73.8059142,
              19.9671683
            ],
            [
              73.8059376,
              19.9674124
            ],
            [
              73.8063206,
              19.9673816
            ],
            [
              73.806841,
              19.9676413
            ],
            [
              73.8070207,
              19.9680018
            ],
            [
              73.8077417,
              19.9684422
            ],
            [
              73.808085,
              19.9687825
            ],
            [
              73.8082513,
              19.9688329
            ],
            [
              73.8085678,
              19.9688329
            ],
            [
              73.8087878,
              19.9688632
            ],
            [
              73.8088709,
              19.9688304
            ],
            [
              73.8089675,
              19.9687573
            ],
            [
              73.8096751,
              19.9681827
            ],
            [
              73.8108904,
              19.9681563
            ],
            [
              73.8110394,
              19.9680802
            ],
            [
              73.8112204,
              19.9680302
            ],
            [
              73.8117675,
              19.967676
            ],
            [
              73.8118747,
              19.9676753
            ],
            [
              73.8119142,
              19.967644
            ],
            [
              73.8120611,
              19.9675379
            ],
            [
              73.8126924,
              19.9682245
            ],
            [
              73.8140013,
              19.9682093
            ],
            [
              73.8153713,
              19.9679453
            ],
            [
              73.8163999,
              19.9680969
            ],
            [
              73.8170555,
              19.9681319
            ],
            [
              73.818164,
              19.9672775
            ],
            [
              73.8189915,
              19.9646892
            ],
            [
              73.81917,
              19.9634433
            ]
          ]
        ]
      },
      "id": "relation/14360508"
    },
    {
      "type": "Feature",
      "properties": {
        "@id": "way/112895171",
        "landuse": "farmland"
      },
      "geometry": {
        "type": "Polygon",
        "coordinates": [
          [
            [
              73.8022253,
              19.9671273
            ],
            [
              73.8022361,
              19.967218
            ],
            [
              73.8010398,
              19.9675306
            ],
            [
              73.8008252,
              19.9675357
            ],
            [
              73.8006589,
              19.9677626
            ],
            [
              73.8002137,
              19.967808
            ],
            [
              73.8000528,
              19.9677474
            ],
            [
              73.7987331,
              19.967939
            ],
            [
              73.7983308,
              19.968171
            ],
            [
              73.7980143,
              19.9681811
            ],
            [
              73.7975798,
              19.9677323
            ],
            [
              73.7974832,
              19.9670315
            ],
            [
              73.797628,
              19.9669811
            ],
            [
              73.7976012,
              19.9667441
            ],
            [
              73.7974135,
              19.9667744
            ],
            [
              73.7973866,
              19.9666433
            ],
            [
              73.7970111,
              19.9667038
            ],
            [
              73.7970701,
              19.9668197
            ],
            [
              73.7969468,
              19.9668449
            ],
            [
              73.7969682,
              19.9670416
            ],
            [
              73.7971613,
              19.9670265
            ],
            [
              73.7973008,
              19.9674096
            ],
            [
              73.7968931,
              19.9674449
            ],
            [
              73.7969253,
              19.9676264
            ],
            [
              73.7966142,
              19.9676718
            ],
            [
              73.7964425,
              19.9663962
            ],
            [
              73.7962387,
              19.9664315
            ],
            [
              73.7961528,
              19.9655945
            ],
            [
              73.7961743,
              19.9652214
            ],
            [
              73.7962118,
              19.9645609
            ],
            [
              73.7955359,
              19.9645912
            ],
            [
              73.795611,
              19.9651256
            ],
            [
              73.7952623,
              19.9651357
            ],
            [
              73.7954662,
              19.9665021
            ],
            [
              73.794742,
              19.9666029
            ],
            [
              73.7943772,
              19.9654735
            ],
            [
              73.7941573,
              19.9647021
            ],
            [
              73.7951872,
              19.9646012
            ],
            [
              73.7951765,
              19.9643693
            ],
            [
              73.7962065,
              19.9643038
            ],
            [
              73.7960885,
              19.9638954
            ],
            [
              73.795198,
              19.9639861
            ],
            [
              73.7949995,
              19.96325
            ],
            [
              73.7951443,
              19.963134
            ],
            [
              73.7950692,
              19.9628517
            ],
            [
              73.7948171,
              19.9628869
            ],
            [
              73.7948385,
              19.9630987
            ],
            [
              73.7937657,
              19.963255
            ],
            [
              73.79383,
              19.9635525
            ],
            [
              73.792505,
              19.9637897
            ],
            [
              73.7920651,
              19.9618637
            ],
            [
              73.7933955,
              19.9617023
            ],
            [
              73.7930307,
              19.9599275
            ],
            [
              73.7950692,
              19.9597661
            ],
            [
              73.7950799,
              19.9602905
            ],
            [
              73.7970004,
              19.960472
            ],
            [
              73.7969468,
              19.9640519
            ],
            [
              73.7978966,
              19.9635601
            ],
            [
              73.7981368,
              19.9657943
            ],
            [
              73.7983072,
              19.9660465
            ],
            [
              73.8009771,
              19.9657407
            ],
            [
              73.8012388,
              19.9667668
            ],
            [
              73.80219,
              19.9664665
            ],
            [
              73.8023449,
              19.9670868
            ],
            [
              73.8022253,
              19.9671273
            ]
          ]
        ]
      },
      "id": "way/112895171"
    },
    {
      "type": "Feature",
      "properties": {
        "@id": "way/154687659",
        "industrial": "depot",
        "landuse": "industrial",
        "name": "Panchvati Depot"
      },
      "geometry": {
        "type": "Polygon",
        "coordinates": [
          [
            [
              73.8057498,
              20.0092255
            ],
            [
              73.8036336,
              20.0090116
            ],
            [
              73.8032403,
              20.0089329
            ],
            [
              73.8036342,
              20.00821
            ],
            [
              73.8041104,
              20.0072634
            ],
            [
              73.8044218,
              20.0077625
            ],
            [
              73.8047607,
              20.008124
            ],
            [
              73.8053469,
              20.0087006
            ],
            [
              73.8058066,
              20.0091527
            ],
            [
              73.8057498,
              20.0092255
            ]
          ]
        ]
      },
      "id": "way/154687659"
    },
    {
      "type": "Feature",
      "properties": {
        "@id": "way/220816409",
        "landuse": "industrial",
        "name": "Siemens Ltd.",
        "office": "engineering"
      },
      "geometry": {
        "type": "Polygon",
        "coordinates": [
          [
            [
              73.7352634,
              19.9575189
            ],
            [
              73.7352624,
              19.9543538
            ],
            [
              73.7353643,
              19.9538705
            ],
            [
              73.7358273,
              19.9540203
            ],
            [
              73.7363926,
              19.9542033
            ],
            [
              73.7367272,
              19.9543492
            ],
            [
              73.7390069,
              19.9543127
            ],
            [
              73.7390122,
              19.9554597
            ],
            [
              73.7389893,
              19.95755
            ],
            [
              73.7352634,
              19.9575189
            ]
          ]
        ]
      },
      "id": "way/220816409"
    },
    {
      "type": "Feature",
      "properties": {
        "@id": "way/220894039",
        "alt_name": "Nasik Thermal Power Station",
        "landuse": "industrial",
        "name": "Nashik Thermal Power Station",
        "operator": "Maharashtra State Power Generation Company",
        "operator:wikidata": "Q97251179",
        "plant:method": "combustion",
        "plant:output:electricity": "630 MW",
        "plant:source": "coal",
        "power": "plant",
        "source": "https://www.mahagenco.in/index.php/generation",
        "wikidata": "Q6966850"
      },
      "geometry": {
        "type": "Polygon",
        "coordinates": [
          [
            [
              73.8840416,
              19.9788595
            ],
            [
              73.885581,
              19.9779322
            ],
            [
              73.8863604,
              19.9774667
            ],
            [
              73.8880726,
              19.9768642
            ],
            [
              73.8882646,
              19.9769111
            ],
            [
              73.8908751,
              19.976691
            ],
            [
              73.8913281,
              19.9768822
            ],
            [
              73.8921036,
              19.9774343
            ],
            [
              73.8928177,
              19.9779141
            ],
            [
              73.893336,
              19.9783327
            ],
            [
              73.8935548,
              19.9786394
            ],
            [
              73.8946489,
              19.9786394
            ],
            [
              73.8951787,
              19.9784481
            ],
            [
              73.8966644,
              19.9779538
            ],
            [
              73.8967527,
              19.9780837
            ],
            [
              73.8967719,
              19.9782569
            ],
            [
              73.8967374,
              19.9796677
            ],
            [
              73.8966683,
              19.9801223
            ],
            [
              73.8967067,
              19.9804073
            ],
            [
              73.8972458,
              19.9806938
            ],
            [
              73.897248,
              19.981699
            ],
            [
              73.8970906,
              19.9822474
            ],
            [
              73.896818,
              19.9841091
            ],
            [
              73.8968833,
              19.9845997
            ],
            [
              73.8967259,
              19.9859671
            ],
            [
              73.8967259,
              19.9861656
            ],
            [
              73.9011715,
              19.9882689
            ],
            [
              73.9019662,
              19.9887091
            ],
            [
              73.9023808,
              19.9887921
            ],
            [
              73.9034059,
              19.9892466
            ],
            [
              73.9034442,
              19.9893404
            ],
            [
              73.9032715,
              19.9896146
            ],
            [
              73.9019048,
              19.9890446
            ],
            [
              73.9018165,
              19.9891925
            ],
            [
              73.8966529,
              19.9869593
            ],
            [
              73.8965339,
              19.98767
            ],
            [
              73.8944147,
              19.9868655
            ],
            [
              73.8942113,
              19.9876484
            ],
            [
              73.8933283,
              19.9871072
            ],
            [
              73.891044,
              19.9861728
            ],
            [
              73.8911164,
              19.986049
            ],
            [
              73.8914049,
              19.9855558
            ],
            [
              73.8903223,
              19.9843905
            ],
            [
              73.8882101,
              19.9833636
            ],
            [
              73.8872203,
              19.9828824
            ],
            [
              73.8862606,
              19.9823592
            ],
            [
              73.8842804,
              19.9828506
            ],
            [
              73.8841791,
              19.9835309
            ],
            [
              73.8832245,
              19.9838423
            ],
            [
              73.8813098,
              19.9829691
            ],
            [
              73.8826557,
              19.9802702
            ],
            [
              73.8828476,
              19.9798589
            ],
            [
              73.8833198,
              19.9792672
            ],
            [
              73.8832968,
              19.9789497
            ],
            [
              73.8838112,
              19.9789172
            ],
            [
              73.8840416,
              19.9788595
            ]
          ]
        ]
      },
      "id": "way/220894039"
    },
    {
      "type": "Feature",
      "properties": {
        "@id": "way/229989217",
        "landuse": "residential"
      },
      "geometry": {
        "type": "Polygon",
        "coordinates": [
          [
            [
              73.7966679,
              20.0152705
            ],
            [
              73.7958333,
              20.0118274
            ],
            [
              73.7958129,
              20.0117432
            ],
            [
              73.7964349,
              20.0113654
            ],
            [
              73.7966839,
              20.0122241
            ],
            [
              73.7972098,
              20.0121555
            ],
            [
              73.797297,
              20.0126167
            ],
            [
              73.7973793,
              20.0126102
            ],
            [
              73.7982478,
              20.0124151
            ],
            [
              73.7987279,
              20.0146052
            ],
            [
              73.7966679,
              20.0152705
            ]
          ]
        ]
      },
      "id": "way/229989217"
    },
    {
      "type": "Feature",
      "properties": {
        "@id": "way/229989236",
        "landuse": "greenfield"
      },
      "geometry": {
        "type": "Polygon",
        "coordinates": [
          [
            [
              73.8020163,
              20.008365
            ],
            [
              73.8020651,
              20.0079855
            ],
            [
              73.8024454,
              20.0081332
            ],
            [
              73.802387,
              20.0082728
            ],
            [
              73.8026149,
              20.0083408
            ],
            [
              73.8026064,
              20.0083953
            ],
            [
              73.8026707,
              20.0084255
            ],
            [
              73.8026686,
              20.008482
            ],
            [
              73.8026359,
              20.0085515
            ],
            [
              73.8026015,
              20.0085853
            ],
            [
              73.8025076,
              20.00855
            ],
            [
              73.8025366,
              20.008428
            ],
            [
              73.8023837,
              20.0083801
            ],
            [
              73.8023355,
              20.008481
            ],
            [
              73.8020163,
              20.008365
            ]
          ]
        ]
      },
      "id": "way/229989236"
    },
    {
      "type": "Feature",
      "properties": {
        "@id": "way/229989311",
        "landuse": "grass"
      },
      "geometry": {
        "type": "Polygon",
        "coordinates": [
          [
            [
              73.802309,
              20.0089835
            ],
            [
              73.8023115,
              20.0089717
            ],
            [
              73.8023221,
              20.0089516
            ],
            [
              73.8023399,
              20.0089359
            ],
            [
              73.8023576,
              20.0089282
            ],
            [
              73.8023813,
              20.0089256
            ],
            [
              73.8024045,
              20.0089307
            ],
            [
              73.8024265,
              20.0089449
            ],
            [
              73.8024399,
              20.0089634
            ],
            [
              73.802446,
              20.0089924
            ],
            [
              73.8024437,
              20.0090065
            ],
            [
              73.8024337,
              20.0090269
            ],
            [
              73.8024181,
              20.0090419
            ],
            [
              73.8023967,
              20.0090519
            ],
            [
              73.8023651,
              20.0090535
            ],
            [
              73.8023469,
              20.0090478
            ],
            [
              73.8023277,
              20.0090346
            ],
            [
              73.8023108,
              20.0090059
            ],
            [
              73.802309,
              20.0089835
            ]
          ]
        ]
      },
      "id": "way/229989311"
    },
    {
      "type": "Feature",
      "properties": {
        "@id": "way/229989541",
        "landuse": "residential"
      },
      "geometry": {
        "type": "Polygon",
        "coordinates": [
          [
            [
              73.8032823,
              20.0101544
            ],
            [
              73.8028062,
              20.009644
            ],
            [
              73.8032635,
              20.009198
            ],
            [
              73.8036846,
              20.0098671
            ],
            [
              73.8032823,
              20.0101544
            ]
          ]
        ]
      },
      "id": "way/229989541"
    },
    {
      "type": "Feature",
      "properties": {
        "@id": "way/229989761",
        "landuse": "grass"
      },
      "geometry": {
        "type": "Polygon",
        "coordinates": [
          [
            [
              73.8044517,
              20.0047962
            ],
            [
              73.8042908,
              20.0042266
            ],
            [
              73.8054173,
              20.003909
            ],
            [
              73.805589,
              20.0039594
            ],
            [
              73.8056641,
              20.0040199
            ],
            [
              73.8056641,
              20.0041107
            ],
            [
              73.8055621,
              20.0042619
            ],
            [
              73.8052778,
              20.0045593
            ],
            [
              73.8049592,
              20.0049182
            ],
            [
              73.8045912,
              20.0048718
            ],
            [
              73.8044517,
              20.0047962
            ]
          ]
        ]
      },
      "id": "way/229989761"
    },
    {
      "type": "Feature",
      "properties": {
        "@id": "way/229991253",
        "landuse": "construction"
      },
      "geometry": {
        "type": "Polygon",
        "coordinates": [
          [
            [
              73.7924274,
              20.0082239
            ],
            [
              73.7924288,
              20.008181
            ],
            [
              73.7923537,
              20.008157
            ],
            [
              73.7924366,
              20.0079256
            ],
            [
              73.7924386,
              20.0078594
            ],
            [
              73.7925293,
              20.007861
            ],
            [
              73.7925132,
              20.0082239
            ],
            [
              73.7924274,
              20.0082239
            ]
          ]
        ]
      },
      "id": "way/229991253"
    },
    {
      "type": "Feature",
      "properties": {
        "@id": "way/229991262",
        "landuse": "residential"
      },
      "geometry": {
        "type": "Polygon",
        "coordinates": [
          [
            [
              73.7912526,
              20.0089346
            ],
            [
              73.7912526,
              20.0088111
            ],
            [
              73.7914215,
              20.0086171
            ],
            [
              73.7916044,
              20.0085513
            ],
            [
              73.7919631,
              20.008538
            ],
            [
              73.7923072,
              20.008487
            ],
            [
              73.7923367,
              20.0084996
            ],
            [
              73.7923287,
              20.0086836
            ],
            [
              73.792186,
              20.0088514
            ],
            [
              73.7918534,
              20.0094387
            ],
            [
              73.791553,
              20.0092471
            ],
            [
              73.7912526,
              20.0089346
            ]
          ]
        ]
      },
      "id": "way/229991262"
    },
    {
      "type": "Feature",
      "properties": {
        "@id": "way/230005235",
        "landuse": "industrial"
      },
      "geometry": {
        "type": "Polygon",
        "coordinates": [
          [
            [
              73.8170447,
              20.009232
            ],
            [
              73.8167417,
              20.0092828
            ],
            [
              73.8163908,
              20.0084561
            ],
            [
              73.8169428,
              20.0083751
            ],
            [
              73.8170447,
              20.009232
            ]
          ]
        ]
      },
      "id": "way/230005235"
    },
    {
      "type": "Feature",
      "properties": {
        "@id": "way/230005238",
        "landuse": "farmland"
      },
      "geometry": {
        "type": "Polygon",
        "coordinates": [
          [
            [
              73.818469,
              20.0108096
            ],
            [
              73.8185549,
              20.0124528
            ],
            [
              73.816511,
              20.0124629
            ],
            [
              73.8166559,
              20.0118429
            ],
            [
              73.8163876,
              20.0117573
            ],
            [
              73.8157278,
              20.0113994
            ],
            [
              73.8149822,
              20.0110717
            ],
            [
              73.8143277,
              20.0108096
            ],
            [
              73.8143921,
              20.0088841
            ],
            [
              73.8152452,
              20.0087467
            ],
            [
              73.8158341,
              20.0086473
            ],
            [
              73.8160402,
              20.0095228
            ],
            [
              73.8161145,
              20.0100262
            ],
            [
              73.8162589,
              20.0101594
            ],
            [
              73.8164198,
              20.0107491
            ],
            [
              73.8166881,
              20.0107895
            ],
            [
              73.8167417,
              20.0111574
            ],
            [
              73.8170904,
              20.0111221
            ],
            [
              73.8170685,
              20.0103458
            ],
            [
              73.8176322,
              20.0105626
            ],
            [
              73.818469,
              20.0108096
            ]
          ]
        ]
      },
      "id": "way/230005238"
    },
    {
      "type": "Feature",
      "properties": {
        "@id": "way/230005241",
        "landuse": "grass"
      },
      "geometry": {
        "type": "Polygon",
        "coordinates": [
          [
            [
              73.8098403,
              20.0125713
            ],
            [
              73.809843,
              20.0125436
            ],
            [
              73.8098704,
              20.0125213
            ],
            [
              73.8099052,
              20.0125138
            ],
            [
              73.8099401,
              20.0125289
            ],
            [
              73.8102593,
              20.012849
            ],
            [
              73.8104546,
              20.0129922
            ],
            [
              73.8108918,
              20.0132644
            ],
            [
              73.8110473,
              20.0133526
            ],
            [
              73.8110291,
              20.0133958
            ],
            [
              73.8099691,
              20.013214
            ],
            [
              73.8098403,
              20.0125713
            ]
          ]
        ]
      },
      "id": "way/230005241"
    },
    {
      "type": "Feature",
      "properties": {
        "@id": "way/230005252",
        "landuse": "farmyard"
      },
      "geometry": {
        "type": "Polygon",
        "coordinates": [
          [
            [
              73.8168275,
              20.0082492
            ],
            [
              73.816232,
              20.005502
            ],
            [
              73.816806,
              20.0054415
            ],
            [
              73.8170421,
              20.0068126
            ],
            [
              73.8172298,
              20.0081988
            ],
            [
              73.8168275,
              20.0082492
            ]
          ]
        ]
      },
      "id": "way/230005252"
    },
    {
      "type": "Feature",
      "properties": {
        "@id": "way/230005261",
        "landuse": "industrial"
      },
      "geometry": {
        "type": "Polygon",
        "coordinates": [
          [
            [
              73.8180613,
              20.0096961
            ],
            [
              73.8179617,
              20.0091419
            ],
            [
              73.8178735,
              20.008229
            ],
            [
              73.8196926,
              20.0075463
            ],
            [
              73.8199098,
              20.008814
            ],
            [
              73.8192388,
              20.0088992
            ],
            [
              73.8193166,
              20.0092748
            ],
            [
              73.818799,
              20.0093554
            ],
            [
              73.8186273,
              20.0085489
            ],
            [
              73.81846,
              20.0087134
            ],
            [
              73.8185763,
              20.0096759
            ],
            [
              73.8180613,
              20.0096961
            ]
          ]
        ]
      },
      "id": "way/230005261"
    },
    {
      "type": "Feature",
      "properties": {
        "@id": "way/230005269",
        "landuse": "greenfield"
      },
      "geometry": {
        "type": "Polygon",
        "coordinates": [
          [
            [
              73.7987279,
              20.0146052
            ],
            [
              73.7988876,
              20.0143052
            ],
            [
              73.7988541,
              20.0141427
            ],
            [
              73.7987052,
              20.0141779
            ],
            [
              73.7985979,
              20.0136865
            ],
            [
              73.7985335,
              20.0132833
            ],
            [
              73.7983726,
              20.0127641
            ],
            [
              73.7992631,
              20.0125877
            ],
            [
              73.7994312,
              20.012486
            ],
            [
              73.8006162,
              20.0122365
            ],
            [
              73.8009166,
              20.0133152
            ],
            [
              73.7987279,
              20.0146052
            ]
          ]
        ]
      },
      "id": "way/230005269"
    },
    {
      "type": "Feature",
      "properties": {
        "@id": "way/230005667",
        "landuse": "grass"
      },
      "geometry": {
        "type": "Polygon",
        "coordinates": [
          [
            [
              73.786776,
              20.0020061
            ],
            [
              73.7869718,
              20.0019708
            ],
            [
              73.7870281,
              20.0019733
            ],
            [
              73.7870931,
              20.0019964
            ],
            [
              73.787122,
              20.0020464
            ],
            [
              73.7870496,
              20.0021624
            ],
            [
              73.7867867,
              20.0024799
            ],
            [
              73.7866902,
              20.002543
            ],
            [
              73.7866129,
              20.0025786
            ],
            [
              73.7865271,
              20.0025862
            ],
            [
              73.7864676,
              20.0025656
            ],
            [
              73.7859955,
              20.0020389
            ],
            [
              73.7860363,
              20.002004
            ],
            [
              73.7866017,
              20.0019985
            ],
            [
              73.786776,
              20.0020061
            ]
          ]
        ]
      },
      "id": "way/230005667"
    },
    {
      "type": "Feature",
      "properties": {
        "@id": "way/230005721",
        "landuse": "farmyard"
      },
      "geometry": {
        "type": "Polygon",
        "coordinates": [
          [
            [
              73.7853171,
              20.0261574
            ],
            [
              73.7851616,
              20.0259357
            ],
            [
              73.7851401,
              20.0256383
            ],
            [
              73.7851294,
              20.0250083
            ],
            [
              73.7866955,
              20.0249377
            ],
            [
              73.7867116,
              20.0255577
            ],
            [
              73.7871247,
              20.0255526
            ],
            [
              73.7867599,
              20.0260692
            ],
            [
              73.7865239,
              20.0261045
            ],
            [
              73.7853171,
              20.0261574
            ]
          ]
        ]
      },
      "id": "way/230005721"
    },
    {
      "type": "Feature",
      "properties": {
        "@id": "way/230072189",
        "landuse": "grass"
      },
      "geometry": {
        "type": "Polygon",
        "coordinates": [
          [
            [
              73.7901413,
              19.9942532
            ],
            [
              73.7902001,
              19.9942232
            ],
            [
              73.7902671,
              19.9942249
            ],
            [
              73.7903242,
              19.9942578
            ],
            [
              73.7903561,
              19.9943131
            ],
            [
              73.7903543,
              19.994376
            ],
            [
              73.7903193,
              19.9944297
            ],
            [
              73.7902605,
              19.9944597
            ],
            [
              73.7901935,
              19.994458
            ],
            [
              73.7901364,
              19.9944251
            ],
            [
              73.7901045,
              19.9943698
            ],
            [
              73.7901063,
              19.9943069
            ],
            [
              73.7901413,
              19.9942532
            ]
          ]
        ]
      },
      "id": "way/230072189"
    },
    {
      "type": "Feature",
      "properties": {
        "@id": "way/230072195",
        "landuse": "greenfield"
      },
      "geometry": {
        "type": "Polygon",
        "coordinates": [
          [
            [
              73.7949702,
              20.0003022
            ],
            [
              73.7949163,
              20.0001357
            ],
            [
              73.7948173,
              19.9998763
            ],
            [
              73.7948251,
              19.9998156
            ],
            [
              73.7948814,
              19.9997829
            ],
            [
              73.7952435,
              20.0001584
            ],
            [
              73.7949702,
              20.0003022
            ]
          ]
        ]
      },
      "id": "way/230072195"
    },
    {
      "type": "Feature",
      "properties": {
        "@id": "way/230072379",
        "landuse": "greenfield"
      },
      "geometry": {
        "type": "Polygon",
        "coordinates": [
          [
            [
              73.7960404,
              20.0010987
            ],
            [
              73.7961665,
              20.0009651
            ],
            [
              73.7963006,
              20.0009021
            ],
            [
              73.7964157,
              20.0008717
            ],
            [
              73.7965739,
              20.0008263
            ],
            [
              73.7967861,
              20.0008844
            ],
            [
              73.7968636,
              20.0009423
            ],
            [
              73.7969521,
              20.0009876
            ],
            [
              73.7970192,
              20.001028
            ],
            [
              73.7971106,
              20.0010533
            ],
            [
              73.7972072,
              20.001013
            ],
            [
              73.7972445,
              20.0009902
            ],
            [
              73.797451,
              20.0009725
            ],
            [
              73.7976201,
              20.0009878
            ],
            [
              73.797738,
              20.0010129
            ],
            [
              73.7977729,
              20.0010582
            ],
            [
              73.7977354,
              20.0011088
            ],
            [
              73.7973277,
              20.0011214
            ],
            [
              73.7971428,
              20.0011365
            ],
            [
              73.7969631,
              20.0011667
            ],
            [
              73.7969685,
              20.0012575
            ],
            [
              73.7960914,
              20.0013255
            ],
            [
              73.7960887,
              20.0013027
            ],
            [
              73.796078,
              20.0011313
            ],
            [
              73.7960404,
              20.0010987
            ]
          ]
        ]
      },
      "id": "way/230072379"
    },
    {
      "type": "Feature",
      "properties": {
        "@id": "way/230072401",
        "landuse": "residential"
      },
      "geometry": {
        "type": "Polygon",
        "coordinates": [
          [
            [
              73.7957346,
              20.0012725
            ],
            [
              73.7956864,
              20.0011592
            ],
            [
              73.795563,
              20.0008466
            ],
            [
              73.7955174,
              20.0007483
            ],
            [
              73.7954477,
              20.0004736
            ],
            [
              73.7953109,
              20.0002316
            ],
            [
              73.7952894,
              20.0001661
            ],
            [
              73.7959841,
              19.9998763
            ],
            [
              73.7960216,
              19.9998637
            ],
            [
              73.7962091,
              19.9998761
            ],
            [
              73.7963435,
              19.9999594
            ],
            [
              73.7970326,
              20.0001156
            ],
            [
              73.7973358,
              20.0002871
            ],
            [
              73.7977864,
              20.00064
            ],
            [
              73.7980089,
              20.0008213
            ],
            [
              73.7980868,
              20.0008517
            ],
            [
              73.798143,
              20.0008994
            ],
            [
              73.7981619,
              20.0009575
            ],
            [
              73.798151,
              20.0010381
            ],
            [
              73.7981297,
              20.0010962
            ],
            [
              73.7981002,
              20.0011188
            ],
            [
              73.7980412,
              20.0011667
            ],
            [
              73.7979554,
              20.0012071
            ],
            [
              73.7969685,
              20.0012575
            ],
            [
              73.7960887,
              20.0013027
            ],
            [
              73.796078,
              20.0011313
            ],
            [
              73.7958473,
              20.0011364
            ],
            [
              73.7957346,
              20.0012725
            ]
          ]
        ]
      },
      "id": "way/230072401"
    },
    {
      "type": "Feature",
      "properties": {
        "@id": "way/230098384",
        "landuse": "residential"
      },
      "geometry": {
        "type": "Polygon",
        "coordinates": [
          [
            [
              73.8048675,
              19.9948983
            ],
            [
              73.8048139,
              19.9943842
            ],
            [
              73.8055005,
              19.9943136
            ],
            [
              73.8055461,
              19.9946967
            ],
            [
              73.8054759,
              19.9948225
            ],
            [
              73.8048675,
              19.9948983
            ]
          ]
        ]
      },
      "id": "way/230098384"
    },
    {
      "type": "Feature",
      "properties": {
        "@id": "way/230098386",
        "landuse": "grass"
      },
      "geometry": {
        "type": "Polygon",
        "coordinates": [
          [
            [
              73.8018688,
              19.9942607
            ],
            [
              73.8018125,
              19.9939305
            ],
            [
              73.8019332,
              19.9939078
            ],
            [
              73.8019809,
              19.9942478
            ],
            [
              73.8018688,
              19.9942607
            ]
          ]
        ]
      },
      "id": "way/230098386"
    },
    {
      "type": "Feature",
      "properties": {
        "@id": "way/230101463",
        "landuse": "grass"
      },
      "geometry": {
        "type": "Polygon",
        "coordinates": [
          [
            [
              73.7751889,
              19.9929905
            ],
            [
              73.7751942,
              19.9922948
            ],
            [
              73.7759023,
              19.9923401
            ],
            [
              73.7760472,
              19.9928392
            ],
            [
              73.7760472,
              19.9929048
            ],
            [
              73.7760364,
              19.992935
            ],
            [
              73.7760043,
              19.9929703
            ],
            [
              73.7759667,
              19.9930056
            ],
            [
              73.7759077,
              19.9930207
            ],
            [
              73.7758219,
              19.9930257
            ],
            [
              73.7756717,
              19.9930207
            ],
            [
              73.7751889,
              19.9929905
            ]
          ]
        ]
      },
      "id": "way/230101463"
    },
    {
      "type": "Feature",
      "properties": {
        "@id": "way/230101467",
        "landuse": "grass"
      },
      "geometry": {
        "type": "Polygon",
        "coordinates": [
          [
            [
              73.7718564,
              19.9945309
            ],
            [
              73.7717927,
              19.9945067
            ],
            [
              73.771753,
              19.9944541
            ],
            [
              73.7717499,
              19.9943897
            ],
            [
              73.7717844,
              19.9943339
            ],
            [
              73.7718454,
              19.9943044
            ],
            [
              73.7719138,
              19.9943107
            ],
            [
              73.7719676,
              19.9943507
            ],
            [
              73.7719899,
              19.9944117
            ],
            [
              73.7719736,
              19.9944744
            ],
            [
              73.7719238,
              19.9945188
            ],
            [
              73.7718564,
              19.9945309
            ]
          ]
        ]
      },
      "id": "way/230101467"
    },
    {
      "type": "Feature",
      "properties": {
        "@id": "way/230102077",
        "landuse": "grass"
      },
      "geometry": {
        "type": "Polygon",
        "coordinates": [
          [
            [
              73.7780826,
              19.9936972
            ],
            [
              73.7780397,
              19.9936796
            ],
            [
              73.7780156,
              19.9936367
            ],
            [
              73.7780344,
              19.9935838
            ],
            [
              73.7781175,
              19.9935258
            ],
            [
              73.7781175,
              19.9934578
            ],
            [
              73.7781256,
              19.99342
            ],
            [
              73.7782007,
              19.9934074
            ],
            [
              73.7783079,
              19.9936418
            ],
            [
              73.7782919,
              19.993672
            ],
            [
              73.778257,
              19.9936897
            ],
            [
              73.7782087,
              19.9936972
            ],
            [
              73.7780826,
              19.9936972
            ]
          ]
        ]
      },
      "id": "way/230102077"
    },
    {
      "type": "Feature",
      "properties": {
        "@id": "way/230102078",
        "landuse": "grass"
      },
      "geometry": {
        "type": "Polygon",
        "coordinates": [
          [
            [
              73.7780553,
              19.9937304
            ],
            [
              73.7782623,
              19.9937375
            ],
            [
              73.7782194,
              19.9937955
            ],
            [
              73.7781953,
              19.9938232
            ],
            [
              73.7781604,
              19.9938333
            ],
            [
              73.7781282,
              19.9938409
            ],
            [
              73.7780907,
              19.9938207
            ],
            [
              73.7780665,
              19.9937728
            ],
            [
              73.7780553,
              19.9937304
            ]
          ]
        ]
      },
      "id": "way/230102078"
    },
    {
      "type": "Feature",
      "properties": {
        "@id": "way/230102923",
        "landuse": "residential"
      },
      "geometry": {
        "type": "Polygon",
        "coordinates": [
          [
            [
              73.7874411,
              19.9966551
            ],
            [
              73.7873068,
              19.9966135
            ],
            [
              73.7872317,
              19.9965379
            ],
            [
              73.7871995,
              19.9964622
            ],
            [
              73.7871783,
              19.9962971
            ],
            [
              73.7872105,
              19.9961005
            ],
            [
              73.7872531,
              19.9959632
            ],
            [
              73.7873553,
              19.995909
            ],
            [
              73.7874948,
              19.9958636
            ],
            [
              73.7876879,
              19.9958384
            ],
            [
              73.7879186,
              19.9958283
            ],
            [
              73.7880849,
              19.9958435
            ],
            [
              73.7877898,
              19.9961258
            ],
            [
              73.7874411,
              19.9966551
            ]
          ]
        ]
      },
      "id": "way/230102923"
    },
    {
      "type": "Feature",
      "properties": {
        "@id": "way/230102924",
        "landuse": "industrial"
      },
      "geometry": {
        "type": "Polygon",
        "coordinates": [
          [
            [
              73.7857192,
              19.9889323
            ],
            [
              73.7859924,
              19.9884742
            ],
            [
              73.7875001,
              19.9892196
            ],
            [
              73.7870898,
              19.9895902
            ],
            [
              73.7868508,
              19.9899164
            ],
            [
              73.7866469,
              19.9897424
            ],
            [
              73.7860357,
              19.9891944
            ],
            [
              73.7857192,
              19.9889323
            ]
          ]
        ]
      },
      "id": "way/230102924"
    },
    {
      "type": "Feature",
      "properties": {
        "@id": "way/230102933",
        "landuse": "commercial"
      },
      "geometry": {
        "type": "Polygon",
        "coordinates": [
          [
            [
              73.7875001,
              19.9892196
            ],
            [
              73.7886908,
              19.9898634
            ],
            [
              73.7886535,
              19.9909488
            ],
            [
              73.7881546,
              19.9906362
            ],
            [
              73.7873392,
              19.9902934
            ],
            [
              73.7869744,
              19.9900742
            ],
            [
              73.7868508,
              19.9899164
            ],
            [
              73.7870898,
              19.9895902
            ],
            [
              73.7875001,
              19.9892196
            ]
          ]
        ]
      },
      "id": "way/230102933"
    },
    {
      "type": "Feature",
      "properties": {
        "@id": "way/230102935",
        "industrial": "depot",
        "landuse": "industrial"
      },
      "geometry": {
        "type": "Polygon",
        "coordinates": [
          [
            [
              73.7850935,
              19.9945147
            ],
            [
              73.7844911,
              19.994503
            ],
            [
              73.7845013,
              19.9940402
            ],
            [
              73.7846892,
              19.9940438
            ],
            [
              73.7851022,
              19.9938424
            ],
            [
              73.7862814,
              19.9938655
            ],
            [
              73.7862602,
              19.9948193
            ],
            [
              73.7850873,
              19.9947963
            ],
            [
              73.7850935,
              19.9945147
            ]
          ]
        ]
      },
      "id": "way/230102935"
    },
    {
      "type": "Feature",
      "properties": {
        "@id": "way/230102941",
        "landuse": "commercial"
      },
      "geometry": {
        "type": "Polygon",
        "coordinates": [
          [
            [
              73.7842439,
              19.9874702
            ],
            [
              73.7844207,
              19.9873352
            ],
            [
              73.7845417,
              19.9873013
            ],
            [
              73.7846972,
              19.9874374
            ],
            [
              73.7852578,
              19.9879365
            ],
            [
              73.7859924,
              19.9884742
            ],
            [
              73.7857192,
              19.9889323
            ],
            [
              73.7852254,
              19.9886737
            ],
            [
              73.7850379,
              19.9885794
            ],
            [
              73.784834,
              19.9884433
            ],
            [
              73.7845926,
              19.9882164
            ],
            [
              73.7843459,
              19.9877526
            ],
            [
              73.7842439,
              19.9875964
            ],
            [
              73.7842439,
              19.9874702
            ]
          ]
        ]
      },
      "id": "way/230102941"
    },
    {
      "type": "Feature",
      "properties": {
        "@id": "way/230288659",
        "landuse": "meadow"
      },
      "geometry": {
        "type": "Polygon",
        "coordinates": [
          [
            [
              73.7866312,
              19.9951682
            ],
            [
              73.7866151,
              19.9945834
            ],
            [
              73.786757,
              19.9945728
            ],
            [
              73.7870443,
              19.9951883
            ],
            [
              73.7870282,
              19.9952186
            ],
            [
              73.7866312,
              19.9951682
            ]
          ]
        ]
      },
      "id": "way/230288659"
    },
    {
      "type": "Feature",
      "properties": {
        "@id": "way/230288891",
        "landuse": "residential"
      },
      "geometry": {
        "type": "Polygon",
        "coordinates": [
          [
            [
              73.7858212,
              19.9915738
            ],
            [
              73.7862504,
              19.9916999
            ],
            [
              73.7866473,
              19.9918057
            ],
            [
              73.7870336,
              19.9917956
            ],
            [
              73.7870306,
              19.9919665
            ],
            [
              73.7872642,
              19.9920477
            ],
            [
              73.787154,
              19.9923598
            ],
            [
              73.7873608,
              19.9923653
            ],
            [
              73.7871812,
              19.993416
            ],
            [
              73.7865231,
              19.9931638
            ],
            [
              73.7855741,
              19.9925928
            ],
            [
              73.7854374,
              19.9924656
            ],
            [
              73.7858212,
              19.9915738
            ]
          ]
        ]
      },
      "id": "way/230288891"
    },
    {
      "type": "Feature",
      "properties": {
        "@id": "way/230288902",
        "landuse": "residential"
      },
      "geometry": {
        "type": "Polygon",
        "coordinates": [
          [
            [
              73.7853921,
              19.9922594
            ],
            [
              73.7837315,
              19.9906861
            ],
            [
              73.7837154,
              19.9895871
            ],
            [
              73.7842358,
              19.9895821
            ],
            [
              73.7842923,
              19.989764
            ],
            [
              73.7838686,
              19.9897943
            ],
            [
              73.7839353,
              19.9901718
            ],
            [
              73.7839662,
              19.9903895
            ],
            [
              73.783989,
              19.99055
            ],
            [
              73.7842036,
              19.9905348
            ],
            [
              73.7842977,
              19.9907471
            ],
            [
              73.784445,
              19.9907315
            ],
            [
              73.7843836,
              19.9903539
            ],
            [
              73.7848341,
              19.9903499
            ],
            [
              73.7850082,
              19.9903483
            ],
            [
              73.786009,
              19.9908277
            ],
            [
              73.7858296,
              19.9912442
            ],
            [
              73.7853921,
              19.9922594
            ]
          ]
        ]
      },
      "id": "way/230288902"
    },
    {
      "type": "Feature",
      "properties": {
        "@id": "way/230300977",
        "landuse": "grass"
      },
      "geometry": {
        "type": "Polygon",
        "coordinates": [
          [
            [
              73.8045161,
              19.9899984
            ],
            [
              73.8044946,
              19.9899732
            ],
            [
              73.804508,
              19.9899454
            ],
            [
              73.8045778,
              19.9899303
            ],
            [
              73.8051455,
              19.9899556
            ],
            [
              73.8051893,
              19.9899732
            ],
            [
              73.8052054,
              19.9900135
            ],
            [
              73.8052376,
              19.9903538
            ],
            [
              73.8052269,
              19.9903891
            ],
            [
              73.8051937,
              19.9904043
            ],
            [
              73.8051598,
              19.9903966
            ],
            [
              73.8051133,
              19.9903615
            ],
            [
              73.8045161,
              19.9899984
            ]
          ]
        ]
      },
      "id": "way/230300977"
    },
    {
      "type": "Feature",
      "properties": {
        "@id": "way/230309785",
        "landuse": "grass"
      },
      "geometry": {
        "type": "Polygon",
        "coordinates": [
          [
            [
              73.7729879,
              20.0021149
            ],
            [
              73.7728771,
              20.0018709
            ],
            [
              73.7728467,
              20.0017431
            ],
            [
              73.7729534,
              20.0017296
            ],
            [
              73.7731221,
              20.0017268
            ],
            [
              73.7732739,
              20.0017464
            ],
            [
              73.7734616,
              20.0017918
            ],
            [
              73.7735421,
              20.001817
            ],
            [
              73.7736186,
              20.0018573
            ],
            [
              73.7736653,
              20.0019709
            ],
            [
              73.7733403,
              20.0020366
            ],
            [
              73.7729879,
              20.0021149
            ]
          ]
        ]
      },
      "id": "way/230309785"
    },
    {
      "type": "Feature",
      "properties": {
        "@id": "way/230309786",
        "landuse": "recreation_ground"
      },
      "geometry": {
        "type": "Polygon",
        "coordinates": [
          [
            [
              73.7941627,
              19.9900966
            ],
            [
              73.7940446,
              19.9893303
            ],
            [
              73.7940607,
              19.9892295
            ],
            [
              73.7941251,
              19.989169
            ],
            [
              73.7942163,
              19.9891287
            ],
            [
              73.7943182,
              19.9891337
            ],
            [
              73.7943933,
              19.9891589
            ],
            [
              73.7944416,
              19.9891841
            ],
            [
              73.7944953,
              19.9892648
            ],
            [
              73.7945639,
              19.9902045
            ],
            [
              73.7945264,
              19.9902649
            ],
            [
              73.7944674,
              19.9903002
            ],
            [
              73.7943933,
              19.9903033
            ],
            [
              73.7943075,
              19.9903033
            ],
            [
              73.7942324,
              19.9902831
            ],
            [
              73.7941788,
              19.9902377
            ],
            [
              73.7941627,
              19.9900966
            ]
          ]
        ]
      },
      "id": "way/230309786"
    },
    {
      "type": "Feature",
      "properties": {
        "@id": "way/230309787",
        "landuse": "farmyard"
      },
      "geometry": {
        "type": "Polygon",
        "coordinates": [
          [
            [
              73.7951283,
              19.9866887
            ],
            [
              73.7950692,
              19.9850603
            ],
            [
              73.7960027,
              19.9850603
            ],
            [
              73.7963621,
              19.9864316
            ],
            [
              73.7951283,
              19.9866887
            ]
          ]
        ]
      },
      "id": "way/230309787"
    },
    {
      "type": "Feature",
      "properties": {
        "@id": "way/230310950",
        "landuse": "recreation_ground"
      },
      "geometry": {
        "type": "Polygon",
        "coordinates": [
          [
            [
              73.7711174,
              20.0054917
            ],
            [
              73.7731867,
              20.0052064
            ],
            [
              73.7735904,
              20.0066309
            ],
            [
              73.7717987,
              20.0070241
            ],
            [
              73.7716806,
              20.0070594
            ],
            [
              73.7715841,
              20.0070392
            ],
            [
              73.771509,
              20.007019
            ],
            [
              73.7714553,
              20.0069737
            ],
            [
              73.7714017,
              20.0069182
            ],
            [
              73.7713749,
              20.0068577
            ],
            [
              73.7710262,
              20.0056782
            ],
            [
              73.7710088,
              20.0055895
            ],
            [
              73.7710208,
              20.005532
            ],
            [
              73.7710476,
              20.0055068
            ],
            [
              73.7711174,
              20.0054917
            ]
          ]
        ]
      },
      "id": "way/230310950"
    },
    {
      "type": "Feature",
      "properties": {
        "@id": "way/230310951",
        "landuse": "grass"
      },
      "geometry": {
        "type": "Polygon",
        "coordinates": [
          [
            [
              73.7583715,
              20.005522
            ],
            [
              73.7584252,
              20.0054615
            ],
            [
              73.7584788,
              20.0054463
            ],
            [
              73.7585432,
              20.0054413
            ],
            [
              73.7585968,
              20.0054514
            ],
            [
              73.7586558,
              20.0054917
            ],
            [
              73.7587028,
              20.0055542
            ],
            [
              73.7587041,
              20.0056228
            ],
            [
              73.7586921,
              20.0056752
            ],
            [
              73.7586612,
              20.0057286
            ],
            [
              73.7585955,
              20.005781
            ],
            [
              73.7585258,
              20.0058012
            ],
            [
              73.7584413,
              20.005779
            ],
            [
              73.7583823,
              20.0057538
            ],
            [
              73.7583501,
              20.0056883
            ],
            [
              73.7583232,
              20.0056076
            ],
            [
              73.7583715,
              20.005522
            ]
          ]
        ]
      },
      "id": "way/230310951"
    },
    {
      "type": "Feature",
      "properties": {
        "@id": "way/230310954",
        "landuse": "grass",
        "leisure": "recreation_ground",
        "name": "Shri Praodji Mahajan Garden"
      },
      "geometry": {
        "type": "Polygon",
        "coordinates": [
          [
            [
              73.7719381,
              20.0080776
            ],
            [
              73.7716163,
              20.007508
            ],
            [
              73.7716109,
              20.0074425
            ],
            [
              73.771627,
              20.0073517
            ],
            [
              73.7716914,
              20.0073013
            ],
            [
              73.7718148,
              20.007261
            ],
            [
              73.7728662,
              20.0070291
            ],
            [
              73.7729722,
              20.0069976
            ],
            [
              73.7731255,
              20.0069612
            ],
            [
              73.7733055,
              20.0069259
            ],
            [
              73.7733845,
              20.0069347
            ],
            [
              73.7734113,
              20.00697
            ],
            [
              73.7734073,
              20.0070243
            ],
            [
              73.7730687,
              20.0073386
            ],
            [
              73.7723069,
              20.0081401
            ],
            [
              73.7722225,
              20.0081885
            ],
            [
              73.7721634,
              20.0082137
            ],
            [
              73.7720615,
              20.0082086
            ],
            [
              73.7719381,
              20.0080776
            ]
          ]
        ]
      },
      "id": "way/230310954"
    },
    {
      "type": "Feature",
      "properties": {
        "@id": "way/230310976",
        "landuse": "grass"
      },
      "geometry": {
        "type": "Polygon",
        "coordinates": [
          [
            [
              73.7811328,
              19.9972751
            ],
            [
              73.7812427,
              19.9973054
            ],
            [
              73.7812615,
              19.9974263
            ],
            [
              73.7811328,
              19.9972751
            ]
          ]
        ]
      },
      "id": "way/230310976"
    },
    {
      "type": "Feature",
      "properties": {
        "@id": "way/230310991",
        "landuse": "residential"
      },
      "geometry": {
        "type": "Polygon",
        "coordinates": [
          [
            [
              73.7668527,
              20.0091512
            ],
            [
              73.7666917,
              20.0086925
            ],
            [
              73.7657047,
              20.0058446
            ],
            [
              73.7660486,
              20.0057114
            ],
            [
              73.7665523,
              20.0070392
            ],
            [
              73.7672376,
              20.0090172
            ],
            [
              73.7668527,
              20.0091512
            ]
          ]
        ]
      },
      "id": "way/230310991"
    },
    {
      "type": "Feature",
      "properties": {
        "@id": "way/230524994",
        "historic:name": "Central Bus Stand",
        "landuse": "construction"
      },
      "geometry": {
        "type": "Polygon",
        "coordinates": [
          [
            [
              73.781846,
              20.0016074
            ],
            [
              73.7816744,
              20.0007736
            ],
            [
              73.7821411,
              20.0007434
            ],
            [
              73.7822223,
              20.0007605
            ],
            [
              73.782361,
              20.000814
            ],
            [
              73.782479,
              20.0009349
            ],
            [
              73.7826891,
              20.0014461
            ],
            [
              73.781846,
              20.0016074
            ]
          ]
        ]
      },
      "id": "way/230524994"
    },
    {
      "type": "Feature",
      "properties": {
        "@id": "way/230525159",
        "landuse": "residential"
      },
      "geometry": {
        "type": "Polygon",
        "coordinates": [
          [
            [
              73.7810041,
              20.0019885
            ],
            [
              73.7811516,
              20.0058423
            ],
            [
              73.7802455,
              20.0058512
            ],
            [
              73.7777761,
              20.0057235
            ],
            [
              73.7771477,
              20.0057587
            ],
            [
              73.776341,
              20.0058867
            ],
            [
              73.7750442,
              20.0061471
            ],
            [
              73.7746478,
              20.0062802
            ],
            [
              73.7744005,
              20.0051138
            ],
            [
              73.7760045,
              20.0048113
            ],
            [
              73.7761069,
              20.0047932
            ],
            [
              73.7752576,
              20.0018022
            ],
            [
              73.7754349,
              20.0017322
            ],
            [
              73.7767686,
              20.0010857
            ],
            [
              73.7768809,
              20.0010351
            ],
            [
              73.7772066,
              20.0010075
            ],
            [
              73.7773379,
              20.001398
            ],
            [
              73.7776123,
              20.0025999
            ],
            [
              73.7797578,
              20.0026073
            ],
            [
              73.7798323,
              20.0021589
            ],
            [
              73.780929,
              20.0021851
            ],
            [
              73.7810041,
              20.0019885
            ]
          ]
        ]
      },
      "id": "way/230525159"
    },
    {
      "type": "Feature",
      "properties": {
        "@id": "way/230525167",
        "landuse": "recreation_ground"
      },
      "geometry": {
        "type": "Polygon",
        "coordinates": [
          [
            [
              73.7740089,
              20.0064496
            ],
            [
              73.7736843,
              20.005207
            ],
            [
              73.7740196,
              20.0051541
            ],
            [
              73.7744005,
              20.0051138
            ],
            [
              73.7746478,
              20.0062802
            ],
            [
              73.7740373,
              20.0065264
            ],
            [
              73.7740089,
              20.0064496
            ]
          ]
        ]
      },
      "id": "way/230525167"
    },
    {
      "type": "Feature",
      "properties": {
        "@id": "way/230525177",
        "landuse": "residential"
      },
      "geometry": {
        "type": "Polygon",
        "coordinates": [
          [
            [
              73.7735904,
              20.0066309
            ],
            [
              73.7731867,
              20.0052064
            ],
            [
              73.7736017,
              20.0051611
            ],
            [
              73.7739665,
              20.0065322
            ],
            [
              73.7739016,
              20.0065554
            ],
            [
              73.7737872,
              20.0065907
            ],
            [
              73.7735904,
              20.0066309
            ]
          ]
        ]
      },
      "id": "way/230525177"
    },
    {
      "type": "Feature",
      "properties": {
        "@id": "way/230533384",
        "landuse": "recreation_ground"
      },
      "geometry": {
        "type": "Polygon",
        "coordinates": [
          [
            [
              73.7526101,
              19.9976987
            ],
            [
              73.7525028,
              19.9965997
            ],
            [
              73.7539941,
              19.9964485
            ],
            [
              73.7540746,
              19.9975525
            ],
            [
              73.7526101,
              19.9976987
            ]
          ]
        ]
      },
      "id": "way/230533384"
    },
    {
      "type": "Feature",
      "properties": {
        "@id": "way/230533496",
        "landuse": "farmyard"
      },
      "geometry": {
        "type": "Polygon",
        "coordinates": [
          [
            [
              73.7527442,
              19.992587
            ],
            [
              73.7525942,
              19.9897808
            ],
            [
              73.7526747,
              19.9896246
            ],
            [
              73.7529966,
              19.9894431
            ],
            [
              73.7532592,
              19.9893203
            ],
            [
              73.7535652,
              19.9892918
            ],
            [
              73.7538281,
              19.9893019
            ],
            [
              73.7542033,
              19.9893405
            ],
            [
              73.7544179,
              19.9894665
            ],
            [
              73.7544715,
              19.9895875
            ],
            [
              73.7545895,
              19.9909386
            ],
            [
              73.7540746,
              19.990989
            ],
            [
              73.7541926,
              19.9925517
            ],
            [
              73.7527442,
              19.992587
            ]
          ]
        ]
      },
      "id": "way/230533496"
    },
    {
      "type": "Feature",
      "properties": {
        "@id": "way/230535407",
        "landuse": "grass"
      },
      "geometry": {
        "type": "Polygon",
        "coordinates": [
          [
            [
              73.7536937,
              19.9859124
            ],
            [
              73.7536132,
              19.9857662
            ],
            [
              73.753871,
              19.9856344
            ],
            [
              73.7539139,
              19.98571
            ],
            [
              73.7539592,
              19.9857032
            ],
            [
              73.7539836,
              19.9857604
            ],
            [
              73.7539527,
              19.9857745
            ],
            [
              73.7539378,
              19.9857813
            ],
            [
              73.7539568,
              19.985831
            ],
            [
              73.75375,
              19.98592
            ],
            [
              73.7537232,
              19.9858922
            ],
            [
              73.7536937,
              19.9859124
            ]
          ]
        ]
      },
      "id": "way/230535407"
    },
    {
      "type": "Feature",
      "properties": {
        "@id": "way/230535420",
        "landuse": "grass"
      },
      "geometry": {
        "type": "Polygon",
        "coordinates": [
          [
            [
              73.7507166,
              19.98867
            ],
            [
              73.7505906,
              19.9885861
            ],
            [
              73.7507166,
              19.9885163
            ],
            [
              73.7507166,
              19.98867
            ]
          ]
        ]
      },
      "id": "way/230535420"
    },
    {
      "type": "Feature",
      "properties": {
        "@id": "way/230535444",
        "landuse": "grass"
      },
      "geometry": {
        "type": "Polygon",
        "coordinates": [
          [
            [
              73.7541738,
              19.9864468
            ],
            [
              73.7540182,
              19.9861166
            ],
            [
              73.7544581,
              19.985925
            ],
            [
              73.7547293,
              19.9864007
            ],
            [
              73.7545737,
              19.9864511
            ],
            [
              73.754501,
              19.9863107
            ],
            [
              73.7541738,
              19.9864468
            ]
          ]
        ]
      },
      "id": "way/230535444"
    },
    {
      "type": "Feature",
      "properties": {
        "@id": "way/230540842",
        "landuse": "greenfield"
      },
      "geometry": {
        "type": "Polygon",
        "coordinates": [
          [
            [
              73.7846837,
              19.9753555
            ],
            [
              73.784555,
              19.9748765
            ],
            [
              73.785475,
              19.9747407
            ],
            [
              73.7855527,
              19.9751488
            ],
            [
              73.7846837,
              19.9753555
            ]
          ]
        ]
      },
      "id": "way/230540842"
    },
    {
      "type": "Feature",
      "properties": {
        "@id": "way/230554571",
        "landuse": "grass"
      },
      "geometry": {
        "type": "Polygon",
        "coordinates": [
          [
            [
              73.7915019,
              19.9738479
            ],
            [
              73.7914753,
              19.9738253
            ],
            [
              73.7914732,
              19.973802
            ],
            [
              73.7914726,
              19.9737951
            ],
            [
              73.7919203,
              19.973369
            ],
            [
              73.7919633,
              19.9734244
            ],
            [
              73.7919579,
              19.9735404
            ],
            [
              73.7919364,
              19.9735858
            ],
            [
              73.7918882,
              19.9736311
            ],
            [
              73.7919203,
              19.9736614
            ],
            [
              73.7919579,
              19.9737017
            ],
            [
              73.7919579,
              19.9737622
            ],
            [
              73.7919633,
              19.9738328
            ],
            [
              73.7918935,
              19.9738479
            ],
            [
              73.7918431,
              19.9738507
            ],
            [
              73.791797,
              19.9738429
            ],
            [
              73.7917594,
              19.9738227
            ],
            [
              73.7917058,
              19.9738328
            ],
            [
              73.7916789,
              19.973858
            ],
            [
              73.791636,
              19.9738883
            ],
            [
              73.7915931,
              19.9738984
            ],
            [
              73.7915341,
              19.9738782
            ],
            [
              73.7915019,
              19.9738479
            ]
          ]
        ]
      },
      "id": "way/230554571"
    },
    {
      "type": "Feature",
      "properties": {
        "@id": "way/230554582",
        "landuse": "farmland"
      },
      "geometry": {
        "type": "Polygon",
        "coordinates": [
          [
            [
              73.7792445,
              19.9704498
            ],
            [
              73.7793518,
              19.9707372
            ],
            [
              73.7791855,
              19.9708077
            ],
            [
              73.7792284,
              19.9708985
            ],
            [
              73.7792445,
              19.970964
            ],
            [
              73.7796147,
              19.972406
            ],
            [
              73.7787939,
              19.9724463
            ],
            [
              73.7784964,
              19.9719903
            ],
            [
              73.7779839,
              19.970959
            ],
            [
              73.7792445,
              19.9704498
            ]
          ]
        ]
      },
      "id": "way/230554582"
    },
    {
      "type": "Feature",
      "properties": {
        "@id": "way/230624389",
        "landuse": "farmland"
      },
      "geometry": {
        "type": "Polygon",
        "coordinates": [
          [
            [
              73.822846,
              20.0104521
            ],
            [
              73.8222667,
              20.0066111
            ],
            [
              73.8227387,
              20.0063591
            ],
            [
              73.8234468,
              20.0060768
            ],
            [
              73.8252922,
              20.0073168
            ],
            [
              73.8259145,
              20.0074176
            ],
            [
              73.8260604,
              20.0083991
            ],
            [
              73.8251634,
              20.0087484
            ],
            [
              73.8249446,
              20.0092459
            ],
            [
              73.8245412,
              20.0103714
            ],
            [
              73.8241227,
              20.0103614
            ],
            [
              73.822846,
              20.0104521
            ]
          ]
        ]
      },
      "id": "way/230624389"
    },
    {
      "type": "Feature",
      "properties": {
        "@id": "way/230964587",
        "landuse": "industrial"
      },
      "geometry": {
        "type": "Polygon",
        "coordinates": [
          [
            [
              73.8334357,
              19.9664921
            ],
            [
              73.8331675,
              19.9648384
            ],
            [
              73.8342189,
              19.9648081
            ],
            [
              73.8342833,
              19.9642938
            ],
            [
              73.8360026,
              19.9643538
            ],
            [
              73.8390683,
              19.9640821
            ],
            [
              73.8393929,
              19.9662496
            ],
            [
              73.8357102,
              19.9661997
            ],
            [
              73.8334357,
              19.9664921
            ]
          ]
        ]
      },
      "id": "way/230964587"
    },
    {
      "type": "Feature",
      "properties": {
        "@id": "way/255337323",
        "landuse": "residential"
      },
      "geometry": {
        "type": "Polygon",
        "coordinates": [
          [
            [
              73.9286982,
              19.9262911
            ],
            [
              73.928284,
              19.9260954
            ],
            [
              73.928284,
              19.9256113
            ],
            [
              73.9283977,
              19.9249799
            ],
            [
              73.9281832,
              19.9246167
            ],
            [
              73.9270888,
              19.9228011
            ],
            [
              73.9272111,
              19.9223028
            ],
            [
              73.9289492,
              19.9220809
            ],
            [
              73.9297646,
              19.9220406
            ],
            [
              73.9306079,
              19.9220749
            ],
            [
              73.9309941,
              19.922317
            ],
            [
              73.9306937,
              19.9226599
            ],
            [
              73.9303933,
              19.9233256
            ],
            [
              73.9308868,
              19.9235274
            ],
            [
              73.9307796,
              19.9242133
            ],
            [
              73.9309727,
              19.924758
            ],
            [
              73.9324254,
              19.9250464
            ],
            [
              73.9324103,
              19.9257868
            ],
            [
              73.9317237,
              19.9258876
            ],
            [
              73.9303075,
              19.925928
            ],
            [
              73.9286982,
              19.9262911
            ]
          ]
        ]
      },
      "id": "way/255337323"
    },
    {
      "type": "Feature",
      "properties": {
        "@id": "way/257421908",
        "landuse": "farmland"
      },
      "geometry": {
        "type": "Polygon",
        "coordinates": [
          [
            [
              73.834745,
              19.9469024
            ],
            [
              73.8346377,
              19.9462418
            ],
            [
              73.835437,
              19.9461359
            ],
            [
              73.8355335,
              19.9468923
            ],
            [
              73.834745,
              19.9469024
            ]
          ]
        ]
      },
      "id": "way/257421908"
    },
    {
      "type": "Feature",
      "properties": {
        "@id": "way/257421923",
        "landuse": "railway"
      },
      "geometry": {
        "type": "Polygon",
        "coordinates": [
          [
            [
              73.8421331,
              19.945133
            ],
            [
              73.8424147,
              19.9457645
            ],
            [
              73.8429722,
              19.9466281
            ],
            [
              73.8430201,
              19.9468365
            ],
            [
              73.8428825,
              19.9468925
            ],
            [
              73.8431507,
              19.9483599
            ],
            [
              73.843596,
              19.9491768
            ],
            [
              73.8430113,
              19.9496608
            ],
            [
              73.8430864,
              19.9502155
            ],
            [
              73.8434136,
              19.9501802
            ],
            [
              73.8435101,
              19.9506088
            ],
            [
              73.8431829,
              19.9506643
            ],
            [
              73.8431722,
              19.9508811
            ],
            [
              73.8426572,
              19.9510072
            ],
            [
              73.8423783,
              19.9502508
            ],
            [
              73.8413,
              19.9486725
            ],
            [
              73.8419545,
              19.9483599
            ],
            [
              73.8415253,
              19.9467362
            ],
            [
              73.8417721,
              19.9466454
            ],
            [
              73.8417184,
              19.9463126
            ],
            [
              73.8415789,
              19.9459697
            ],
            [
              73.8414615,
              19.945223
            ],
            [
              73.8410672,
              19.9444741
            ],
            [
              73.8408027,
              19.9441645
            ],
            [
              73.8405924,
              19.9439421
            ],
            [
              73.8403028,
              19.9436925
            ],
            [
              73.8395339,
              19.9408075
            ],
            [
              73.8394589,
              19.9405262
            ],
            [
              73.8397127,
              19.9403012
            ],
            [
              73.8399594,
              19.94015
            ],
            [
              73.8396913,
              19.9377097
            ],
            [
              73.8401338,
              19.9376164
            ],
            [
              73.8407426,
              19.9394016
            ],
            [
              73.8409932,
              19.9399361
            ],
            [
              73.8410532,
              19.9400999
            ],
            [
              73.8420296,
              19.9395251
            ],
            [
              73.8421154,
              19.9446989
            ],
            [
              73.8421331,
              19.945133
            ]
          ]
        ]
      },
      "id": "way/257421923"
    },
    {
      "type": "Feature",
      "properties": {
        "@id": "way/257424202",
        "landuse": "farmland"
      },
      "geometry": {
        "type": "Polygon",
        "coordinates": [
          [
            [
              73.8639271,
              19.9562761
            ],
            [
              73.8636267,
              19.9535129
            ],
            [
              73.8660729,
              19.9527868
            ],
            [
              73.8652575,
              19.954955
            ],
            [
              73.8642747,
              19.9563799
            ],
            [
              73.8640065,
              19.9563799
            ],
            [
              73.8639271,
              19.9562761
            ]
          ]
        ]
      },
      "id": "way/257424202"
    },
    {
      "type": "Feature",
      "properties": {
        "@id": "way/257424210",
        "landuse": "grass"
      },
      "geometry": {
        "type": "Polygon",
        "coordinates": [
          [
            [
              73.8612932,
              19.9615783
            ],
            [
              73.861143,
              19.9613439
            ],
            [
              73.8611349,
              19.9613035
            ],
            [
              73.8611457,
              19.9612708
            ],
            [
              73.8611698,
              19.9612355
            ],
            [
              73.8622615,
              19.960585
            ],
            [
              73.8622883,
              19.9605825
            ],
            [
              73.8623205,
              19.9605876
            ],
            [
              73.8623527,
              19.9606027
            ],
            [
              73.8624975,
              19.9608523
            ],
            [
              73.8612932,
              19.9615783
            ]
          ]
        ]
      },
      "id": "way/257424210"
    },
    {
      "type": "Feature",
      "properties": {
        "@id": "way/257429603",
        "landuse": "residential"
      },
      "geometry": {
        "type": "Polygon",
        "coordinates": [
          [
            [
              73.7196015,
              20.0334978
            ],
            [
              73.7195975,
              20.0339592
            ],
            [
              73.7195358,
              20.0341432
            ],
            [
              73.7191951,
              20.0343196
            ],
            [
              73.7189162,
              20.0345337
            ],
            [
              73.7186801,
              20.0349974
            ],
            [
              73.7184977,
              20.0352292
            ],
            [
              73.7182188,
              20.0354409
            ],
            [
              73.7179291,
              20.0355669
            ],
            [
              73.7177253,
              20.035582
            ],
            [
              73.7175588,
              20.0355218
            ],
            [
              73.7166736,
              20.0346247
            ],
            [
              73.7162541,
              20.0338405
            ],
            [
              73.7158679,
              20.0331752
            ],
            [
              73.7124894,
              20.0330724
            ],
            [
              73.7121246,
              20.0328305
            ],
            [
              73.7110303,
              20.0327297
            ],
            [
              73.7094424,
              20.0333345
            ],
            [
              73.7089703,
              20.0332136
            ],
            [
              73.7088416,
              20.0329313
            ],
            [
              73.7087225,
              20.0323084
            ],
            [
              73.7088201,
              20.0315
            ],
            [
              73.7092278,
              20.031117
            ],
            [
              73.7098168,
              20.0300707
            ],
            [
              73.7102578,
              20.0288188
            ],
            [
              73.7115764,
              20.0293248
            ],
            [
              73.7147307,
              20.0298691
            ],
            [
              73.7140869,
              20.028599
            ],
            [
              73.7142371,
              20.0271475
            ],
            [
              73.7145922,
              20.0261375
            ],
            [
              73.715825,
              20.0254339
            ],
            [
              73.7163829,
              20.0256959
            ],
            [
              73.7172959,
              20.0269035
            ],
            [
              73.7178753,
              20.0285164
            ],
            [
              73.7190554,
              20.0295243
            ],
            [
              73.7196348,
              20.029484
            ],
            [
              73.7199567,
              20.030492
            ],
            [
              73.719623,
              20.0309577
            ],
            [
              73.7194631,
              20.0314597
            ],
            [
              73.7191413,
              20.0323669
            ],
            [
              73.7196015,
              20.0334978
            ]
          ]
        ]
      },
      "id": "way/257429603"
    },
    {
      "type": "Feature",
      "properties": {
        "@id": "way/257429606",
        "landuse": "residential"
      },
      "geometry": {
        "type": "Polygon",
        "coordinates": [
          [
            [
              73.7267373,
              20.0341711
            ],
            [
              73.7263618,
              20.0326491
            ],
            [
              73.7277984,
              20.0322076
            ],
            [
              73.7283037,
              20.0338385
            ],
            [
              73.7267373,
              20.0341711
            ]
          ]
        ]
      },
      "id": "way/257429606"
    },
    {
      "type": "Feature",
      "properties": {
        "@id": "way/258072152",
        "landuse": "farmland"
      },
      "geometry": {
        "type": "Polygon",
        "coordinates": [
          [
            [
              73.8294124,
              19.9114238
            ],
            [
              73.8286936,
              19.9112725
            ],
            [
              73.8287901,
              19.9100519
            ],
            [
              73.8294474,
              19.9101252
            ],
            [
              73.8294124,
              19.9114238
            ]
          ]
        ]
      },
      "id": "way/258072152"
    },
    {
      "type": "Feature",
      "properties": {
        "@id": "way/258072160",
        "landuse": "orchard"
      },
      "geometry": {
        "type": "Polygon",
        "coordinates": [
          [
            [
              73.8294124,
              19.9114238
            ],
            [
              73.8294474,
              19.9101252
            ],
            [
              73.829466,
              19.9094365
            ],
            [
              73.8307213,
              19.9094668
            ],
            [
              73.830717,
              19.9117088
            ],
            [
              73.8294124,
              19.9114238
            ]
          ]
        ]
      },
      "id": "way/258072160"
    },
    {
      "type": "Feature",
      "properties": {
        "@id": "way/258487650",
        "landuse": "residential"
      },
      "geometry": {
        "type": "Polygon",
        "coordinates": [
          [
            [
              73.7392488,
              20.0362558
            ],
            [
              73.7401071,
              20.034
            ],
            [
              73.7425318,
              20.0337319
            ],
            [
              73.7420383,
              20.0351693
            ],
            [
              73.7417808,
              20.0359333
            ],
            [
              73.7407937,
              20.0361349
            ],
            [
              73.7401071,
              20.0362558
            ],
            [
              73.7392488,
              20.0362558
            ]
          ]
        ]
      },
      "id": "way/258487650"
    },
    {
      "type": "Feature",
      "properties": {
        "@id": "way/258487653",
        "landuse": "residential"
      },
      "geometry": {
        "type": "Polygon",
        "coordinates": [
          [
            [
              73.6992946,
              20.0414164
            ],
            [
              73.6989512,
              20.0404085
            ],
            [
              73.6986508,
              20.0400457
            ],
            [
              73.6972775,
              20.0400054
            ],
            [
              73.6983719,
              20.0394167
            ],
            [
              73.6991015,
              20.038691
            ],
            [
              73.6995091,
              20.0381508
            ],
            [
              73.7003675,
              20.0383524
            ],
            [
              73.7001529,
              20.0391587
            ],
            [
              73.7008395,
              20.0401263
            ],
            [
              73.7014833,
              20.0406101
            ],
            [
              73.7028136,
              20.0408117
            ],
            [
              73.7042513,
              20.0410697
            ],
            [
              73.7044015,
              20.0418196
            ],
            [
              73.7030711,
              20.0418196
            ],
            [
              73.702127,
              20.0417793
            ],
            [
              73.7008824,
              20.0416987
            ],
            [
              73.70011,
              20.0420212
            ],
            [
              73.6997237,
              20.0422631
            ],
            [
              73.6992946,
              20.0414164
            ]
          ]
        ]
      },
      "id": "way/258487653"
    },
    {
      "type": "Feature",
      "properties": {
        "@id": "way/268833229",
        "landuse": "reservoir"
      },
      "geometry": {
        "type": "Polygon",
        "coordinates": [
          [
            [
              73.8545927,
              20.0578969
            ],
            [
              73.8537344,
              20.057383
            ],
            [
              73.8535842,
              20.0572519
            ],
            [
              73.8535091,
              20.0570605
            ],
            [
              73.8537129,
              20.0568186
            ],
            [
              73.8540471,
              20.0565142
            ],
            [
              73.8543996,
              20.0563449
            ],
            [
              73.8546372,
              20.0562723
            ],
            [
              73.8549805,
              20.0562623
            ],
            [
              73.8552042,
              20.0562139
            ],
            [
              73.855517,
              20.0560708
            ],
            [
              73.8556243,
              20.0558793
            ],
            [
              73.8556028,
              20.0556677
            ],
            [
              73.8555599,
              20.0553451
            ],
            [
              73.8556978,
              20.0550347
            ],
            [
              73.8556457,
              20.0547203
            ],
            [
              73.855517,
              20.0544583
            ],
            [
              73.8555277,
              20.0541559
            ],
            [
              73.8557729,
              20.0538757
            ],
            [
              73.8560641,
              20.0538334
            ],
            [
              73.8564917,
              20.0536439
            ],
            [
              73.8567599,
              20.053523
            ],
            [
              73.8570925,
              20.0533416
            ],
            [
              73.8574787,
              20.0530896
            ],
            [
              73.8577792,
              20.0529687
            ],
            [
              73.8597441,
              20.0565848
            ],
            [
              73.8587769,
              20.0556495
            ],
            [
              73.8585624,
              20.0556193
            ],
            [
              73.8577792,
              20.0557805
            ],
            [
              73.8575324,
              20.056103
            ],
            [
              73.8575324,
              20.0564759
            ],
            [
              73.8575431,
              20.0567581
            ],
            [
              73.8574358,
              20.0570705
            ],
            [
              73.8573071,
              20.0569194
            ],
            [
              73.8569959,
              20.0564457
            ],
            [
              73.8566097,
              20.0564356
            ],
            [
              73.8564059,
              20.0564961
            ],
            [
              73.8562986,
              20.0569294
            ],
            [
              73.8560947,
              20.057
            ],
            [
              73.8557852,
              20.0570988
            ],
            [
              73.8555046,
              20.0572519
            ],
            [
              73.8550755,
              20.0577155
            ],
            [
              73.8545927,
              20.0578969
            ]
          ]
        ]
      },
      "id": "way/268833229"
    },
    {
      "type": "Feature",
      "properties": {
        "@id": "way/291328412",
        "landuse": "recreation_ground"
      },
      "geometry": {
        "type": "Polygon",
        "coordinates": [
          [
            [
              73.7719741,
              20.0093898
            ],
            [
              73.772181,
              20.009118
            ],
            [
              73.7723172,
              20.009216
            ],
            [
              73.772292,
              20.0092539
            ],
            [
              73.772292,
              20.0093282
            ],
            [
              73.7723627,
              20.0093709
            ],
            [
              73.7723593,
              20.0094388
            ],
            [
              73.7723307,
              20.0095068
            ],
            [
              73.7722668,
              20.0095669
            ],
            [
              73.7722331,
              20.0096016
            ],
            [
              73.7722045,
              20.0096048
            ],
            [
              73.7721709,
              20.0096032
            ],
            [
              73.7720716,
              20.009559
            ],
            [
              73.7720632,
              20.0095131
            ],
            [
              73.7720229,
              20.0095021
            ],
            [
              73.772001,
              20.0094783
            ],
            [
              73.7719859,
              20.0094467
            ],
            [
              73.7719741,
              20.0093898
            ]
          ]
        ]
      },
      "id": "way/291328412"
    },
    {
      "type": "Feature",
      "properties": {
        "@id": "way/291328413",
        "landuse": "recreation_ground"
      },
      "geometry": {
        "type": "Polygon",
        "coordinates": [
          [
            [
              73.7724669,
              20.0094499
            ],
            [
              73.7724653,
              20.0094183
            ],
            [
              73.7724686,
              20.0093851
            ],
            [
              73.7724569,
              20.0093329
            ],
            [
              73.7724989,
              20.0093013
            ],
            [
              73.7726755,
              20.0094309
            ],
            [
              73.7727243,
              20.0095021
            ],
            [
              73.772652,
              20.0095858
            ],
            [
              73.7724669,
              20.0094499
            ]
          ]
        ]
      },
      "id": "way/291328413"
    },
    {
      "type": "Feature",
      "properties": {
        "@id": "way/301681570",
        "landuse": "forest",
        "name": "Trirashmi Hills"
      },
      "geometry": {
        "type": "Polygon",
        "coordinates": [
          [
            [
              73.7399048,
              19.9401402
            ],
            [
              73.7400094,
              19.9400693
            ],
            [
              73.7412381,
              19.9392364
            ],
            [
              73.7422514,
              19.9387283
            ],
            [
              73.7431472,
              19.9386123
            ],
            [
              73.7449658,
              19.9387132
            ],
            [
              73.7455505,
              19.93775
            ],
            [
              73.7462693,
              19.9360202
            ],
            [
              73.7461352,
              19.9335946
            ],
            [
              73.7465858,
              19.9319606
            ],
            [
              73.747133,
              19.9308814
            ],
            [
              73.7479484,
              19.9305687
            ],
            [
              73.7490159,
              19.9319657
            ],
            [
              73.7494773,
              19.9338568
            ],
            [
              73.7504482,
              19.9353142
            ],
            [
              73.7524331,
              19.9365094
            ],
            [
              73.7534898,
              19.9361362
            ],
            [
              73.7541443,
              19.9367363
            ],
            [
              73.7537581,
              19.9373465
            ],
            [
              73.7551582,
              19.9373365
            ],
            [
              73.7555605,
              19.9386678
            ],
            [
              73.7548846,
              19.9389048
            ],
            [
              73.7547773,
              19.939873
            ],
            [
              73.7537849,
              19.9403672
            ],
            [
              73.7530439,
              19.9411168
            ],
            [
              73.7523251,
              19.9415816
            ],
            [
              73.7512618,
              19.9421879
            ],
            [
              73.7505931,
              19.942344
            ],
            [
              73.7506451,
              19.9426059
            ],
            [
              73.7506682,
              19.9427222
            ],
            [
              73.7499064,
              19.9428634
            ],
            [
              73.7494612,
              19.9430802
            ],
            [
              73.7491018,
              19.9437156
            ],
            [
              73.7489623,
              19.943766
            ],
            [
              73.7486833,
              19.9434332
            ],
            [
              73.7479373,
              19.9429599
            ],
            [
              73.7478089,
              19.9428785
            ],
            [
              73.7472242,
              19.9429239
            ],
            [
              73.7462747,
              19.9427676
            ],
            [
              73.7454539,
              19.9422633
            ],
            [
              73.7451321,
              19.9417691
            ],
            [
              73.7441021,
              19.9433424
            ],
            [
              73.7432075,
              19.9426458
            ],
            [
              73.7422487,
              19.9420763
            ],
            [
              73.7414891,
              19.941555
            ],
            [
              73.7406644,
              19.9409111
            ],
            [
              73.7399048,
              19.9401402
            ]
          ]
        ]
      },
      "id": "way/301681570"
    },
    {
      "type": "Feature",
      "properties": {
        "@id": "way/301681592",
        "landuse": "quarry"
      },
      "geometry": {
        "type": "Polygon",
        "coordinates": [
          [
            [
              73.7403657,
              19.9422793
            ],
            [
              73.7402544,
              19.9421174
            ],
            [
              73.740057,
              19.9418205
            ],
            [
              73.7399637,
              19.9415135
            ],
            [
              73.7400859,
              19.9412664
            ],
            [
              73.7401539,
              19.9411289
            ],
            [
              73.7402362,
              19.9411659
            ],
            [
              73.7404619,
              19.9413871
            ],
            [
              73.7406683,
              19.9415676
            ],
            [
              73.7408892,
              19.9417437
            ],
            [
              73.7409327,
              19.9419757
            ],
            [
              73.7406384,
              19.9421275
            ],
            [
              73.7403657,
              19.9422793
            ]
          ]
        ]
      },
      "id": "way/301681592"
    },
    {
      "type": "Feature",
      "properties": {
        "@id": "way/301681593",
        "landuse": "quarry"
      },
      "geometry": {
        "type": "Polygon",
        "coordinates": [
          [
            [
              73.7329955,
              19.939903
            ],
            [
              73.732668,
              19.9400275
            ],
            [
              73.7315615,
              19.9406073
            ],
            [
              73.7306908,
              19.9408119
            ],
            [
              73.7301332,
              19.9409723
            ],
            [
              73.7301174,
              19.9410206
            ],
            [
              73.7302995,
              19.9410782
            ],
            [
              73.7307018,
              19.9414212
            ],
            [
              73.7311417,
              19.9415523
            ],
            [
              73.7317961,
              19.9418548
            ],
            [
              73.7323755,
              19.9419002
            ],
            [
              73.7328637,
              19.9421927
            ],
            [
              73.7330943,
              19.9426062
            ],
            [
              73.7332606,
              19.943055
            ],
            [
              73.7348086,
              19.9436085
            ],
            [
              73.7355886,
              19.9441371
            ],
            [
              73.7361691,
              19.9448022
            ],
            [
              73.7364775,
              19.9451262
            ],
            [
              73.7370398,
              19.9452455
            ],
            [
              73.7377654,
              19.944734
            ],
            [
              73.7381101,
              19.9442224
            ],
            [
              73.7383278,
              19.9434721
            ],
            [
              73.7380919,
              19.9426195
            ],
            [
              73.7375039,
              19.9414413
            ],
            [
              73.7368119,
              19.9407202
            ],
            [
              73.7364095,
              19.9400697
            ],
            [
              73.7363505,
              19.9398125
            ],
            [
              73.7360448,
              19.9395704
            ],
            [
              73.7362325,
              19.9393435
            ],
            [
              73.7368762,
              19.9396663
            ],
            [
              73.7375522,
              19.940463
            ],
            [
              73.7381422,
              19.9410883
            ],
            [
              73.7387484,
              19.9418296
            ],
            [
              73.7392366,
              19.9427373
            ],
            [
              73.7397301,
              19.943408
            ],
            [
              73.7397246,
              19.9438131
            ],
            [
              73.7393255,
              19.9444782
            ],
            [
              73.7387699,
              19.9449864
            ],
            [
              73.7383997,
              19.944946
            ],
            [
              73.7381282,
              19.9451432
            ],
            [
              73.7378257,
              19.9454452
            ],
            [
              73.7370962,
              19.9457024
            ],
            [
              73.7361628,
              19.9458033
            ],
            [
              73.7359911,
              19.9460554
            ],
            [
              73.7356746,
              19.9465546
            ],
            [
              73.7351435,
              19.9463327
            ],
            [
              73.7348163,
              19.9459545
            ],
            [
              73.7335879,
              19.9453192
            ],
            [
              73.7334967,
              19.9447796
            ],
            [
              73.7326974,
              19.9440282
            ],
            [
              73.7329227,
              19.9435694
            ],
            [
              73.7327832,
              19.943524
            ],
            [
              73.7325847,
              19.9436904
            ],
            [
              73.7321234,
              19.9439728
            ],
            [
              73.7316835,
              19.9434685
            ],
            [
              73.7309217,
              19.9427272
            ],
            [
              73.7300473,
              19.94187
            ],
            [
              73.7298813,
              19.9417419
            ],
            [
              73.7298542,
              19.9418246
            ],
            [
              73.7291622,
              19.9414665
            ],
            [
              73.7288135,
              19.9413556
            ],
            [
              73.7287277,
              19.940937
            ],
            [
              73.7277889,
              19.9411841
            ],
            [
              73.7281698,
              19.942228
            ],
            [
              73.7286204,
              19.9423289
            ],
            [
              73.7289476,
              19.9425356
            ],
            [
              73.7285775,
              19.9430449
            ],
            [
              73.7282073,
              19.9427827
            ],
            [
              73.7279659,
              19.9431105
            ],
            [
              73.7275797,
              19.9428735
            ],
            [
              73.7268823,
              19.9415119
            ],
            [
              73.7266517,
              19.9409723
            ],
            [
              73.7266678,
              19.9407606
            ],
            [
              73.7274295,
              19.9407
            ],
            [
              73.7288082,
              19.9404731
            ],
            [
              73.7288511,
              19.9402411
            ],
            [
              73.7279016,
              19.9396108
            ],
            [
              73.7270486,
              19.9396612
            ],
            [
              73.7266141,
              19.9396057
            ],
            [
              73.7267268,
              19.9386728
            ],
            [
              73.7285614,
              19.9389502
            ],
            [
              73.7288886,
              19.9382391
            ],
            [
              73.7302244,
              19.9385669
            ],
            [
              73.7304658,
              19.9381736
            ],
            [
              73.73016,
              19.9380525
            ],
            [
              73.7303907,
              19.937523
            ],
            [
              73.731823,
              19.9377903
            ],
            [
              73.7322146,
              19.9384156
            ],
            [
              73.7323234,
              19.9393113
            ],
            [
              73.7327027,
              19.9394192
            ],
            [
              73.7329955,
              19.939903
            ]
          ]
        ]
      },
      "id": "way/301681593"
    },
    {
      "type": "Feature",
      "properties": {
        "@id": "way/302019103",
        "landuse": "residential"
      },
      "geometry": {
        "type": "Polygon",
        "coordinates": [
          [
            [
              73.9206948,
              20.000127
            ],
            [
              73.9201001,
              19.9996613
            ],
            [
              73.9197284,
              19.9992654
            ],
            [
              73.9196169,
              19.9985902
            ],
            [
              73.9193195,
              19.997682
            ],
            [
              73.9199514,
              19.9969951
            ],
            [
              73.920893,
              19.9969834
            ],
            [
              73.9214506,
              19.9969718
            ],
            [
              73.9220701,
              19.9972745
            ],
            [
              73.9225533,
              19.9976587
            ],
            [
              73.9230489,
              19.9979964
            ],
            [
              73.9237799,
              19.9983224
            ],
            [
              73.923941,
              19.9987182
            ],
            [
              73.9237799,
              19.9992771
            ],
            [
              73.9232843,
              19.9998592
            ],
            [
              73.9228754,
              20.0001736
            ],
            [
              73.9222807,
              20.0002784
            ],
            [
              73.9215249,
              20.0002784
            ],
            [
              73.9210046,
              20.0001969
            ],
            [
              73.9206948,
              20.000127
            ]
          ]
        ]
      },
      "id": "way/302019103"
    },
    {
      "type": "Feature",
      "properties": {
        "@id": "way/310509194",
        "landuse": "reservoir"
      },
      "geometry": {
        "type": "Polygon",
        "coordinates": [
          [
            [
              73.8944295,
              19.9688322
            ],
            [
              73.9091494,
              19.9643146
            ],
            [
              73.9098361,
              19.9647583
            ],
            [
              73.9103511,
              19.9651213
            ],
            [
              73.9108231,
              19.965807
            ],
            [
              73.9117244,
              19.9671381
            ],
            [
              73.912396,
              19.9688625
            ],
            [
              73.9123531,
              19.9695482
            ],
            [
              73.9124968,
              19.9702843
            ],
            [
              73.9126106,
              19.9709599
            ],
            [
              73.9128251,
              19.9716052
            ],
            [
              73.9124539,
              19.972543
            ],
            [
              73.9064887,
              19.9748824
            ],
            [
              73.9015534,
              19.9777057
            ],
            [
              73.8942578,
              19.9762134
            ],
            [
              73.8941291,
              19.9753664
            ],
            [
              73.8943436,
              19.9746807
            ],
            [
              73.8945582,
              19.9737934
            ],
            [
              73.894687,
              19.972543
            ],
            [
              73.894687,
              19.9711313
            ],
            [
              73.894687,
              19.9702036
            ],
            [
              73.8945153,
              19.9698406
            ],
            [
              73.894172,
              19.9695986
            ],
            [
              73.8937857,
              19.9693969
            ],
            [
              73.8937857,
              19.9690339
            ],
            [
              73.8944295,
              19.9688322
            ]
          ]
        ]
      },
      "id": "way/310509194"
    },
    {
      "type": "Feature",
      "properties": {
        "@id": "way/310789400",
        "landuse": "farmyard"
      },
      "geometry": {
        "type": "Polygon",
        "coordinates": [
          [
            [
              73.7767005,
              19.9788895
            ],
            [
              73.7766278,
              19.9784846
            ],
            [
              73.7766951,
              19.978472
            ],
            [
              73.776727,
              19.9784283
            ],
            [
              73.7768782,
              19.9783707
            ],
            [
              73.7772121,
              19.9783024
            ],
            [
              73.7772983,
              19.9787807
            ],
            [
              73.7767005,
              19.9788895
            ]
          ]
        ]
      },
      "id": "way/310789400"
    },
    {
      "type": "Feature",
      "properties": {
        "@id": "way/314826312",
        "landuse": "religious",
        "name": "Infant Jesus Shrine"
      },
      "geometry": {
        "type": "Polygon",
        "coordinates": [
          [
            [
              73.8209545,
              19.9666998
            ],
            [
              73.8197153,
              19.966125
            ],
            [
              73.8200747,
              19.9656157
            ],
            [
              73.8212227,
              19.966367
            ],
            [
              73.8210779,
              19.9665435
            ],
            [
              73.8209545,
              19.9666998
            ]
          ]
        ]
      },
      "id": "way/314826312"
    },
    {
      "type": "Feature",
      "properties": {
        "@id": "way/314826444",
        "landuse": "industrial",
        "name": "Government of India Press"
      },
      "geometry": {
        "type": "Polygon",
        "coordinates": [
          [
            [
              73.8144063,
              19.9724943
            ],
            [
              73.816781,
              19.9705215
            ],
            [
              73.8182455,
              19.971061
            ],
            [
              73.8178485,
              19.9735466
            ],
            [
              73.8160926,
              19.9734886
            ],
            [
              73.8155498,
              19.9732334
            ],
            [
              73.8144063,
              19.9724943
            ]
          ]
        ]
      },
      "id": "way/314826444"
    },
    {
      "type": "Feature",
      "properties": {
        "@id": "way/321114626",
        "landuse": "commercial"
      },
      "geometry": {
        "type": "Polygon",
        "coordinates": [
          [
            [
              73.7857476,
              20.0012261
            ],
            [
              73.7856002,
              20.0012115
            ],
            [
              73.7855835,
              20.0011249
            ],
            [
              73.7850366,
              20.0012695
            ],
            [
              73.7843767,
              20.0014267
            ],
            [
              73.7843504,
              20.0012869
            ],
            [
              73.7844293,
              20.001279
            ],
            [
              73.7847988,
              20.0012242
            ],
            [
              73.7850789,
              20.0011634
            ],
            [
              73.7853782,
              20.0010637
            ],
            [
              73.7857093,
              20.0010059
            ],
            [
              73.7857476,
              20.0012261
            ]
          ]
        ]
      },
      "id": "way/321114626"
    },
    {
      "type": "Feature",
      "properties": {
        "@id": "way/329115200",
        "landuse": "industrial"
      },
      "geometry": {
        "type": "Polygon",
        "coordinates": [
          [
            [
              73.7914431,
              19.9757084
            ],
            [
              73.791073,
              19.9749168
            ],
            [
              73.7932434,
              19.9749582
            ],
            [
              73.7929505,
              19.9757739
            ],
            [
              73.7915987,
              19.9756832
            ],
            [
              73.7914431,
              19.9757084
            ]
          ]
        ]
      },
      "id": "way/329115200"
    },
    {
      "type": "Feature",
      "properties": {
        "@id": "way/329115231",
        "landuse": "grass"
      },
      "geometry": {
        "type": "Polygon",
        "coordinates": [
          [
            [
              73.7735904,
              19.973127
            ],
            [
              73.7737674,
              19.9729707
            ],
            [
              73.7743092,
              19.9737623
            ],
            [
              73.7742046,
              19.9738329
            ],
            [
              73.7735904,
              19.973127
            ]
          ]
        ]
      },
      "id": "way/329115231"
    },
    {
      "type": "Feature",
      "properties": {
        "@id": "way/329115264",
        "landuse": "greenfield"
      },
      "geometry": {
        "type": "Polygon",
        "coordinates": [
          [
            [
              73.7717021,
              19.9757235
            ],
            [
              73.7718845,
              19.9755622
            ],
            [
              73.7719703,
              19.9755067
            ],
            [
              73.7720776,
              19.9755017
            ],
            [
              73.7722332,
              19.9755067
            ],
            [
              73.7727835,
              19.9760573
            ],
            [
              73.772378,
              19.9764293
            ],
            [
              73.7717021,
              19.9757235
            ]
          ]
        ]
      },
      "id": "way/329115264"
    },
    {
      "type": "Feature",
      "properties": {
        "@id": "way/330542936",
        "landuse": "residential"
      },
      "geometry": {
        "type": "Polygon",
        "coordinates": [
          [
            [
              73.7196726,
              19.9960452
            ],
            [
              73.7203421,
              19.9960235
            ],
            [
              73.7209321,
              19.9966241
            ],
            [
              73.721173,
              19.996822
            ],
            [
              73.7213034,
              19.9970282
            ],
            [
              73.7216403,
              19.9977122
            ],
            [
              73.7216038,
              19.9980666
            ],
            [
              73.7216188,
              19.9985541
            ],
            [
              73.7216038,
              19.9988732
            ],
            [
              73.720885,
              19.9990957
            ],
            [
              73.720111,
              19.9992531
            ],
            [
              73.7197147,
              19.9993177
            ],
            [
              73.7192876,
              19.9994663
            ],
            [
              73.7192867,
              19.9991369
            ],
            [
              73.7193751,
              19.9988018
            ],
            [
              73.7194627,
              19.9987093
            ],
            [
              73.7196068,
              19.9984315
            ],
            [
              73.7197847,
              19.998145
            ],
            [
              73.7196726,
              19.9960452
            ]
          ]
        ]
      },
      "id": "way/330542936"
    },
    {
      "type": "Feature",
      "properties": {
        "@id": "way/330542941",
        "landuse": "farmland"
      },
      "geometry": {
        "type": "Polygon",
        "coordinates": [
          [
            [
              73.7276211,
              20.0063008
            ],
            [
              73.7275368,
              20.0067366
            ],
            [
              73.7278641,
              20.007901
            ],
            [
              73.7277675,
              20.0080673
            ],
            [
              73.7277192,
              20.008153
            ],
            [
              73.7275733,
              20.008434
            ],
            [
              73.7273319,
              20.009422
            ],
            [
              73.7270809,
              20.0097408
            ],
            [
              73.726877,
              20.0099928
            ],
            [
              73.7267697,
              20.0100382
            ],
            [
              73.7258095,
              20.0096803
            ],
            [
              73.7246937,
              20.0088335
            ],
            [
              73.7245059,
              20.0080472
            ],
            [
              73.7239319,
              20.0064845
            ],
            [
              73.7232024,
              20.006056
            ],
            [
              73.7232614,
              20.0053254
            ],
            [
              73.7238021,
              20.0053088
            ],
            [
              73.7240285,
              20.0054666
            ],
            [
              73.7242806,
              20.0054867
            ],
            [
              73.724742,
              20.0055321
            ],
            [
              73.7250842,
              20.0055659
            ],
            [
              73.7257044,
              20.0057035
            ],
            [
              73.7262429,
              20.005823
            ],
            [
              73.7264629,
              20.0058431
            ],
            [
              73.7264532,
              20.0061521
            ],
            [
              73.7274617,
              20.0062025
            ],
            [
              73.7276211,
              20.0063008
            ]
          ]
        ]
      },
      "id": "way/330542941"
    },
    {
      "type": "Feature",
      "properties": {
        "@id": "way/330542955",
        "landuse": "industrial"
      },
      "geometry": {
        "type": "Polygon",
        "coordinates": [
          [
            [
              73.7232936,
              19.9965392
            ],
            [
              73.7234706,
              19.9965241
            ],
            [
              73.7236101,
              19.9966501
            ],
            [
              73.7244244,
              19.9965226
            ],
            [
              73.7247316,
              19.9992995
            ],
            [
              73.7247624,
              19.9995774
            ],
            [
              73.7246937,
              19.9996192
            ],
            [
              73.7236637,
              19.9996948
            ],
            [
              73.7235296,
              19.9985253
            ],
            [
              73.7229449,
              19.9985657
            ],
            [
              73.7228966,
              19.9978196
            ],
            [
              73.7232936,
              19.9965392
            ]
          ]
        ]
      },
      "id": "way/330542955"
    },
    {
      "type": "Feature",
      "properties": {
        "@id": "way/330542976",
        "landuse": "farmland"
      },
      "geometry": {
        "type": "Polygon",
        "coordinates": [
          [
            [
              73.7301279,
              20.021737
            ],
            [
              73.7315333,
              20.0214348
            ],
            [
              73.7313831,
              20.0207241
            ],
            [
              73.7319517,
              20.020588
            ],
            [
              73.7318712,
              20.020341
            ],
            [
              73.7322843,
              20.0202705
            ],
            [
              73.732515,
              20.0207443
            ],
            [
              73.7328271,
              20.0207234
            ],
            [
              73.7328583,
              20.0207995
            ],
            [
              73.7329495,
              20.020996
            ],
            [
              73.7332124,
              20.0217118
            ],
            [
              73.733309,
              20.021989
            ],
            [
              73.7334055,
              20.0225383
            ],
            [
              73.7332714,
              20.0225837
            ],
            [
              73.7320483,
              20.0222964
            ],
            [
              73.731838,
              20.022275
            ],
            [
              73.7316996,
              20.0222662
            ],
            [
              73.731426,
              20.0222611
            ],
            [
              73.7309207,
              20.0222246
            ],
            [
              73.7307609,
              20.0222208
            ],
            [
              73.7305935,
              20.0221339
            ],
            [
              73.7302566,
              20.0219386
            ],
            [
              73.7301171,
              20.0218529
            ],
            [
              73.7301279,
              20.021737
            ]
          ]
        ]
      },
      "id": "way/330542976"
    },
    {
      "type": "Feature",
      "properties": {
        "@id": "way/330544879",
        "landuse": "greenfield"
      },
      "geometry": {
        "type": "Polygon",
        "coordinates": [
          [
            [
              73.7863683,
              20.0176846
            ],
            [
              73.7865947,
              20.0156223
            ],
            [
              73.7877148,
              20.0155981
            ],
            [
              73.7871902,
              20.0179409
            ],
            [
              73.7863683,
              20.0176846
            ]
          ]
        ]
      },
      "id": "way/330544879"
    },
    {
      "type": "Feature",
      "properties": {
        "@id": "way/331374203",
        "landuse": "residential"
      },
      "geometry": {
        "type": "Polygon",
        "coordinates": [
          [
            [
              73.7837585,
              20.0112935
            ],
            [
              73.7843066,
              20.0102665
            ],
            [
              73.7846222,
              20.0103887
            ],
            [
              73.7846875,
              20.0102816
            ],
            [
              73.7849387,
              20.0103635
            ],
            [
              73.784936,
              20.0109432
            ],
            [
              73.7852739,
              20.0109583
            ],
            [
              73.7852138,
              20.0113325
            ],
            [
              73.7837173,
              20.0113405
            ],
            [
              73.7837585,
              20.0112935
            ]
          ]
        ]
      },
      "id": "way/331374203"
    },
    {
      "type": "Feature",
      "properties": {
        "@id": "way/331374208",
        "landuse": "recreation_ground",
        "name": "Divyadan Playground 2"
      },
      "geometry": {
        "type": "Polygon",
        "coordinates": [
          [
            [
              73.7603346,
              20.0099073
            ],
            [
              73.7600932,
              20.0088589
            ],
            [
              73.7612841,
              20.0085564
            ],
            [
              73.7613592,
              20.0090907
            ],
            [
              73.7614715,
              20.0096654
            ],
            [
              73.7603346,
              20.0099073
            ]
          ]
        ]
      },
      "id": "way/331374208"
    },
    {
      "type": "Feature",
      "properties": {
        "@id": "way/331374218",
        "landuse": "recreation_ground"
      },
      "geometry": {
        "type": "Polygon",
        "coordinates": [
          [
            [
              73.7629471,
              20.0128812
            ],
            [
              73.7621853,
              20.0129014
            ],
            [
              73.7620711,
              20.0122575
            ],
            [
              73.7628666,
              20.0119639
            ],
            [
              73.7629471,
              20.0128812
            ]
          ]
        ]
      },
      "id": "way/331374218"
    },
    {
      "type": "Feature",
      "properties": {
        "@id": "way/331376760",
        "landuse": "industrial"
      },
      "geometry": {
        "type": "Polygon",
        "coordinates": [
          [
            [
              73.7172587,
              19.9983338
            ],
            [
              73.7170913,
              19.9964761
            ],
            [
              73.7195815,
              19.996222
            ],
            [
              73.7197628,
              19.9980993
            ],
            [
              73.7172587,
              19.9983338
            ]
          ]
        ]
      },
      "id": "way/331376760"
    },
    {
      "type": "Feature",
      "properties": {
        "@id": "way/331376806",
        "landuse": "farmland"
      },
      "geometry": {
        "type": "Polygon",
        "coordinates": [
          [
            [
              73.7169207,
              19.9853936
            ],
            [
              73.7170806,
              19.9843974
            ],
            [
              73.7175645,
              19.984476
            ],
            [
              73.7173917,
              19.9855065
            ],
            [
              73.7169207,
              19.9853936
            ]
          ]
        ]
      },
      "id": "way/331376806"
    },
    {
      "type": "Feature",
      "properties": {
        "@id": "way/331376809",
        "landuse": "industrial"
      },
      "geometry": {
        "type": "Polygon",
        "coordinates": [
          [
            [
              73.7219955,
              20.0014994
            ],
            [
              73.7217594,
              19.9988983
            ],
            [
              73.7227679,
              19.9987471
            ],
            [
              73.72296,
              20.0013961
            ],
            [
              73.7219955,
              20.0014994
            ]
          ]
        ]
      },
      "id": "way/331376809"
    },
    {
      "type": "Feature",
      "properties": {
        "@id": "way/331502553",
        "landuse": "recreation_ground"
      },
      "geometry": {
        "type": "Polygon",
        "coordinates": [
          [
            [
              73.777061,
              19.9751589
            ],
            [
              73.776269,
              19.9739497
            ],
            [
              73.7777013,
              19.9735715
            ],
            [
              73.7779159,
              19.9742572
            ],
            [
              73.7781822,
              19.9741707
            ],
            [
              73.778463,
              19.9750689
            ],
            [
              73.777061,
              19.9751589
            ]
          ]
        ]
      },
      "id": "way/331502553"
    },
    {
      "type": "Feature",
      "properties": {
        "@id": "way/331502601",
        "landuse": "grass"
      },
      "geometry": {
        "type": "Polygon",
        "coordinates": [
          [
            [
              73.747572,
              19.9481112
            ],
            [
              73.7475506,
              19.9480582
            ],
            [
              73.7475425,
              19.9480204
            ],
            [
              73.7475398,
              19.9479826
            ],
            [
              73.7475613,
              19.9479523
            ],
            [
              73.7475774,
              19.9479321
            ],
            [
              73.7478081,
              19.9477254
            ],
            [
              73.7484572,
              19.9483406
            ],
            [
              73.7481863,
              19.9485776
            ],
            [
              73.7481407,
              19.9485902
            ],
            [
              73.7481058,
              19.9485852
            ],
            [
              73.7480817,
              19.9485725
            ],
            [
              73.747572,
              19.9481112
            ]
          ]
        ]
      },
      "id": "way/331502601"
    },
    {
      "type": "Feature",
      "properties": {
        "@id": "way/338766028",
        "landuse": "reservoir"
      },
      "geometry": {
        "type": "Polygon",
        "coordinates": [
          [
            [
              73.8046452,
              20.026334
            ],
            [
              73.804595,
              20.0262413
            ],
            [
              73.8045701,
              20.0261425
            ],
            [
              73.8045754,
              20.0260669
            ],
            [
              73.8046827,
              20.0260114
            ],
            [
              73.8047578,
              20.0260013
            ],
            [
              73.8048544,
              20.0260417
            ],
            [
              73.8048973,
              20.0261021
            ],
            [
              73.8049509,
              20.0261979
            ],
            [
              73.8046452,
              20.026334
            ]
          ]
        ]
      },
      "id": "way/338766028"
    },
    {
      "type": "Feature",
      "properties": {
        "@id": "way/338766052",
        "landuse": "farmland"
      },
      "geometry": {
        "type": "Polygon",
        "coordinates": [
          [
            [
              73.8115602,
              20.0258955
            ],
            [
              73.8108875,
              20.0257272
            ],
            [
              73.8105656,
              20.0254449
            ],
            [
              73.8104444,
              20.0249681
            ],
            [
              73.8104658,
              20.0243432
            ],
            [
              73.8113456,
              20.0238795
            ],
            [
              73.8110237,
              20.0210166
            ],
            [
              73.8122683,
              20.020936
            ],
            [
              73.812397,
              20.0210771
            ],
            [
              73.8124614,
              20.0215408
            ],
            [
              73.8128476,
              20.0222464
            ],
            [
              73.8146072,
              20.022186
            ],
            [
              73.8146072,
              20.0227303
            ],
            [
              73.8146072,
              20.0229521
            ],
            [
              73.8146072,
              20.0233754
            ],
            [
              73.8146121,
              20.0235827
            ],
            [
              73.8146501,
              20.0242222
            ],
            [
              73.8146286,
              20.0245649
            ],
            [
              73.8145428,
              20.0251294
            ],
            [
              73.8143282,
              20.0257544
            ],
            [
              73.8115602,
              20.0258955
            ]
          ]
        ]
      },
      "id": "way/338766052"
    },
    {
      "type": "Feature",
      "properties": {
        "@id": "way/357200446",
        "landuse": "greenfield"
      },
      "geometry": {
        "type": "Polygon",
        "coordinates": [
          [
            [
              73.8088831,
              19.9975615
            ],
            [
              73.8088463,
              19.9966199
            ],
            [
              73.8095093,
              19.9965646
            ],
            [
              73.809642,
              19.997655
            ],
            [
              73.8088831,
              19.9975615
            ]
          ]
        ]
      },
      "id": "way/357200446"
    },
    {
      "type": "Feature",
      "properties": {
        "@id": "way/357200449",
        "landuse": "grass"
      },
      "geometry": {
        "type": "Polygon",
        "coordinates": [
          [
            [
              73.7966101,
              19.9909336
            ],
            [
              73.7964714,
              19.9904829
            ],
            [
              73.7964652,
              19.9904626
            ],
            [
              73.7967898,
              19.9903619
            ],
            [
              73.7968749,
              19.9908714
            ],
            [
              73.7966101,
              19.9909336
            ]
          ]
        ]
      },
      "id": "way/357200449"
    },
    {
      "type": "Feature",
      "properties": {
        "@id": "way/357373258",
        "landuse": "commercial"
      },
      "geometry": {
        "type": "Polygon",
        "coordinates": [
          [
            [
              73.7842159,
              20.0010277
            ],
            [
              73.7844617,
              20.0010125
            ],
            [
              73.7846249,
              20.0010014
            ],
            [
              73.7850002,
              20.0009368
            ],
            [
              73.7850117,
              20.0009906
            ],
            [
              73.7846879,
              20.0010522
            ],
            [
              73.7844478,
              20.0010699
            ],
            [
              73.784214,
              20.0010636
            ],
            [
              73.7842159,
              20.0010277
            ]
          ]
        ]
      },
      "id": "way/357373258"
    },
    {
      "type": "Feature",
      "properties": {
        "@id": "way/357373267",
        "landuse": "commercial"
      },
      "geometry": {
        "type": "Polygon",
        "coordinates": [
          [
            [
              73.7861864,
              20.0004549
            ],
            [
              73.7862323,
              20.0004979
            ],
            [
              73.7860862,
              20.0006164
            ],
            [
              73.7859486,
              20.0007403
            ],
            [
              73.7857051,
              20.0008587
            ],
            [
              73.7850919,
              20.0009987
            ],
            [
              73.7850776,
              20.000918
            ],
            [
              73.7856907,
              20.0007806
            ],
            [
              73.7858254,
              20.0007214
            ],
            [
              73.7861864,
              20.0004549
            ]
          ]
        ]
      },
      "id": "way/357373267"
    },
    {
      "type": "Feature",
      "properties": {
        "@id": "way/357373275",
        "landuse": "construction"
      },
      "geometry": {
        "type": "Polygon",
        "coordinates": [
          [
            [
              73.7731671,
              19.9986702
            ],
            [
              73.7730783,
              19.9982125
            ],
            [
              73.7730725,
              19.9981344
            ],
            [
              73.7730754,
              19.9980859
            ],
            [
              73.7730897,
              19.9980429
            ],
            [
              73.7731098,
              19.9980106
            ],
            [
              73.773147,
              19.9979809
            ],
            [
              73.7731986,
              19.9979217
            ],
            [
              73.7733648,
              19.997814
            ],
            [
              73.7736169,
              19.9977709
            ],
            [
              73.7740038,
              19.9983363
            ],
            [
              73.7743619,
              19.9982233
            ],
            [
              73.7745768,
              19.9988291
            ],
            [
              73.7742072,
              19.9990148
            ],
            [
              73.7741527,
              19.9985033
            ],
            [
              73.7731671,
              19.9986702
            ]
          ]
        ]
      },
      "id": "way/357373275"
    },
    {
      "type": "Feature",
      "properties": {
        "@id": "way/357373276",
        "landuse": "grass"
      },
      "geometry": {
        "type": "Polygon",
        "coordinates": [
          [
            [
              73.7765836,
              20.0056077
            ],
            [
              73.7765573,
              20.0054418
            ],
            [
              73.7767741,
              20.0054114
            ],
            [
              73.7768005,
              20.0055773
            ],
            [
              73.7765836,
              20.0056077
            ]
          ]
        ]
      },
      "id": "way/357373276"
    },
    {
      "type": "Feature",
      "properties": {
        "@id": "way/357373277",
        "landuse": "construction"
      },
      "geometry": {
        "type": "Polygon",
        "coordinates": [
          [
            [
              73.7755539,
              19.9995937
            ],
            [
              73.7755453,
              19.9988614
            ],
            [
              73.7760409,
              19.9989933
            ],
            [
              73.7760782,
              19.9991683
            ],
            [
              73.7761842,
              19.9994026
            ],
            [
              73.7755539,
              19.9995937
            ]
          ]
        ]
      },
      "id": "way/357373277"
    },
    {
      "type": "Feature",
      "properties": {
        "@id": "way/357373864",
        "landuse": "grass"
      },
      "geometry": {
        "type": "Polygon",
        "coordinates": [
          [
            [
              73.7867366,
              20.0002125
            ],
            [
              73.786897,
              20.0002179
            ],
            [
              73.78694,
              20.0002341
            ],
            [
              73.7869715,
              20.0002583
            ],
            [
              73.7871033,
              20.0005868
            ],
            [
              73.7869257,
              20.0006379
            ],
            [
              73.7867394,
              20.0002664
            ],
            [
              73.7867366,
              20.0002125
            ]
          ]
        ]
      },
      "id": "way/357373864"
    },
    {
      "type": "Feature",
      "properties": {
        "@id": "way/361247840",
        "landuse": "religious",
        "religion": "hindu"
      },
      "geometry": {
        "type": "Polygon",
        "coordinates": [
          [
            [
              73.7949456,
              20.0071234
            ],
            [
              73.7949428,
              20.0067585
            ],
            [
              73.7957496,
              20.0067529
            ],
            [
              73.7957525,
              20.0071178
            ],
            [
              73.7949456,
              20.0071234
            ]
          ]
        ]
      },
      "id": "way/361247840"
    },
    {
      "type": "Feature",
      "properties": {
        "@id": "way/361248042",
        "landuse": "farmland"
      },
      "geometry": {
        "type": "Polygon",
        "coordinates": [
          [
            [
              73.776724,
              20.0116047
            ],
            [
              73.7755524,
              20.0111326
            ],
            [
              73.7751749,
              20.0108209
            ],
            [
              73.7752435,
              20.010674
            ],
            [
              73.7755677,
              20.010355
            ],
            [
              73.7758189,
              20.0101249
            ],
            [
              73.7760372,
              20.01002
            ],
            [
              73.7776881,
              20.009667
            ],
            [
              73.7791716,
              20.0095309
            ],
            [
              73.7810371,
              20.0095397
            ],
            [
              73.782028,
              20.0096384
            ],
            [
              73.7820108,
              20.009733
            ],
            [
              73.7821148,
              20.011319
            ],
            [
              73.776724,
              20.0116047
            ]
          ]
        ]
      },
      "id": "way/361248042"
    },
    {
      "type": "Feature",
      "properties": {
        "@id": "way/361248044",
        "landuse": "grass"
      },
      "geometry": {
        "type": "Polygon",
        "coordinates": [
          [
            [
              73.7955611,
              20.0113048
            ],
            [
              73.7955629,
              20.0112798
            ],
            [
              73.7955789,
              20.0112681
            ],
            [
              73.7956144,
              20.0112535
            ],
            [
              73.7956781,
              20.0112827
            ],
            [
              73.7957301,
              20.0113013
            ],
            [
              73.7957907,
              20.0113322
            ],
            [
              73.7958497,
              20.0113418
            ],
            [
              73.7958761,
              20.011378
            ],
            [
              73.7958737,
              20.0114142
            ],
            [
              73.7958698,
              20.011442
            ],
            [
              73.795844,
              20.0114804
            ],
            [
              73.7958226,
              20.0115105
            ],
            [
              73.7958013,
              20.0115288
            ],
            [
              73.7957728,
              20.0115472
            ],
            [
              73.7957337,
              20.0115589
            ],
            [
              73.7956839,
              20.0115656
            ],
            [
              73.7956554,
              20.0115589
            ],
            [
              73.7956252,
              20.0115422
            ],
            [
              73.7956003,
              20.0115105
            ],
            [
              73.7955611,
              20.0113048
            ]
          ]
        ]
      },
      "id": "way/361248044"
    },
    {
      "type": "Feature",
      "properties": {
        "@id": "way/361248047",
        "landuse": "greenfield"
      },
      "geometry": {
        "type": "Polygon",
        "coordinates": [
          [
            [
              73.7821577,
              20.0113405
            ],
            [
              73.7820509,
              20.0097602
            ],
            [
              73.7820699,
              20.0096419
            ],
            [
              73.7833198,
              20.0098827
            ],
            [
              73.7842984,
              20.0100728
            ],
            [
              73.7837174,
              20.0112724
            ],
            [
              73.7821577,
              20.0113405
            ]
          ]
        ]
      },
      "id": "way/361248047"
    },
    {
      "type": "Feature",
      "properties": {
        "@id": "way/390057474",
        "landuse": "farmland"
      },
      "geometry": {
        "type": "Polygon",
        "coordinates": [
          [
            [
              73.7984649,
              20.0039697
            ],
            [
              73.7986151,
              20.0050484
            ],
            [
              73.7982986,
              20.0050433
            ],
            [
              73.798202,
              20.0045292
            ],
            [
              73.7971332,
              20.0046721
            ],
            [
              73.7970487,
              20.0037277
            ],
            [
              73.7967805,
              20.0037277
            ],
            [
              73.7963929,
              20.0038756
            ],
            [
              73.7960992,
              20.0040554
            ],
            [
              73.7959047,
              20.004163
            ],
            [
              73.795831,
              20.0040705
            ],
            [
              73.7957559,
              20.0037983
            ],
            [
              73.79613,
              20.0037849
            ],
            [
              73.7960013,
              20.002802
            ],
            [
              73.7957237,
              20.0029111
            ],
            [
              73.7956647,
              20.0029464
            ],
            [
              73.7955817,
              20.002669
            ],
            [
              73.7957587,
              20.0025102
            ],
            [
              73.7962281,
              20.0023086
            ],
            [
              73.7967162,
              20.0022431
            ],
            [
              73.7978615,
              20.0022355
            ],
            [
              73.7986957,
              20.0022431
            ],
            [
              73.7988016,
              20.0031861
            ],
            [
              73.7984008,
              20.0032133
            ],
            [
              73.7984649,
              20.0039697
            ]
          ]
        ]
      },
      "id": "way/390057474"
    },
    {
      "type": "Feature",
      "properties": {
        "@id": "way/390058834",
        "landuse": "residential"
      },
      "geometry": {
        "type": "Polygon",
        "coordinates": [
          [
            [
              73.7714988,
              20.0474855
            ],
            [
              73.7714773,
              20.0461551
            ],
            [
              73.7713271,
              20.0456713
            ],
            [
              73.7710482,
              20.0451068
            ],
            [
              73.7712198,
              20.0448045
            ],
            [
              73.7723356,
              20.0444215
            ],
            [
              73.7730437,
              20.0442602
            ],
            [
              73.7731725,
              20.0433733
            ],
            [
              73.7750393,
              20.0432926
            ],
            [
              73.7769061,
              20.044099
            ],
            [
              73.7763911,
              20.0452681
            ],
            [
              73.7758761,
              20.0460543
            ],
            [
              73.7753805,
              20.0479612
            ],
            [
              73.7743097,
              20.0487151
            ],
            [
              73.772915,
              20.0487554
            ],
            [
              73.7721425,
              20.0484127
            ],
            [
              73.7715846,
              20.0484127
            ],
            [
              73.7714988,
              20.0474855
            ]
          ]
        ]
      },
      "id": "way/390058834"
    },
    {
      "type": "Feature",
      "properties": {
        "@id": "way/390062474",
        "landuse": "farmland"
      },
      "geometry": {
        "type": "Polygon",
        "coordinates": [
          [
            [
              73.8088693,
              20.0014895
            ],
            [
              73.8087942,
              20.0014794
            ],
            [
              73.8087352,
              20.0014819
            ],
            [
              73.8086843,
              20.0014618
            ],
            [
              73.8086694,
              20.0013905
            ],
            [
              73.8087552,
              20.0013351
            ],
            [
              73.8090878,
              20.0011158
            ],
            [
              73.8098281,
              20.0007554
            ],
            [
              73.8105737,
              20.0003799
            ],
            [
              73.811227,
              20.0011542
            ],
            [
              73.8106852,
              20.0012551
            ],
            [
              73.8101434,
              20.0015499
            ],
            [
              73.8098939,
              20.0018826
            ],
            [
              73.8091402,
              20.0015399
            ],
            [
              73.8088693,
              20.0014895
            ]
          ]
        ]
      },
      "id": "way/390062474"
    },
    {
      "type": "Feature",
      "properties": {
        "@id": "way/390062475",
        "landuse": "residential"
      },
      "geometry": {
        "type": "Polygon",
        "coordinates": [
          [
            [
              73.8182075,
              19.986968
            ],
            [
              73.8191315,
              19.9868602
            ],
            [
              73.8194748,
              19.98683
            ],
            [
              73.8195472,
              19.9868451
            ],
            [
              73.8195928,
              19.9869358
            ],
            [
              73.8197001,
              19.9870064
            ],
            [
              73.8200649,
              19.9870014
            ],
            [
              73.820376,
              19.9869913
            ],
            [
              73.8207515,
              19.9870089
            ],
            [
              73.8210948,
              19.9869762
            ],
            [
              73.821304,
              19.9869459
            ],
            [
              73.8214543,
              19.9869182
            ],
            [
              73.8214789,
              19.9874058
            ],
            [
              73.8210362,
              19.9875088
            ],
            [
              73.820955,
              19.9875364
            ],
            [
              73.8208955,
              19.9875665
            ],
            [
              73.8208605,
              19.987613
            ],
            [
              73.8208588,
              19.9876693
            ],
            [
              73.8208976,
              19.9877771
            ],
            [
              73.8210544,
              19.988101
            ],
            [
              73.8210613,
              19.9881571
            ],
            [
              73.8211464,
              19.9881783
            ],
            [
              73.8211947,
              19.9881901
            ],
            [
              73.8211028,
              19.9884616
            ],
            [
              73.8209727,
              19.9884184
            ],
            [
              73.820991,
              19.988286
            ],
            [
              73.8208878,
              19.988269
            ],
            [
              73.820899,
              19.9881407
            ],
            [
              73.8208105,
              19.9879466
            ],
            [
              73.8207193,
              19.9878256
            ],
            [
              73.8206562,
              19.9877796
            ],
            [
              73.820553,
              19.9877248
            ],
            [
              73.8204457,
              19.9876769
            ],
            [
              73.8203236,
              19.9876057
            ],
            [
              73.8200917,
              19.9874803
            ],
            [
              73.8199442,
              19.9873366
            ],
            [
              73.819794,
              19.987266
            ],
            [
              73.8196303,
              19.9872207
            ],
            [
              73.8193714,
              19.9872326
            ],
            [
              73.8191502,
              19.987256
            ],
            [
              73.8189556,
              19.9872881
            ],
            [
              73.8187345,
              19.987319
            ],
            [
              73.8183897,
              19.9873637
            ],
            [
              73.8180318,
              19.9874097
            ],
            [
              73.8178172,
              19.9874072
            ],
            [
              73.8176911,
              19.9874601
            ],
            [
              73.8175946,
              19.9874526
            ],
            [
              73.8175704,
              19.9867644
            ],
            [
              73.8175999,
              19.9857562
            ],
            [
              73.8179808,
              19.9857284
            ],
            [
              73.8181419,
              19.986717
            ],
            [
              73.8181453,
              19.9868493
            ],
            [
              73.81816,
              19.9869253
            ],
            [
              73.8182075,
              19.986968
            ]
          ]
        ]
      },
      "id": "way/390062475"
    },
    {
      "type": "Feature",
      "properties": {
        "@id": "way/390062480",
        "landuse": "farmland"
      },
      "geometry": {
        "type": "Polygon",
        "coordinates": [
          [
            [
              73.819616,
              19.9852459
            ],
            [
              73.8220632,
              19.9830388
            ],
            [
              73.8236296,
              19.9822422
            ],
            [
              73.8269448,
              19.9805583
            ],
            [
              73.8280016,
              19.9802127
            ],
            [
              73.8287751,
              19.9848272
            ],
            [
              73.8292548,
              19.9872431
            ],
            [
              73.8268295,
              19.9881335
            ],
            [
              73.8258473,
              19.988494
            ],
            [
              73.8252813,
              19.9886376
            ],
            [
              73.8249057,
              19.9887262
            ],
            [
              73.8246055,
              19.9887814
            ],
            [
              73.8238866,
              19.9888771
            ],
            [
              73.8231131,
              19.9890299
            ],
            [
              73.8228459,
              19.9890989
            ],
            [
              73.822528,
              19.9889128
            ],
            [
              73.8217628,
              19.9869509
            ],
            [
              73.8226855,
              19.9866736
            ],
            [
              73.8225245,
              19.9863409
            ],
            [
              73.8214999,
              19.9863762
            ],
            [
              73.8210547,
              19.9858418
            ],
            [
              73.819616,
              19.9852459
            ]
          ]
        ]
      },
      "id": "way/390062480"
    },
    {
      "type": "Feature",
      "properties": {
        "@id": "way/390175135",
        "landuse": "reservoir",
        "@relations": [
          {
            "role": "inner",
            "rel": 9447725,
            "reltags": {
              "landuse": "orchard",
              "type": "multipolygon"
            }
          }
        ]
      },
      "geometry": {
        "type": "Polygon",
        "coordinates": [
          [
            [
              73.7096248,
              19.9462673
            ],
            [
              73.7096087,
              19.9461916
            ],
            [
              73.7096731,
              19.9461614
            ],
            [
              73.7096959,
              19.9460885
            ],
            [
              73.7097214,
              19.9460051
            ],
            [
              73.7097911,
              19.945995
            ],
            [
              73.7098501,
              19.9460202
            ],
            [
              73.7099199,
              19.9460656
            ],
            [
              73.7099306,
              19.946111
            ],
            [
              73.7099306,
              19.9461765
            ],
            [
              73.7099306,
              19.946232
            ],
            [
              73.7099199,
              19.9462774
            ],
            [
              73.7098984,
              19.9463177
            ],
            [
              73.7098461,
              19.9463154
            ],
            [
              73.709775,
              19.9462622
            ],
            [
              73.7097536,
              19.9463127
            ],
            [
              73.7096248,
              19.9462673
            ]
          ]
        ]
      },
      "id": "way/390175135"
    },
    {
      "type": "Feature",
      "properties": {
        "@id": "way/390175136",
        "landuse": "reservoir",
        "@relations": [
          {
            "role": "inner",
            "rel": 9447725,
            "reltags": {
              "landuse": "orchard",
              "type": "multipolygon"
            }
          }
        ]
      },
      "geometry": {
        "type": "Polygon",
        "coordinates": [
          [
            [
              73.7132994,
              19.9542647
            ],
            [
              73.7126343,
              19.9545017
            ],
            [
              73.7125913,
              19.9544311
            ],
            [
              73.7127147,
              19.9543504
            ],
            [
              73.712704,
              19.9542949
            ],
            [
              73.7125913,
              19.9541033
            ],
            [
              73.7125913,
              19.9539974
            ],
            [
              73.7125538,
              19.9538512
            ],
            [
              73.712527,
              19.9537403
            ],
            [
              73.7124894,
              19.9535487
            ],
            [
              73.7124465,
              19.9533923
            ],
            [
              73.7124411,
              19.9533167
            ],
            [
              73.7124787,
              19.9531906
            ],
            [
              73.7125216,
              19.9531301
            ],
            [
              73.7125377,
              19.9530293
            ],
            [
              73.7125592,
              19.9529486
            ],
            [
              73.7126772,
              19.9529486
            ],
            [
              73.7127415,
              19.9529789
            ],
            [
              73.7128327,
              19.9530293
            ],
            [
              73.7129454,
              19.9531705
            ],
            [
              73.7129776,
              19.9533318
            ],
            [
              73.7129896,
              19.9534607
            ],
            [
              73.7130326,
              19.9536422
            ],
            [
              73.713101,
              19.953826
            ],
            [
              73.7131224,
              19.953947
            ],
            [
              73.7131814,
              19.9540075
            ],
            [
              73.7132686,
              19.9540506
            ],
            [
              73.7133169,
              19.9541061
            ],
            [
              73.7133652,
              19.9541868
            ],
            [
              73.7132994,
              19.9542647
            ]
          ]
        ]
      },
      "id": "way/390175136"
    },
    {
      "type": "Feature",
      "properties": {
        "@id": "way/390175137",
        "landuse": "reservoir",
        "@relations": [
          {
            "role": "inner",
            "rel": 9447725,
            "reltags": {
              "landuse": "orchard",
              "type": "multipolygon"
            }
          }
        ]
      },
      "geometry": {
        "type": "Polygon",
        "coordinates": [
          [
            [
              73.7086112,
              19.9456823
            ],
            [
              73.7087504,
              19.9455815
            ],
            [
              73.7088416,
              19.9455815
            ],
            [
              73.7088966,
              19.94567
            ],
            [
              73.7089435,
              19.9456117
            ],
            [
              73.7089596,
              19.9454958
            ],
            [
              73.7089006,
              19.9453848
            ],
            [
              73.7087719,
              19.9453646
            ],
            [
              73.7086327,
              19.9453848
            ],
            [
              73.7085415,
              19.9453798
            ],
            [
              73.7084932,
              19.9452739
            ],
            [
              73.7084996,
              19.9451556
            ],
            [
              73.7085844,
              19.9451125
            ],
            [
              73.7086646,
              19.9451125
            ],
            [
              73.7089489,
              19.9451831
            ],
            [
              73.7090455,
              19.9452537
            ],
            [
              73.7091206,
              19.9453495
            ],
            [
              73.7091796,
              19.9455008
            ],
            [
              73.7091688,
              19.9456218
            ],
            [
              73.7091796,
              19.9457479
            ],
            [
              73.7091903,
              19.9458538
            ],
            [
              73.7091903,
              19.9459799
            ],
            [
              73.7091326,
              19.9460179
            ],
            [
              73.7089771,
              19.9459019
            ],
            [
              73.7086112,
              19.9456823
            ]
          ]
        ]
      },
      "id": "way/390175137"
    },
    {
      "type": "Feature",
      "properties": {
        "@id": "way/390175138",
        "landuse": "reservoir",
        "@relations": [
          {
            "role": "inner",
            "rel": 9447725,
            "reltags": {
              "landuse": "orchard",
              "type": "multipolygon"
            }
          }
        ]
      },
      "geometry": {
        "type": "Polygon",
        "coordinates": [
          [
            [
              73.7093995,
              19.9461866
            ],
            [
              73.7093781,
              19.9459748
            ],
            [
              73.709362,
              19.9458891
            ],
            [
              73.7093566,
              19.9457933
            ],
            [
              73.709362,
              19.9457025
            ],
            [
              73.7094424,
              19.9456571
            ],
            [
              73.7095604,
              19.9456571
            ],
            [
              73.7096087,
              19.9457479
            ],
            [
              73.7096101,
              19.9458767
            ],
            [
              73.7096422,
              19.9459978
            ],
            [
              73.7095873,
              19.9461059
            ],
            [
              73.7095296,
              19.9461793
            ],
            [
              73.709476,
              19.9462499
            ],
            [
              73.7093995,
              19.9461866
            ]
          ]
        ]
      },
      "id": "way/390175138"
    },
    {
      "type": "Feature",
      "properties": {
        "@id": "way/390175139",
        "landuse": "reservoir",
        "@relations": [
          {
            "role": "inner",
            "rel": 9447725,
            "reltags": {
              "landuse": "orchard",
              "type": "multipolygon"
            }
          }
        ]
      },
      "geometry": {
        "type": "Polygon",
        "coordinates": [
          [
            [
              73.7121354,
              19.9483146
            ],
            [
              73.7120495,
              19.9483902
            ],
            [
              73.7119798,
              19.9484003
            ],
            [
              73.7118792,
              19.9483829
            ],
            [
              73.711788,
              19.9483476
            ],
            [
              73.7117612,
              19.9482619
            ],
            [
              73.7117129,
              19.9481207
            ],
            [
              73.7116633,
              19.9479213
            ],
            [
              73.7116485,
              19.9477022
            ],
            [
              73.7116955,
              19.9475229
            ],
            [
              73.7118189,
              19.9474422
            ],
            [
              73.7119905,
              19.9473918
            ],
            [
              73.7120764,
              19.9474523
            ],
            [
              73.7121193,
              19.9475834
            ],
            [
              73.71213,
              19.9477095
            ],
            [
              73.7121246,
              19.9478305
            ],
            [
              73.7121085,
              19.9479263
            ],
            [
              73.7121085,
              19.9480977
            ],
            [
              73.7121354,
              19.9483146
            ]
          ]
        ]
      },
      "id": "way/390175139"
    },
    {
      "type": "Feature",
      "properties": {
        "@id": "way/390175140",
        "landuse": "reservoir"
      },
      "geometry": {
        "type": "Polygon",
        "coordinates": [
          [
            [
              73.7186692,
              19.962065
            ],
            [
              73.7180577,
              19.9614953
            ],
            [
              73.7180845,
              19.9613591
            ],
            [
              73.718165,
              19.9612785
            ],
            [
              73.7182669,
              19.9612835
            ],
            [
              73.7183004,
              19.9613669
            ],
            [
              73.718401,
              19.9614953
            ],
            [
              73.7185418,
              19.9616291
            ],
            [
              73.7186585,
              19.9616768
            ],
            [
              73.7187551,
              19.9616818
            ],
            [
              73.7188784,
              19.9616415
            ],
            [
              73.7189106,
              19.9615709
            ],
            [
              73.7189482,
              19.9614902
            ],
            [
              73.7190823,
              19.9614801
            ],
            [
              73.7191842,
              19.9614801
            ],
            [
              73.7193881,
              19.9615558
            ],
            [
              73.7195235,
              19.9616392
            ],
            [
              73.7196523,
              19.9617249
            ],
            [
              73.719667,
              19.961818
            ],
            [
              73.7196187,
              19.9618381
            ],
            [
              73.7193881,
              19.9618381
            ],
            [
              73.7192969,
              19.9618331
            ],
            [
              73.7191896,
              19.961823
            ],
            [
              73.719093,
              19.9618331
            ],
            [
              73.7190179,
              19.9618886
            ],
            [
              73.7189589,
              19.9619743
            ],
            [
              73.7188731,
              19.96206
            ],
            [
              73.7187819,
              19.9621255
            ],
            [
              73.7187068,
              19.9621255
            ],
            [
              73.7186692,
              19.962065
            ]
          ]
        ]
      },
      "id": "way/390175140"
    },
    {
      "type": "Feature",
      "properties": {
        "@id": "way/390175141",
        "landuse": "reservoir",
        "@relations": [
          {
            "role": "inner",
            "rel": 9447725,
            "reltags": {
              "landuse": "orchard",
              "type": "multipolygon"
            }
          }
        ]
      },
      "geometry": {
        "type": "Polygon",
        "coordinates": [
          [
            [
              73.7123231,
              19.9527267
            ],
            [
              73.7122386,
              19.9526337
            ],
            [
              73.7122051,
              19.9525755
            ],
            [
              73.7120455,
              19.9524774
            ],
            [
              73.7119208,
              19.9523284
            ],
            [
              73.7117719,
              19.952195
            ],
            [
              73.711556,
              19.9520511
            ],
            [
              73.7114755,
              19.9519099
            ],
            [
              73.7115667,
              19.9518796
            ],
            [
              73.711733,
              19.9518393
            ],
            [
              73.7118886,
              19.9518242
            ],
            [
              73.7121246,
              19.9518847
            ],
            [
              73.7121944,
              19.95193
            ],
            [
              73.7123017,
              19.9520511
            ],
            [
              73.7123499,
              19.9521015
            ],
            [
              73.7124841,
              19.9521317
            ],
            [
              73.7125431,
              19.9522528
            ],
            [
              73.7126664,
              19.9524192
            ],
            [
              73.7126986,
              19.9525603
            ],
            [
              73.7126021,
              19.952636
            ],
            [
              73.7125431,
              19.9526763
            ],
            [
              73.7124358,
              19.9527217
            ],
            [
              73.7123875,
              19.9527368
            ],
            [
              73.7123231,
              19.9527267
            ]
          ]
        ]
      },
      "id": "way/390175141"
    },
    {
      "type": "Feature",
      "properties": {
        "@id": "way/390175142",
        "landuse": "reservoir",
        "@relations": [
          {
            "role": "inner",
            "rel": 9447725,
            "reltags": {
              "landuse": "orchard",
              "type": "multipolygon"
            }
          }
        ]
      },
      "geometry": {
        "type": "Polygon",
        "coordinates": [
          [
            [
              73.7115936,
              19.9473918
            ],
            [
              73.7115775,
              19.9471699
            ],
            [
              73.7115936,
              19.9470438
            ],
            [
              73.7116579,
              19.9470338
            ],
            [
              73.7118028,
              19.9470136
            ],
            [
              73.7118779,
              19.9469833
            ],
            [
              73.7119691,
              19.9469682
            ],
            [
              73.7119919,
              19.9470264
            ],
            [
              73.7119905,
              19.9471497
            ],
            [
              73.711953,
              19.9472455
            ],
            [
              73.7118832,
              19.9473111
            ],
            [
              73.7117759,
              19.9473464
            ],
            [
              73.7117223,
              19.9473767
            ],
            [
              73.71167,
              19.947445
            ],
            [
              73.7116204,
              19.9474472
            ],
            [
              73.7115936,
              19.9473918
            ]
          ]
        ]
      },
      "id": "way/390175142"
    },
    {
      "type": "Feature",
      "properties": {
        "@id": "way/390175143",
        "landuse": "reservoir"
      },
      "geometry": {
        "type": "Polygon",
        "coordinates": [
          [
            [
              73.7140612,
              19.9563875
            ],
            [
              73.7137232,
              19.9551824
            ],
            [
              73.7136642,
              19.9551017
            ],
            [
              73.7135998,
              19.9550765
            ],
            [
              73.7135087,
              19.9550614
            ],
            [
              73.713455,
              19.9550261
            ],
            [
              73.7133906,
              19.9549605
            ],
            [
              73.7132994,
              19.9548244
            ],
            [
              73.7132565,
              19.9546882
            ],
            [
              73.7132029,
              19.9545571
            ],
            [
              73.7133705,
              19.9544591
            ],
            [
              73.7134993,
              19.9546002
            ],
            [
              73.7135784,
              19.9547437
            ],
            [
              73.7136656,
              19.9548725
            ],
            [
              73.7138198,
              19.9549151
            ],
            [
              73.7139324,
              19.9548748
            ],
            [
              73.714426,
              19.9547134
            ],
            [
              73.7145225,
              19.9547034
            ],
            [
              73.7145708,
              19.9547387
            ],
            [
              73.7149047,
              19.9557701
            ],
            [
              73.7148028,
              19.9559365
            ],
            [
              73.7146794,
              19.9561129
            ],
            [
              73.7145011,
              19.9562715
            ],
            [
              73.714324,
              19.9564077
            ],
            [
              73.7141953,
              19.9565085
            ],
            [
              73.7141095,
              19.9565186
            ],
            [
              73.7140612,
              19.9563875
            ]
          ]
        ]
      },
      "id": "way/390175143"
    },
    {
      "type": "Feature",
      "properties": {
        "@id": "way/390175144",
        "landuse": "reservoir"
      },
      "geometry": {
        "type": "Polygon",
        "coordinates": [
          [
            [
              73.7149249,
              19.9575069
            ],
            [
              73.715012,
              19.9573937
            ],
            [
              73.7149852,
              19.957313
            ],
            [
              73.7149302,
              19.9571943
            ],
            [
              73.7149262,
              19.9570508
            ],
            [
              73.7149463,
              19.9569674
            ],
            [
              73.7150161,
              19.9569724
            ],
            [
              73.7150751,
              19.9570632
            ],
            [
              73.7150751,
              19.9571741
            ],
            [
              73.715118,
              19.9573254
            ],
            [
              73.715118,
              19.9574262
            ],
            [
              73.7152789,
              19.9574867
            ],
            [
              73.7155364,
              19.9575825
            ],
            [
              73.7157027,
              19.9576481
            ],
            [
              73.7159119,
              19.9577439
            ],
            [
              73.7160031,
              19.9578699
            ],
            [
              73.7160138,
              19.9579607
            ],
            [
              73.7159977,
              19.9580666
            ],
            [
              73.7159334,
              19.9581372
            ],
            [
              73.71581,
              19.9582128
            ],
            [
              73.7157081,
              19.9582632
            ],
            [
              73.7155579,
              19.9583439
            ],
            [
              73.7152052,
              19.9579735
            ],
            [
              73.7150174,
              19.9577164
            ],
            [
              73.7149249,
              19.9575069
            ]
          ]
        ]
      },
      "id": "way/390175144"
    },
    {
      "type": "Feature",
      "properties": {
        "@id": "way/390175145",
        "landuse": "quarry"
      },
      "geometry": {
        "type": "Polygon",
        "coordinates": [
          [
            [
              73.6930705,
              19.9418254
            ],
            [
              73.6934353,
              19.9417246
            ],
            [
              73.6943794,
              19.9416641
            ],
            [
              73.6953235,
              19.9416641
            ],
            [
              73.6965037,
              19.9417649
            ],
            [
              73.6986023,
              19.9423519
            ],
            [
              73.698652,
              19.9423893
            ],
            [
              73.6991387,
              19.9427553
            ],
            [
              73.699525,
              19.9434209
            ],
            [
              73.6997395,
              19.9438849
            ],
            [
              73.70013,
              19.9451326
            ],
            [
              73.7007093,
              19.9458991
            ],
            [
              73.6991,
              19.9461411
            ],
            [
              73.6985379,
              19.9458011
            ],
            [
              73.6975723,
              19.9453775
            ],
            [
              73.6951905,
              19.944732
            ],
            [
              73.692165,
              19.94449
            ],
            [
              73.6907488,
              19.9446715
            ],
            [
              73.6895901,
              19.9450951
            ],
            [
              73.6889678,
              19.9453977
            ],
            [
              73.6882811,
              19.9455389
            ],
            [
              73.6865258,
              19.946948
            ],
            [
              73.685646,
              19.9458184
            ],
            [
              73.6867833,
              19.9446082
            ],
            [
              73.6876589,
              19.9446715
            ],
            [
              73.6883455,
              19.9441068
            ],
            [
              73.6894011,
              19.9442048
            ],
            [
              73.6894655,
              19.9422885
            ],
            [
              73.6903453,
              19.9420061
            ],
            [
              73.690989,
              19.9428331
            ],
            [
              73.6930705,
              19.9418254
            ]
          ]
        ]
      },
      "id": "way/390175145"
    },
    {
      "type": "Feature",
      "properties": {
        "@id": "way/390175148",
        "landuse": "reservoir"
      },
      "geometry": {
        "type": "Polygon",
        "coordinates": [
          [
            [
              73.7168292,
              19.9594229
            ],
            [
              73.7165771,
              19.9591607
            ],
            [
              73.716325,
              19.9589187
            ],
            [
              73.7161265,
              19.9588229
            ],
            [
              73.7159334,
              19.9587069
            ],
            [
              73.7158368,
              19.9586666
            ],
            [
              73.7157724,
              19.9585658
            ],
            [
              73.7158261,
              19.9585103
            ],
            [
              73.7158905,
              19.95848
            ],
            [
              73.7160568,
              19.958475
            ],
            [
              73.7161158,
              19.9585305
            ],
            [
              73.7162405,
              19.9585887
            ],
            [
              73.7163518,
              19.9586363
            ],
            [
              73.7164859,
              19.9586616
            ],
            [
              73.7165878,
              19.9586616
            ],
            [
              73.7167058,
              19.9586616
            ],
            [
              73.716793,
              19.9587601
            ],
            [
              73.7168574,
              19.9588459
            ],
            [
              73.7169794,
              19.9589843
            ],
            [
              73.7170666,
              19.9590828
            ],
            [
              73.7171886,
              19.9591607
            ],
            [
              73.7172383,
              19.9592543
            ],
            [
              73.7172114,
              19.9594156
            ],
            [
              73.7171417,
              19.9595215
            ],
            [
              73.7170384,
              19.9595238
            ],
            [
              73.7169472,
              19.9594885
            ],
            [
              73.7168292,
              19.9594229
            ]
          ]
        ]
      },
      "id": "way/390175148"
    },
    {
      "type": "Feature",
      "properties": {
        "@id": "way/390175149",
        "landuse": "reservoir",
        "@relations": [
          {
            "role": "inner",
            "rel": 9447725,
            "reltags": {
              "landuse": "orchard",
              "type": "multipolygon"
            }
          }
        ]
      },
      "geometry": {
        "type": "Polygon",
        "coordinates": [
          [
            [
              73.7109284,
              19.9485717
            ],
            [
              73.7108801,
              19.9484457
            ],
            [
              73.7107782,
              19.9482591
            ],
            [
              73.7106226,
              19.9480221
            ],
            [
              73.710628,
              19.9479213
            ],
            [
              73.7107084,
              19.9478053
            ],
            [
              73.7107513,
              19.9477347
            ],
            [
              73.7107835,
              19.947649
            ],
            [
              73.710746,
              19.9474422
            ],
            [
              73.7108157,
              19.947417
            ],
            [
              73.7108653,
              19.9474349
            ],
            [
              73.710923,
              19.9474977
            ],
            [
              73.7110142,
              19.9476338
            ],
            [
              73.7111322,
              19.9478204
            ],
            [
              73.7112234,
              19.9479969
            ],
            [
              73.7112878,
              19.9482087
            ],
            [
              73.7113253,
              19.9484306
            ],
            [
              73.7112891,
              19.9485745
            ],
            [
              73.7111805,
              19.9486373
            ],
            [
              73.7110142,
              19.9486575
            ],
            [
              73.7109284,
              19.9485717
            ]
          ]
        ]
      },
      "id": "way/390175149"
    },
    {
      "type": "Feature",
      "properties": {
        "@id": "way/390175150",
        "landuse": "reservoir"
      },
      "geometry": {
        "type": "Polygon",
        "coordinates": [
          [
            [
              73.7181274,
              19.9602448
            ],
            [
              73.7181489,
              19.9603608
            ],
            [
              73.7181221,
              19.9604213
            ],
            [
              73.7180362,
              19.9604969
            ],
            [
              73.7179826,
              19.9605524
            ],
            [
              73.7178552,
              19.9605602
            ],
            [
              73.7177747,
              19.9605199
            ],
            [
              73.7176339,
              19.9604566
            ],
            [
              73.7174515,
              19.960391
            ],
            [
              73.7173442,
              19.9603003
            ],
            [
              73.7172275,
              19.960182
            ],
            [
              73.7171524,
              19.9600762
            ],
            [
              73.7170666,
              19.9599551
            ],
            [
              73.7170331,
              19.9598566
            ],
            [
              73.7171189,
              19.9597507
            ],
            [
              73.7172798,
              19.9596851
            ],
            [
              73.7173442,
              19.9597557
            ],
            [
              73.7174032,
              19.9598112
            ],
            [
              73.7174783,
              19.9598818
            ],
            [
              73.7175695,
              19.9599272
            ],
            [
              73.7176714,
              19.9599624
            ],
            [
              73.7177841,
              19.9599574
            ],
            [
              73.717886,
              19.9599423
            ],
            [
              73.7179665,
              19.9599624
            ],
            [
              73.7180416,
              19.960023
            ],
            [
              73.7180738,
              19.9600986
            ],
            [
              73.718106,
              19.9601742
            ],
            [
              73.7181274,
              19.9602448
            ]
          ]
        ]
      },
      "id": "way/390175150"
    },
    {
      "type": "Feature",
      "properties": {
        "@id": "way/390175151",
        "landuse": "reservoir",
        "@relations": [
          {
            "role": "inner",
            "rel": 9447725,
            "reltags": {
              "landuse": "orchard",
              "type": "multipolygon"
            }
          }
        ]
      },
      "geometry": {
        "type": "Polygon",
        "coordinates": [
          [
            [
              73.7110518,
              19.9508409
            ],
            [
              73.7109673,
              19.9507529
            ],
            [
              73.7109243,
              19.9507025
            ],
            [
              73.7109243,
              19.9505562
            ],
            [
              73.7110263,
              19.9504251
            ],
            [
              73.7112194,
              19.9502335
            ],
            [
              73.7113159,
              19.9500016
            ],
            [
              73.711261,
              19.949903
            ],
            [
              73.711202,
              19.9497567
            ],
            [
              73.7111376,
              19.9495298
            ],
            [
              73.7110477,
              19.9492855
            ],
            [
              73.7110947,
              19.9492374
            ],
            [
              73.7111966,
              19.9492827
            ],
            [
              73.7113481,
              19.9493006
            ],
            [
              73.7113106,
              19.9492452
            ],
            [
              73.7111698,
              19.9491466
            ],
            [
              73.7111054,
              19.9490911
            ],
            [
              73.7110692,
              19.9490384
            ],
            [
              73.7110477,
              19.9488771
            ],
            [
              73.7110893,
              19.9487987
            ],
            [
              73.7112824,
              19.9487432
            ],
            [
              73.7114004,
              19.9487432
            ],
            [
              73.7114755,
              19.9487835
            ],
            [
              73.7115292,
              19.9488995
            ],
            [
              73.7115721,
              19.9490508
            ],
            [
              73.7115882,
              19.9491264
            ],
            [
              73.7116794,
              19.9491315
            ],
            [
              73.7116646,
              19.9489981
            ],
            [
              73.7116365,
              19.9488289
            ],
            [
              73.7116633,
              19.9487381
            ],
            [
              73.7117491,
              19.9486524
            ],
            [
              73.7119262,
              19.9486323
            ],
            [
              73.7119637,
              19.9487079
            ],
            [
              73.7120227,
              19.948844
            ],
            [
              73.7120495,
              19.9489701
            ],
            [
              73.7120173,
              19.9492374
            ],
            [
              73.7120388,
              19.9494189
            ],
            [
              73.7121675,
              19.949671
            ],
            [
              73.7124304,
              19.9499332
            ],
            [
              73.7125323,
              19.9500038
            ],
            [
              73.7126128,
              19.9500795
            ],
            [
              73.7127469,
              19.9502358
            ],
            [
              73.7128006,
              19.9503366
            ],
            [
              73.7128113,
              19.9504627
            ],
            [
              73.7127415,
              19.9505938
            ],
            [
              73.7115775,
              19.9508661
            ],
            [
              73.7112931,
              19.9508762
            ],
            [
              73.7110518,
              19.9508409
            ]
          ]
        ]
      },
      "id": "way/390175151"
    },
    {
      "type": "Feature",
      "properties": {
        "@id": "way/399026616",
        "landuse": "residential"
      },
      "geometry": {
        "type": "Polygon",
        "coordinates": [
          [
            [
              73.7265332,
              19.9874248
            ],
            [
              73.7238188,
              19.9856402
            ],
            [
              73.7240259,
              19.9849157
            ],
            [
              73.7260933,
              19.9854587
            ],
            [
              73.7261577,
              19.9844
            ],
            [
              73.7273379,
              19.9847529
            ],
            [
              73.7271265,
              19.9869726
            ],
            [
              73.7265332,
              19.9874248
            ]
          ]
        ]
      },
      "id": "way/399026616"
    },
    {
      "type": "Feature",
      "properties": {
        "@id": "way/406898476",
        "landuse": "residential",
        "name": "Manohar Gardens"
      },
      "geometry": {
        "type": "Polygon",
        "coordinates": [
          [
            [
              73.8209038,
              19.9635146
            ],
            [
              73.8196354,
              19.9634
            ],
            [
              73.8199037,
              19.960878
            ],
            [
              73.8200338,
              19.9607022
            ],
            [
              73.8203206,
              19.9604395
            ],
            [
              73.8204533,
              19.9604368
            ],
            [
              73.8205752,
              19.9604643
            ],
            [
              73.8207144,
              19.9606905
            ],
            [
              73.8208306,
              19.9607939
            ],
            [
              73.8211846,
              19.9606719
            ],
            [
              73.8214315,
              19.9608248
            ],
            [
              73.8223604,
              19.9609214
            ],
            [
              73.8216275,
              19.9622613
            ],
            [
              73.8209038,
              19.9635146
            ]
          ]
        ]
      },
      "id": "way/406898476"
    },
    {
      "type": "Feature",
      "properties": {
        "@id": "way/406898477",
        "landuse": "farmland"
      },
      "geometry": {
        "type": "Polygon",
        "coordinates": [
          [
            [
              73.8091589,
              19.9810551
            ],
            [
              73.8089809,
              19.9819725
            ],
            [
              73.8085659,
              19.9819014
            ],
            [
              73.8086338,
              19.981551
            ],
            [
              73.8081972,
              19.9814762
            ],
            [
              73.8083072,
              19.9809091
            ],
            [
              73.8091589,
              19.9810551
            ]
          ]
        ]
      },
      "id": "way/406898477"
    },
    {
      "type": "Feature",
      "properties": {
        "@id": "way/412161770",
        "landuse": "residential",
        "name": "Gawalwadi"
      },
      "geometry": {
        "type": "Polygon",
        "coordinates": [
          [
            [
              73.7505828,
              20.0916351
            ],
            [
              73.7505828,
              20.0913505
            ],
            [
              73.7507881,
              20.0911577
            ],
            [
              73.7516289,
              20.0910108
            ],
            [
              73.7520885,
              20.0912587
            ],
            [
              73.7524404,
              20.0918188
            ],
            [
              73.7527435,
              20.0924891
            ],
            [
              73.7529195,
              20.0929849
            ],
            [
              73.7528022,
              20.0934899
            ],
            [
              73.752372,
              20.0938756
            ],
            [
              73.7520396,
              20.0939398
            ],
            [
              73.7513943,
              20.0935083
            ],
            [
              73.7508272,
              20.0923513
            ],
            [
              73.7505828,
              20.0916351
            ]
          ]
        ]
      },
      "id": "way/412161770"
    },
    {
      "type": "Feature",
      "properties": {
        "@id": "way/526307198",
        "landuse": "residential"
      },
      "geometry": {
        "type": "Polygon",
        "coordinates": [
          [
            [
              73.7632032,
              20.0031758
            ],
            [
              73.7631595,
              20.0030016
            ],
            [
              73.7634302,
              20.0029416
            ],
            [
              73.7634739,
              20.0031159
            ],
            [
              73.7632032,
              20.0031758
            ]
          ]
        ]
      },
      "id": "way/526307198"
    },
    {
      "type": "Feature",
      "properties": {
        "@id": "way/526307734",
        "landuse": "commercial"
      },
      "geometry": {
        "type": "Polygon",
        "coordinates": [
          [
            [
              73.7634293,
              20.0056715
            ],
            [
              73.7633803,
              20.0054652
            ],
            [
              73.7636979,
              20.0054
            ],
            [
              73.7637522,
              20.0056062
            ],
            [
              73.7634293,
              20.0056715
            ]
          ]
        ]
      },
      "id": "way/526307734"
    },
    {
      "type": "Feature",
      "properties": {
        "@id": "way/532642722",
        "landuse": "farmland"
      },
      "geometry": {
        "type": "Polygon",
        "coordinates": [
          [
            [
              73.6935293,
              19.9770696
            ],
            [
              73.6934544,
              19.9759006
            ],
            [
              73.6941518,
              19.9748419
            ],
            [
              73.6946561,
              19.9748318
            ],
            [
              73.6953642,
              19.9746604
            ],
            [
              73.6964049,
              19.9742671
            ],
            [
              73.696201,
              19.9711311
            ],
            [
              73.7083482,
              19.971413
            ],
            [
              73.7079491,
              19.9791071
            ],
            [
              73.7045481,
              19.9788853
            ],
            [
              73.703488,
              19.9783196
            ],
            [
              73.7034001,
              19.9788349
            ],
            [
              73.7028851,
              19.9788349
            ],
            [
              73.702855,
              19.9784709
            ],
            [
              73.7017478,
              19.9784315
            ],
            [
              73.7016534,
              19.9785112
            ],
            [
              73.7012814,
              19.9784295
            ],
            [
              73.7007393,
              19.9782702
            ],
            [
              73.7007093,
              19.9781381
            ],
            [
              73.7005376,
              19.9780272
            ],
            [
              73.7004604,
              19.9779375
            ],
            [
              73.7004411,
              19.977755
            ],
            [
              73.7004282,
              19.9775644
            ],
            [
              73.7002565,
              19.9773123
            ],
            [
              73.7003316,
              19.9760519
            ],
            [
              73.6987652,
              19.9760821
            ],
            [
              73.6990603,
              19.9765056
            ],
            [
              73.699189,
              19.976667
            ],
            [
              73.6991032,
              19.9781795
            ],
            [
              73.6956539,
              19.9777459
            ],
            [
              73.6946024,
              19.9775039
            ],
            [
              73.6935293,
              19.9770696
            ]
          ]
        ]
      },
      "id": "way/532642722"
    },
    {
      "type": "Feature",
      "properties": {
        "@id": "way/548857127",
        "landuse": "greenfield"
      },
      "geometry": {
        "type": "Polygon",
        "coordinates": [
          [
            [
              73.7965055,
              19.9952664
            ],
            [
              73.796722,
              19.9948833
            ],
            [
              73.7972534,
              19.9951978
            ],
            [
              73.7970172,
              19.9955465
            ],
            [
              73.7965055,
              19.9952664
            ]
          ]
        ]
      },
      "id": "way/548857127"
    },
    {
      "type": "Feature",
      "properties": {
        "@id": "way/548857137",
        "landuse": "commercial",
        "name": "Starline Complex"
      },
      "geometry": {
        "type": "Polygon",
        "coordinates": [
          [
            [
              73.8020968,
              19.999594
            ],
            [
              73.8018403,
              19.9989323
            ],
            [
              73.8025457,
              19.99865
            ],
            [
              73.802704,
              19.9989373
            ],
            [
              73.8027996,
              19.9993369
            ],
            [
              73.8020968,
              19.999594
            ]
          ]
        ]
      },
      "id": "way/548857137"
    },
    {
      "type": "Feature",
      "properties": {
        "@id": "way/548857154",
        "landuse": "farmland"
      },
      "geometry": {
        "type": "Polygon",
        "coordinates": [
          [
            [
              73.8067568,
              20.0059712
            ],
            [
              73.8060876,
              20.0059291
            ],
            [
              73.8061156,
              20.0056976
            ],
            [
              73.8060652,
              20.0056976
            ],
            [
              73.8060848,
              20.0054739
            ],
            [
              73.8059392,
              20.0054634
            ],
            [
              73.8060848,
              20.0049214
            ],
            [
              73.8062584,
              20.0046557
            ],
            [
              73.8063704,
              20.004582
            ],
            [
              73.8074232,
              20.0044715
            ],
            [
              73.8074568,
              20.0044926
            ],
            [
              73.8076444,
              20.0058791
            ],
            [
              73.8067568,
              20.0059712
            ]
          ]
        ]
      },
      "id": "way/548857154"
    },
    {
      "type": "Feature",
      "properties": {
        "@id": "way/548857155",
        "landuse": "farmland"
      },
      "geometry": {
        "type": "Polygon",
        "coordinates": [
          [
            [
              73.8070652,
              20.0081597
            ],
            [
              73.806994,
              20.0076547
            ],
            [
              73.8067568,
              20.0059712
            ],
            [
              73.8076444,
              20.0058791
            ],
            [
              73.8079771,
              20.0080992
            ],
            [
              73.8070652,
              20.0081597
            ]
          ]
        ]
      },
      "id": "way/548857155"
    },
    {
      "type": "Feature",
      "properties": {
        "@id": "way/548857156",
        "landuse": "farmland"
      },
      "geometry": {
        "type": "Polygon",
        "coordinates": [
          [
            [
              73.8060003,
              20.0076582
            ],
            [
              73.805995,
              20.0073456
            ],
            [
              73.80548,
              20.0073406
            ],
            [
              73.8055175,
              20.0068718
            ],
            [
              73.8056731,
              20.0061812
            ],
            [
              73.8060876,
              20.0059291
            ],
            [
              73.8067568,
              20.0059712
            ],
            [
              73.806994,
              20.0076547
            ],
            [
              73.8060003,
              20.0076582
            ]
          ]
        ]
      },
      "id": "way/548857156"
    },
    {
      "type": "Feature",
      "properties": {
        "@id": "way/548857158",
        "landuse": "farmland"
      },
      "geometry": {
        "type": "Polygon",
        "coordinates": [
          [
            [
              73.8089228,
              20.0049806
            ],
            [
              73.8113303,
              20.0045889
            ],
            [
              73.8117845,
              20.0070441
            ],
            [
              73.8108999,
              20.007105
            ],
            [
              73.8093679,
              20.007328
            ],
            [
              73.8093546,
              20.0072599
            ],
            [
              73.8089228,
              20.0049806
            ]
          ]
        ]
      },
      "id": "way/548857158"
    },
    {
      "type": "Feature",
      "properties": {
        "@id": "way/548857159",
        "landuse": "farmland"
      },
      "geometry": {
        "type": "Polygon",
        "coordinates": [
          [
            [
              73.8087819,
              20.0050035
            ],
            [
              73.8086422,
              20.0042615
            ],
            [
              73.8087711,
              20.0040595
            ],
            [
              73.80926,
              20.0036658
            ],
            [
              73.8096038,
              20.003373
            ],
            [
              73.8097864,
              20.0031661
            ],
            [
              73.8099905,
              20.0030197
            ],
            [
              73.8104364,
              20.0027724
            ],
            [
              73.810748,
              20.0027774
            ],
            [
              73.8108984,
              20.0027219
            ],
            [
              73.8111037,
              20.0032486
            ],
            [
              73.812257,
              20.0028857
            ],
            [
              73.8126765,
              20.0037264
            ],
            [
              73.8129397,
              20.0043271
            ],
            [
              73.8113303,
              20.0045889
            ],
            [
              73.8089228,
              20.0049806
            ],
            [
              73.8087819,
              20.0050035
            ]
          ]
        ]
      },
      "id": "way/548857159"
    },
    {
      "type": "Feature",
      "properties": {
        "@id": "way/548857161",
        "industrial": "depot",
        "landuse": "industrial",
        "name": "Tapovan Bus Depot"
      },
      "geometry": {
        "type": "Polygon",
        "coordinates": [
          [
            [
              73.8122463,
              20.007266
            ],
            [
              73.8142633,
              20.0068679
            ],
            [
              73.8148372,
              20.0080715
            ],
            [
              73.8148589,
              20.0081679
            ],
            [
              73.8148589,
              20.0082847
            ],
            [
              73.814821,
              20.0083963
            ],
            [
              73.8147238,
              20.0085486
            ],
            [
              73.8138654,
              20.0087261
            ],
            [
              73.8136303,
              20.007624
            ],
            [
              73.8123429,
              20.0078054
            ],
            [
              73.8122463,
              20.007266
            ]
          ]
        ]
      },
      "id": "way/548857161"
    },
    {
      "type": "Feature",
      "properties": {
        "@id": "way/548857162",
        "landuse": "farmland"
      },
      "geometry": {
        "type": "Polygon",
        "coordinates": [
          [
            [
              73.8098001,
              20.0090908
            ],
            [
              73.8095105,
              20.0090505
            ],
            [
              73.8094675,
              20.0089093
            ],
            [
              73.8093281,
              20.0087833
            ],
            [
              73.8092852,
              20.0085666
            ],
            [
              73.808998,
              20.0075944
            ],
            [
              73.8093977,
              20.0075284
            ],
            [
              73.8096607,
              20.007498
            ],
            [
              73.8104492,
              20.007382
            ],
            [
              73.8107067,
              20.0088942
            ],
            [
              73.8104814,
              20.0088791
            ],
            [
              73.8103098,
              20.0090202
            ],
            [
              73.8100576,
              20.009111
            ],
            [
              73.8098001,
              20.0090908
            ]
          ]
        ]
      },
      "id": "way/548857162"
    },
    {
      "type": "Feature",
      "properties": {
        "@id": "way/548893924",
        "landuse": "grass"
      },
      "geometry": {
        "type": "Polygon",
        "coordinates": [
          [
            [
              73.8177012,
              19.9855303
            ],
            [
              73.8176563,
              19.9854437
            ],
            [
              73.8177117,
              19.9853472
            ],
            [
              73.8178304,
              19.9853301
            ],
            [
              73.8182683,
              19.9853555
            ],
            [
              73.8189014,
              19.9853933
            ],
            [
              73.8188909,
              19.9854336
            ],
            [
              73.8188249,
              19.9854485
            ],
            [
              73.8187089,
              19.9854782
            ],
            [
              73.8178278,
              19.9855948
            ],
            [
              73.8177012,
              19.9855303
            ]
          ]
        ]
      },
      "id": "way/548893924"
    },
    {
      "type": "Feature",
      "properties": {
        "@id": "way/548893925",
        "landuse": "farmland"
      },
      "geometry": {
        "type": "Polygon",
        "coordinates": [
          [
            [
              73.8178086,
              19.9835144
            ],
            [
              73.8178702,
              19.9829606
            ],
            [
              73.8185211,
              19.9829581
            ],
            [
              73.8192121,
              19.9828549
            ],
            [
              73.8191639,
              19.9819789
            ],
            [
              73.819097,
              19.9810601
            ],
            [
              73.8206773,
              19.9811004
            ],
            [
              73.820696,
              19.9808788
            ],
            [
              73.8216549,
              19.9808033
            ],
            [
              73.8216201,
              19.9805566
            ],
            [
              73.8233718,
              19.9802646
            ],
            [
              73.8242959,
              19.9800708
            ],
            [
              73.8259244,
              19.9796076
            ],
            [
              73.8262191,
              19.9806473
            ],
            [
              73.8236424,
              19.9819764
            ],
            [
              73.8227531,
              19.9824597
            ],
            [
              73.8218237,
              19.9830135
            ],
            [
              73.8209853,
              19.9837863
            ],
            [
              73.8196809,
              19.9848762
            ],
            [
              73.8193059,
              19.9851959
            ],
            [
              73.8191586,
              19.9851456
            ],
            [
              73.818213,
              19.9851028
            ],
            [
              73.8181836,
              19.9840481
            ],
            [
              73.8181514,
              19.9835698
            ],
            [
              73.8178086,
              19.9835144
            ]
          ]
        ]
      },
      "id": "way/548893925"
    },
    {
      "type": "Feature",
      "properties": {
        "@id": "way/548895283",
        "landuse": "greenfield"
      },
      "geometry": {
        "type": "Polygon",
        "coordinates": [
          [
            [
              73.7857577,
              19.9835734
            ],
            [
              73.7855838,
              19.9815204
            ],
            [
              73.7854828,
              19.9812121
            ],
            [
              73.7856675,
              19.9811628
            ],
            [
              73.7858813,
              19.9817448
            ],
            [
              73.7862593,
              19.9816882
            ],
            [
              73.7862955,
              19.9818491
            ],
            [
              73.7860655,
              19.9819247
            ],
            [
              73.7861218,
              19.9822838
            ],
            [
              73.7862402,
              19.9826789
            ],
            [
              73.7861077,
              19.9827087
            ],
            [
              73.7861567,
              19.9828868
            ],
            [
              73.7864257,
              19.9828299
            ],
            [
              73.7863756,
              19.9826439
            ],
            [
              73.7865109,
              19.9826125
            ],
            [
              73.7866158,
              19.9830324
            ],
            [
              73.786249,
              19.9830865
            ],
            [
              73.7862962,
              19.9835109
            ],
            [
              73.7857577,
              19.9835734
            ]
          ]
        ]
      },
      "id": "way/548895283"
    },
    {
      "type": "Feature",
      "properties": {
        "@id": "way/548895284",
        "landuse": "greenfield"
      },
      "geometry": {
        "type": "Polygon",
        "coordinates": [
          [
            [
              73.7869284,
              19.9838291
            ],
            [
              73.7868089,
              19.9829918
            ],
            [
              73.7872708,
              19.9829135
            ],
            [
              73.7873928,
              19.9837811
            ],
            [
              73.7869284,
              19.9838291
            ]
          ]
        ]
      },
      "id": "way/548895284"
    },
    {
      "type": "Feature",
      "properties": {
        "@id": "way/566024405",
        "landuse": "residential"
      },
      "geometry": {
        "type": "Polygon",
        "coordinates": [
          [
            [
              73.8301782,
              20.0112557
            ],
            [
              73.8302627,
              20.011252
            ],
            [
              73.8302681,
              20.0113603
            ],
            [
              73.8301836,
              20.011364
            ],
            [
              73.8301782,
              20.0112557
            ]
          ]
        ]
      },
      "id": "way/566024405"
    },
    {
      "type": "Feature",
      "properties": {
        "@id": "way/598446681",
        "landuse": "recreation_ground"
      },
      "geometry": {
        "type": "Polygon",
        "coordinates": [
          [
            [
              73.7554438,
              19.9978352
            ],
            [
              73.7553986,
              19.9968207
            ],
            [
              73.756686,
              19.9968037
            ],
            [
              73.7567131,
              19.9978012
            ],
            [
              73.7554438,
              19.9978352
            ]
          ]
        ]
      },
      "id": "way/598446681"
    },
    {
      "type": "Feature",
      "properties": {
        "@id": "way/598594251",
        "landuse": "recreation_ground"
      },
      "geometry": {
        "type": "Polygon",
        "coordinates": [
          [
            [
              73.7685633,
              20.0138928
            ],
            [
              73.7682658,
              20.0131116
            ],
            [
              73.7682898,
              20.0130839
            ],
            [
              73.7683073,
              20.0130692
            ],
            [
              73.7684887,
              20.0129617
            ],
            [
              73.7691132,
              20.0125575
            ],
            [
              73.7693097,
              20.012837
            ],
            [
              73.7685792,
              20.0139153
            ],
            [
              73.7685633,
              20.0138928
            ]
          ]
        ]
      },
      "id": "way/598594251"
    },
    {
      "type": "Feature",
      "properties": {
        "@id": "way/608062186",
        "landuse": "farmyard"
      },
      "geometry": {
        "type": "Polygon",
        "coordinates": [
          [
            [
              73.8106142,
              20.0229229
            ],
            [
              73.8105954,
              20.0225915
            ],
            [
              73.8105203,
              20.0224831
            ],
            [
              73.8103822,
              20.0223596
            ],
            [
              73.8109602,
              20.0222248
            ],
            [
              73.8110635,
              20.0229103
            ],
            [
              73.8106142,
              20.0229229
            ]
          ]
        ]
      },
      "id": "way/608062186"
    },
    {
      "type": "Feature",
      "properties": {
        "@id": "way/627578301",
        "landuse": "greenfield"
      },
      "geometry": {
        "type": "Polygon",
        "coordinates": [
          [
            [
              73.7536872,
              20.0125182
            ],
            [
              73.7536984,
              20.0122859
            ],
            [
              73.754463,
              20.012243
            ],
            [
              73.7544587,
              20.0121794
            ],
            [
              73.7547389,
              20.0121701
            ],
            [
              73.7547682,
              20.012488
            ],
            [
              73.7536872,
              20.0125182
            ]
          ]
        ]
      },
      "id": "way/627578301"
    },
    {
      "type": "Feature",
      "properties": {
        "@id": "way/627578302",
        "landuse": "recreation_ground",
        "name": "Municipal Park"
      },
      "geometry": {
        "type": "Polygon",
        "coordinates": [
          [
            [
              73.7537878,
              20.0134356
            ],
            [
              73.7536939,
              20.0126121
            ],
            [
              73.7542894,
              20.0126001
            ],
            [
              73.7543162,
              20.0129227
            ],
            [
              73.7546005,
              20.0128761
            ],
            [
              73.7546166,
              20.0130727
            ],
            [
              73.7537878,
              20.0134356
            ]
          ]
        ]
      },
      "id": "way/627578302"
    },
    {
      "type": "Feature",
      "properties": {
        "@id": "way/643634696",
        "landuse": "residential"
      },
      "geometry": {
        "type": "Polygon",
        "coordinates": [
          [
            [
              73.7183259,
              20.0364793
            ],
            [
              73.7184763,
              20.0363027
            ],
            [
              73.7188142,
              20.0360406
            ],
            [
              73.7195438,
              20.035708
            ],
            [
              73.7197155,
              20.0355921
            ],
            [
              73.7204974,
              20.034783
            ],
            [
              73.720653,
              20.034788
            ],
            [
              73.7210392,
              20.0350097
            ],
            [
              73.7215016,
              20.0355319
            ],
            [
              73.7215126,
              20.0358139
            ],
            [
              73.7212924,
              20.0360863
            ],
            [
              73.7205843,
              20.0370034
            ],
            [
              73.7202614,
              20.037449
            ],
            [
              73.7198065,
              20.0375679
            ],
            [
              73.7189482,
              20.0374268
            ],
            [
              73.7185716,
              20.0371668
            ],
            [
              73.7183529,
              20.0367815
            ],
            [
              73.7183259,
              20.0364793
            ]
          ]
        ]
      },
      "id": "way/643634696"
    },
    {
      "type": "Feature",
      "properties": {
        "@id": "way/666468056",
        "landuse": "residential"
      },
      "geometry": {
        "type": "Polygon",
        "coordinates": [
          [
            [
              73.7854323,
              20.0543742
            ],
            [
              73.7857944,
              20.0543792
            ],
            [
              73.7857085,
              20.0548302
            ],
            [
              73.786017,
              20.0550872
            ],
            [
              73.7849039,
              20.056929
            ],
            [
              73.7850487,
              20.0569996
            ],
            [
              73.7849173,
              20.0572213
            ],
            [
              73.7846196,
              20.0571054
            ],
            [
              73.7846156,
              20.0568626
            ],
            [
              73.7846732,
              20.0557499
            ],
            [
              73.7827045,
              20.0558884
            ],
            [
              73.7825248,
              20.0549537
            ],
            [
              73.7827662,
              20.0549134
            ],
            [
              73.7827152,
              20.0545959
            ],
            [
              73.7832007,
              20.0545631
            ],
            [
              73.7832221,
              20.0547672
            ],
            [
              73.7829861,
              20.0552132
            ],
            [
              73.7832087,
              20.0552459
            ],
            [
              73.7840563,
              20.0551326
            ],
            [
              73.7840348,
              20.0550141
            ],
            [
              73.7845364,
              20.0549638
            ],
            [
              73.7848529,
              20.0554148
            ],
            [
              73.7854323,
              20.0543742
            ]
          ]
        ]
      },
      "id": "way/666468056"
    },
    {
      "type": "Feature",
      "properties": {
        "@id": "way/781252657",
        "landuse": "orchard"
      },
      "geometry": {
        "type": "Polygon",
        "coordinates": [
          [
            [
              73.7990846,
              20.0424885
            ],
            [
              73.7989666,
              20.0389407
            ],
            [
              73.8006027,
              20.0389205
            ],
            [
              73.8012572,
              20.0422013
            ],
            [
              73.7990846,
              20.0424885
            ]
          ]
        ]
      },
      "id": "way/781252657"
    },
    {
      "type": "Feature",
      "properties": {
        "@id": "way/781997668",
        "landuse": "recreation_ground"
      },
      "geometry": {
        "type": "Polygon",
        "coordinates": [
          [
            [
              73.733413,
              19.9949384
            ],
            [
              73.7333272,
              19.9948905
            ],
            [
              73.7332977,
              19.9948501
            ],
            [
              73.7332708,
              19.9947972
            ],
            [
              73.7332306,
              19.9946233
            ],
            [
              73.7331904,
              19.9942074
            ],
            [
              73.7331904,
              19.9940436
            ],
            [
              73.7332279,
              19.9939352
            ],
            [
              73.7333272,
              19.9938621
            ],
            [
              73.7335417,
              19.9937764
            ],
            [
              73.7338663,
              19.9937461
            ],
            [
              73.7341426,
              19.9937789
            ],
            [
              73.7343142,
              19.993852
            ],
            [
              73.7344832,
              19.993978
            ],
            [
              73.7346334,
              19.9941721
            ],
            [
              73.7346629,
              19.9943057
            ],
            [
              73.7346602,
              19.9944216
            ],
            [
              73.734628,
              19.9945502
            ],
            [
              73.7345047,
              19.9947896
            ],
            [
              73.7344027,
              19.9949207
            ],
            [
              73.7343223,
              19.9949459
            ],
            [
              73.733413,
              19.9949384
            ]
          ]
        ]
      },
      "id": "way/781997668"
    },
    {
      "type": "Feature",
      "properties": {
        "@id": "way/808674100",
        "landuse": "military",
        "military": "range",
        "name": "BMS shooting range"
      },
      "geometry": {
        "type": "Polygon",
        "coordinates": [
          [
            [
              73.7529457,
              20.0015135
            ],
            [
              73.753147,
              20.0014769
            ],
            [
              73.7531535,
              20.0017392
            ],
            [
              73.7529781,
              20.0017514
            ],
            [
              73.7529457,
              20.0015135
            ]
          ]
        ]
      },
      "id": "way/808674100"
    },
    {
      "type": "Feature",
      "properties": {
        "@id": "way/828232464",
        "landuse": "landfill"
      },
      "geometry": {
        "type": "Polygon",
        "coordinates": [
          [
            [
              73.9014888,
              19.9779267
            ],
            [
              73.8948583,
              19.9767368
            ],
            [
              73.8938284,
              19.9760108
            ],
            [
              73.8939142,
              19.9691137
            ],
            [
              73.8934636,
              19.9680045
            ],
            [
              73.9094925,
              19.9637087
            ],
            [
              73.9112949,
              19.9657658
            ],
            [
              73.913033,
              19.9691742
            ],
            [
              73.9129472,
              19.9705657
            ],
            [
              73.9131403,
              19.9721186
            ],
            [
              73.9128613,
              19.9728446
            ],
            [
              73.913269,
              19.9735303
            ],
            [
              73.9090105,
              19.975218
            ],
            [
              73.9079261,
              19.9756478
            ],
            [
              73.9056086,
              19.9779872
            ],
            [
              73.90342,
              19.9782292
            ],
            [
              73.9014888,
              19.9779267
            ]
          ]
        ]
      },
      "id": "way/828232464"
    },
    {
      "type": "Feature",
      "properties": {
        "@id": "way/876437354",
        "landuse": "farmland"
      },
      "geometry": {
        "type": "Polygon",
        "coordinates": [
          [
            [
              73.9435,
              19.8903087
            ],
            [
              73.9450556,
              19.8890274
            ],
            [
              73.9478237,
              19.8884927
            ],
            [
              73.9480919,
              19.8906114
            ],
            [
              73.9464611,
              19.8916909
            ],
            [
              73.946901,
              19.8947074
            ],
            [
              73.9463538,
              19.8957364
            ],
            [
              73.9447981,
              19.8960693
            ],
            [
              73.9445728,
              19.8964023
            ],
            [
              73.9443583,
              19.8979962
            ],
            [
              73.9448303,
              19.8982787
            ],
            [
              73.9450127,
              19.8979357
            ],
            [
              73.9462895,
              19.8975523
            ],
            [
              73.9470619,
              19.897401
            ],
            [
              73.9469761,
              19.8982383
            ],
            [
              73.9463002,
              19.8989647
            ],
            [
              73.9457316,
              19.8988739
            ],
            [
              73.9458174,
              19.8998625
            ],
            [
              73.9487464,
              19.8991765
            ],
            [
              73.9488322,
              19.8995498
            ],
            [
              73.9486176,
              19.9001147
            ],
            [
              73.9475447,
              19.9004073
            ],
            [
              73.9475447,
              19.9008714
            ],
            [
              73.9470083,
              19.9013152
            ],
            [
              73.9470512,
              19.9017793
            ],
            [
              73.9462465,
              19.9018499
            ],
            [
              73.9462358,
              19.9015069
            ],
            [
              73.9452702,
              19.9017894
            ],
            [
              73.9446909,
              19.9017087
            ],
            [
              73.9441544,
              19.9017289
            ],
            [
              73.9439613,
              19.9018398
            ],
            [
              73.9436931,
              19.9024552
            ],
            [
              73.943221,
              19.9025662
            ],
            [
              73.9426095,
              19.9012749
            ],
            [
              73.9414722,
              19.9012951
            ],
            [
              73.9408714,
              19.9007402
            ],
            [
              73.9406139,
              19.8993783
            ],
            [
              73.9411289,
              19.8987528
            ],
            [
              73.9403886,
              19.8977339
            ],
            [
              73.9404101,
              19.8960693
            ],
            [
              73.9410645,
              19.8943139
            ],
            [
              73.9422018,
              19.8941626
            ],
            [
              73.9425236,
              19.8939205
            ],
            [
              73.94247,
              19.8926897
            ],
            [
              73.9432639,
              19.892276
            ],
            [
              73.9435,
              19.8903087
            ]
          ]
        ]
      },
      "id": "way/876437354"
    },
    {
      "type": "Feature",
      "properties": {
        "@id": "way/876437358",
        "landuse": "quarry"
      },
      "geometry": {
        "type": "Polygon",
        "coordinates": [
          [
            [
              73.942706,
              19.902773
            ],
            [
              73.943221,
              19.9025662
            ],
            [
              73.9440501,
              19.9025265
            ],
            [
              73.9442593,
              19.902012
            ],
            [
              73.9478266,
              19.9018708
            ],
            [
              73.9482236,
              19.9025668
            ],
            [
              73.9481486,
              19.9029948
            ],
            [
              73.9490789,
              19.9040138
            ],
            [
              73.9503342,
              19.904377
            ],
            [
              73.9521152,
              19.9051638
            ],
            [
              73.9535421,
              19.9057792
            ],
            [
              73.9546901,
              19.9069897
            ],
            [
              73.9531023,
              19.9090375
            ],
            [
              73.9525873,
              19.9088761
            ],
            [
              73.9515251,
              19.9083112
            ],
            [
              73.950345,
              19.9086138
            ],
            [
              73.9498836,
              19.9089568
            ],
            [
              73.9484459,
              19.9091586
            ],
            [
              73.9476091,
              19.9092393
            ],
            [
              73.946783,
              19.9086138
            ],
            [
              73.9456886,
              19.9082608
            ],
            [
              73.9445463,
              19.9081404
            ],
            [
              73.942116,
              19.9085595
            ],
            [
              73.9417082,
              19.9085936
            ],
            [
              73.9419014,
              19.9052849
            ],
            [
              73.9421696,
              19.9045484
            ],
            [
              73.9424691,
              19.9035572
            ],
            [
              73.942706,
              19.902773
            ]
          ]
        ]
      },
      "id": "way/876437358"
    },
    {
      "type": "Feature",
      "properties": {
        "@id": "way/910042898",
        "landuse": "industrial"
      },
      "geometry": {
        "type": "Polygon",
        "coordinates": [
          [
            [
              73.9064991,
              19.9199047
            ],
            [
              73.9067218,
              19.9192087
            ],
            [
              73.9081702,
              19.9194331
            ],
            [
              73.9087576,
              19.9194709
            ],
            [
              73.9086476,
              19.9207722
            ],
            [
              73.9077544,
              19.920288
            ],
            [
              73.9064991,
              19.9199047
            ]
          ]
        ]
      },
      "id": "way/910042898"
    },
    {
      "type": "Feature",
      "properties": {
        "@id": "way/910042899",
        "landuse": "industrial"
      },
      "geometry": {
        "type": "Polygon",
        "coordinates": [
          [
            [
              73.9214364,
              19.9237881
            ],
            [
              73.9213081,
              19.9254265
            ],
            [
              73.9210045,
              19.9253894
            ],
            [
              73.9210689,
              19.9237276
            ],
            [
              73.9214364,
              19.9237881
            ]
          ]
        ]
      },
      "id": "way/910042899"
    },
    {
      "type": "Feature",
      "properties": {
        "@id": "way/910042900",
        "landuse": "industrial"
      },
      "geometry": {
        "type": "Polygon",
        "coordinates": [
          [
            [
              73.9214364,
              19.9237881
            ],
            [
              73.9224637,
              19.9239041
            ],
            [
              73.9222813,
              19.9254801
            ],
            [
              73.9222008,
              19.9255356
            ],
            [
              73.9213081,
              19.9254265
            ],
            [
              73.9214364,
              19.9237881
            ]
          ]
        ]
      },
      "id": "way/910042900"
    },
    {
      "type": "Feature",
      "properties": {
        "@id": "way/910042901",
        "landuse": "industrial"
      },
      "geometry": {
        "type": "Polygon",
        "coordinates": [
          [
            [
              73.9154845,
              19.9248598
            ],
            [
              73.9156549,
              19.9227681
            ],
            [
              73.9159459,
              19.9227613
            ],
            [
              73.9163536,
              19.9227567
            ],
            [
              73.9174104,
              19.9227895
            ],
            [
              73.9182673,
              19.922961
            ],
            [
              73.9181936,
              19.9250515
            ],
            [
              73.9154845,
              19.9248598
            ]
          ]
        ]
      },
      "id": "way/910042901"
    },
    {
      "type": "Feature",
      "properties": {
        "@id": "way/910042903",
        "landuse": "industrial"
      },
      "geometry": {
        "type": "Polygon",
        "coordinates": [
          [
            [
              73.8898292,
              20.084251
            ],
            [
              73.8898963,
              20.0834852
            ],
            [
              73.8908565,
              20.0836439
            ],
            [
              73.8907653,
              20.0843518
            ],
            [
              73.8898292,
              20.084251
            ]
          ]
        ]
      },
      "id": "way/910042903"
    },
    {
      "type": "Feature",
      "properties": {
        "@id": "way/910042904",
        "landuse": "industrial"
      },
      "geometry": {
        "type": "Polygon",
        "coordinates": [
          [
            [
              73.8935253,
              20.0869187
            ],
            [
              73.8932946,
              20.0861328
            ],
            [
              73.8923746,
              20.0862361
            ],
            [
              73.8922781,
              20.0855131
            ],
            [
              73.8920313,
              20.0852813
            ],
            [
              73.8917926,
              20.085241
            ],
            [
              73.8915512,
              20.0853191
            ],
            [
              73.891452,
              20.0850244
            ],
            [
              73.891857,
              20.0850068
            ],
            [
              73.8930076,
              20.0852209
            ],
            [
              73.8954833,
              20.085362
            ],
            [
              73.8941798,
              20.0869817
            ],
            [
              73.8935253,
              20.0869187
            ]
          ]
        ]
      },
      "id": "way/910042904"
    },
    {
      "type": "Feature",
      "properties": {
        "@id": "way/910042905",
        "landuse": "industrial"
      },
      "geometry": {
        "type": "Polygon",
        "coordinates": [
          [
            [
              73.895781,
              20.086954
            ],
            [
              73.8957569,
              20.0866796
            ],
            [
              73.8956577,
              20.0855484
            ],
            [
              73.896929,
              20.0840419
            ],
            [
              73.8982594,
              20.084571
            ],
            [
              73.8984525,
              20.0865258
            ],
            [
              73.8985652,
              20.0871404
            ],
            [
              73.8970256,
              20.0874225
            ],
            [
              73.8971811,
              20.0881279
            ],
            [
              73.8958561,
              20.0879717
            ],
            [
              73.895781,
              20.086954
            ]
          ]
        ]
      },
      "id": "way/910042905"
    },
    {
      "type": "Feature",
      "properties": {
        "@id": "way/910042908",
        "landuse": "special"
      },
      "geometry": {
        "type": "Polygon",
        "coordinates": [
          [
            [
              73.8543516,
              20.0689316
            ],
            [
              73.8562345,
              20.0684328
            ],
            [
              73.8594854,
              20.0681758
            ],
            [
              73.8617921,
              20.0683925
            ],
            [
              73.8637716,
              20.0689039
            ],
            [
              73.8676339,
              20.0698991
            ],
            [
              73.8697797,
              20.0708211
            ],
            [
              73.8705468,
              20.0713048
            ],
            [
              73.8724136,
              20.0734462
            ],
            [
              73.8730888,
              20.0744361
            ],
            [
              73.8746023,
              20.0759453
            ],
            [
              73.8755438,
              20.0778751
            ],
            [
              73.8758683,
              20.0786736
            ],
            [
              73.8762063,
              20.0797846
            ],
            [
              73.8764048,
              20.0806462
            ],
            [
              73.8766569,
              20.0815228
            ],
            [
              73.8770485,
              20.0841427
            ],
            [
              73.8767642,
              20.0866114
            ],
            [
              73.8763887,
              20.0887224
            ],
            [
              73.8758254,
              20.0901935
            ],
            [
              73.8746291,
              20.0922691
            ],
            [
              73.8731915,
              20.0944203
            ],
            [
              73.8705683,
              20.096778
            ],
            [
              73.8673496,
              20.0985564
            ],
            [
              73.8663036,
              20.0989443
            ],
            [
              73.8644528,
              20.0993372
            ],
            [
              73.8620335,
              20.0997856
            ],
            [
              73.8602284,
              20.0998183
            ],
            [
              73.8572484,
              20.0995236
            ],
            [
              73.8554352,
              20.0991659
            ],
            [
              73.8527262,
              20.097982
            ],
            [
              73.8519376,
              20.097569
            ],
            [
              73.8498482,
              20.0959392
            ],
            [
              73.8496765,
              20.0954713
            ],
            [
              73.8487673,
              20.0948737
            ],
            [
              73.8471848,
              20.0932792
            ],
            [
              73.8459134,
              20.0908988
            ],
            [
              73.8457069,
              20.0908132
            ],
            [
              73.8450792,
              20.0894201
            ],
            [
              73.8447413,
              20.0881757
            ],
            [
              73.8441163,
              20.0861429
            ],
            [
              73.8439983,
              20.0835734
            ],
            [
              73.8443416,
              20.0816437
            ],
            [
              73.8440573,
              20.0816387
            ],
            [
              73.8444811,
              20.0808427
            ],
            [
              73.844862,
              20.079699
            ],
            [
              73.8450015,
              20.079054
            ],
            [
              73.8454735,
              20.0777189
            ],
            [
              73.8459724,
              20.0768724
            ],
            [
              73.8462084,
              20.0761821
            ],
            [
              73.8465464,
              20.0754516
            ],
            [
              73.8472491,
              20.0746303
            ],
            [
              73.8505053,
              20.0714862
            ],
            [
              73.8520932,
              20.0703626
            ],
            [
              73.8543516,
              20.0689316
            ]
          ]
        ]
      },
      "id": "way/910042908"
    },
    {
      "type": "Feature",
      "properties": {
        "@id": "way/957850303",
        "landuse": "residential"
      },
      "geometry": {
        "type": "Polygon",
        "coordinates": [
          [
            [
              73.7106765,
              19.9815196
            ],
            [
              73.7106785,
              19.9812489
            ],
            [
              73.7106966,
              19.9811995
            ],
            [
              73.7107445,
              19.9811212
            ],
            [
              73.7108794,
              19.9811203
            ],
            [
              73.7108737,
              19.9812417
            ],
            [
              73.7108631,
              19.9815124
            ],
            [
              73.7106765,
              19.9815196
            ]
          ]
        ]
      },
      "id": "way/957850303"
    },
    {
      "type": "Feature",
      "properties": {
        "@id": "way/958045671",
        "landuse": "residential",
        "name": "HAL Township"
      },
      "geometry": {
        "type": "Polygon",
        "coordinates": [
          [
            [
              73.9573821,
              20.1155865
            ],
            [
              73.9563445,
              20.1159896
            ],
            [
              73.9555076,
              20.1163725
            ],
            [
              73.9550061,
              20.1166394
            ],
            [
              73.9540447,
              20.1167374
            ],
            [
              73.9537201,
              20.1168229
            ],
            [
              73.9470646,
              20.1100456
            ],
            [
              73.9469321,
              20.1095769
            ],
            [
              73.9464209,
              20.1093578
            ],
            [
              73.9439557,
              20.106708
            ],
            [
              73.9436553,
              20.1064359
            ],
            [
              73.9432529,
              20.1062093
            ],
            [
              73.9401893,
              20.1047269
            ],
            [
              73.9399244,
              20.1044867
            ],
            [
              73.939798,
              20.1044375
            ],
            [
              73.9393106,
              20.1043874
            ],
            [
              73.9374505,
              20.1035484
            ],
            [
              73.9372523,
              20.1033722
            ],
            [
              73.9370895,
              20.1033057
            ],
            [
              73.9367993,
              20.1032858
            ],
            [
              73.9323263,
              20.1014013
            ],
            [
              73.932144,
              20.1011696
            ],
            [
              73.9319026,
              20.1010688
            ],
            [
              73.9315185,
              20.1011176
            ],
            [
              73.9308974,
              20.1008852
            ],
            [
              73.9318968,
              20.1002361
            ],
            [
              73.9324027,
              20.0994965
            ],
            [
              73.9322579,
              20.0989833
            ],
            [
              73.9333658,
              20.0984001
            ],
            [
              73.9353768,
              20.0980384
            ],
            [
              73.9356918,
              20.0974601
            ],
            [
              73.9353937,
              20.0966648
            ],
            [
              73.935403,
              20.0961903
            ],
            [
              73.9357665,
              20.0960774
            ],
            [
              73.9361147,
              20.0960601
            ],
            [
              73.936318,
              20.0959617
            ],
            [
              73.9379998,
              20.0956375
            ],
            [
              73.9387836,
              20.0947198
            ],
            [
              73.9405313,
              20.0942406
            ],
            [
              73.9411524,
              20.0941397
            ],
            [
              73.9425907,
              20.0940301
            ],
            [
              73.9427238,
              20.0944549
            ],
            [
              73.9419812,
              20.0946314
            ],
            [
              73.9419203,
              20.0958153
            ],
            [
              73.9420598,
              20.0959513
            ],
            [
              73.9430624,
              20.0960873
            ],
            [
              73.9432585,
              20.0964433
            ],
            [
              73.94352,
              20.0966933
            ],
            [
              73.9443629,
              20.096542
            ],
            [
              73.9446752,
              20.0969917
            ],
            [
              73.9452281,
              20.0970814
            ],
            [
              73.9454964,
              20.0970948
            ],
            [
              73.9464453,
              20.0977555
            ],
            [
              73.9467657,
              20.0978799
            ],
            [
              73.9472525,
              20.0980246
            ],
            [
              73.9491414,
              20.0989098
            ],
            [
              73.9492429,
              20.0989719
            ],
            [
              73.9493324,
              20.0991151
            ],
            [
              73.9496286,
              20.0998423
            ],
            [
              73.949642,
              20.1000917
            ],
            [
              73.949557,
              20.1004271
            ],
            [
              73.9495436,
              20.1006235
            ],
            [
              73.9495704,
              20.1009006
            ],
            [
              73.9496696,
              20.1012406
            ],
            [
              73.9499407,
              20.1014874
            ],
            [
              73.9502197,
              20.1017217
            ],
            [
              73.9505721,
              20.1017836
            ],
            [
              73.950791,
              20.1017755
            ],
            [
              73.9509111,
              20.1018239
            ],
            [
              73.9518537,
              20.1026849
            ],
            [
              73.9521403,
              20.1026916
            ],
            [
              73.9532876,
              20.1006909
            ],
            [
              73.9571816,
              20.1023391
            ],
            [
              73.9576366,
              20.1026495
            ],
            [
              73.958218,
              20.1032069
            ],
            [
              73.9596631,
              20.1049711
            ],
            [
              73.9599073,
              20.1051705
            ],
            [
              73.9623254,
              20.1069509
            ],
            [
              73.9627457,
              20.1071965
            ],
            [
              73.9631987,
              20.1073675
            ],
            [
              73.9654894,
              20.1081683
            ],
            [
              73.9660901,
              20.109265
            ],
            [
              73.9663705,
              20.1097771
            ],
            [
              73.9666046,
              20.1101069
            ],
            [
              73.9666447,
              20.1102458
            ],
            [
              73.9663491,
              20.1108634
            ],
            [
              73.9656682,
              20.1117979
            ],
            [
              73.9641624,
              20.1133164
            ],
            [
              73.9631748,
              20.1148806
            ],
            [
              73.9624033,
              20.1157879
            ],
            [
              73.9622128,
              20.1159593
            ],
            [
              73.9618739,
              20.116075
            ],
            [
              73.9612515,
              20.1160201
            ],
            [
              73.9598617,
              20.1155204
            ],
            [
              73.9593701,
              20.1153983
            ],
            [
              73.9588214,
              20.1152711
            ],
            [
              73.9584174,
              20.1152645
            ],
            [
              73.9573821,
              20.1155865
            ]
          ]
        ]
      },
      "id": "way/958045671"
    },
    {
      "type": "Feature",
      "properties": {
        "@id": "way/959036905",
        "landuse": "greenfield"
      },
      "geometry": {
        "type": "Polygon",
        "coordinates": [
          [
            [
              73.7728716,
              19.9705173
            ],
            [
              73.7725754,
              19.9697331
            ],
            [
              73.773273,
              19.9694983
            ],
            [
              73.7733048,
              19.9695943
            ],
            [
              73.7737955,
              19.9694234
            ],
            [
              73.7739775,
              19.9699398
            ],
            [
              73.774012,
              19.97003
            ],
            [
              73.7740022,
              19.9700974
            ],
            [
              73.7728716,
              19.9705173
            ]
          ]
        ]
      },
      "id": "way/959036905"
    },
    {
      "type": "Feature",
      "properties": {
        "@id": "way/959037506",
        "landuse": "residential"
      },
      "geometry": {
        "type": "Polygon",
        "coordinates": [
          [
            [
              73.7712005,
              19.9681805
            ],
            [
              73.770822,
              19.9670518
            ],
            [
              73.7710804,
              19.9671066
            ],
            [
              73.7714646,
              19.968104
            ],
            [
              73.7712005,
              19.9681805
            ]
          ]
        ]
      },
      "id": "way/959037506"
    },
    {
      "type": "Feature",
      "properties": {
        "@id": "way/959038131",
        "landuse": "residential",
        "name": "LIC Colony",
        "residential": "villa"
      },
      "geometry": {
        "type": "Polygon",
        "coordinates": [
          [
            [
              73.7721591,
              19.9679029
            ],
            [
              73.7717456,
              19.9671817
            ],
            [
              73.7720084,
              19.9671829
            ],
            [
              73.7724023,
              19.9678325
            ],
            [
              73.7722625,
              19.967873
            ],
            [
              73.7721591,
              19.9679029
            ]
          ]
        ]
      },
      "id": "way/959038131"
    },
    {
      "type": "Feature",
      "properties": {
        "@id": "way/959038233",
        "landuse": "residential",
        "name": "LIC Colony"
      },
      "geometry": {
        "type": "Polygon",
        "coordinates": [
          [
            [
              73.7713214,
              19.9671531
            ],
            [
              73.7713312,
              19.9669277
            ],
            [
              73.7720045,
              19.9669454
            ],
            [
              73.7720011,
              19.9671989
            ],
            [
              73.7713214,
              19.9671531
            ]
          ]
        ]
      },
      "id": "way/959038233"
    },
    {
      "type": "Feature",
      "properties": {
        "@id": "way/959038348",
        "landuse": "residential",
        "name": "LIC Colony"
      },
      "geometry": {
        "type": "Polygon",
        "coordinates": [
          [
            [
              73.7716531,
              19.9680495
            ],
            [
              73.7713214,
              19.9671531
            ],
            [
              73.7715035,
              19.9671654
            ],
            [
              73.7718348,
              19.9679968
            ],
            [
              73.7716531,
              19.9680495
            ]
          ]
        ]
      },
      "id": "way/959038348"
    },
    {
      "type": "Feature",
      "properties": {
        "@id": "way/959038747",
        "landuse": "residential",
        "name": "LIC Colony"
      },
      "geometry": {
        "type": "Polygon",
        "coordinates": [
          [
            [
              73.7718348,
              19.9679968
            ],
            [
              73.7719835,
              19.9679538
            ],
            [
              73.7724023,
              19.9678325
            ],
            [
              73.7725051,
              19.9680041
            ],
            [
              73.7721819,
              19.9680944
            ],
            [
              73.7720368,
              19.968135
            ],
            [
              73.7719051,
              19.9681718
            ],
            [
              73.7718348,
              19.9679968
            ]
          ]
        ]
      },
      "id": "way/959038747"
    },
    {
      "type": "Feature",
      "properties": {
        "@id": "way/975048739",
        "landuse": "residential",
        "name": "Dhakne Mala",
        "residential": "urban"
      },
      "geometry": {
        "type": "Polygon",
        "coordinates": [
          [
            [
              73.7851443,
              20.0582203
            ],
            [
              73.786214,
              20.0564212
            ],
            [
              73.7865828,
              20.0570976
            ],
            [
              73.7868209,
              20.0577739
            ],
            [
              73.7867141,
              20.05822
            ],
            [
              73.7851443,
              20.0582203
            ]
          ]
        ]
      },
      "id": "way/975048739"
    },
    {
      "type": "Feature",
      "properties": {
        "@id": "way/1000532598",
        "landuse": "farmland"
      },
      "geometry": {
        "type": "Polygon",
        "coordinates": [
          [
            [
              73.7415876,
              20.0189733
            ],
            [
              73.7420082,
              20.0184991
            ],
            [
              73.7425142,
              20.0177957
            ],
            [
              73.7432466,
              20.0171841
            ],
            [
              73.7434584,
              20.0171001
            ],
            [
              73.7437427,
              20.0171102
            ],
            [
              73.7444923,
              20.0174136
            ],
            [
              73.7443192,
              20.018123
            ],
            [
              73.7435505,
              20.0182299
            ],
            [
              73.7415876,
              20.0189733
            ]
          ]
        ]
      },
      "id": "way/1000532598"
    },
    {
      "type": "Feature",
      "properties": {
        "@id": "way/1020820899",
        "landuse": "residential",
        "name": "nagar hosuing"
      },
      "geometry": {
        "type": "Polygon",
        "coordinates": [
          [
            [
              73.8040132,
              19.9826567
            ],
            [
              73.803724,
              19.9826541
            ],
            [
              73.8036689,
              19.9820485
            ],
            [
              73.8032049,
              19.9820666
            ],
            [
              73.8031808,
              19.9818298
            ],
            [
              73.8039553,
              19.9818052
            ],
            [
              73.8039719,
              19.9819476
            ],
            [
              73.8040132,
              19.9826567
            ]
          ]
        ]
      },
      "id": "way/1020820899"
    },
    {
      "type": "Feature",
      "properties": {
        "@id": "way/1054486805",
        "landuse": "residential",
        "name": "Jaai Bungalow",
        "residential": "urban"
      },
      "geometry": {
        "type": "Polygon",
        "coordinates": [
          [
            [
              73.7665522,
              20.0032932
            ],
            [
              73.7665487,
              20.0032425
            ],
            [
              73.7666938,
              20.0032192
            ],
            [
              73.766707,
              20.0032683
            ],
            [
              73.7665522,
              20.0032932
            ]
          ]
        ]
      },
      "id": "way/1054486805"
    },
    {
      "type": "Feature",
      "properties": {
        "@id": "way/1079147575",
        "aeroway": "aerodrome",
        "icao": "VANR",
        "landuse": "military",
        "military": "airfield",
        "name": "Gandhinagar Army Airfield"
      },
      "geometry": {
        "type": "Polygon",
        "coordinates": [
          [
            [
              73.8096081,
              19.9621361
            ],
            [
              73.8097784,
              19.9630644
            ],
            [
              73.8143788,
              19.9628956
            ],
            [
              73.8169633,
              19.9629478
            ],
            [
              73.8172471,
              19.9630494
            ],
            [
              73.8174364,
              19.9632305
            ],
            [
              73.8179534,
              19.9634655
            ],
            [
              73.81917,
              19.9634433
            ],
            [
              73.8189915,
              19.9646892
            ],
            [
              73.818164,
              19.9672775
            ],
            [
              73.8170555,
              19.9681319
            ],
            [
              73.8163999,
              19.9680969
            ],
            [
              73.8153713,
              19.9679453
            ],
            [
              73.8140013,
              19.9682093
            ],
            [
              73.8126924,
              19.9682245
            ],
            [
              73.8120611,
              19.9675379
            ],
            [
              73.8119142,
              19.967644
            ],
            [
              73.8118747,
              19.9676753
            ],
            [
              73.8117675,
              19.967676
            ],
            [
              73.8112204,
              19.9680302
            ],
            [
              73.8110394,
              19.9680802
            ],
            [
              73.8108904,
              19.9681563
            ],
            [
              73.8096751,
              19.9681827
            ],
            [
              73.8089675,
              19.9687573
            ],
            [
              73.8088709,
              19.9688304
            ],
            [
              73.8087878,
              19.9688632
            ],
            [
              73.8085678,
              19.9688329
            ],
            [
              73.8082513,
              19.9688329
            ],
            [
              73.808085,
              19.9687825
            ],
            [
              73.8077417,
              19.9684422
            ],
            [
              73.8070207,
              19.9680018
            ],
            [
              73.806841,
              19.9676413
            ],
            [
              73.8063206,
              19.9673816
            ],
            [
              73.8059376,
              19.9674124
            ],
            [
              73.8059142,
              19.9671683
            ],
            [
              73.8049711,
              19.9674064
            ],
            [
              73.804688,
              19.9672203
            ],
            [
              73.8046071,
              19.9671683
            ],
            [
              73.8045442,
              19.9671531
            ],
            [
              73.8044933,
              19.9671546
            ],
            [
              73.8044536,
              19.9671638
            ],
            [
              73.8043812,
              19.9671878
            ],
            [
              73.8043046,
              19.9672138
            ],
            [
              73.8041854,
              19.9672358
            ],
            [
              73.8041023,
              19.9672478
            ],
            [
              73.8026228,
              19.9672538
            ],
            [
              73.8026185,
              19.9670337
            ],
            [
              73.8026036,
              19.9669077
            ],
            [
              73.802573,
              19.9668048
            ],
            [
              73.8025039,
              19.9665796
            ],
            [
              73.8024735,
              19.9664224
            ],
            [
              73.802444,
              19.9662037
            ],
            [
              73.8024356,
              19.966164
            ],
            [
              73.8024051,
              19.9661385
            ],
            [
              73.8023477,
              19.966129
            ],
            [
              73.8022717,
              19.9661338
            ],
            [
              73.8014437,
              19.966272
            ],
            [
              73.8013478,
              19.9656694
            ],
            [
              73.801314,
              19.9655519
            ],
            [
              73.8012616,
              19.9654582
            ],
            [
              73.8011771,
              19.9653899
            ],
            [
              73.8011129,
              19.9653629
            ],
            [
              73.8010115,
              19.9653724
            ],
            [
              73.7994165,
              19.9657161
            ],
            [
              73.799082,
              19.9657844
            ],
            [
              73.7988539,
              19.965813
            ],
            [
              73.7985769,
              19.9658196
            ],
            [
              73.7985178,
              19.965502
            ],
            [
              73.7982863,
              19.9654877
            ],
            [
              73.7981181,
              19.9638698
            ],
            [
              73.7988382,
              19.963672
            ],
            [
              73.7995749,
              19.9635004
            ],
            [
              73.8001697,
              19.9634369
            ],
            [
              73.8011569,
              19.9633458
            ],
            [
              73.8025185,
              19.9633026
            ],
            [
              73.803701,
              19.9632524
            ],
            [
              73.8052486,
              19.9632978
            ],
            [
              73.8063923,
              19.9631799
            ],
            [
              73.8063752,
              19.9629578
            ],
            [
              73.8063369,
              19.9628858
            ],
            [
              73.8062454,
              19.9627857
            ],
            [
              73.8060959,
              19.9626709
            ],
            [
              73.8059351,
              19.9625709
            ],
            [
              73.8046129,
              19.9626282
            ],
            [
              73.8046015,
              19.962396
            ],
            [
              73.8061291,
              19.9623298
            ],
            [
              73.8061227,
              19.9622004
            ],
            [
              73.8062035,
              19.9621969
            ],
            [
              73.8061854,
              19.9618294
            ],
            [
              73.8066711,
              19.9618083
            ],
            [
              73.8066892,
              19.9621765
            ],
            [
              73.8067148,
              19.9621753
            ],
            [
              73.8067325,
              19.9625364
            ],
            [
              73.8065546,
              19.9625441
            ],
            [
              73.8065969,
              19.963166
            ],
            [
              73.8080231,
              19.9630201
            ],
            [
              73.8080145,
              19.962926
            ],
            [
              73.8080832,
              19.9628827
            ],
            [
              73.808187,
              19.962812
            ],
            [
              73.807791,
              19.9623357
            ],
            [
              73.8078996,
              19.9622237
            ],
            [
              73.8084467,
              19.9622097
            ],
            [
              73.8089449,
              19.9621857
            ],
            [
              73.8096081,
              19.9621361
            ]
          ]
        ]
      },
      "id": "way/1079147575"
    },
    {
      "type": "Feature",
      "properties": {
        "@id": "way/1079155484",
        "landuse": "military",
        "military": "range"
      },
      "geometry": {
        "type": "Polygon",
        "coordinates": [
          [
            [
              73.7989856,
              19.9520197
            ],
            [
              73.8020394,
              19.9505271
            ],
            [
              73.8023505,
              19.9511095
            ],
            [
              73.7992901,
              19.9525748
            ],
            [
              73.7989856,
              19.9520197
            ]
          ]
        ]
      },
      "id": "way/1079155484"
    },
    {
      "type": "Feature",
      "properties": {
        "@id": "way/1079155485",
        "landuse": "military",
        "military": "range"
      },
      "geometry": {
        "type": "Polygon",
        "coordinates": [
          [
            [
              73.7997086,
              19.9537335
            ],
            [
              73.8024358,
              19.9529235
            ],
            [
              73.8026318,
              19.9536033
            ],
            [
              73.7999587,
              19.9544546
            ],
            [
              73.79981,
              19.9544419
            ],
            [
              73.7996106,
              19.9538606
            ],
            [
              73.7997086,
              19.9537335
            ]
          ]
        ]
      },
      "id": "way/1079155485"
    },
    {
      "type": "Feature",
      "properties": {
        "@id": "way/1098031778",
        "landuse": "commercial"
      },
      "geometry": {
        "type": "Polygon",
        "coordinates": [
          [
            [
              73.7536594,
              19.9517804
            ],
            [
              73.7543412,
              19.9508768
            ],
            [
              73.754722,
              19.9510983
            ],
            [
              73.7539923,
              19.9520558
            ],
            [
              73.7539203,
              19.9519962
            ],
            [
              73.7536594,
              19.9517804
            ]
          ]
        ]
      },
      "id": "way/1098031778"
    },
    {
      "type": "Feature",
      "properties": {
        "@id": "way/1124349723",
        "landuse": "residential",
        "name": "Open Ground"
      },
      "geometry": {
        "type": "Polygon",
        "coordinates": [
          [
            [
              73.7865975,
              20.0140045
            ],
            [
              73.7865975,
              20.0139213
            ],
            [
              73.7868012,
              20.0139213
            ],
            [
              73.7868631,
              20.0139289
            ],
            [
              73.7868604,
              20.0140297
            ],
            [
              73.7867719,
              20.0140398
            ],
            [
              73.7867075,
              20.0140474
            ],
            [
              73.7867021,
              20.0141734
            ],
            [
              73.7866458,
              20.0141784
            ],
            [
              73.7866592,
              20.0140398
            ],
            [
              73.7865975,
              20.0140045
            ]
          ]
        ]
      },
      "id": "way/1124349723"
    },
    {
      "type": "Feature",
      "properties": {
        "@id": "way/1124349734",
        "landuse": "residential",
        "name": "Rasal Open Plot"
      },
      "geometry": {
        "type": "Polygon",
        "coordinates": [
          [
            [
              73.7866712,
              20.013682
            ],
            [
              73.7866721,
              20.0136499
            ],
            [
              73.7867619,
              20.0136522
            ],
            [
              73.786761,
              20.0136843
            ],
            [
              73.7866712,
              20.013682
            ]
          ]
        ]
      },
      "id": "way/1124349734"
    },
    {
      "type": "Feature",
      "properties": {
        "@id": "way/1124352611",
        "landuse": "residential",
        "name": "Open Plot"
      },
      "geometry": {
        "type": "Polygon",
        "coordinates": [
          [
            [
              73.7853826,
              20.014268
            ],
            [
              73.7853811,
              20.0139884
            ],
            [
              73.7858058,
              20.0139865
            ],
            [
              73.7858066,
              20.0141325
            ],
            [
              73.7855603,
              20.0141336
            ],
            [
              73.785561,
              20.0142672
            ],
            [
              73.7853826,
              20.014268
            ]
          ]
        ]
      },
      "id": "way/1124352611"
    },
    {
      "type": "Feature",
      "properties": {
        "@id": "way/1124354072",
        "landuse": "farmland"
      },
      "geometry": {
        "type": "Polygon",
        "coordinates": [
          [
            [
              73.7806814,
              20.0139705
            ],
            [
              73.7806245,
              20.0130754
            ],
            [
              73.7794942,
              20.0132982
            ],
            [
              73.7775001,
              20.0119596
            ],
            [
              73.7829255,
              20.0115792
            ],
            [
              73.7829987,
              20.0127328
            ],
            [
              73.7831125,
              20.0139017
            ],
            [
              73.7831613,
              20.0148567
            ],
            [
              73.7831288,
              20.015338
            ],
            [
              73.7829743,
              20.0153609
            ],
            [
              73.7819173,
              20.014681
            ],
            [
              73.7812424,
              20.0142226
            ],
            [
              73.7806814,
              20.0139705
            ]
          ]
        ]
      },
      "id": "way/1124354072"
    },
    {
      "type": "Feature",
      "properties": {
        "@id": "way/1124354111",
        "landuse": "farmland"
      },
      "geometry": {
        "type": "Polygon",
        "coordinates": [
          [
            [
              73.7808174,
              20.0159316
            ],
            [
              73.7807324,
              20.014761
            ],
            [
              73.7797414,
              20.0148541
            ],
            [
              73.779651,
              20.0137519
            ],
            [
              73.7814495,
              20.0146953
            ],
            [
              73.7815345,
              20.0158858
            ],
            [
              73.7808174,
              20.0159316
            ]
          ]
        ]
      },
      "id": "way/1124354111"
    },
    {
      "type": "Feature",
      "properties": {
        "@id": "way/1124354337",
        "landuse": "farmland"
      },
      "geometry": {
        "type": "Polygon",
        "coordinates": [
          [
            [
              73.779903,
              20.0170388
            ],
            [
              73.7773174,
              20.017627
            ],
            [
              73.777293,
              20.0180701
            ],
            [
              73.7767352,
              20.0184627
            ],
            [
              73.7759384,
              20.0188141
            ],
            [
              73.7753936,
              20.0185773
            ],
            [
              73.7739788,
              20.017905
            ],
            [
              73.7732064,
              20.017332
            ],
            [
              73.7725966,
              20.0161937
            ],
            [
              73.772377,
              20.0159874
            ],
            [
              73.7721168,
              20.0160256
            ],
            [
              73.7718729,
              20.0161631
            ],
            [
              73.7710517,
              20.0160485
            ],
            [
              73.7730356,
              20.0134663
            ],
            [
              73.7748488,
              20.0110291
            ],
            [
              73.7757595,
              20.0114799
            ],
            [
              73.7765888,
              20.0118007
            ],
            [
              73.777084,
              20.0126765
            ],
            [
              73.7767423,
              20.0134403
            ],
            [
              73.7790982,
              20.0134153
            ],
            [
              73.779581,
              20.013726
            ],
            [
              73.779903,
              20.0170388
            ]
          ]
        ]
      },
      "id": "way/1124354337"
    },
    {
      "type": "Feature",
      "properties": {
        "@id": "way/1153422779",
        "landuse": "landfill"
      },
      "geometry": {
        "type": "Polygon",
        "coordinates": [
          [
            [
              73.7817237,
              20.0418791
            ],
            [
              73.7812909,
              20.0417951
            ],
            [
              73.7813035,
              20.0416909
            ],
            [
              73.7813432,
              20.041608
            ],
            [
              73.7818479,
              20.041546
            ],
            [
              73.7818559,
              20.041759
            ],
            [
              73.781731,
              20.0417887
            ],
            [
              73.7817237,
              20.0418791
            ]
          ]
        ]
      },
      "id": "way/1153422779"
    },
    {
      "type": "Feature",
      "properties": {
        "@id": "way/1211558646",
        "landuse": "farmland"
      },
      "geometry": {
        "type": "Polygon",
        "coordinates": [
          [
            [
              73.787351,
              19.9683464
            ],
            [
              73.7870673,
              19.966819
            ],
            [
              73.7877764,
              19.9667829
            ],
            [
              73.7882977,
              19.9671756
            ],
            [
              73.788589,
              19.9673593
            ],
            [
              73.7887998,
              19.9682312
            ],
            [
              73.787351,
              19.9683464
            ]
          ]
        ]
      },
      "id": "way/1211558646"
    },
    {
      "type": "Feature",
      "properties": {
        "@id": "way/1211558647",
        "landuse": "farmland"
      },
      "geometry": {
        "type": "Polygon",
        "coordinates": [
          [
            [
              73.7879286,
              19.9666851
            ],
            [
              73.7881031,
              19.9657605
            ],
            [
              73.7893118,
              19.9660719
            ],
            [
              73.7892638,
              19.9664379
            ],
            [
              73.7897392,
              19.9665948
            ],
            [
              73.7898075,
              19.966533
            ],
            [
              73.7900705,
              19.9667113
            ],
            [
              73.789982,
              19.9675099
            ],
            [
              73.789016,
              19.9675503
            ],
            [
              73.7886341,
              19.9671581
            ],
            [
              73.7879286,
              19.9666851
            ]
          ]
        ]
      },
      "id": "way/1211558647"
    },
    {
      "type": "Feature",
      "properties": {
        "@id": "way/1234206854",
        "description": "Pink Building with a small residential family",
        "landuse": "residential",
        "name": "Samnerkar's",
        "residential": "single_family",
        "source": "local knowledge"
      },
      "geometry": {
        "type": "Polygon",
        "coordinates": [
          [
            [
              73.7587359,
              20.009458
            ],
            [
              73.7587252,
              20.0093972
            ],
            [
              73.7587725,
              20.0093582
            ],
            [
              73.7588123,
              20.00938
            ],
            [
              73.7588397,
              20.0094011
            ],
            [
              73.7588347,
              20.0094268
            ],
            [
              73.7588173,
              20.0094385
            ],
            [
              73.7588314,
              20.0094643
            ],
            [
              73.7587982,
              20.0094814
            ],
            [
              73.7587874,
              20.0094549
            ],
            [
              73.7587741,
              20.0094588
            ],
            [
              73.7587741,
              20.009483
            ],
            [
              73.7587434,
              20.0094861
            ],
            [
              73.7587359,
              20.009458
            ]
          ]
        ]
      },
      "id": "way/1234206854"
    },
    {
      "type": "Feature",
      "properties": {
        "@id": "way/1234208214",
        "addr:city": "Nashik",
        "addr:district": "Nashik",
        "addr:street": "D'zousa Colony",
        "landuse": "residential",
        "name": "Shantikunj Apartment",
        "operator": "Sunil Amrutkar",
        "residential": "apartments"
      },
      "geometry": {
        "type": "Polygon",
        "coordinates": [
          [
            [
              73.7585091,
              20.0098355
            ],
            [
              73.7584927,
              20.0097676
            ],
            [
              73.7585058,
              20.0097624
            ],
            [
              73.7584927,
              20.0096934
            ],
            [
              73.7585168,
              20.0097006
            ],
            [
              73.7585168,
              20.0097562
            ],
            [
              73.7585376,
              20.0097542
            ],
            [
              73.7585354,
              20.009712
            ],
            [
              73.7585628,
              20.0097017
            ],
            [
              73.7585693,
              20.0097223
            ],
            [
              73.7585485,
              20.0097254
            ],
            [
              73.758554,
              20.0097665
            ],
            [
              73.7585847,
              20.0097696
            ],
            [
              73.7585901,
              20.0098149
            ],
            [
              73.7586077,
              20.0098128
            ],
            [
              73.7586044,
              20.0097758
            ],
            [
              73.7586383,
              20.0097727
            ],
            [
              73.7586997,
              20.0097645
            ],
            [
              73.7587052,
              20.0098098
            ],
            [
              73.7586614,
              20.0098139
            ],
            [
              73.7586635,
              20.0097953
            ],
            [
              73.7586362,
              20.0098026
            ],
            [
              73.7586197,
              20.0098087
            ],
            [
              73.7586197,
              20.0098283
            ],
            [
              73.7585945,
              20.0098355
            ],
            [
              73.7585934,
              20.0098571
            ],
            [
              73.7585617,
              20.0098622
            ],
            [
              73.7585518,
              20.0098283
            ],
            [
              73.7585091,
              20.0098355
            ]
          ]
        ]
      },
      "id": "way/1234208214"
    },
    {
      "type": "Feature",
      "properties": {
        "@id": "way/1234208215",
        "landuse": "residential",
        "name": "Kane's",
        "residential": "single_family"
      },
      "geometry": {
        "type": "Polygon",
        "coordinates": [
          [
            [
              73.7584914,
              20.0093835
            ],
            [
              73.7584571,
              20.009241
            ],
            [
              73.7585696,
              20.0092294
            ],
            [
              73.7585858,
              20.0093432
            ],
            [
              73.7584914,
              20.0093835
            ]
          ]
        ]
      },
      "id": "way/1234208215"
    },
    {
      "type": "Feature",
      "properties": {
        "@id": "way/1324935935",
        "landuse": "farmland"
      },
      "geometry": {
        "type": "Polygon",
        "coordinates": [
          [
            [
              73.7959883,
              20.0442111
            ],
            [
              73.796176,
              20.0429562
            ],
            [
              73.7990138,
              20.0437575
            ],
            [
              73.7990354,
              20.0444373
            ],
            [
              73.7959883,
              20.0442111
            ]
          ]
        ]
      },
      "id": "way/1324935935"
    },
    {
      "type": "Feature",
      "properties": {
        "@id": "way/1324935936",
        "landuse": "farmland"
      },
      "geometry": {
        "type": "Polygon",
        "coordinates": [
          [
            [
              73.7961687,
              20.0428281
            ],
            [
              73.7963669,
              20.0414782
            ],
            [
              73.7988726,
              20.0416046
            ],
            [
              73.798993,
              20.0436593
            ],
            [
              73.7961687,
              20.0428281
            ]
          ]
        ]
      },
      "id": "way/1324935936"
    },
    {
      "type": "Feature",
      "properties": {
        "@id": "way/1333711770",
        "landuse": "farmland"
      },
      "geometry": {
        "type": "Polygon",
        "coordinates": [
          [
            [
              73.8214051,
              19.9548542
            ],
            [
              73.8215608,
              19.9548564
            ],
            [
              73.8215679,
              19.9547367
            ],
            [
              73.8221861,
              19.9547367
            ],
            [
              73.8222002,
              19.9546435
            ],
            [
              73.8228382,
              19.954675
            ],
            [
              73.823244,
              19.9547171
            ],
            [
              73.8231969,
              19.954783
            ],
            [
              73.8231897,
              19.9548183
            ],
            [
              73.8231772,
              19.9550838
            ],
            [
              73.821398,
              19.9549847
            ],
            [
              73.8214051,
              19.9548542
            ]
          ]
        ]
      },
      "id": "way/1333711770"
    },
    {
      "type": "Feature",
      "properties": {
        "@id": "way/1336441822",
        "landuse": "commercial",
        "name": "Aysha Traders"
      },
      "geometry": {
        "type": "Polygon",
        "coordinates": [
          [
            [
              73.7959992,
              19.9684157
            ],
            [
              73.7960983,
              19.9684114
            ],
            [
              73.7961049,
              19.9685461
            ],
            [
              73.7960058,
              19.9685504
            ],
            [
              73.7959992,
              19.9684157
            ]
          ]
        ]
      },
      "id": "way/1336441822"
    },
    {
      "type": "Feature",
      "properties": {
        "@id": "way/1336441825",
        "landuse": "commercial",
        "name": "Aqsa Fish Market"
      },
      "geometry": {
        "type": "Polygon",
        "coordinates": [
          [
            [
              73.7958392,
              19.9685059
            ],
            [
              73.7958484,
              19.968359
            ],
            [
              73.7959094,
              19.9683623
            ],
            [
              73.7959003,
              19.9685092
            ],
            [
              73.7958392,
              19.9685059
            ]
          ]
        ]
      },
      "id": "way/1336441825"
    },
    {
      "type": "Feature",
      "properties": {
        "@id": "way/1336441826",
        "landuse": "commercial",
        "name": "Shree Cement"
      },
      "geometry": {
        "type": "Polygon",
        "coordinates": [
          [
            [
              73.7957242,
              19.9685352
            ],
            [
              73.7957386,
              19.9686401
            ],
            [
              73.7954102,
              19.9686796
            ],
            [
              73.7953498,
              19.9683043
            ],
            [
              73.7955823,
              19.9683537
            ],
            [
              73.7955784,
              19.9684191
            ],
            [
              73.7954917,
              19.9684278
            ],
            [
              73.7955074,
              19.9685611
            ],
            [
              73.7957242,
              19.9685352
            ]
          ]
        ]
      },
      "id": "way/1336441826"
    },
    {
      "type": "Feature",
      "properties": {
        "@id": "way/1336441836",
        "landuse": "commercial",
        "name": "PPRSM Shop1"
      },
      "geometry": {
        "type": "Polygon",
        "coordinates": [
          [
            [
              73.7950807,
              19.9688588
            ],
            [
              73.7950747,
              19.9687951
            ],
            [
              73.7951815,
              19.9687861
            ],
            [
              73.7951876,
              19.9688498
            ],
            [
              73.7950807,
              19.9688588
            ]
          ]
        ]
      },
      "id": "way/1336441836"
    },
    {
      "type": "Feature",
      "properties": {
        "@id": "way/1336447076",
        "building:levels": "1",
        "landuse": "industrial",
        "name": "210 MLD SPS, Agar Takali",
        "source": "microsoft/BuildingFootprints"
      },
      "geometry": {
        "type": "Polygon",
        "coordinates": [
          [
            [
              73.8267143,
              19.9863292
            ],
            [
              73.8266057,
              19.986358
            ],
            [
              73.8265664,
              19.9862268
            ],
            [
              73.826675,
              19.9861981
            ],
            [
              73.8267143,
              19.9863292
            ]
          ]
        ]
      },
      "id": "way/1336447076"
    },
    {
      "type": "Feature",
      "properties": {
        "@id": "way/1336447077",
        "landuse": "industrial",
        "name": "sewage treatment plant"
      },
      "geometry": {
        "type": "Polygon",
        "coordinates": [
          [
            [
              73.8260527,
              19.9856276
            ],
            [
              73.8286761,
              19.9848543
            ],
            [
              73.8292576,
              19.9872629
            ],
            [
              73.8268295,
              19.9881335
            ],
            [
              73.8260527,
              19.9856276
            ]
          ]
        ]
      },
      "id": "way/1336447077"
    },
    {
      "type": "Feature",
      "properties": {
        "@id": "way/1336486017",
        "landuse": "commercial",
        "name": "PPRSM Shop2"
      },
      "geometry": {
        "type": "Polygon",
        "coordinates": [
          [
            [
              73.7957289,
              19.9685351
            ],
            [
              73.795837,
              19.9685217
            ],
            [
              73.7958386,
              19.9685089
            ],
            [
              73.7958993,
              19.968512
            ],
            [
              73.7958881,
              19.9686208
            ],
            [
              73.7957434,
              19.9686391
            ],
            [
              73.7957289,
              19.9685351
            ]
          ]
        ]
      },
      "id": "way/1336486017"
    },
    {
      "type": "Feature",
      "properties": {
        "@id": "way/1336486019",
        "landuse": "commercial",
        "name": "PPRSM Shop3"
      },
      "geometry": {
        "type": "Polygon",
        "coordinates": [
          [
            [
              73.7950193,
              19.9682572
            ],
            [
              73.7950294,
              19.9681937
            ],
            [
              73.7950899,
              19.9682025
            ],
            [
              73.7950791,
              19.9682674
            ],
            [
              73.7950193,
              19.9682572
            ]
          ]
        ]
      },
      "id": "way/1336486019"
    },
    {
      "type": "Feature",
      "properties": {
        "@id": "way/1336698392",
        "landuse": "commercial",
        "name": "PPRSM Shop4"
      },
      "geometry": {
        "type": "Polygon",
        "coordinates": [
          [
            [
              73.7973571,
              19.9694281
            ],
            [
              73.7973514,
              19.9693097
            ],
            [
              73.7974095,
              19.9693072
            ],
            [
              73.7974152,
              19.9694257
            ],
            [
              73.7973571,
              19.9694281
            ]
          ]
        ]
      },
      "id": "way/1336698392"
    },
    {
      "type": "Feature",
      "properties": {
        "@id": "way/1336698397",
        "landuse": "commercial",
        "name": "PPRSM Shop 5"
      },
      "geometry": {
        "type": "Polygon",
        "coordinates": [
          [
            [
              73.7969153,
              19.9692033
            ],
            [
              73.7969592,
              19.969201
            ],
            [
              73.7969631,
              19.9692673
            ],
            [
              73.7969192,
              19.9692696
            ],
            [
              73.7969153,
              19.9692033
            ]
          ]
        ]
      },
      "id": "way/1336698397"
    },
    {
      "type": "Feature",
      "properties": {
        "@id": "way/1336698404",
        "landuse": "commercial",
        "name": "PPRSM Shop 7"
      },
      "geometry": {
        "type": "Polygon",
        "coordinates": [
          [
            [
              73.7950411,
              19.9694959
            ],
            [
              73.7950319,
              19.9693801
            ],
            [
              73.7950919,
              19.9693759
            ],
            [
              73.7950955,
              19.9694209
            ],
            [
              73.7951613,
              19.9694163
            ],
            [
              73.7951668,
              19.9694871
            ],
            [
              73.7950411,
              19.9694959
            ]
          ]
        ]
      },
      "id": "way/1336698404"
    },
    {
      "type": "Feature",
      "properties": {
        "@id": "way/1336698405",
        "landuse": "commercial",
        "name": "PPRSM Shop 6"
      },
      "geometry": {
        "type": "Polygon",
        "coordinates": [
          [
            [
              73.7951718,
              19.9694859
            ],
            [
              73.795162,
              19.9693593
            ],
            [
              73.7951892,
              19.9693577
            ],
            [
              73.7951875,
              19.9693154
            ],
            [
              73.7953152,
              19.9693107
            ],
            [
              73.7953222,
              19.9694803
            ],
            [
              73.7951718,
              19.9694859
            ]
          ]
        ]
      },
      "id": "way/1336698405"
    },
    {
      "type": "Feature",
      "properties": {
        "@id": "way/1336698406",
        "landuse": "commercial",
        "name": "PPRSM Shop 9"
      },
      "geometry": {
        "type": "Polygon",
        "coordinates": [
          [
            [
              73.7950506,
              19.9695885
            ],
            [
              73.7950491,
              19.9695515
            ],
            [
              73.7952172,
              19.9695455
            ],
            [
              73.7952188,
              19.9695825
            ],
            [
              73.7950506,
              19.9695885
            ]
          ]
        ]
      },
      "id": "way/1336698406"
    },
    {
      "type": "Feature",
      "properties": {
        "@id": "way/1336698407",
        "landuse": "commercial",
        "name": "PPRSM Shop 8"
      },
      "geometry": {
        "type": "Polygon",
        "coordinates": [
          [
            [
              73.795046,
              19.9694992
            ],
            [
              73.7952118,
              19.9694945
            ],
            [
              73.7952131,
              19.9695328
            ],
            [
              73.7950472,
              19.9695375
            ],
            [
              73.795046,
              19.9694992
            ]
          ]
        ]
      },
      "id": "way/1336698407"
    },
    {
      "type": "Feature",
      "properties": {
        "@id": "way/1336698409",
        "landuse": "commercial",
        "name": "PPRSM Shop 10"
      },
      "geometry": {
        "type": "Polygon",
        "coordinates": [
          [
            [
              73.7952367,
              19.9696095
            ],
            [
              73.7953083,
              19.9696043
            ],
            [
              73.7953134,
              19.9696669
            ],
            [
              73.7952418,
              19.9696721
            ],
            [
              73.7952367,
              19.9696095
            ]
          ]
        ]
      },
      "id": "way/1336698409"
    },
    {
      "type": "Feature",
      "properties": {
        "@id": "way/1337102445",
        "building:levels": "8",
        "landuse": "residential"
      },
      "geometry": {
        "type": "Polygon",
        "coordinates": [
          [
            [
              73.774708,
              19.9718032
            ],
            [
              73.7744616,
              19.9711395
            ],
            [
              73.7746903,
              19.9710645
            ],
            [
              73.7749368,
              19.9717281
            ],
            [
              73.774708,
              19.9718032
            ]
          ]
        ]
      },
      "id": "way/1337102445"
    },
    {
      "type": "Feature",
      "properties": {
        "@id": "way/1337103022",
        "landuse": "farmland"
      },
      "geometry": {
        "type": "Polygon",
        "coordinates": [
          [
            [
              73.8081887,
              19.9822995
            ],
            [
              73.8082229,
              19.9819597
            ],
            [
              73.8089264,
              19.9820316
            ],
            [
              73.8089068,
              19.9823515
            ],
            [
              73.8081887,
              19.9822995
            ]
          ]
        ]
      },
      "id": "way/1337103022"
    },
    {
      "type": "Feature",
      "properties": {
        "@id": "way/1338285792",
        "landuse": "commercial",
        "name": "podar school ground"
      },
      "geometry": {
        "type": "Polygon",
        "coordinates": [
          [
            [
              73.8101651,
              19.9853226
            ],
            [
              73.8101627,
              19.9850246
            ],
            [
              73.8109684,
              19.9850191
            ],
            [
              73.8109699,
              19.9852188
            ],
            [
              73.8109107,
              19.9852193
            ],
            [
              73.8109115,
              19.9853173
            ],
            [
              73.8101651,
              19.9853226
            ]
          ]
        ]
      },
      "id": "way/1338285792"
    },
    {
      "type": "Feature",
      "properties": {
        "@id": "way/1338630501",
        "landuse": "residential",
        "name": "Mittal",
        "residential": "apartments"
      },
      "geometry": {
        "type": "Polygon",
        "coordinates": [
          [
            [
              73.8016933,
              20.0396475
            ],
            [
              73.801674,
              20.0395306
            ],
            [
              73.8017856,
              20.0394983
            ],
            [
              73.8018242,
              20.0396052
            ],
            [
              73.8016933,
              20.0396475
            ]
          ]
        ]
      },
      "id": "way/1338630501"
    },
    {
      "type": "Feature",
      "properties": {
        "@id": "way/1391331170",
        "landuse": "residential"
      },
      "geometry": {
        "type": "Polygon",
        "coordinates": [
          [
            [
              73.7165451,
              19.9082567
            ],
            [
              73.7160139,
              19.9060738
            ],
            [
              73.7199725,
              19.9056497
            ],
            [
              73.7198923,
              19.9061837
            ],
            [
              73.7195917,
              19.9063282
            ],
            [
              73.7192075,
              19.9072704
            ],
            [
              73.7193879,
              19.9083509
            ],
            [
              73.7165451,
              19.9082567
            ]
          ]
        ]
      },
      "id": "way/1391331170"
    },
    {
      "type": "Feature",
      "properties": {
        "@id": "way/1427966480",
        "addr:city": "NASHIK",
        "addr:district": "NASHIK",
        "addr:postcode": "422009",
        "addr:street": "Maharana Pratap Chowk Road",
        "architect": "PARANJPE",
        "landuse": "residential",
        "name": "Aaryavart Sector 4",
        "residential": "apartments"
      },
      "geometry": {
        "type": "Polygon",
        "coordinates": [
          [
            [
              73.7621159,
              19.9753079
            ],
            [
              73.7622927,
              19.9748061
            ],
            [
              73.7638692,
              19.9745653
            ],
            [
              73.7642047,
              19.9758978
            ],
            [
              73.7628555,
              19.9760945
            ],
            [
              73.7621159,
              19.9753079
            ]
          ]
        ]
      },
      "id": "way/1427966480"
    },
    {
      "type": "Feature",
      "properties": {
        "@id": "way/1460019534",
        "landuse": "farmland"
      },
      "geometry": {
        "type": "Polygon",
        "coordinates": [
          [
            [
              73.7048892,
              20.0661782
            ],
            [
              73.7050162,
              20.0657711
            ],
            [
              73.706137,
              20.065743
            ],
            [
              73.7062192,
              20.0661431
            ],
            [
              73.7048892,
              20.0661782
            ]
          ]
        ]
      },
      "id": "way/1460019534"
    },
    {
      "type": "Feature",
      "properties": {
        "@id": "way/1460019535",
        "landuse": "farmland"
      },
      "geometry": {
        "type": "Polygon",
        "coordinates": [
          [
            [
              73.7002005,
              20.0653535
            ],
            [
              73.7002453,
              20.0646797
            ],
            [
              73.7005293,
              20.0647008
            ],
            [
              73.7005965,
              20.0653114
            ],
            [
              73.7002005,
              20.0653535
            ]
          ]
        ]
      },
      "id": "way/1460019535"
    },
    {
      "type": "Feature",
      "properties": {
        "@id": "way/1460027368",
        "landuse": "farmland"
      },
      "geometry": {
        "type": "Polygon",
        "coordinates": [
          [
            [
              73.7038157,
              20.0711954
            ],
            [
              73.7038157,
              20.0701742
            ],
            [
              73.704246,
              20.0701742
            ],
            [
              73.7042857,
              20.0712114
            ],
            [
              73.7038157,
              20.0711954
            ]
          ]
        ]
      },
      "id": "way/1460027368"
    },
    {
      "type": "Feature",
      "properties": {
        "@id": "way/1460482335",
        "landuse": "farmland"
      },
      "geometry": {
        "type": "Polygon",
        "coordinates": [
          [
            [
              73.8270461,
              19.9480432
            ],
            [
              73.8271062,
              19.947659
            ],
            [
              73.8274731,
              19.94766
            ],
            [
              73.8273959,
              19.9480724
            ],
            [
              73.8270461,
              19.9480432
            ]
          ]
        ]
      },
      "id": "way/1460482335"
    },
    {
      "type": "Feature",
      "properties": {
        "@id": "way/1462809612",
        "landuse": "farmland"
      },
      "geometry": {
        "type": "Polygon",
        "coordinates": [
          [
            [
              73.7070111,
              20.043156
            ],
            [
              73.7069838,
              20.0429798
            ],
            [
              73.7075403,
              20.0429036
            ],
            [
              73.7075676,
              20.0430799
            ],
            [
              73.7070111,
              20.043156
            ]
          ]
        ]
      },
      "id": "way/1462809612"
    },
    {
      "type": "Feature",
      "properties": {
        "@id": "way/1462809983",
        "landuse": "farmland"
      },
      "geometry": {
        "type": "Polygon",
        "coordinates": [
          [
            [
              73.7070098,
              20.0427381
            ],
            [
              73.7069825,
              20.0425618
            ],
            [
              73.707539,
              20.0424856
            ],
            [
              73.7075664,
              20.042662
            ],
            [
              73.7070098,
              20.0427381
            ]
          ]
        ]
      },
      "id": "way/1462809983"
    },
    {
      "type": "Feature",
      "properties": {
        "@id": "way/1462809984",
        "landuse": "farmland"
      },
      "geometry": {
        "type": "Polygon",
        "coordinates": [
          [
            [
              73.7084786,
              20.0439679
            ],
            [
              73.7084589,
              20.0437966
            ],
            [
              73.7090061,
              20.0437179
            ],
            [
              73.7090455,
              20.0438985
            ],
            [
              73.7084786,
              20.0439679
            ]
          ]
        ]
      },
      "id": "way/1462809984"
    },
    {
      "type": "Feature",
      "properties": {
        "@id": "way/1462809985",
        "landuse": "farmland"
      },
      "geometry": {
        "type": "Polygon",
        "coordinates": [
          [
            [
              73.7014371,
              20.0422723
            ],
            [
              73.7014802,
              20.0418201
            ],
            [
              73.7016864,
              20.0418375
            ],
            [
              73.7016432,
              20.0422897
            ],
            [
              73.7014371,
              20.0422723
            ]
          ]
        ]
      },
      "id": "way/1462809985"
    },
    {
      "type": "Feature",
      "properties": {
        "@id": "way/1463022842",
        "landuse": "farmland"
      },
      "geometry": {
        "type": "Polygon",
        "coordinates": [
          [
            [
              73.7297887,
              20.0269848
            ],
            [
              73.7297204,
              20.0265265
            ],
            [
              73.7300814,
              20.0264898
            ],
            [
              73.730179,
              20.0269298
            ],
            [
              73.7297887,
              20.0269848
            ]
          ]
        ]
      },
      "id": "way/1463022842"
    },
    {
      "type": "Feature",
      "properties": {
        "@id": "way/1463023576",
        "landuse": "farmland"
      },
      "geometry": {
        "type": "Polygon",
        "coordinates": [
          [
            [
              73.7380953,
              20.0285493
            ],
            [
              73.7383945,
              20.0284699
            ],
            [
              73.7385083,
              20.029023
            ],
            [
              73.7383197,
              20.029081
            ],
            [
              73.7380953,
              20.0285493
            ]
          ]
        ]
      },
      "id": "way/1463023576"
    },
    {
      "type": "Feature",
      "properties": {
        "@id": "way/1466064411",
        "landuse": "industrial"
      },
      "geometry": {
        "type": "Polygon",
        "coordinates": [
          [
            [
              73.7465537,
              19.9566093
            ],
            [
              73.7477446,
              19.9564731
            ],
            [
              73.7479967,
              19.9577589
            ],
            [
              73.7476641,
              19.9577942
            ],
            [
              73.74753,
              19.9574513
            ],
            [
              73.7467307,
              19.9575522
            ],
            [
              73.7465537,
              19.9566093
            ]
          ]
        ]
      },
      "id": "way/1466064411"
    },
    {
      "type": "Feature",
      "properties": {
        "@id": "way/1466064412",
        "landuse": "industrial"
      },
      "geometry": {
        "type": "Polygon",
        "coordinates": [
          [
            [
              73.7374117,
              19.9507782
            ],
            [
              73.7383568,
              19.9515013
            ],
            [
              73.7384105,
              19.9539015
            ],
            [
              73.7368709,
              19.9539167
            ],
            [
              73.7368762,
              19.9529284
            ],
            [
              73.736195,
              19.9529384
            ],
            [
              73.7358011,
              19.9528289
            ],
            [
              73.7363344,
              19.95194
            ],
            [
              73.7374117,
              19.9507782
            ]
          ]
        ]
      },
      "id": "way/1466064412"
    },
    {
      "type": "Feature",
      "properties": {
        "@id": "way/1466064414",
        "landuse": "industrial"
      },
      "geometry": {
        "type": "Polygon",
        "coordinates": [
          [
            [
              73.7349075,
              19.9556008
            ],
            [
              73.7339687,
              19.9556008
            ],
            [
              73.7338078,
              19.9555907
            ],
            [
              73.7308574,
              19.9534427
            ],
            [
              73.7336683,
              19.9501147
            ],
            [
              73.7359643,
              19.9517888
            ],
            [
              73.7351972,
              19.9534023
            ],
            [
              73.7349504,
              19.9544108
            ],
            [
              73.734886,
              19.9552277
            ],
            [
              73.7349075,
              19.9556008
            ]
          ]
        ]
      },
      "id": "way/1466064414"
    },
    {
      "type": "Feature",
      "properties": {
        "@id": "way/1466064415",
        "landuse": "industrial"
      },
      "geometry": {
        "type": "Polygon",
        "coordinates": [
          [
            [
              73.7348914,
              19.9600481
            ],
            [
              73.7348404,
              19.9601363
            ],
            [
              73.7347198,
              19.9600355
            ],
            [
              73.7340492,
              19.9594254
            ],
            [
              73.7339124,
              19.9592035
            ],
            [
              73.7336066,
              19.9588732
            ],
            [
              73.7328958,
              19.9582304
            ],
            [
              73.7324908,
              19.9580211
            ],
            [
              73.7323111,
              19.9578673
            ],
            [
              73.7324157,
              19.9568412
            ],
            [
              73.7313536,
              19.9568412
            ],
            [
              73.7318954,
              19.9561908
            ],
            [
              73.7324774,
              19.9565815
            ],
            [
              73.7325767,
              19.9564958
            ],
            [
              73.7317747,
              19.9558907
            ],
            [
              73.7325302,
              19.9549204
            ],
            [
              73.7337971,
              19.9558428
            ],
            [
              73.7347734,
              19.9558529
            ],
            [
              73.7348914,
              19.9600481
            ]
          ]
        ]
      },
      "id": "way/1466064415"
    },
    {
      "type": "Feature",
      "properties": {
        "@id": "way/1466064416",
        "landuse": "industrial"
      },
      "geometry": {
        "type": "Polygon",
        "coordinates": [
          [
            [
              73.7320833,
              19.954595
            ],
            [
              73.7311953,
              19.9556285
            ],
            [
              73.7313938,
              19.9557748
            ],
            [
              73.7307394,
              19.9565841
            ],
            [
              73.7296692,
              19.9559487
            ],
            [
              73.7291273,
              19.9554647
            ],
            [
              73.7279418,
              19.9548445
            ],
            [
              73.7257478,
              19.9533897
            ],
            [
              73.7235591,
              19.9517005
            ],
            [
              73.7222716,
              19.9505508
            ],
            [
              73.7200212,
              19.9485212
            ],
            [
              73.7215125,
              19.9468975
            ],
            [
              73.7320833,
              19.954595
            ]
          ]
        ]
      },
      "id": "way/1466064416"
    },
    {
      "type": "Feature",
      "properties": {
        "@id": "way/1466064417",
        "landuse": "industrial"
      },
      "geometry": {
        "type": "Polygon",
        "coordinates": [
          [
            [
              73.7383729,
              19.9623523
            ],
            [
              73.7387001,
              19.9623675
            ],
            [
              73.7387055,
              19.9629271
            ],
            [
              73.7392259,
              19.9629675
            ],
            [
              73.7392259,
              19.9630935
            ],
            [
              73.7383676,
              19.9630834
            ],
            [
              73.7383729,
              19.9623523
            ]
          ]
        ]
      },
      "id": "way/1466064417"
    },
    {
      "type": "Feature",
      "properties": {
        "@id": "way/1466064418",
        "landuse": "industrial"
      },
      "geometry": {
        "type": "Polygon",
        "coordinates": [
          [
            [
              73.7375146,
              19.9632977
            ],
            [
              73.7392688,
              19.9633355
            ],
            [
              73.7392688,
              19.9650801
            ],
            [
              73.7394887,
              19.9655087
            ],
            [
              73.739773,
              19.9659322
            ],
            [
              73.7378311,
              19.9659272
            ],
            [
              73.7377399,
              19.9668347
            ],
            [
              73.7374288,
              19.9668045
            ],
            [
              73.7375146,
              19.9632977
            ]
          ]
        ]
      },
      "id": "way/1466064418"
    },
    {
      "type": "Feature",
      "properties": {
        "@id": "way/1466064419",
        "landuse": "industrial"
      },
      "geometry": {
        "type": "Polygon",
        "coordinates": [
          [
            [
              73.7398428,
              19.9660179
            ],
            [
              73.739934,
              19.9675204
            ],
            [
              73.7392956,
              19.9674952
            ],
            [
              73.739148,
              19.9674624
            ],
            [
              73.7392017,
              19.968075
            ],
            [
              73.7390942,
              19.9680745
            ],
            [
              73.7384158,
              19.9681204
            ],
            [
              73.7380028,
              19.9681759
            ],
            [
              73.7381476,
              19.9684431
            ],
            [
              73.7370318,
              19.9685691
            ],
            [
              73.7370372,
              19.9687002
            ],
            [
              73.7364095,
              19.9687456
            ],
            [
              73.736431,
              19.9693758
            ],
            [
              73.7354976,
              19.9693053
            ],
            [
              73.7353581,
              19.968438
            ],
            [
              73.7352401,
              19.9682817
            ],
            [
              73.7365919,
              19.9680801
            ],
            [
              73.7365007,
              19.9676112
            ],
            [
              73.7359214,
              19.9663658
            ],
            [
              73.7364685,
              19.9662045
            ],
            [
              73.7360501,
              19.9656246
            ],
            [
              73.7357068,
              19.9645557
            ],
            [
              73.7356099,
              19.9639306
            ],
            [
              73.7355137,
              19.9633103
            ],
            [
              73.7373215,
              19.963299
            ],
            [
              73.7372893,
              19.9642935
            ],
            [
              73.7363398,
              19.9642885
            ],
            [
              73.7363559,
              19.9653019
            ],
            [
              73.7366188,
              19.9657809
            ],
            [
              73.7372947,
              19.9658162
            ],
            [
              73.7372625,
              19.9668952
            ],
            [
              73.7378418,
              19.9669507
            ],
            [
              73.7379491,
              19.9660582
            ],
            [
              73.7398428,
              19.9660179
            ]
          ]
        ]
      },
      "id": "way/1466064419"
    },
    {
      "type": "Feature",
      "properties": {
        "@id": "way/1466064420",
        "landuse": "industrial"
      },
      "geometry": {
        "type": "Polygon",
        "coordinates": [
          [
            [
              73.7394673,
              19.9633204
            ],
            [
              73.7402236,
              19.9633154
            ],
            [
              73.7402236,
              19.9642129
            ],
            [
              73.743512,
              19.9642532
            ],
            [
              73.7436676,
              19.9641171
            ],
            [
              73.7436622,
              19.9636229
            ],
            [
              73.7442738,
              19.9636381
            ],
            [
              73.7444079,
              19.9633809
            ],
            [
              73.7445259,
              19.9634162
            ],
            [
              73.7445956,
              19.9632347
            ],
            [
              73.7446976,
              19.9634717
            ],
            [
              73.7448907,
              19.9640717
            ],
            [
              73.7449336,
              19.9650751
            ],
            [
              73.7424713,
              19.9650045
            ],
            [
              73.7395155,
              19.965186
            ],
            [
              73.7394619,
              19.9650297
            ],
            [
              73.7394673,
              19.9633204
            ]
          ]
        ]
      },
      "id": "way/1466064420"
    },
    {
      "type": "Feature",
      "properties": {
        "@id": "way/1466064421",
        "landuse": "industrial"
      },
      "geometry": {
        "type": "Polygon",
        "coordinates": [
          [
            [
              73.7417954,
              19.9618027
            ],
            [
              73.7418008,
              19.9640767
            ],
            [
              73.7404275,
              19.9640515
            ],
            [
              73.7404758,
              19.9617977
            ],
            [
              73.7417954,
              19.9618027
            ]
          ]
        ]
      },
      "id": "way/1466064421"
    },
    {
      "type": "Feature",
      "properties": {
        "@id": "way/1466064422",
        "landuse": "industrial"
      },
      "geometry": {
        "type": "Polygon",
        "coordinates": [
          [
            [
              73.7420046,
              19.9618078
            ],
            [
              73.7434691,
              19.961833
            ],
            [
              73.7434262,
              19.9640969
            ],
            [
              73.7419832,
              19.9640919
            ],
            [
              73.7420046,
              19.9618078
            ]
          ]
        ]
      },
      "id": "way/1466064422"
    },
    {
      "type": "Feature",
      "properties": {
        "@id": "way/1466064423",
        "landuse": "industrial"
      },
      "geometry": {
        "type": "Polygon",
        "coordinates": [
          [
            [
              73.7405187,
              19.9599321
            ],
            [
              73.7422138,
              19.9599472
            ],
            [
              73.7425089,
              19.9599825
            ],
            [
              73.7426215,
              19.9601086
            ],
            [
              73.7426001,
              19.9616414
            ],
            [
              73.7405294,
              19.9616263
            ],
            [
              73.7405187,
              19.9599321
            ]
          ]
        ]
      },
      "id": "way/1466064423"
    },
    {
      "type": "Feature",
      "properties": {
        "@id": "way/1466064425",
        "landuse": "farmland"
      },
      "geometry": {
        "type": "Polygon",
        "coordinates": [
          [
            [
              73.746441,
              19.9631792
            ],
            [
              73.7464893,
              19.964344
            ],
            [
              73.7463713,
              19.9644095
            ],
            [
              73.7463123,
              19.9636935
            ],
            [
              73.746205,
              19.9636935
            ],
            [
              73.7461835,
              19.9646364
            ],
            [
              73.7461006,
              19.964729
            ],
            [
              73.7456206,
              19.9641525
            ],
            [
              73.7449125,
              19.963618
            ],
            [
              73.7448266,
              19.9631541
            ],
            [
              73.7451163,
              19.9631945
            ],
            [
              73.7451378,
              19.9629726
            ],
            [
              73.7453631,
              19.9628113
            ],
            [
              73.7453523,
              19.9630029
            ],
            [
              73.7454811,
              19.9629928
            ],
            [
              73.7454596,
              19.9632953
            ],
            [
              73.7456957,
              19.9632953
            ],
            [
              73.7457493,
              19.9630634
            ],
            [
              73.7461034,
              19.9630533
            ],
            [
              73.7461355,
              19.9631541
            ],
            [
              73.746441,
              19.9631792
            ]
          ]
        ]
      },
      "id": "way/1466064425"
    },
    {
      "type": "Feature",
      "properties": {
        "@id": "way/1466064428",
        "landuse": "industrial"
      },
      "geometry": {
        "type": "Polygon",
        "coordinates": [
          [
            [
              73.7383836,
              19.9622112
            ],
            [
              73.7384266,
              19.9599624
            ],
            [
              73.7391793,
              19.959975
            ],
            [
              73.7391363,
              19.9622238
            ],
            [
              73.7383836,
              19.9622112
            ]
          ]
        ]
      },
      "id": "way/1466064428"
    },
    {
      "type": "Feature",
      "properties": {
        "@id": "way/1466064429",
        "landuse": "industrial"
      },
      "geometry": {
        "type": "Polygon",
        "coordinates": [
          [
            [
              73.7393439,
              19.9599579
            ],
            [
              73.7402129,
              19.9599775
            ],
            [
              73.7401915,
              19.962549
            ],
            [
              73.7400144,
              19.962549
            ],
            [
              73.7400144,
              19.9624229
            ],
            [
              73.7393385,
              19.9624128
            ],
            [
              73.7393439,
              19.9599579
            ]
          ]
        ]
      },
      "id": "way/1466064429"
    },
    {
      "type": "Feature",
      "properties": {
        "@id": "way/1466064430",
        "landuse": "industrial"
      },
      "geometry": {
        "type": "Polygon",
        "coordinates": [
          [
            [
              73.740288,
              19.9591758
            ],
            [
              73.7402236,
              19.9597455
            ],
            [
              73.738153,
              19.9597254
            ],
            [
              73.7381208,
              19.9630834
            ],
            [
              73.7377882,
              19.9630986
            ],
            [
              73.7377647,
              19.9616411
            ],
            [
              73.7377638,
              19.9615884
            ],
            [
              73.7377453,
              19.9604414
            ],
            [
              73.7377667,
              19.9591354
            ],
            [
              73.740288,
              19.9591758
            ]
          ]
        ]
      },
      "id": "way/1466064430"
    },
    {
      "type": "Feature",
      "properties": {
        "@id": "way/1466064431",
        "landuse": "industrial"
      },
      "geometry": {
        "type": "Polygon",
        "coordinates": [
          [
            [
              73.7447721,
              19.9535328
            ],
            [
              73.7446393,
              19.9529415
            ],
            [
              73.7450945,
              19.9529233
            ],
            [
              73.7452072,
              19.9534376
            ],
            [
              73.7447721,
              19.9535328
            ]
          ]
        ]
      },
      "id": "way/1466064431"
    },
    {
      "type": "Feature",
      "properties": {
        "@id": "way/1466064433",
        "landuse": "industrial"
      },
      "geometry": {
        "type": "Polygon",
        "coordinates": [
          [
            [
              73.7472585,
              19.9516665
            ],
            [
              73.7501854,
              19.9545621
            ],
            [
              73.7495255,
              19.9551672
            ],
            [
              73.7478438,
              19.954716
            ],
            [
              73.7472511,
              19.952926
            ],
            [
              73.7471387,
              19.9525455
            ],
            [
              73.7467629,
              19.9521821
            ],
            [
              73.7472585,
              19.9516665
            ]
          ]
        ]
      },
      "id": "way/1466064433"
    },
    {
      "type": "Feature",
      "properties": {
        "@id": "way/1466064435",
        "landuse": "residential"
      },
      "geometry": {
        "type": "Polygon",
        "coordinates": [
          [
            [
              73.7467495,
              19.9612609
            ],
            [
              73.7462052,
              19.9611935
            ],
            [
              73.7461245,
              19.9606153
            ],
            [
              73.7466475,
              19.9605498
            ],
            [
              73.7467495,
              19.9612609
            ]
          ]
        ]
      },
      "id": "way/1466064435"
    },
    {
      "type": "Feature",
      "properties": {
        "@id": "way/1466064436",
        "landuse": "industrial"
      },
      "geometry": {
        "type": "Polygon",
        "coordinates": [
          [
            [
              73.7486619,
              19.9610667
            ],
            [
              73.7486726,
              19.9615708
            ],
            [
              73.7485492,
              19.9619086
            ],
            [
              73.7478197,
              19.9616464
            ],
            [
              73.7473878,
              19.9614397
            ],
            [
              73.7469828,
              19.9613691
            ],
            [
              73.7469829,
              19.9612654
            ],
            [
              73.7471385,
              19.9612684
            ],
            [
              73.7471089,
              19.9609381
            ],
            [
              73.7473959,
              19.9609205
            ],
            [
              73.7474103,
              19.9611232
            ],
            [
              73.7486619,
              19.9610667
            ]
          ]
        ]
      },
      "id": "way/1466064436"
    },
    {
      "type": "Feature",
      "properties": {
        "@id": "way/1466064437",
        "landuse": "farmland"
      },
      "geometry": {
        "type": "Polygon",
        "coordinates": [
          [
            [
              73.7488169,
              19.961056
            ],
            [
              73.7490964,
              19.9610365
            ],
            [
              73.749649,
              19.960502
            ],
            [
              73.7500674,
              19.9602398
            ],
            [
              73.7505892,
              19.9616492
            ],
            [
              73.7506234,
              19.9617416
            ],
            [
              73.7502589,
              19.9618521
            ],
            [
              73.7494617,
              19.9619202
            ],
            [
              73.7494183,
              19.9616163
            ],
            [
              73.7489623,
              19.9616668
            ],
            [
              73.7488389,
              19.9616113
            ],
            [
              73.7488014,
              19.9614046
            ],
            [
              73.7488169,
              19.961056
            ]
          ]
        ]
      },
      "id": "way/1466064437"
    },
    {
      "type": "Feature",
      "properties": {
        "@id": "way/1466064439",
        "landuse": "industrial"
      },
      "geometry": {
        "type": "Polygon",
        "coordinates": [
          [
            [
              73.7481281,
              19.9579835
            ],
            [
              73.7483454,
              19.9577589
            ],
            [
              73.7484205,
              19.9564178
            ],
            [
              73.7483152,
              19.9558814
            ],
            [
              73.7484419,
              19.9554344
            ],
            [
              73.7493807,
              19.9556966
            ],
            [
              73.7487048,
              19.9579253
            ],
            [
              73.7485948,
              19.9581346
            ],
            [
              73.7481281,
              19.9579835
            ]
          ]
        ]
      },
      "id": "way/1466064439"
    },
    {
      "type": "Feature",
      "properties": {
        "@id": "way/1466064440",
        "landuse": "industrial"
      },
      "geometry": {
        "type": "Polygon",
        "coordinates": [
          [
            [
              73.7455076,
              19.9585505
            ],
            [
              73.7453735,
              19.9576934
            ],
            [
              73.746205,
              19.9575018
            ],
            [
              73.7462908,
              19.958006
            ],
            [
              73.746414,
              19.9579915
            ],
            [
              73.7466341,
              19.9579656
            ],
            [
              73.7466341,
              19.9580867
            ],
            [
              73.747986,
              19.9579556
            ],
            [
              73.7480128,
              19.9585556
            ],
            [
              73.7469613,
              19.9587068
            ],
            [
              73.7469939,
              19.9589302
            ],
            [
              73.7459958,
              19.9590346
            ],
            [
              73.745867,
              19.9585808
            ],
            [
              73.7455291,
              19.9586413
            ],
            [
              73.7455076,
              19.9585505
            ]
          ]
        ]
      },
      "id": "way/1466064440"
    },
    {
      "type": "Feature",
      "properties": {
        "@id": "way/1466064441",
        "landuse": "industrial"
      },
      "geometry": {
        "type": "Polygon",
        "coordinates": [
          [
            [
              73.7446247,
              19.960255
            ],
            [
              73.7450355,
              19.960759
            ],
            [
              73.7450999,
              19.9609052
            ],
            [
              73.7452796,
              19.9609456
            ],
            [
              73.7452555,
              19.9610893
            ],
            [
              73.7447539,
              19.9610666
            ],
            [
              73.7445393,
              19.9615053
            ],
            [
              73.7444749,
              19.9615758
            ],
            [
              73.7439305,
              19.9616364
            ],
            [
              73.7428656,
              19.9616313
            ],
            [
              73.7428495,
              19.9602195
            ],
            [
              73.74282,
              19.9600178
            ],
            [
              73.7425251,
              19.9597404
            ],
            [
              73.7425259,
              19.9596926
            ],
            [
              73.7421201,
              19.9590908
            ],
            [
              73.7416036,
              19.9583682
            ],
            [
              73.7418557,
              19.9581835
            ],
            [
              73.7405461,
              19.9581721
            ],
            [
              73.740567,
              19.9564782
            ],
            [
              73.7413931,
              19.9565185
            ],
            [
              73.741436,
              19.9560849
            ],
            [
              73.7429058,
              19.9562059
            ],
            [
              73.7428522,
              19.9570127
            ],
            [
              73.7439358,
              19.9571236
            ],
            [
              73.7441933,
              19.9575723
            ],
            [
              73.7444025,
              19.9589791
            ],
            [
              73.7435764,
              19.95908
            ],
            [
              73.7441397,
              19.9597304
            ],
            [
              73.7440485,
              19.9601993
            ],
            [
              73.7442684,
              19.9602346
            ],
            [
              73.7442362,
              19.960401
            ],
            [
              73.7446247,
              19.960255
            ]
          ]
        ]
      },
      "id": "way/1466064441"
    },
    {
      "type": "Feature",
      "properties": {
        "@id": "way/1466064442",
        "landuse": "industrial"
      },
      "geometry": {
        "type": "Polygon",
        "coordinates": [
          [
            [
              73.7456222,
              19.952594
            ],
            [
              73.7455452,
              19.9524243
            ],
            [
              73.7448478,
              19.9521066
            ],
            [
              73.7444723,
              19.9521974
            ],
            [
              73.7446393,
              19.9529415
            ],
            [
              73.7447721,
              19.9535328
            ],
            [
              73.7448639,
              19.9539421
            ],
            [
              73.7450516,
              19.953942
            ],
            [
              73.7449819,
              19.9543505
            ],
            [
              73.7449014,
              19.9543303
            ],
            [
              73.7448585,
              19.9547992
            ],
            [
              73.744703,
              19.9548194
            ],
            [
              73.7446746,
              19.9554286
            ],
            [
              73.7447566,
              19.9554648
            ],
            [
              73.7447941,
              19.9557172
            ],
            [
              73.7449926,
              19.9557218
            ],
            [
              73.7450087,
              19.9559084
            ],
            [
              73.7453842,
              19.9559134
            ],
            [
              73.7454218,
              19.9556916
            ],
            [
              73.7456953,
              19.9557067
            ],
            [
              73.7456953,
              19.9554395
            ],
            [
              73.7471384,
              19.9553789
            ],
            [
              73.7470418,
              19.9551873
            ],
            [
              73.7479538,
              19.955127
            ],
            [
              73.7482166,
              19.9560849
            ],
            [
              73.747648,
              19.9561
            ],
            [
              73.7476212,
              19.9559891
            ],
            [
              73.7461728,
              19.9562513
            ],
            [
              73.7463552,
              19.9573908
            ],
            [
              73.7454888,
              19.9575471
            ],
            [
              73.745285,
              19.9575925
            ],
            [
              73.7454271,
              19.9585858
            ],
            [
              73.7454915,
              19.9597834
            ],
            [
              73.7453896,
              19.9602271
            ],
            [
              73.7453191,
              19.9608353
            ],
            [
              73.7452716,
              19.9608145
            ],
            [
              73.7446922,
              19.9602296
            ],
            [
              73.7445635,
              19.9597556
            ],
            [
              73.7446761,
              19.9597355
            ],
            [
              73.7442952,
              19.9576177
            ],
            [
              73.7442416,
              19.9573555
            ],
            [
              73.7440485,
              19.9570883
            ],
            [
              73.7443542,
              19.9533519
            ],
            [
              73.7441236,
              19.9529586
            ],
            [
              73.7434745,
              19.952414
            ],
            [
              73.7456685,
              19.9502407
            ],
            [
              73.7469861,
              19.9514228
            ],
            [
              73.7456222,
              19.952594
            ]
          ]
        ]
      },
      "id": "way/1466064442"
    },
    {
      "type": "Feature",
      "properties": {
        "@id": "way/1466064443",
        "landuse": "farmland"
      },
      "geometry": {
        "type": "Polygon",
        "coordinates": [
          [
            [
              73.7462052,
              19.9611935
            ],
            [
              73.7456256,
              19.9610567
            ],
            [
              73.7456578,
              19.9605424
            ],
            [
              73.7454647,
              19.9604516
            ],
            [
              73.7456095,
              19.959922
            ],
            [
              73.7455291,
              19.9586413
            ],
            [
              73.745867,
              19.9585808
            ],
            [
              73.7459958,
              19.9590346
            ],
            [
              73.7469939,
              19.9589302
            ],
            [
              73.7470687,
              19.9593776
            ],
            [
              73.748214,
              19.9591683
            ],
            [
              73.7485117,
              19.9604768
            ],
            [
              73.7486061,
              19.9607022
            ],
            [
              73.7486619,
              19.9610667
            ],
            [
              73.7474103,
              19.9611232
            ],
            [
              73.7473959,
              19.9609205
            ],
            [
              73.7471089,
              19.9609381
            ],
            [
              73.7471385,
              19.9612684
            ],
            [
              73.7469829,
              19.9612654
            ],
            [
              73.7467495,
              19.9612609
            ],
            [
              73.7466475,
              19.9605498
            ],
            [
              73.7461245,
              19.9606153
            ],
            [
              73.7462052,
              19.9611935
            ]
          ]
        ]
      },
      "id": "way/1466064443"
    },
    {
      "type": "Feature",
      "properties": {
        "@id": "way/1466064444",
        "landuse": "farmland"
      },
      "geometry": {
        "type": "Polygon",
        "coordinates": [
          [
            [
              73.7446393,
              19.9529415
            ],
            [
              73.7444723,
              19.9521974
            ],
            [
              73.7448478,
              19.9521066
            ],
            [
              73.7455452,
              19.9524243
            ],
            [
              73.7456222,
              19.952594
            ],
            [
              73.7457168,
              19.9528024
            ],
            [
              73.7471387,
              19.9525455
            ],
            [
              73.7472511,
              19.952926
            ],
            [
              73.7471665,
              19.9529423
            ],
            [
              73.7460145,
              19.9531653
            ],
            [
              73.7461969,
              19.9533721
            ],
            [
              73.7464383,
              19.9535435
            ],
            [
              73.7468594,
              19.9543125
            ],
            [
              73.7471867,
              19.9542318
            ],
            [
              73.747353,
              19.9547942
            ],
            [
              73.7479538,
              19.955127
            ],
            [
              73.7470418,
              19.9551873
            ],
            [
              73.7471384,
              19.9553789
            ],
            [
              73.7456953,
              19.9554395
            ],
            [
              73.7456953,
              19.9557067
            ],
            [
              73.7454218,
              19.9556916
            ],
            [
              73.7453842,
              19.9559134
            ],
            [
              73.7450087,
              19.9559084
            ],
            [
              73.7449926,
              19.9557218
            ],
            [
              73.7447941,
              19.9557172
            ],
            [
              73.7447566,
              19.9554648
            ],
            [
              73.7446746,
              19.9554286
            ],
            [
              73.7446547,
              19.9554245
            ],
            [
              73.744703,
              19.9548194
            ],
            [
              73.7448585,
              19.9547992
            ],
            [
              73.7449014,
              19.9543303
            ],
            [
              73.7449819,
              19.9543505
            ],
            [
              73.7450516,
              19.953942
            ],
            [
              73.7448639,
              19.9539421
            ],
            [
              73.7447721,
              19.9535328
            ],
            [
              73.7452072,
              19.9534376
            ],
            [
              73.7450945,
              19.9529233
            ],
            [
              73.7446393,
              19.9529415
            ]
          ]
        ]
      },
      "id": "way/1466064444"
    },
    {
      "type": "Feature",
      "properties": {
        "@id": "way/1466064445",
        "landuse": "industrial"
      },
      "geometry": {
        "type": "Polygon",
        "coordinates": [
          [
            [
              73.7476982,
              19.9547392
            ],
            [
              73.747353,
              19.9547942
            ],
            [
              73.7471867,
              19.9542318
            ],
            [
              73.7468594,
              19.9543125
            ],
            [
              73.7464383,
              19.9535435
            ],
            [
              73.7461969,
              19.9533721
            ],
            [
              73.7460145,
              19.9531653
            ],
            [
              73.7471665,
              19.9529423
            ],
            [
              73.747251,
              19.9532309
            ],
            [
              73.7476982,
              19.9547392
            ]
          ]
        ]
      },
      "id": "way/1466064445"
    },
    {
      "type": "Feature",
      "properties": {
        "@id": "way/1466064447",
        "landuse": "industrial"
      },
      "geometry": {
        "type": "Polygon",
        "coordinates": [
          [
            [
              73.7304926,
              19.9457075
            ],
            [
              73.7296506,
              19.9467628
            ],
            [
              73.7275906,
              19.9453105
            ],
            [
              73.7284326,
              19.9442552
            ],
            [
              73.7304926,
              19.9457075
            ]
          ]
        ]
      },
      "id": "way/1466064447"
    },
    {
      "type": "Feature",
      "properties": {
        "@id": "way/1466064448",
        "landuse": "industrial"
      },
      "geometry": {
        "type": "Polygon",
        "coordinates": [
          [
            [
              73.7316298,
              19.9482288
            ],
            [
              73.7308037,
              19.9476136
            ],
            [
              73.7316942,
              19.9465143
            ],
            [
              73.7325311,
              19.9471497
            ],
            [
              73.7316298,
              19.9482288
            ]
          ]
        ]
      },
      "id": "way/1466064448"
    },
    {
      "type": "Feature",
      "properties": {
        "@id": "way/1466064450",
        "landuse": "industrial"
      },
      "geometry": {
        "type": "Polygon",
        "coordinates": [
          [
            [
              73.7378472,
              19.9471648
            ],
            [
              73.7391776,
              19.9483498
            ],
            [
              73.7389147,
              19.9485767
            ],
            [
              73.7379116,
              19.9477396
            ],
            [
              73.7367797,
              19.9488944
            ],
            [
              73.7378043,
              19.9497163
            ],
            [
              73.7372678,
              19.9502912
            ],
            [
              73.7365222,
              19.9496709
            ],
            [
              73.7366348,
              19.9493684
            ],
            [
              73.7364954,
              19.9492221
            ],
            [
              73.7365919,
              19.9491011
            ],
            [
              73.7364417,
              19.9488036
            ],
            [
              73.7365544,
              19.9486473
            ],
            [
              73.7362754,
              19.94838
            ],
            [
              73.7368011,
              19.9477699
            ],
            [
              73.7371069,
              19.9480018
            ],
            [
              73.7378472,
              19.9471648
            ]
          ]
        ]
      },
      "id": "way/1466064450"
    },
    {
      "type": "Feature",
      "properties": {
        "@id": "way/1466064451",
        "landuse": "industrial"
      },
      "geometry": {
        "type": "Polygon",
        "coordinates": [
          [
            [
              73.7406474,
              19.9452234
            ],
            [
              73.7416184,
              19.9442552
            ],
            [
              73.7425089,
              19.945062
            ],
            [
              73.7415487,
              19.9460201
            ],
            [
              73.7406474,
              19.9452234
            ]
          ]
        ]
      },
      "id": "way/1466064451"
    },
    {
      "type": "Feature",
      "properties": {
        "@id": "way/1466064452",
        "landuse": "industrial"
      },
      "geometry": {
        "type": "Polygon",
        "coordinates": [
          [
            [
              73.7395424,
              19.9463025
            ],
            [
              73.7404597,
              19.9453847
            ],
            [
              73.7414414,
              19.9462369
            ],
            [
              73.7404758,
              19.94719
            ],
            [
              73.7395424,
              19.9463025
            ]
          ]
        ]
      },
      "id": "way/1466064452"
    },
    {
      "type": "Feature",
      "properties": {
        "@id": "way/1466064453",
        "landuse": "industrial"
      },
      "geometry": {
        "type": "Polygon",
        "coordinates": [
          [
            [
              73.7393546,
              19.9464538
            ],
            [
              73.7403631,
              19.9473463
            ],
            [
              73.7394404,
              19.9482187
            ],
            [
              73.7384963,
              19.9473413
            ],
            [
              73.7393546,
              19.9464538
            ]
          ]
        ]
      },
      "id": "way/1466064453"
    },
    {
      "type": "Feature",
      "properties": {
        "@id": "way/1466064454",
        "landuse": "industrial"
      },
      "geometry": {
        "type": "Polygon",
        "coordinates": [
          [
            [
              73.7388611,
              19.9454503
            ],
            [
              73.7395263,
              19.9460857
            ],
            [
              73.7382442,
              19.9473261
            ],
            [
              73.7379277,
              19.9470589
            ],
            [
              73.7381476,
              19.9467916
            ],
            [
              73.7377828,
              19.9464437
            ],
            [
              73.7388611,
              19.9454503
            ]
          ]
        ]
      },
      "id": "way/1466064454"
    },
    {
      "type": "Feature",
      "properties": {
        "@id": "way/1466064455",
        "landuse": "industrial"
      },
      "geometry": {
        "type": "Polygon",
        "coordinates": [
          [
            [
              73.7397247,
              19.9446788
            ],
            [
              73.7403041,
              19.9452385
            ],
            [
              73.7395263,
              19.9460857
            ],
            [
              73.7388611,
              19.9454503
            ],
            [
              73.7397247,
              19.9446788
            ]
          ]
        ]
      },
      "id": "way/1466064455"
    },
    {
      "type": "Feature",
      "properties": {
        "@id": "way/1466064456",
        "landuse": "industrial"
      },
      "geometry": {
        "type": "Polygon",
        "coordinates": [
          [
            [
              73.7411141,
              19.9435593
            ],
            [
              73.7416506,
              19.9440535
            ],
            [
              73.7407869,
              19.94483
            ],
            [
              73.7402719,
              19.9443207
            ],
            [
              73.7411141,
              19.9435593
            ]
          ]
        ]
      },
      "id": "way/1466064456"
    },
    {
      "type": "Feature",
      "properties": {
        "@id": "way/1466064457",
        "landuse": "industrial"
      },
      "geometry": {
        "type": "Polygon",
        "coordinates": [
          [
            [
              73.7432298,
              19.9443528
            ],
            [
              73.7426913,
              19.944946
            ],
            [
              73.7423265,
              19.9445779
            ],
            [
              73.7428254,
              19.9440282
            ],
            [
              73.7432298,
              19.9443528
            ]
          ]
        ]
      },
      "id": "way/1466064457"
    },
    {
      "type": "Feature",
      "properties": {
        "@id": "way/1466064460",
        "landuse": "industrial"
      },
      "geometry": {
        "type": "Polygon",
        "coordinates": [
          [
            [
              73.7418292,
              19.9544574
            ],
            [
              73.7423879,
              19.9545082
            ],
            [
              73.7423497,
              19.954957
            ],
            [
              73.7417856,
              19.9549163
            ],
            [
              73.7418292,
              19.9544574
            ]
          ]
        ]
      },
      "id": "way/1466064460"
    },
    {
      "type": "Feature",
      "properties": {
        "@id": "way/1466064461",
        "landuse": "industrial"
      },
      "geometry": {
        "type": "Polygon",
        "coordinates": [
          [
            [
              73.7425733,
              19.953962
            ],
            [
              73.7430721,
              19.9540074
            ],
            [
              73.7430314,
              19.9544034
            ],
            [
              73.7425325,
              19.954358
            ],
            [
              73.7425733,
              19.953962
            ]
          ]
        ]
      },
      "id": "way/1466064461"
    },
    {
      "type": "Feature",
      "properties": {
        "@id": "way/1466064462",
        "landuse": "industrial"
      },
      "geometry": {
        "type": "Polygon",
        "coordinates": [
          [
            [
              73.7440968,
              19.9538713
            ],
            [
              73.7431476,
              19.9538012
            ],
            [
              73.7430721,
              19.9537956
            ],
            [
              73.7425572,
              19.9534225
            ],
            [
              73.7428651,
              19.9531267
            ],
            [
              73.7430453,
              19.9529536
            ],
            [
              73.743335,
              19.9526409
            ],
            [
              73.7441289,
              19.9532964
            ],
            [
              73.7440968,
              19.9538713
            ]
          ]
        ]
      },
      "id": "way/1466064462"
    },
    {
      "type": "Feature",
      "properties": {
        "@id": "way/1466064463",
        "landuse": "industrial"
      },
      "geometry": {
        "type": "Polygon",
        "coordinates": [
          [
            [
              73.7429219,
              19.9560042
            ],
            [
              73.7416774,
              19.9558832
            ],
            [
              73.7417471,
              19.9551268
            ],
            [
              73.7429917,
              19.9552327
            ],
            [
              73.7429219,
              19.9560042
            ]
          ]
        ]
      },
      "id": "way/1466064463"
    },
    {
      "type": "Feature",
      "properties": {
        "@id": "way/1466064464",
        "landuse": "industrial"
      },
      "geometry": {
        "type": "Polygon",
        "coordinates": [
          [
            [
              73.7430239,
              19.9569068
            ],
            [
              73.7432867,
              19.9540276
            ],
            [
              73.7441128,
              19.9540931
            ],
            [
              73.7438661,
              19.9569874
            ],
            [
              73.7430239,
              19.9569068
            ]
          ]
        ]
      },
      "id": "way/1466064464"
    },
    {
      "type": "Feature",
      "properties": {
        "@id": "way/1466064465",
        "landuse": "industrial"
      },
      "geometry": {
        "type": "Polygon",
        "coordinates": [
          [
            [
              73.7508666,
              19.9548898
            ],
            [
              73.748973,
              19.9529435
            ],
            [
              73.7502283,
              19.9517333
            ],
            [
              73.7521863,
              19.9536091
            ],
            [
              73.7508666,
              19.9548898
            ]
          ]
        ]
      },
      "id": "way/1466064465"
    },
    {
      "type": "Feature",
      "properties": {
        "@id": "way/1466064466",
        "landuse": "industrial"
      },
      "geometry": {
        "type": "Polygon",
        "coordinates": [
          [
            [
              73.7507571,
              19.9585125
            ],
            [
              73.7489462,
              19.9580312
            ],
            [
              73.7494826,
              19.9561252
            ],
            [
              73.7513387,
              19.9565891
            ],
            [
              73.7512636,
              19.9569219
            ],
            [
              73.7507571,
              19.9585125
            ]
          ]
        ]
      },
      "id": "way/1466064466"
    },
    {
      "type": "Feature",
      "properties": {
        "@id": "way/1466064468",
        "landuse": "industrial"
      },
      "geometry": {
        "type": "Polygon",
        "coordinates": [
          [
            [
              73.749564,
              19.9492323
            ],
            [
              73.7512066,
              19.9505171
            ],
            [
              73.7533467,
              19.9522948
            ],
            [
              73.7535086,
              19.9524239
            ],
            [
              73.7523472,
              19.9535032
            ],
            [
              73.7498528,
              19.9510979
            ],
            [
              73.749564,
              19.9492323
            ]
          ]
        ]
      },
      "id": "way/1466064468"
    },
    {
      "type": "Feature",
      "properties": {
        "@id": "way/1466064469",
        "landuse": "industrial"
      },
      "geometry": {
        "type": "Polygon",
        "coordinates": [
          [
            [
              73.7403546,
              19.9477696
            ],
            [
              73.7439935,
              19.9440799
            ],
            [
              73.7451928,
              19.9452901
            ],
            [
              73.7464555,
              19.9465164
            ],
            [
              73.748468,
              19.948375
            ],
            [
              73.7493306,
              19.9490497
            ],
            [
              73.7495953,
              19.9510374
            ],
            [
              73.7500781,
              19.951577
            ],
            [
              73.748796,
              19.9527872
            ],
            [
              73.7457544,
              19.949913
            ],
            [
              73.745293,
              19.9503315
            ],
            [
              73.7433361,
              19.9485499
            ],
            [
              73.7425679,
              19.9478506
            ],
            [
              73.7415754,
              19.9488516
            ],
            [
              73.7403546,
              19.9477696
            ]
          ]
        ]
      },
      "id": "way/1466064469"
    },
    {
      "type": "Feature",
      "properties": {
        "@id": "way/1466064470",
        "landuse": "industrial"
      },
      "geometry": {
        "type": "Polygon",
        "coordinates": [
          [
            [
              73.7406635,
              19.9548041
            ],
            [
              73.7400815,
              19.9542873
            ],
            [
              73.7396765,
              19.9541965
            ],
            [
              73.7394673,
              19.9536318
            ],
            [
              73.7394136,
              19.9531981
            ],
            [
              73.7390649,
              19.9523787
            ],
            [
              73.7391481,
              19.9516072
            ],
            [
              73.7387565,
              19.9506214
            ],
            [
              73.7387162,
              19.9506517
            ],
            [
              73.7380806,
              19.9501172
            ],
            [
              73.7384963,
              19.9496936
            ],
            [
              73.7423909,
              19.9531401
            ],
            [
              73.7406635,
              19.9548041
            ]
          ]
        ]
      },
      "id": "way/1466064470"
    },
    {
      "type": "Feature",
      "properties": {
        "@id": "way/1466064471",
        "landuse": "industrial"
      },
      "geometry": {
        "type": "Polygon",
        "coordinates": [
          [
            [
              73.7361537,
              19.9531222
            ],
            [
              73.7366885,
              19.9531099
            ],
            [
              73.7367207,
              19.9540478
            ],
            [
              73.7386143,
              19.9540125
            ],
            [
              73.7385392,
              19.9514913
            ],
            [
              73.7384212,
              19.9512795
            ],
            [
              73.7375361,
              19.9506441
            ],
            [
              73.7380296,
              19.9501449
            ],
            [
              73.7387001,
              19.9506794
            ],
            [
              73.7390917,
              19.9516123
            ],
            [
              73.7389898,
              19.9524191
            ],
            [
              73.7391883,
              19.9530292
            ],
            [
              73.739258,
              19.9539066
            ],
            [
              73.7390069,
              19.9543127
            ],
            [
              73.7367272,
              19.9543492
            ],
            [
              73.7363926,
              19.9542033
            ],
            [
              73.7358273,
              19.9540203
            ],
            [
              73.7361537,
              19.9531222
            ]
          ]
        ]
      },
      "id": "way/1466064471"
    },
    {
      "type": "Feature",
      "properties": {
        "@id": "way/1466064472",
        "landuse": "industrial"
      },
      "geometry": {
        "type": "Polygon",
        "coordinates": [
          [
            [
              73.7402934,
              19.9589388
            ],
            [
              73.7352991,
              19.9588783
            ],
            [
              73.7352634,
              19.9575189
            ],
            [
              73.7389893,
              19.95755
            ],
            [
              73.7390122,
              19.9554597
            ],
            [
              73.7395745,
              19.9554647
            ],
            [
              73.7395692,
              19.9555958
            ],
            [
              73.7403309,
              19.9555806
            ],
            [
              73.7402934,
              19.9589388
            ]
          ]
        ]
      },
      "id": "way/1466064472"
    },
    {
      "type": "Feature",
      "properties": {
        "@id": "way/1466064474",
        "landuse": "commercial",
        "name": "Nashik Engineering Cluster"
      },
      "geometry": {
        "type": "Polygon",
        "coordinates": [
          [
            [
              73.7352459,
              19.9604382
            ],
            [
              73.7352511,
              19.9602293
            ],
            [
              73.7352632,
              19.9591932
            ],
            [
              73.7363941,
              19.9591734
            ],
            [
              73.7363835,
              19.9604286
            ],
            [
              73.7352459,
              19.9604382
            ]
          ]
        ]
      },
      "id": "way/1466064474"
    },
    {
      "type": "Feature",
      "properties": {
        "@id": "way/1466064475",
        "landuse": "industrial"
      },
      "geometry": {
        "type": "Polygon",
        "coordinates": [
          [
            [
              73.7352944,
              19.9615708
            ],
            [
              73.7377638,
              19.9615884
            ],
            [
              73.7377647,
              19.9616411
            ],
            [
              73.7377882,
              19.9630986
            ],
            [
              73.7369433,
              19.9630952
            ],
            [
              73.7352884,
              19.9630885
            ],
            [
              73.7352944,
              19.9615708
            ]
          ]
        ]
      },
      "id": "way/1466064475"
    },
    {
      "type": "Feature",
      "properties": {
        "@id": "way/1466071635",
        "landuse": "landfill",
        "name": "Nashik Municipal Dumping Ground"
      },
      "geometry": {
        "type": "Polygon",
        "coordinates": [
          [
            [
              73.7376809,
              19.9342098
            ],
            [
              73.7388313,
              19.9331195
            ],
            [
              73.7396496,
              19.9322329
            ],
            [
              73.7406689,
              19.9319253
            ],
            [
              73.7411088,
              19.9323641
            ],
            [
              73.7412643,
              19.9331306
            ],
            [
              73.7416238,
              19.9332466
            ],
            [
              73.7423319,
              19.9326566
            ],
            [
              73.7424552,
              19.9347141
            ],
            [
              73.7424982,
              19.9363733
            ],
            [
              73.7393331,
              19.9368826
            ],
            [
              73.7374127,
              19.9350268
            ],
            [
              73.7374234,
              19.9346637
            ],
            [
              73.7376809,
              19.9342098
            ]
          ]
        ]
      },
      "id": "way/1466071635"
    },
    {
      "type": "Feature",
      "properties": {
        "@id": "way/1466071638",
        "landuse": "industrial"
      },
      "geometry": {
        "type": "Polygon",
        "coordinates": [
          [
            [
              73.7305301,
              19.9478254
            ],
            [
              73.7285346,
              19.9502811
            ],
            [
              73.7273708,
              19.9494454
            ],
            [
              73.7293663,
              19.9469897
            ],
            [
              73.7305301,
              19.9478254
            ]
          ]
        ]
      },
      "id": "way/1466071638"
    },
    {
      "type": "Feature",
      "properties": {
        "@id": "way/1466071639",
        "landuse": "industrial"
      },
      "geometry": {
        "type": "Polygon",
        "coordinates": [
          [
            [
              73.731367,
              19.9488137
            ],
            [
              73.7316771,
              19.9490417
            ],
            [
              73.7309261,
              19.9499443
            ],
            [
              73.730616,
              19.9497163
            ],
            [
              73.731367,
              19.9488137
            ]
          ]
        ]
      },
      "id": "way/1466071639"
    },
    {
      "type": "Feature",
      "properties": {
        "@id": "way/1466071640",
        "landuse": "industrial"
      },
      "geometry": {
        "type": "Polygon",
        "coordinates": [
          [
            [
              73.7306911,
              19.9479413
            ],
            [
              73.7314117,
              19.9484535
            ],
            [
              73.7294162,
              19.9509345
            ],
            [
              73.7286955,
              19.9504223
            ],
            [
              73.7306911,
              19.9479413
            ]
          ]
        ]
      },
      "id": "way/1466071640"
    },
    {
      "type": "Feature",
      "properties": {
        "@id": "way/1466071641",
        "landuse": "industrial"
      },
      "geometry": {
        "type": "Polygon",
        "coordinates": [
          [
            [
              73.7237012,
              19.9438618
            ],
            [
              73.7199139,
              19.9483599
            ],
            [
              73.7186694,
              19.9473715
            ],
            [
              73.7193668,
              19.9462521
            ],
            [
              73.7217486,
              19.9442451
            ],
            [
              73.7222314,
              19.9435996
            ],
            [
              73.7224567,
              19.9429542
            ],
            [
              73.7237012,
              19.9438618
            ]
          ]
        ]
      },
      "id": "way/1466071641"
    },
    {
      "type": "Feature",
      "properties": {
        "@id": "way/1466071642",
        "landuse": "industrial"
      },
      "geometry": {
        "type": "Polygon",
        "coordinates": [
          [
            [
              73.7268984,
              19.9456268
            ],
            [
              73.7240231,
              19.9435391
            ],
            [
              73.7243342,
              19.9431559
            ],
            [
              73.7251067,
              19.9434181
            ],
            [
              73.7256753,
              19.9435996
            ],
            [
              73.7262976,
              19.9437207
            ],
            [
              73.7269306,
              19.9439123
            ],
            [
              73.7272739,
              19.9434988
            ],
            [
              73.728143,
              19.9440434
            ],
            [
              73.7268984,
              19.9456268
            ]
          ]
        ]
      },
      "id": "way/1466071642"
    },
    {
      "type": "Feature",
      "properties": {
        "@id": "way/1466071643",
        "landuse": "industrial"
      },
      "geometry": {
        "type": "Polygon",
        "coordinates": [
          [
            [
              73.7247442,
              19.9443095
            ],
            [
              73.7268148,
              19.9458021
            ],
            [
              73.7263276,
              19.9463994
            ],
            [
              73.7242569,
              19.9449068
            ],
            [
              73.7247442,
              19.9443095
            ]
          ]
        ]
      },
      "id": "way/1466071643"
    },
    {
      "type": "Feature",
      "properties": {
        "@id": "way/1466071644",
        "landuse": "industrial"
      },
      "geometry": {
        "type": "Polygon",
        "coordinates": [
          [
            [
              73.7241648,
              19.9450256
            ],
            [
              73.7262355,
              19.9465182
            ],
            [
              73.7257482,
              19.9471155
            ],
            [
              73.7236775,
              19.9456229
            ],
            [
              73.7241648,
              19.9450256
            ]
          ]
        ]
      },
      "id": "way/1466071644"
    },
    {
      "type": "Feature",
      "properties": {
        "@id": "way/1466071645",
        "landuse": "industrial"
      },
      "geometry": {
        "type": "Polygon",
        "coordinates": [
          [
            [
              73.7235723,
              19.945774
            ],
            [
              73.7256429,
              19.9472666
            ],
            [
              73.7251557,
              19.9478639
            ],
            [
              73.723085,
              19.9463713
            ],
            [
              73.7235723,
              19.945774
            ]
          ]
        ]
      },
      "id": "way/1466071645"
    },
    {
      "type": "Feature",
      "properties": {
        "@id": "way/1466071646",
        "landuse": "industrial"
      },
      "geometry": {
        "type": "Polygon",
        "coordinates": [
          [
            [
              73.7229395,
              19.9465345
            ],
            [
              73.7250101,
              19.9480271
            ],
            [
              73.7244537,
              19.9487092
            ],
            [
              73.722383,
              19.9472166
            ],
            [
              73.7229395,
              19.9465345
            ]
          ]
        ]
      },
      "id": "way/1466071646"
    },
    {
      "type": "Feature",
      "properties": {
        "@id": "way/1466071647",
        "landuse": "industrial"
      },
      "geometry": {
        "type": "Polygon",
        "coordinates": [
          [
            [
              73.7240231,
              19.9438618
            ],
            [
              73.7245402,
              19.9442397
            ],
            [
              73.7221799,
              19.9470939
            ],
            [
              73.7216627,
              19.946716
            ],
            [
              73.7240231,
              19.9438618
            ]
          ]
        ]
      },
      "id": "way/1466071647"
    },
    {
      "type": "Feature",
      "properties": {
        "@id": "way/1466071649",
        "landuse": "industrial"
      },
      "geometry": {
        "type": "Polygon",
        "coordinates": [
          [
            [
              73.7262601,
              19.9469076
            ],
            [
              73.7274027,
              19.9455209
            ],
            [
              73.7292266,
              19.9468269
            ],
            [
              73.7280786,
              19.9481985
            ],
            [
              73.7262601,
              19.9469076
            ]
          ]
        ]
      },
      "id": "way/1466071649"
    },
    {
      "type": "Feature",
      "properties": {
        "@id": "way/1466071650",
        "landuse": "industrial"
      },
      "geometry": {
        "type": "Polygon",
        "coordinates": [
          [
            [
              73.7264585,
              19.9502206
            ],
            [
              73.7246346,
              19.9488742
            ],
            [
              73.7258524,
              19.9473866
            ],
            [
              73.7268394,
              19.9481229
            ],
            [
              73.7265336,
              19.9484809
            ],
            [
              73.7273544,
              19.9490759
            ],
            [
              73.7264585,
              19.9502206
            ]
          ]
        ]
      },
      "id": "way/1466071650"
    },
    {
      "type": "Feature",
      "properties": {
        "@id": "way/1466071654",
        "landuse": "industrial"
      },
      "geometry": {
        "type": "Polygon",
        "coordinates": [
          [
            [
              73.7266302,
              19.9503466
            ],
            [
              73.7272417,
              19.9496054
            ],
            [
              73.7300634,
              19.9516123
            ],
            [
              73.7294251,
              19.9523686
            ],
            [
              73.7266302,
              19.9503466
            ]
          ]
        ]
      },
      "id": "way/1466071654"
    },
    {
      "type": "Feature",
      "properties": {
        "@id": "way/1466071655",
        "landuse": "industrial"
      },
      "geometry": {
        "type": "Polygon",
        "coordinates": [
          [
            [
              73.7307447,
              19.9532813
            ],
            [
              73.7296343,
              19.9524443
            ],
            [
              73.7312919,
              19.9503517
            ],
            [
              73.7324184,
              19.951219
            ],
            [
              73.7307447,
              19.9532813
            ]
          ]
        ]
      },
      "id": "way/1466071655"
    },
    {
      "type": "Feature",
      "properties": {
        "@id": "way/1466071656",
        "landuse": "industrial"
      },
      "geometry": {
        "type": "Polygon",
        "coordinates": [
          [
            [
              73.7551041,
              19.954184
            ],
            [
              73.7564867,
              19.9556186
            ],
            [
              73.7554374,
              19.9563374
            ],
            [
              73.7552121,
              19.9561861
            ],
            [
              73.7536457,
              19.9574366
            ],
            [
              73.7539081,
              19.9577194
            ],
            [
              73.7546032,
              19.9583619
            ],
            [
              73.754736,
              19.9588832
            ],
            [
              73.7544984,
              19.9590144
            ],
            [
              73.7537205,
              19.9576883
            ],
            [
              73.7526905,
              19.957411
            ],
            [
              73.75283,
              19.9568311
            ],
            [
              73.7524188,
              19.9564159
            ],
            [
              73.7551041,
              19.954184
            ]
          ]
        ]
      },
      "id": "way/1466071656"
    },
    {
      "type": "Feature",
      "properties": {
        "@id": "way/1466071657",
        "landuse": "industrial"
      },
      "geometry": {
        "type": "Polygon",
        "coordinates": [
          [
            [
              73.7522869,
              19.9562828
            ],
            [
              73.751092,
              19.9550764
            ],
            [
              73.7518238,
              19.9543545
            ],
            [
              73.7531251,
              19.9556008
            ],
            [
              73.7522869,
              19.9562828
            ]
          ]
        ]
      },
      "id": "way/1466071657"
    },
    {
      "type": "Feature",
      "properties": {
        "@id": "way/1466071658",
        "landuse": "industrial"
      },
      "geometry": {
        "type": "Polygon",
        "coordinates": [
          [
            [
              73.7521118,
              19.9540185
            ],
            [
              73.7534791,
              19.9527216
            ],
            [
              73.753604,
              19.9526276
            ],
            [
              73.7539997,
              19.9530381
            ],
            [
              73.7534577,
              19.953604
            ],
            [
              73.7535247,
              19.9536771
            ],
            [
              73.7531117,
              19.9540604
            ],
            [
              73.7529319,
              19.9539015
            ],
            [
              73.7524572,
              19.9543453
            ],
            [
              73.7521118,
              19.9540185
            ]
          ]
        ]
      },
      "id": "way/1466071658"
    },
    {
      "type": "Feature",
      "properties": {
        "@id": "way/1466071659",
        "landuse": "industrial"
      },
      "geometry": {
        "type": "Polygon",
        "coordinates": [
          [
            [
              73.7541935,
              19.9532392
            ],
            [
              73.7550175,
              19.9540942
            ],
            [
              73.7538922,
              19.9549907
            ],
            [
              73.7536722,
              19.9546982
            ],
            [
              73.7543642,
              19.9541184
            ],
            [
              73.7538278,
              19.9535738
            ],
            [
              73.7541935,
              19.9532392
            ]
          ]
        ]
      },
      "id": "way/1466071659"
    },
    {
      "type": "Feature",
      "properties": {
        "@id": "way/1466071660",
        "landuse": "commercial"
      },
      "geometry": {
        "type": "Polygon",
        "coordinates": [
          [
            [
              73.7546032,
              19.9583619
            ],
            [
              73.7539081,
              19.9577194
            ],
            [
              73.7536457,
              19.9574366
            ],
            [
              73.7552121,
              19.9561861
            ],
            [
              73.7554374,
              19.9563374
            ],
            [
              73.7564867,
              19.9556186
            ],
            [
              73.7565363,
              19.9556895
            ],
            [
              73.7567118,
              19.9558955
            ],
            [
              73.7568319,
              19.9559739
            ],
            [
              73.7559897,
              19.9567605
            ],
            [
              73.755818,
              19.95729
            ],
            [
              73.7556302,
              19.9581421
            ],
            [
              73.7551099,
              19.9583287
            ],
            [
              73.7546032,
              19.9583619
            ]
          ]
        ]
      },
      "id": "way/1466071660"
    },
    {
      "type": "Feature",
      "properties": {
        "@id": "way/1466071662",
        "landuse": "industrial"
      },
      "geometry": {
        "type": "Polygon",
        "coordinates": [
          [
            [
              73.7529606,
              19.9599409
            ],
            [
              73.7513334,
              19.9609204
            ],
            [
              73.7514514,
              19.9610263
            ],
            [
              73.7505892,
              19.9616492
            ],
            [
              73.7500674,
              19.9602398
            ],
            [
              73.749649,
              19.960502
            ],
            [
              73.7490964,
              19.9610365
            ],
            [
              73.7488169,
              19.961056
            ],
            [
              73.7487853,
              19.9607943
            ],
            [
              73.7483883,
              19.9593069
            ],
            [
              73.7487262,
              19.9592514
            ],
            [
              73.7489869,
              19.9583036
            ],
            [
              73.7521541,
              19.9591405
            ],
            [
              73.7525564,
              19.9592917
            ],
            [
              73.7526798,
              19.9594279
            ],
            [
              73.7529606,
              19.9599409
            ]
          ]
        ]
      },
      "id": "way/1466071662"
    },
    {
      "type": "Feature",
      "properties": {
        "@id": "way/1466071663",
        "landuse": "industrial"
      },
      "geometry": {
        "type": "Polygon",
        "coordinates": [
          [
            [
              73.7522225,
              19.9589215
            ],
            [
              73.7524168,
              19.9582987
            ],
            [
              73.7528086,
              19.9584043
            ],
            [
              73.7525994,
              19.9590447
            ],
            [
              73.7522225,
              19.9589215
            ]
          ]
        ]
      },
      "id": "way/1466071663"
    },
    {
      "type": "Feature",
      "properties": {
        "@id": "way/1466071664",
        "landuse": "industrial"
      },
      "geometry": {
        "type": "Polygon",
        "coordinates": [
          [
            [
              73.7524649,
              19.9581448
            ],
            [
              73.752653,
              19.9575421
            ],
            [
              73.7535864,
              19.9577992
            ],
            [
              73.7543321,
              19.9591153
            ],
            [
              73.7538666,
              19.9593955
            ],
            [
              73.7532833,
              19.9583816
            ],
            [
              73.7524649,
              19.9581448
            ]
          ]
        ]
      },
      "id": "way/1466071664"
    },
    {
      "type": "Feature",
      "properties": {
        "@id": "way/1466071665",
        "landuse": "industrial"
      },
      "geometry": {
        "type": "Polygon",
        "coordinates": [
          [
            [
              73.7537356,
              19.9594743
            ],
            [
              73.7532161,
              19.959787
            ],
            [
              73.7527925,
              19.9591682
            ],
            [
              73.7533799,
              19.9588682
            ],
            [
              73.7537356,
              19.9594743
            ]
          ]
        ]
      },
      "id": "way/1466071665"
    },
    {
      "type": "Feature",
      "properties": {
        "@id": "way/1466071669",
        "landuse": "industrial"
      },
      "geometry": {
        "type": "Polygon",
        "coordinates": [
          [
            [
              73.7514446,
              19.9569627
            ],
            [
              73.7525725,
              19.9572648
            ],
            [
              73.7520575,
              19.9588581
            ],
            [
              73.7509471,
              19.9585657
            ],
            [
              73.7514446,
              19.9569627
            ]
          ]
        ]
      },
      "id": "way/1466071669"
    },
    {
      "type": "Feature",
      "properties": {
        "@id": "way/1466074244",
        "landuse": "industrial"
      },
      "geometry": {
        "type": "Polygon",
        "coordinates": [
          [
            [
              73.7024689,
              19.9421776
            ],
            [
              73.7036383,
              19.9418649
            ],
            [
              73.7054407,
              19.9417439
            ],
            [
              73.704958,
              19.94482
            ],
            [
              73.7020934,
              19.9444367
            ],
            [
              73.7024689,
              19.9421776
            ]
          ]
        ]
      },
      "id": "way/1466074244"
    },
    {
      "type": "Feature",
      "properties": {
        "@id": "way/1466074248",
        "landuse": "quarry"
      },
      "geometry": {
        "type": "Polygon",
        "coordinates": [
          [
            [
              73.7153757,
              19.9417943
            ],
            [
              73.7161696,
              19.9418347
            ],
            [
              73.7168991,
              19.9418952
            ],
            [
              73.7167597,
              19.9425507
            ],
            [
              73.7165773,
              19.9442451
            ],
            [
              73.7170386,
              19.9446485
            ],
            [
              73.7169528,
              19.9450317
            ],
            [
              73.7162018,
              19.9452435
            ],
            [
              73.7156761,
              19.9447897
            ],
            [
              73.7155044,
              19.9439526
            ],
            [
              73.7154829,
              19.943287
            ],
            [
              73.7141204,
              19.9415422
            ],
            [
              73.7130368,
              19.9402411
            ],
            [
              73.7135196,
              19.9397772
            ],
            [
              73.7148499,
              19.9390006
            ],
            [
              73.7153005,
              19.938335
            ],
            [
              73.7152684,
              19.9403017
            ],
            [
              73.7150431,
              19.9410581
            ],
            [
              73.7151476,
              19.9412896
            ],
            [
              73.7153757,
              19.9417943
            ]
          ]
        ]
      },
      "id": "way/1466074248"
    },
    {
      "type": "Feature",
      "properties": {
        "@id": "way/1466074249",
        "landuse": "industrial"
      },
      "geometry": {
        "type": "Polygon",
        "coordinates": [
          [
            [
              73.709346,
              19.9375886
            ],
            [
              73.7095606,
              19.9375281
            ],
            [
              73.7103009,
              19.9391519
            ],
            [
              73.710655,
              19.9398579
            ],
            [
              73.7113443,
              19.9409774
            ],
            [
              73.7101448,
              19.9419829
            ],
            [
              73.7084325,
              19.9416722
            ],
            [
              73.7086487,
              19.9410077
            ],
            [
              73.7089598,
              19.938809
            ],
            [
              73.709346,
              19.9375886
            ]
          ]
        ]
      },
      "id": "way/1466074249"
    },
    {
      "type": "Feature",
      "properties": {
        "@id": "way/1466074250",
        "landuse": "industrial"
      },
      "geometry": {
        "type": "Polygon",
        "coordinates": [
          [
            [
              73.7100971,
              19.9379618
            ],
            [
              73.7113953,
              19.9374071
            ],
            [
              73.7119639,
              19.9374978
            ],
            [
              73.7120175,
              19.9366708
            ],
            [
              73.7131333,
              19.9368423
            ],
            [
              73.7131333,
              19.9362674
            ],
            [
              73.7138629,
              19.9362472
            ],
            [
              73.7148499,
              19.9364993
            ],
            [
              73.7151074,
              19.9358942
            ],
            [
              73.7157438,
              19.9361268
            ],
            [
              73.7156546,
              19.9366204
            ],
            [
              73.7154293,
              19.9376794
            ],
            [
              73.7146461,
              19.9387888
            ],
            [
              73.7130368,
              19.9398781
            ],
            [
              73.7119853,
              19.9409169
            ],
            [
              73.7115669,
              19.9409471
            ],
            [
              73.7107301,
              19.9396562
            ],
            [
              73.7100971,
              19.9379618
            ]
          ]
        ]
      },
      "id": "way/1466074250"
    },
    {
      "type": "Feature",
      "properties": {
        "@id": "way/1466074251",
        "landuse": "quarry"
      },
      "geometry": {
        "type": "Polygon",
        "coordinates": [
          [
            [
              73.7157438,
              19.9361268
            ],
            [
              73.7151074,
              19.9358942
            ],
            [
              73.7148499,
              19.9364993
            ],
            [
              73.7138629,
              19.9362472
            ],
            [
              73.7131333,
              19.9362674
            ],
            [
              73.7131333,
              19.9368423
            ],
            [
              73.7120175,
              19.9366708
            ],
            [
              73.7119639,
              19.9374978
            ],
            [
              73.7113953,
              19.9374071
            ],
            [
              73.7100971,
              19.9379618
            ],
            [
              73.7096342,
              19.937164
            ],
            [
              73.7104925,
              19.9372043
            ],
            [
              73.7117799,
              19.936115
            ],
            [
              73.7128099,
              19.9350258
            ],
            [
              73.7130368,
              19.9338366
            ],
            [
              73.714968,
              19.9341191
            ],
            [
              73.714968,
              19.934815
            ],
            [
              73.7161051,
              19.9352595
            ],
            [
              73.7157438,
              19.9361268
            ]
          ]
        ]
      },
      "id": "way/1466074251"
    },
    {
      "type": "Feature",
      "properties": {
        "@id": "way/1466074252",
        "landuse": "quarry"
      },
      "geometry": {
        "type": "Polygon",
        "coordinates": [
          [
            [
              73.7170645,
              19.9403196
            ],
            [
              73.7169099,
              19.9393637
            ],
            [
              73.7158906,
              19.9386375
            ],
            [
              73.7159336,
              19.9371347
            ],
            [
              73.7160059,
              19.9361089
            ],
            [
              73.7184548,
              19.9360959
            ],
            [
              73.7187123,
              19.9372457
            ],
            [
              73.7197852,
              19.9387384
            ],
            [
              73.7204504,
              19.9395251
            ],
            [
              73.7222942,
              19.9405931
            ],
            [
              73.7225903,
              19.9417005
            ],
            [
              73.7222084,
              19.9424488
            ],
            [
              73.7220879,
              19.942596
            ],
            [
              73.7215555,
              19.9432466
            ],
            [
              73.7212551,
              19.943287
            ],
            [
              73.720783,
              19.9425709
            ],
            [
              73.7207937,
              19.9418347
            ],
            [
              73.7204059,
              19.9411579
            ],
            [
              73.7195433,
              19.9406919
            ],
            [
              73.7189376,
              19.9408665
            ],
            [
              73.7184962,
              19.9415411
            ],
            [
              73.7177452,
              19.9411579
            ],
            [
              73.7175735,
              19.9405931
            ],
            [
              73.7170645,
              19.9403196
            ]
          ]
        ]
      },
      "id": "way/1466074252"
    },
    {
      "type": "Feature",
      "properties": {
        "@id": "way/1466074253",
        "landuse": "industrial",
        "power": "substation"
      },
      "geometry": {
        "type": "Polygon",
        "coordinates": [
          [
            [
              73.7355897,
              19.9511783
            ],
            [
              73.7358652,
              19.9508437
            ],
            [
              73.7364364,
              19.9512694
            ],
            [
              73.7361735,
              19.9516022
            ],
            [
              73.7355897,
              19.9511783
            ]
          ]
        ]
      },
      "id": "way/1466074253"
    },
    {
      "type": "Feature",
      "properties": {
        "@id": "way/1466074254",
        "landuse": "industrial"
      },
      "geometry": {
        "type": "Polygon",
        "coordinates": [
          [
            [
              73.7368414,
              19.9508736
            ],
            [
              73.7363237,
              19.9505004
            ],
            [
              73.7364961,
              19.9502891
            ],
            [
              73.7370138,
              19.9506623
            ],
            [
              73.7368414,
              19.9508736
            ]
          ]
        ]
      },
      "id": "way/1466074254"
    },
    {
      "type": "Feature",
      "properties": {
        "@id": "way/1466074255",
        "landuse": "industrial"
      },
      "geometry": {
        "type": "Polygon",
        "coordinates": [
          [
            [
              73.7358652,
              19.9508437
            ],
            [
              73.7355897,
              19.9511783
            ],
            [
              73.7346178,
              19.9504727
            ],
            [
              73.7357819,
              19.9490457
            ],
            [
              73.7364954,
              19.9496407
            ],
            [
              73.7364256,
              19.9498121
            ],
            [
              73.7356853,
              19.9507097
            ],
            [
              73.7358652,
              19.9508437
            ]
          ]
        ]
      },
      "id": "way/1466074255"
    },
    {
      "type": "Feature",
      "properties": {
        "@id": "way/1466074256",
        "landuse": "industrial"
      },
      "geometry": {
        "type": "Polygon",
        "coordinates": [
          [
            [
              73.7329817,
              19.9484052
            ],
            [
              73.7335342,
              19.9488339
            ],
            [
              73.7353849,
              19.9466
            ],
            [
              73.7366939,
              19.9477346
            ],
            [
              73.7344998,
              19.9503617
            ],
            [
              73.7325225,
              19.9489206
            ],
            [
              73.7329817,
              19.9484052
            ]
          ]
        ]
      },
      "id": "way/1466074256"
    },
    {
      "type": "Feature",
      "properties": {
        "@id": "way/1466074257",
        "landuse": "industrial"
      },
      "geometry": {
        "type": "Polygon",
        "coordinates": [
          [
            [
              73.7312803,
              19.9443068
            ],
            [
              73.7318015,
              19.9446788
            ],
            [
              73.7321824,
              19.9442148
            ],
            [
              73.7327725,
              19.9446283
            ],
            [
              73.7325793,
              19.9448653
            ],
            [
              73.733089,
              19.9452536
            ],
            [
              73.7325898,
              19.9458059
            ],
            [
              73.7309968,
              19.9447115
            ],
            [
              73.7312803,
              19.9443068
            ]
          ]
        ]
      },
      "id": "way/1466074257"
    },
    {
      "type": "Feature",
      "properties": {
        "@id": "way/1466074258",
        "landuse": "industrial"
      },
      "geometry": {
        "type": "Polygon",
        "coordinates": [
          [
            [
              73.7290115,
              19.9423833
            ],
            [
              73.7293607,
              19.9419053
            ],
            [
              73.7302351,
              19.9425759
            ],
            [
              73.7299991,
              19.9428634
            ],
            [
              73.7306374,
              19.9433172
            ],
            [
              73.7304282,
              19.9436198
            ],
            [
              73.7312758,
              19.9441997
            ],
            [
              73.7312221,
              19.9442653
            ],
            [
              73.7309271,
              19.9446334
            ],
            [
              73.7290469,
              19.9433324
            ],
            [
              73.7295029,
              19.9427272
            ],
            [
              73.7290115,
              19.9423833
            ]
          ]
        ]
      },
      "id": "way/1466074258"
    },
    {
      "type": "Feature",
      "properties": {
        "@id": "way/1466074259",
        "landuse": "industrial"
      },
      "geometry": {
        "type": "Polygon",
        "coordinates": [
          [
            [
              73.7283947,
              19.943938
            ],
            [
              73.7277567,
              19.9434786
            ],
            [
              73.7282342,
              19.9428987
            ],
            [
              73.7285024,
              19.9430802
            ],
            [
              73.7288511,
              19.9433298
            ],
            [
              73.7283947,
              19.943938
            ]
          ]
        ]
      },
      "id": "way/1466074259"
    },
    {
      "type": "Feature",
      "properties": {
        "@id": "way/1466074260",
        "landuse": "industrial"
      },
      "geometry": {
        "type": "Polygon",
        "coordinates": [
          [
            [
              73.729987,
              19.9450846
            ],
            [
              73.7284896,
              19.9440063
            ],
            [
              73.7289369,
              19.9434282
            ],
            [
              73.7304497,
              19.9444922
            ],
            [
              73.729987,
              19.9450846
            ]
          ]
        ]
      },
      "id": "way/1466074260"
    },
    {
      "type": "Feature",
      "properties": {
        "@id": "way/1466074261",
        "landuse": "industrial"
      },
      "geometry": {
        "type": "Polygon",
        "coordinates": [
          [
            [
              73.7325225,
              19.9489206
            ],
            [
              73.7317532,
              19.9483599
            ],
            [
              73.7327778,
              19.9470942
            ],
            [
              73.7300994,
              19.9451656
            ],
            [
              73.7305543,
              19.9445603
            ],
            [
              73.7324828,
              19.9459243
            ],
            [
              73.7332338,
              19.946479
            ],
            [
              73.7334645,
              19.9462319
            ],
            [
              73.7342477,
              19.9468168
            ],
            [
              73.7329817,
              19.9484052
            ],
            [
              73.7325225,
              19.9489206
            ]
          ]
        ]
      },
      "id": "way/1466074261"
    },
    {
      "type": "Feature",
      "properties": {
        "@id": "way/1466074264",
        "landuse": "industrial"
      },
      "geometry": {
        "type": "Polygon",
        "coordinates": [
          [
            [
              73.7274563,
              19.9406799
            ],
            [
              73.7270862,
              19.9397167
            ],
            [
              73.7277138,
              19.9396814
            ],
            [
              73.7287599,
              19.940226
            ],
            [
              73.728776,
              19.9404378
            ],
            [
              73.7274563,
              19.9406799
            ]
          ]
        ]
      },
      "id": "way/1466074264"
    },
    {
      "type": "Feature",
      "properties": {
        "@id": "way/1466074265",
        "landuse": "industrial"
      },
      "geometry": {
        "type": "Polygon",
        "coordinates": [
          [
            [
              73.7278104,
              19.9411993
            ],
            [
              73.728674,
              19.9409572
            ],
            [
              73.7289047,
              19.9419153
            ],
            [
              73.7285078,
              19.9422129
            ],
            [
              73.7282234,
              19.942228
            ],
            [
              73.7278104,
              19.9411993
            ]
          ]
        ]
      },
      "id": "way/1466074265"
    },
    {
      "type": "Feature",
      "properties": {
        "@id": "way/1466074266",
        "landuse": "industrial"
      },
      "geometry": {
        "type": "Polygon",
        "coordinates": [
          [
            [
              73.7242967,
              19.9425659
            ],
            [
              73.723948,
              19.9418094
            ],
            [
              73.7240285,
              19.9415825
            ],
            [
              73.7239802,
              19.9410833
            ],
            [
              73.7235296,
              19.9394746
            ],
            [
              73.7234545,
              19.9392477
            ],
            [
              73.7233901,
              19.9389552
            ],
            [
              73.7229663,
              19.9387434
            ],
            [
              73.7226337,
              19.9372356
            ],
            [
              73.7244093,
              19.9369834
            ],
            [
              73.7242162,
              19.9362573
            ],
            [
              73.7243128,
              19.9361917
            ],
            [
              73.724184,
              19.9357025
            ],
            [
              73.7253964,
              19.9353949
            ],
            [
              73.725847,
              19.9368523
            ],
            [
              73.7265497,
              19.9385316
            ],
            [
              73.7262922,
              19.9401252
            ],
            [
              73.7257773,
              19.939989
            ],
            [
              73.7257343,
              19.9398024
            ],
            [
              73.7248098,
              19.9400676
            ],
            [
              73.7241787,
              19.9402411
            ],
            [
              73.7243932,
              19.9408614
            ],
            [
              73.7249619,
              19.94069
            ],
            [
              73.7251228,
              19.9410682
            ],
            [
              73.7254983,
              19.9409421
            ],
            [
              73.7258631,
              19.9409421
            ],
            [
              73.726303,
              19.9410732
            ],
            [
              73.7267375,
              19.9420263
            ],
            [
              73.7260026,
              19.9422734
            ],
            [
              73.7261206,
              19.9427323
            ],
            [
              73.7259006,
              19.9427323
            ],
            [
              73.7256163,
              19.9434937
            ],
            [
              73.7251657,
              19.9433172
            ],
            [
              73.7251013,
              19.9423188
            ],
            [
              73.7242967,
              19.9425659
            ]
          ]
        ]
      },
      "id": "way/1466074266"
    },
    {
      "type": "Feature",
      "properties": {
        "@id": "way/1466074267",
        "landuse": "farmland"
      },
      "geometry": {
        "type": "Polygon",
        "coordinates": [
          [
            [
              73.739934,
              19.9675204
            ],
            [
              73.7400547,
              19.968728
            ],
            [
              73.7391347,
              19.968738
            ],
            [
              73.7390942,
              19.9680745
            ],
            [
              73.7392017,
              19.968075
            ],
            [
              73.739148,
              19.9674624
            ],
            [
              73.7392956,
              19.9674952
            ],
            [
              73.739934,
              19.9675204
            ]
          ]
        ]
      },
      "id": "way/1466074267"
    },
    {
      "type": "Feature",
      "properties": {
        "@id": "way/1466074268",
        "landuse": "farmland"
      },
      "geometry": {
        "type": "Polygon",
        "coordinates": [
          [
            [
              73.7352401,
              19.9682817
            ],
            [
              73.7345266,
              19.9678431
            ],
            [
              73.7341297,
              19.9670263
            ],
            [
              73.7338614,
              19.9670263
            ],
            [
              73.7335932,
              19.9655742
            ],
            [
              73.7334537,
              19.9649994
            ],
            [
              73.7337327,
              19.9649591
            ],
            [
              73.7337327,
              19.9645759
            ],
            [
              73.7341167,
              19.964515
            ],
            [
              73.7340472,
              19.964238
            ],
            [
              73.7344623,
              19.9641322
            ],
            [
              73.7348807,
              19.9657154
            ],
            [
              73.7345803,
              19.9657961
            ],
            [
              73.7347197,
              19.9662398
            ],
            [
              73.7348592,
              19.9661793
            ],
            [
              73.7350631,
              19.9666431
            ],
            [
              73.7355459,
              19.9665019
            ],
            [
              73.7351274,
              19.9657053
            ],
            [
              73.734827,
              19.9640616
            ],
            [
              73.7356099,
              19.9639306
            ],
            [
              73.7357068,
              19.9645557
            ],
            [
              73.7360501,
              19.9656246
            ],
            [
              73.7364685,
              19.9662045
            ],
            [
              73.7359214,
              19.9663658
            ],
            [
              73.7365007,
              19.9676112
            ],
            [
              73.7365919,
              19.9680801
            ],
            [
              73.7352401,
              19.9682817
            ]
          ]
        ]
      },
      "id": "way/1466074268"
    },
    {
      "type": "Feature",
      "properties": {
        "@id": "way/1466074269",
        "landuse": "orchard"
      },
      "geometry": {
        "type": "Polygon",
        "coordinates": [
          [
            [
              73.728615,
              19.9647322
            ],
            [
              73.7286365,
              19.9632397
            ],
            [
              73.7292373,
              19.9631893
            ],
            [
              73.7292373,
              19.9631036
            ],
            [
              73.7308413,
              19.962912
            ],
            [
              73.7310988,
              19.963986
            ],
            [
              73.7306374,
              19.9641171
            ],
            [
              73.728615,
              19.9647322
            ]
          ]
        ]
      },
      "id": "way/1466074269"
    },
    {
      "type": "Feature",
      "properties": {
        "@id": "way/1466074270",
        "landuse": "orchard"
      },
      "geometry": {
        "type": "Polygon",
        "coordinates": [
          [
            [
              73.7287062,
              19.9664313
            ],
            [
              73.7286204,
              19.9649238
            ],
            [
              73.7300473,
              19.9644851
            ],
            [
              73.7302887,
              19.9664818
            ],
            [
              73.7287062,
              19.9664313
            ]
          ]
        ]
      },
      "id": "way/1466074270"
    },
    {
      "type": "Feature",
      "properties": {
        "@id": "way/1466082830",
        "landuse": "commercial"
      },
      "geometry": {
        "type": "Polygon",
        "coordinates": [
          [
            [
              73.7790889,
              19.9780981
            ],
            [
              73.7804669,
              19.9780792
            ],
            [
              73.780532,
              19.9787188
            ],
            [
              73.7795326,
              19.97869
            ],
            [
              73.7791184,
              19.978272
            ],
            [
              73.7790889,
              19.9780981
            ]
          ]
        ]
      },
      "id": "way/1466082830"
    },
    {
      "type": "Feature",
      "properties": {
        "@id": "way/1466082835",
        "landuse": "commercial"
      },
      "geometry": {
        "type": "Polygon",
        "coordinates": [
          [
            [
              73.7801295,
              19.9885792
            ],
            [
              73.780379,
              19.9892119
            ],
            [
              73.7784907,
              19.989164
            ],
            [
              73.7784371,
              19.9888287
            ],
            [
              73.77951,
              19.9887178
            ],
            [
              73.7795153,
              19.9886599
            ],
            [
              73.7801295,
              19.9885792
            ]
          ]
        ]
      },
      "id": "way/1466082835"
    },
    {
      "type": "Feature",
      "properties": {
        "@id": "way/1466082836",
        "landuse": "farmland"
      },
      "geometry": {
        "type": "Polygon",
        "coordinates": [
          [
            [
              73.7809133,
              19.9880949
            ],
            [
              73.7811218,
              19.9891995
            ],
            [
              73.7805425,
              19.9891844
            ],
            [
              73.7801187,
              19.9882366
            ],
            [
              73.7809133,
              19.9880949
            ]
          ]
        ]
      },
      "id": "way/1466082836"
    },
    {
      "type": "Feature",
      "properties": {
        "@id": "way/1466082837",
        "landuse": "commercial"
      },
      "geometry": {
        "type": "Polygon",
        "coordinates": [
          [
            [
              73.7812871,
              19.9891939
            ],
            [
              73.7811407,
              19.9890052
            ],
            [
              73.7810415,
              19.9884582
            ],
            [
              73.7811193,
              19.9883473
            ],
            [
              73.7811059,
              19.9881633
            ],
            [
              73.781535,
              19.9882162
            ],
            [
              73.7818675,
              19.9891239
            ],
            [
              73.7812871,
              19.9891939
            ]
          ]
        ]
      },
      "id": "way/1466082837"
    },
    {
      "type": "Feature",
      "properties": {
        "@id": "way/1466082838",
        "landuse": "construction"
      },
      "geometry": {
        "type": "Polygon",
        "coordinates": [
          [
            [
              73.7818675,
              19.9891239
            ],
            [
              73.781535,
              19.9882162
            ],
            [
              73.7822136,
              19.9884254
            ],
            [
              73.7823932,
              19.9889172
            ],
            [
              73.7822588,
              19.9890114
            ],
            [
              73.7818675,
              19.9891239
            ]
          ]
        ]
      },
      "id": "way/1466082838"
    },
    {
      "type": "Feature",
      "properties": {
        "@id": "way/1466082841",
        "industrial": "depot",
        "landuse": "industrial",
        "name": "Mahamatg Bus Depot"
      },
      "geometry": {
        "type": "Polygon",
        "coordinates": [
          [
            [
              73.7823543,
              19.9875915
            ],
            [
              73.7823477,
              19.9873995
            ],
            [
              73.7822136,
              19.9864593
            ],
            [
              73.781999,
              19.9855847
            ],
            [
              73.7821841,
              19.9856804
            ],
            [
              73.7826213,
              19.985993
            ],
            [
              73.7826133,
              19.9861115
            ],
            [
              73.7830156,
              19.986482
            ],
            [
              73.7832946,
              19.9868702
            ],
            [
              73.7835199,
              19.9873189
            ],
            [
              73.7827367,
              19.9873239
            ],
            [
              73.7823543,
              19.9875915
            ]
          ]
        ]
      },
      "id": "way/1466082841"
    },
    {
      "type": "Feature",
      "properties": {
        "@id": "way/1466082842",
        "landuse": "commercial"
      },
      "geometry": {
        "type": "Polygon",
        "coordinates": [
          [
            [
              73.7651414,
              19.9646792
            ],
            [
              73.7657207,
              19.964286
            ],
            [
              73.7661687,
              19.9647877
            ],
            [
              73.7655893,
              19.9651734
            ],
            [
              73.7651414,
              19.9646792
            ]
          ]
        ]
      },
      "id": "way/1466082842"
    },
    {
      "type": "Feature",
      "properties": {
        "@id": "way/1466082844",
        "landuse": "residential",
        "name": "Nayantara"
      },
      "geometry": {
        "type": "Polygon",
        "coordinates": [
          [
            [
              73.7633014,
              19.9606078
            ],
            [
              73.7648088,
              19.9606229
            ],
            [
              73.7647659,
              19.9596548
            ],
            [
              73.7664932,
              19.9595237
            ],
            [
              73.7667131,
              19.9605775
            ],
            [
              73.7667974,
              19.9606743
            ],
            [
              73.7668156,
              19.9606951
            ],
            [
              73.7668794,
              19.9607565
            ],
            [
              73.7634301,
              19.960759
            ],
            [
              73.7633014,
              19.9606078
            ]
          ]
        ]
      },
      "id": "way/1466082844"
    },
    {
      "type": "Feature",
      "properties": {
        "@id": "way/1466082847",
        "landuse": "commercial"
      },
      "geometry": {
        "type": "Polygon",
        "coordinates": [
          [
            [
              73.7551528,
              19.945531
            ],
            [
              73.7563437,
              19.9460857
            ],
            [
              73.7562633,
              19.9465748
            ],
            [
              73.7550455,
              19.9464386
            ],
            [
              73.7551528,
              19.945531
            ]
          ]
        ]
      },
      "id": "way/1466082847"
    },
    {
      "type": "Feature",
      "properties": {
        "@id": "way/1466082848",
        "landuse": "industrial",
        "name": "GlaxoSmithKline Pharmaceuticals Limited"
      },
      "geometry": {
        "type": "Polygon",
        "coordinates": [
          [
            [
              73.7415754,
              19.9488516
            ],
            [
              73.7423662,
              19.9495729
            ],
            [
              73.7424606,
              19.9496558
            ],
            [
              73.7433886,
              19.9486725
            ],
            [
              73.744542,
              19.9497718
            ],
            [
              73.7440377,
              19.950276
            ],
            [
              73.7431151,
              19.9494541
            ],
            [
              73.7425679,
              19.9499987
            ],
            [
              73.7436408,
              19.9509517
            ],
            [
              73.7439895,
              19.9505937
            ],
            [
              73.7445152,
              19.9510627
            ],
            [
              73.7425893,
              19.9529132
            ],
            [
              73.7386733,
              19.9494743
            ],
            [
              73.7403546,
              19.9477696
            ],
            [
              73.7415754,
              19.9488516
            ]
          ]
        ]
      },
      "id": "way/1466082848"
    },
    {
      "type": "Feature",
      "properties": {
        "@id": "way/1466131660",
        "landuse": "residential"
      },
      "geometry": {
        "type": "Polygon",
        "coordinates": [
          [
            [
              73.7824276,
              20.0060685
            ],
            [
              73.7824094,
              20.0053632
            ],
            [
              73.7829351,
              20.0053103
            ],
            [
              73.7828547,
              20.0048717
            ],
            [
              73.7837708,
              20.0046862
            ],
            [
              73.7839443,
              20.0049696
            ],
            [
              73.7839841,
              20.0051259
            ],
            [
              73.7846363,
              20.0068044
            ],
            [
              73.7845855,
              20.0068504
            ],
            [
              73.7844283,
              20.0068366
            ],
            [
              73.7841723,
              20.0067802
            ],
            [
              73.7838497,
              20.0067272
            ],
            [
              73.7835504,
              20.0066233
            ],
            [
              73.7828039,
              20.006273
            ],
            [
              73.7824276,
              20.0060685
            ]
          ]
        ]
      },
      "id": "way/1466131660"
    },
    {
      "type": "Feature",
      "properties": {
        "@id": "way/1466131661",
        "landuse": "commercial"
      },
      "geometry": {
        "type": "Polygon",
        "coordinates": [
          [
            [
              73.7837708,
              20.0046862
            ],
            [
              73.7828547,
              20.0048717
            ],
            [
              73.7829351,
              20.0053103
            ],
            [
              73.7824094,
              20.0053632
            ],
            [
              73.7824276,
              20.0060685
            ],
            [
              73.7822043,
              20.0059538
            ],
            [
              73.781827,
              20.0058363
            ],
            [
              73.7812688,
              20.0058411
            ],
            [
              73.7811516,
              20.0058423
            ],
            [
              73.7810041,
              20.0019885
            ],
            [
              73.7814874,
              20.0017334
            ],
            [
              73.7815617,
              20.0016911
            ],
            [
              73.781846,
              20.0016074
            ],
            [
              73.7826891,
              20.0014461
            ],
            [
              73.7831496,
              20.0028656
            ],
            [
              73.7837708,
              20.0046862
            ]
          ]
        ]
      },
      "id": "way/1466131661"
    },
    {
      "type": "Feature",
      "properties": {
        "@id": "way/1466131671",
        "landuse": "cemetery"
      },
      "geometry": {
        "type": "Polygon",
        "coordinates": [
          [
            [
              73.7908637,
              19.9955763
            ],
            [
              73.7916791,
              19.9952839
            ],
            [
              73.7920117,
              19.9958637
            ],
            [
              73.7918531,
              19.995882
            ],
            [
              73.791647,
              19.995904
            ],
            [
              73.7916148,
              19.9960855
            ],
            [
              73.7913787,
              19.9962317
            ],
            [
              73.7915021,
              19.9964131
            ],
            [
              73.7910837,
              19.9966702
            ],
            [
              73.7906438,
              19.996761
            ],
            [
              73.7907189,
              19.996267
            ],
            [
              73.7909818,
              19.9961964
            ],
            [
              73.7908637,
              19.9955763
            ]
          ]
        ]
      },
      "id": "way/1466131671"
    },
    {
      "type": "Feature",
      "properties": {
        "@id": "way/1466131672",
        "landuse": "cemetery"
      },
      "geometry": {
        "type": "Polygon",
        "coordinates": [
          [
            [
              73.7869155,
              19.9912863
            ],
            [
              73.7886053,
              19.9913821
            ],
            [
              73.7885624,
              19.9922542
            ],
            [
              73.7871784,
              19.9921635
            ],
            [
              73.7871945,
              19.9920425
            ],
            [
              73.7869316,
              19.9919215
            ],
            [
              73.7869253,
              19.9916745
            ],
            [
              73.7869155,
              19.9912863
            ]
          ]
        ]
      },
      "id": "way/1466131672"
    },
    {
      "type": "Feature",
      "properties": {
        "@id": "way/1466134491",
        "landuse": "commercial"
      },
      "geometry": {
        "type": "Polygon",
        "coordinates": [
          [
            [
              73.7829003,
              20.0015196
            ],
            [
              73.782734,
              20.0009878
            ],
            [
              73.7827796,
              20.0008945
            ],
            [
              73.7828842,
              20.0008945
            ],
            [
              73.7841341,
              20.0011995
            ],
            [
              73.7841502,
              20.0012676
            ],
            [
              73.7829003,
              20.0015196
            ]
          ]
        ]
      },
      "id": "way/1466134491"
    },
    {
      "type": "Feature",
      "properties": {
        "@id": "way/1466134492",
        "landuse": "retail",
        "name": "Nashik City Center Mall",
        "shop": "mall"
      },
      "geometry": {
        "type": "Polygon",
        "coordinates": [
          [
            [
              73.7630492,
              19.9907721
            ],
            [
              73.7631351,
              19.9908578
            ],
            [
              73.7630975,
              19.9909536
            ],
            [
              73.7629741,
              19.9910141
            ],
            [
              73.7601632,
              19.9908982
            ],
            [
              73.7601095,
              19.9899454
            ],
            [
              73.7605065,
              19.9899605
            ],
            [
              73.7613434,
              19.9902731
            ],
            [
              73.7618798,
              19.9903487
            ],
            [
              73.7623143,
              19.9902983
            ],
            [
              73.7630492,
              19.9907721
            ]
          ]
        ]
      },
      "id": "way/1466134492"
    },
    {
      "type": "Feature",
      "properties": {
        "@id": "way/1466134493",
        "landuse": "industrial"
      },
      "geometry": {
        "type": "Polygon",
        "coordinates": [
          [
            [
              73.7438714,
              19.9977994
            ],
            [
              73.7447297,
              19.9979103
            ],
            [
              73.7446439,
              19.9990496
            ],
            [
              73.744365,
              19.9990445
            ],
            [
              73.7445098,
              20.0003879
            ],
            [
              73.7437883,
              20.0003073
            ],
            [
              73.7438714,
              19.9977994
            ]
          ]
        ]
      },
      "id": "way/1466134493"
    },
    {
      "type": "Feature",
      "properties": {
        "@id": "way/1466134494",
        "landuse": "industrial"
      },
      "geometry": {
        "type": "Polygon",
        "coordinates": [
          [
            [
              73.7428844,
              19.9997956
            ],
            [
              73.7428737,
              19.997628
            ],
            [
              73.743689,
              19.9977389
            ],
            [
              73.7436783,
              19.9997956
            ],
            [
              73.7428844,
              19.9997956
            ]
          ]
        ]
      },
      "id": "way/1466134494"
    },
    {
      "type": "Feature",
      "properties": {
        "@id": "way/1466134495",
        "landuse": "industrial"
      },
      "geometry": {
        "type": "Polygon",
        "coordinates": [
          [
            [
              73.7405777,
              20.0020035
            ],
            [
              73.7429273,
              20.0019632
            ],
            [
              73.7428844,
              19.9999973
            ],
            [
              73.7436247,
              19.9999973
            ],
            [
              73.7436139,
              20.0004409
            ],
            [
              73.7434101,
              20.0004409
            ],
            [
              73.7433135,
              20.0028302
            ],
            [
              73.7405884,
              20.0029109
            ],
            [
              73.7405777,
              20.0020035
            ]
          ]
        ]
      },
      "id": "way/1466134495"
    },
    {
      "type": "Feature",
      "properties": {
        "@id": "way/1466134496",
        "landuse": "industrial"
      },
      "geometry": {
        "type": "Polygon",
        "coordinates": [
          [
            [
              73.7419402,
              19.9974869
            ],
            [
              73.7427556,
              19.9976381
            ],
            [
              73.7427235,
              20.0018624
            ],
            [
              73.7419402,
              20.0018523
            ],
            [
              73.7419402,
              19.9974869
            ]
          ]
        ]
      },
      "id": "way/1466134496"
    },
    {
      "type": "Feature",
      "properties": {
        "@id": "way/1466134497",
        "landuse": "industrial"
      },
      "geometry": {
        "type": "Polygon",
        "coordinates": [
          [
            [
              73.740406,
              19.9978095
            ],
            [
              73.7416935,
              19.9979305
            ],
            [
              73.7416828,
              20.0018523
            ],
            [
              73.7405991,
              20.0018422
            ],
            [
              73.7403309,
              19.9995839
            ],
            [
              73.7403095,
              19.9987774
            ],
            [
              73.740406,
              19.9978095
            ]
          ]
        ]
      },
      "id": "way/1466134497"
    },
    {
      "type": "Feature",
      "properties": {
        "@id": "way/1466134498",
        "landuse": "industrial"
      },
      "geometry": {
        "type": "Polygon",
        "coordinates": [
          [
            [
              73.7402022,
              19.9977692
            ],
            [
              73.7400949,
              19.9985052
            ],
            [
              73.7385607,
              19.9983338
            ],
            [
              73.7385714,
              19.9993823
            ],
            [
              73.7384312,
              19.9993952
            ],
            [
              73.7379169,
              19.9994428
            ],
            [
              73.7378568,
              19.9989785
            ],
            [
              73.7377667,
              19.9982834
            ],
            [
              73.737874,
              19.9974466
            ],
            [
              73.7402022,
              19.9977692
            ]
          ]
        ]
      },
      "id": "way/1466134498"
    },
    {
      "type": "Feature",
      "properties": {
        "@id": "way/1466134499",
        "landuse": "industrial"
      },
      "geometry": {
        "type": "Polygon",
        "coordinates": [
          [
            [
              73.7292963,
              20.0036569
            ],
            [
              73.7290496,
              20.0011365
            ],
            [
              73.7338024,
              20.0006425
            ],
            [
              73.7341511,
              20.0040602
            ],
            [
              73.7336898,
              20.0040904
            ],
            [
              73.7335181,
              20.0034452
            ],
            [
              73.7328637,
              20.003415
            ],
            [
              73.7327778,
              20.0025076
            ],
            [
              73.7313509,
              20.0025681
            ],
            [
              73.7311041,
              20.0019935
            ],
            [
              73.7306964,
              20.0020539
            ],
            [
              73.7308144,
              20.0035561
            ],
            [
              73.7292963,
              20.0036569
            ]
          ]
        ]
      },
      "id": "way/1466134499"
    },
    {
      "type": "Feature",
      "properties": {
        "@id": "way/1466134500",
        "landuse": "industrial"
      },
      "geometry": {
        "type": "Polygon",
        "coordinates": [
          [
            [
              73.7280518,
              20.0049373
            ],
            [
              73.7278372,
              20.0048717
            ],
            [
              73.7278533,
              20.0047608
            ],
            [
              73.7274134,
              20.0046802
            ],
            [
              73.727451,
              20.0043021
            ],
            [
              73.7279445,
              20.0043475
            ],
            [
              73.7279981,
              20.0040047
            ],
            [
              73.72832,
              20.0040249
            ],
            [
              73.7280518,
              20.0049373
            ]
          ]
        ]
      },
      "id": "way/1466134500"
    },
    {
      "type": "Feature",
      "properties": {
        "@id": "way/1466134501",
        "landuse": "industrial"
      },
      "geometry": {
        "type": "Polygon",
        "coordinates": [
          [
            [
              73.7253293,
              20.0039266
            ],
            [
              73.7244201,
              20.0015196
            ],
            [
              73.7289047,
              20.0011567
            ],
            [
              73.7290871,
              20.0035864
            ],
            [
              73.7286043,
              20.0036166
            ],
            [
              73.7285239,
              20.0036368
            ],
            [
              73.7271854,
              20.0035813
            ],
            [
              73.727097,
              20.0042971
            ],
            [
              73.7262601,
              20.0042417
            ],
            [
              73.7260884,
              20.0042618
            ],
            [
              73.7260733,
              20.0043653
            ],
            [
              73.7255654,
              20.0042971
            ],
            [
              73.7253293,
              20.0039266
            ]
          ]
        ]
      },
      "id": "way/1466134501"
    },
    {
      "type": "Feature",
      "properties": {
        "@id": "way/1466134502",
        "landuse": "industrial"
      },
      "geometry": {
        "type": "Polygon",
        "coordinates": [
          [
            [
              73.7232024,
              20.006056
            ],
            [
              73.7222314,
              20.0055825
            ],
            [
              73.7216091,
              20.0052296
            ],
            [
              73.7212443,
              20.0018523
            ],
            [
              73.7241948,
              20.00157
            ],
            [
              73.7252676,
              20.0044231
            ],
            [
              73.726049,
              20.004532
            ],
            [
              73.7258846,
              20.0056579
            ],
            [
              73.7239158,
              20.0053002
            ],
            [
              73.7232614,
              20.0053254
            ],
            [
              73.7232024,
              20.006056
            ]
          ]
        ]
      },
      "id": "way/1466134502"
    },
    {
      "type": "Feature",
      "properties": {
        "@id": "way/1466134503",
        "landuse": "industrial"
      },
      "geometry": {
        "type": "Polygon",
        "coordinates": [
          [
            [
              73.7217486,
              20.0072258
            ],
            [
              73.721813,
              20.0067318
            ],
            [
              73.7214589,
              20.0066108
            ],
            [
              73.7214804,
              20.006268
            ],
            [
              73.7206328,
              20.0060261
            ],
            [
              73.7207508,
              20.0044231
            ],
            [
              73.721298,
              20.004403
            ],
            [
              73.7214267,
              20.0053204
            ],
            [
              73.7222099,
              20.0058144
            ],
            [
              73.7221777,
              20.0060866
            ],
            [
              73.7231755,
              20.0064394
            ],
            [
              73.7230253,
              20.007135
            ],
            [
              73.7221992,
              20.0068427
            ],
            [
              73.7220597,
              20.0073266
            ],
            [
              73.7217486,
              20.0072258
            ]
          ]
        ]
      },
      "id": "way/1466134503"
    },
    {
      "type": "Feature",
      "properties": {
        "@id": "way/1466134504",
        "landuse": "industrial"
      },
      "geometry": {
        "type": "Polygon",
        "coordinates": [
          [
            [
              73.7153649,
              20.0053809
            ],
            [
              73.7150538,
              20.0023463
            ],
            [
              73.7191307,
              20.0019733
            ],
            [
              73.7195921,
              20.0056228
            ],
            [
              73.71809,
              20.0052901
            ],
            [
              73.7182403,
              20.0056934
            ],
            [
              73.7193453,
              20.0060966
            ],
            [
              73.7192058,
              20.006641
            ],
            [
              73.7184012,
              20.0063184
            ],
            [
              73.7153327,
              20.0058749
            ],
            [
              73.7153649,
              20.0053809
            ]
          ]
        ]
      },
      "id": "way/1466134504"
    },
    {
      "type": "Feature",
      "properties": {
        "@id": "way/1466134505",
        "landuse": "industrial"
      },
      "geometry": {
        "type": "Polygon",
        "coordinates": [
          [
            [
              73.7115562,
              20.0026286
            ],
            [
              73.7131977,
              20.0024875
            ],
            [
              73.7135088,
              20.0027899
            ],
            [
              73.7141526,
              20.0039997
            ],
            [
              73.7146783,
              20.0048768
            ],
            [
              73.7146246,
              20.005149
            ],
            [
              73.7144315,
              20.0057337
            ],
            [
              73.7116313,
              20.0051792
            ],
            [
              73.7115562,
              20.0026286
            ]
          ]
        ]
      },
      "id": "way/1466134505"
    },
    {
      "type": "Feature",
      "properties": {
        "@id": "way/1466134506",
        "landuse": "industrial"
      },
      "geometry": {
        "type": "Polygon",
        "coordinates": [
          [
            [
              73.7495792,
              20.0018221
            ],
            [
              73.7476909,
              20.0015196
            ],
            [
              73.7476909,
              20.0016809
            ],
            [
              73.7496436,
              20.0019834
            ],
            [
              73.7496436,
              20.0024774
            ],
            [
              73.7474763,
              20.0026387
            ],
            [
              73.7475407,
              20.0015902
            ],
            [
              73.7468004,
              20.0014591
            ],
            [
              73.7466073,
              20.000582
            ],
            [
              73.7496328,
              20.0010256
            ],
            [
              73.7495792,
              20.0018221
            ]
          ]
        ]
      },
      "id": "way/1466134506"
    },
    {
      "type": "Feature",
      "properties": {
        "@id": "way/1466134507",
        "landuse": "industrial"
      },
      "geometry": {
        "type": "Polygon",
        "coordinates": [
          [
            [
              73.7498474,
              20.0010861
            ],
            [
              73.7519932,
              20.0014087
            ],
            [
              73.7521434,
              20.0022657
            ],
            [
              73.7498367,
              20.0024975
            ],
            [
              73.7498474,
              20.0010861
            ]
          ]
        ]
      },
      "id": "way/1466134507"
    },
    {
      "type": "Feature",
      "properties": {
        "@id": "way/1466134508",
        "landuse": "industrial"
      },
      "geometry": {
        "type": "Polygon",
        "coordinates": [
          [
            [
              73.7498474,
              19.9996545
            ],
            [
              73.7498796,
              19.9986866
            ],
            [
              73.751682,
              19.998979
            ],
            [
              73.7518108,
              19.9999469
            ],
            [
              73.7498474,
              19.9996545
            ]
          ]
        ]
      },
      "id": "way/1466134508"
    },
    {
      "type": "Feature",
      "properties": {
        "@id": "way/1466134509",
        "landuse": "industrial"
      },
      "geometry": {
        "type": "Polygon",
        "coordinates": [
          [
            [
              73.7498474,
              19.9999166
            ],
            [
              73.7517893,
              20.0002191
            ],
            [
              73.7519181,
              20.0011567
            ],
            [
              73.7498903,
              20.0008542
            ],
            [
              73.7498474,
              19.9999166
            ]
          ]
        ]
      },
      "id": "way/1466134509"
    },
    {
      "type": "Feature",
      "properties": {
        "@id": "way/1466134510",
        "landuse": "industrial"
      },
      "geometry": {
        "type": "Polygon",
        "coordinates": [
          [
            [
              73.7463075,
              19.9993327
            ],
            [
              73.7496328,
              19.9998561
            ],
            [
              73.7496221,
              20.0008139
            ],
            [
              73.746406,
              20.0003389
            ],
            [
              73.7463075,
              19.9993327
            ]
          ]
        ]
      },
      "id": "way/1466134510"
    },
    {
      "type": "Feature",
      "properties": {
        "@id": "way/1466134511",
        "landuse": "industrial"
      },
      "geometry": {
        "type": "Polygon",
        "coordinates": [
          [
            [
              73.7461889,
              19.998122
            ],
            [
              73.7495792,
              19.9986765
            ],
            [
              73.7495899,
              19.9996545
            ],
            [
              73.7462897,
              19.999151
            ],
            [
              73.7461889,
              19.998122
            ]
          ]
        ]
      },
      "id": "way/1466134511"
    },
    {
      "type": "Feature",
      "properties": {
        "@id": "way/1466134512",
        "landuse": "industrial"
      },
      "geometry": {
        "type": "Polygon",
        "coordinates": [
          [
            [
              73.7498796,
              19.9975171
            ],
            [
              73.7515855,
              19.9977793
            ],
            [
              73.7516606,
              19.9988177
            ],
            [
              73.7498903,
              19.9985354
            ],
            [
              73.7498796,
              19.9975171
            ]
          ]
        ]
      },
      "id": "way/1466134512"
    },
    {
      "type": "Feature",
      "properties": {
        "@id": "way/1466134513",
        "landuse": "industrial"
      },
      "geometry": {
        "type": "Polygon",
        "coordinates": [
          [
            [
              73.7499225,
              19.9963577
            ],
            [
              73.7514567,
              19.9966097
            ],
            [
              73.7515211,
              19.9975978
            ],
            [
              73.7498903,
              19.9973457
            ],
            [
              73.7499225,
              19.9963577
            ]
          ]
        ]
      },
      "id": "way/1466134513"
    },
    {
      "type": "Feature",
      "properties": {
        "@id": "way/1466134514",
        "landuse": "industrial"
      },
      "geometry": {
        "type": "Polygon",
        "coordinates": [
          [
            [
              73.7499332,
              19.9961258
            ],
            [
              73.7499976,
              19.9935045
            ],
            [
              73.7508559,
              19.9936053
            ],
            [
              73.7513494,
              19.9963577
            ],
            [
              73.7499332,
              19.9961258
            ]
          ]
        ]
      },
      "id": "way/1466134514"
    },
    {
      "type": "Feature",
      "properties": {
        "@id": "way/1466134515",
        "landuse": "industrial"
      },
      "geometry": {
        "type": "Polygon",
        "coordinates": [
          [
            [
              73.7456095,
              19.9933331
            ],
            [
              73.7456739,
              19.9928491
            ],
            [
              73.7457919,
              19.9926777
            ],
            [
              73.7495255,
              19.9932322
            ],
            [
              73.7497508,
              19.9934641
            ],
            [
              73.7497508,
              19.9940186
            ],
            [
              73.7456095,
              19.9933331
            ]
          ]
        ]
      },
      "id": "way/1466134515"
    },
    {
      "type": "Feature",
      "properties": {
        "@id": "way/1466134516",
        "landuse": "industrial"
      },
      "geometry": {
        "type": "Polygon",
        "coordinates": [
          [
            [
              73.7454378,
              19.9942405
            ],
            [
              73.7455666,
              19.9935549
            ],
            [
              73.7497294,
              19.99419
            ],
            [
              73.7497294,
              19.9949059
            ],
            [
              73.7454378,
              19.9942405
            ]
          ]
        ]
      },
      "id": "way/1466134516"
    },
    {
      "type": "Feature",
      "properties": {
        "@id": "way/1466134517",
        "landuse": "industrial"
      },
      "geometry": {
        "type": "Polygon",
        "coordinates": [
          [
            [
              73.745234,
              19.9953999
            ],
            [
              73.745352,
              19.9944118
            ],
            [
              73.7497187,
              19.9950874
            ],
            [
              73.7496865,
              19.9960653
            ],
            [
              73.745234,
              19.9953999
            ]
          ]
        ]
      },
      "id": "way/1466134517"
    },
    {
      "type": "Feature",
      "properties": {
        "@id": "way/1466134518",
        "landuse": "industrial"
      },
      "geometry": {
        "type": "Polygon",
        "coordinates": [
          [
            [
              73.7450087,
              19.9965896
            ],
            [
              73.7452018,
              19.9956015
            ],
            [
              73.7496543,
              19.9962972
            ],
            [
              73.7496328,
              19.9972852
            ],
            [
              73.7450087,
              19.9965896
            ]
          ]
        ]
      },
      "id": "way/1466134518"
    },
    {
      "type": "Feature",
      "properties": {
        "@id": "way/1466134519",
        "landuse": "industrial"
      },
      "geometry": {
        "type": "Polygon",
        "coordinates": [
          [
            [
              73.7447941,
              19.9977087
            ],
            [
              73.7449658,
              19.9967711
            ],
            [
              73.7497187,
              19.9974869
            ],
            [
              73.7496865,
              19.9984749
            ],
            [
              73.7447941,
              19.9977087
            ]
          ]
        ]
      },
      "id": "way/1466134519"
    },
    {
      "type": "Feature",
      "properties": {
        "@id": "way/1466134520",
        "landuse": "industrial"
      },
      "geometry": {
        "type": "Polygon",
        "coordinates": [
          [
            [
              73.7417686,
              19.9949865
            ],
            [
              73.744998,
              19.9955713
            ],
            [
              73.7446117,
              19.9976986
            ],
            [
              73.7418437,
              19.9972147
            ],
            [
              73.7417686,
              19.9949865
            ]
          ]
        ]
      },
      "id": "way/1466134520"
    },
    {
      "type": "Feature",
      "properties": {
        "@id": "way/1466134521",
        "landuse": "industrial"
      },
      "geometry": {
        "type": "Polygon",
        "coordinates": [
          [
            [
              73.7417793,
              19.9947345
            ],
            [
              73.7421119,
              19.9923652
            ],
            [
              73.7423694,
              19.9920123
            ],
            [
              73.7452769,
              19.9924861
            ],
            [
              73.7454808,
              19.992708
            ],
            [
              73.7450194,
              19.9953495
            ],
            [
              73.7417793,
              19.9947345
            ]
          ]
        ]
      },
      "id": "way/1466134521"
    },
    {
      "type": "Feature",
      "properties": {
        "@id": "way/1466134522",
        "landuse": "industrial"
      },
      "geometry": {
        "type": "Polygon",
        "coordinates": [
          [
            [
              73.7333894,
              19.9916392
            ],
            [
              73.7331939,
              19.9933038
            ],
            [
              73.7304819,
              19.99296
            ],
            [
              73.7304389,
              19.9916392
            ],
            [
              73.730695,
              19.9910378
            ],
            [
              73.7323165,
              19.9914174
            ],
            [
              73.7333894,
              19.9916392
            ]
          ]
        ]
      },
      "id": "way/1466134522"
    },
    {
      "type": "Feature",
      "properties": {
        "@id": "way/1466134523",
        "landuse": "industrial"
      },
      "geometry": {
        "type": "Polygon",
        "coordinates": [
          [
            [
              73.7384641,
              19.9942102
            ],
            [
              73.735342,
              19.9936456
            ],
            [
              73.7361681,
              19.9915182
            ],
            [
              73.7363183,
              19.9914325
            ],
            [
              73.738786,
              19.9916896
            ],
            [
              73.7384641,
              19.9942102
            ]
          ]
        ]
      },
      "id": "way/1466134523"
    },
    {
      "type": "Feature",
      "properties": {
        "@id": "way/1466134524",
        "landuse": "industrial"
      },
      "geometry": {
        "type": "Polygon",
        "coordinates": [
          [
            [
              73.738625,
              19.9942405
            ],
            [
              73.7390274,
              19.9917199
            ],
            [
              73.7417364,
              19.9920829
            ],
            [
              73.7418115,
              19.9922341
            ],
            [
              73.7415755,
              19.9947546
            ],
            [
              73.738625,
              19.9942405
            ]
          ]
        ]
      },
      "id": "way/1466134524"
    },
    {
      "type": "Feature",
      "properties": {
        "@id": "way/1466134525",
        "landuse": "industrial"
      },
      "geometry": {
        "type": "Polygon",
        "coordinates": [
          [
            [
              73.7379384,
              19.9972147
            ],
            [
              73.7384534,
              19.9943715
            ],
            [
              73.7415218,
              19.994926
            ],
            [
              73.7416828,
              19.9977188
            ],
            [
              73.7390005,
              19.9974365
            ],
            [
              73.7379384,
              19.9972147
            ]
          ]
        ]
      },
      "id": "way/1466134525"
    },
    {
      "type": "Feature",
      "properties": {
        "@id": "way/1466134526",
        "landuse": "recreation_ground"
      },
      "geometry": {
        "type": "Polygon",
        "coordinates": [
          [
            [
              73.7402451,
              20.0016003
            ],
            [
              73.7395906,
              20.0016204
            ],
            [
              73.7394726,
              20.0008038
            ],
            [
              73.7387109,
              20.0009147
            ],
            [
              73.7384963,
              19.9997049
            ],
            [
              73.7400627,
              19.9995335
            ],
            [
              73.7402451,
              20.0016003
            ]
          ]
        ]
      },
      "id": "way/1466134526"
    },
    {
      "type": "Feature",
      "properties": {
        "@id": "way/1466134527",
        "landuse": "industrial"
      },
      "geometry": {
        "type": "Polygon",
        "coordinates": [
          [
            [
              73.7345588,
              20.0049776
            ],
            [
              73.740052,
              20.004282
            ],
            [
              73.7403631,
              20.0047861
            ],
            [
              73.7376916,
              20.0052397
            ],
            [
              73.7376702,
              20.0055623
            ],
            [
              73.7362647,
              20.0056228
            ],
            [
              73.7346983,
              20.0061571
            ],
            [
              73.7345588,
              20.0049776
            ]
          ]
        ]
      },
      "id": "way/1466134527"
    },
    {
      "type": "Feature",
      "properties": {
        "@id": "way/1466134528",
        "landuse": "industrial"
      },
      "geometry": {
        "type": "Polygon",
        "coordinates": [
          [
            [
              73.734253,
              20.0022909
            ],
            [
              73.7358463,
              20.0021497
            ],
            [
              73.736136,
              20.0021648
            ],
            [
              73.736726,
              20.0020917
            ],
            [
              73.7371123,
              20.0020439
            ],
            [
              73.7371346,
              20.0022281
            ],
            [
              73.7372732,
              20.0033696
            ],
            [
              73.7384657,
              20.0032469
            ],
            [
              73.7390864,
              20.0031831
            ],
            [
              73.7392688,
              20.0041912
            ],
            [
              73.7345695,
              20.0047608
            ],
            [
              73.734253,
              20.0022909
            ]
          ]
        ]
      },
      "id": "way/1466134528"
    },
    {
      "type": "Feature",
      "properties": {
        "@id": "way/1466134529",
        "landuse": "industrial"
      },
      "geometry": {
        "type": "Polygon",
        "coordinates": [
          [
            [
              73.7341136,
              20.0009954
            ],
            [
              73.735047,
              20.0008895
            ],
            [
              73.735224,
              20.000824
            ],
            [
              73.7359589,
              20.0007484
            ],
            [
              73.7360179,
              20.0010609
            ],
            [
              73.7361467,
              20.0019783
            ],
            [
              73.734237,
              20.0021548
            ],
            [
              73.7341136,
              20.0009954
            ]
          ]
        ]
      },
      "id": "way/1466134529"
    },
    {
      "type": "Feature",
      "properties": {
        "@id": "way/1466134530",
        "landuse": "industrial"
      },
      "geometry": {
        "type": "Polygon",
        "coordinates": [
          [
            [
              73.7350094,
              19.9991756
            ],
            [
              73.7371767,
              19.9989286
            ],
            [
              73.7371928,
              19.9990373
            ],
            [
              73.7372357,
              19.9993268
            ],
            [
              73.7362316,
              19.9994408
            ],
            [
              73.7358141,
              19.9994881
            ],
            [
              73.7359589,
              20.0006526
            ],
            [
              73.7351918,
              20.0007383
            ],
            [
              73.7350094,
              19.9991756
            ]
          ]
        ]
      },
      "id": "way/1466134530"
    },
    {
      "type": "Feature",
      "properties": {
        "@id": "way/1466134531",
        "landuse": "industrial"
      },
      "geometry": {
        "type": "Polygon",
        "coordinates": [
          [
            [
              73.7339204,
              19.999352
            ],
            [
              73.7348349,
              19.9992684
            ],
            [
              73.7349905,
              20.0007706
            ],
            [
              73.734076,
              20.0008542
            ],
            [
              73.7339204,
              19.999352
            ]
          ]
        ]
      },
      "id": "way/1466134531"
    },
    {
      "type": "Feature",
      "properties": {
        "@id": "way/1466134532",
        "landuse": "industrial"
      },
      "geometry": {
        "type": "Polygon",
        "coordinates": [
          [
            [
              73.7339848,
              19.996393
            ],
            [
              73.7376112,
              19.9974264
            ],
            [
              73.7374824,
              19.9982632
            ],
            [
              73.7375307,
              19.998732
            ],
            [
              73.7338668,
              19.9991101
            ],
            [
              73.7337649,
              19.9975524
            ],
            [
              73.7338239,
              19.9968063
            ],
            [
              73.7339848,
              19.996393
            ]
          ]
        ]
      },
      "id": "way/1466134532"
    },
    {
      "type": "Feature",
      "properties": {
        "@id": "way/1466134533",
        "landuse": "industrial"
      },
      "geometry": {
        "type": "Polygon",
        "coordinates": [
          [
            [
              73.7352562,
              19.993812
            ],
            [
              73.7382495,
              19.9943514
            ],
            [
              73.7376863,
              19.9972197
            ],
            [
              73.7341189,
              19.9962115
            ],
            [
              73.7347197,
              19.9951781
            ],
            [
              73.7352562,
              19.993812
            ]
          ]
        ]
      },
      "id": "way/1466134533"
    },
    {
      "type": "Feature",
      "properties": {
        "@id": "way/1466134534",
        "landuse": "industrial"
      },
      "geometry": {
        "type": "Polygon",
        "coordinates": [
          [
            [
              73.7308252,
              19.9963174
            ],
            [
              73.7305516,
              19.9932322
            ],
            [
              73.732354,
              19.993449
            ],
            [
              73.732295,
              19.9937867
            ],
            [
              73.7323916,
              19.9952587
            ],
            [
              73.733958,
              19.9952184
            ],
            [
              73.734355,
              19.9952335
            ],
            [
              73.7339204,
              19.9961208
            ],
            [
              73.7329012,
              19.9961611
            ],
            [
              73.7308252,
              19.9963174
            ]
          ]
        ]
      },
      "id": "way/1466134534"
    },
    {
      "type": "Feature",
      "properties": {
        "@id": "way/1466134535",
        "landuse": "industrial"
      },
      "geometry": {
        "type": "Polygon",
        "coordinates": [
          [
            [
              73.731308,
              20.0005316
            ],
            [
              73.7308144,
              19.9965795
            ],
            [
              73.7337327,
              19.996398
            ],
            [
              73.7334966,
              19.9969626
            ],
            [
              73.7337327,
              20.0003098
            ],
            [
              73.731308,
              20.0005316
            ]
          ]
        ]
      },
      "id": "way/1466134535"
    },
    {
      "type": "Feature",
      "properties": {
        "@id": "way/1466134536",
        "landuse": "industrial"
      },
      "geometry": {
        "type": "Polygon",
        "coordinates": [
          [
            [
              73.7257754,
              19.9963819
            ],
            [
              73.7277514,
              19.9961762
            ],
            [
              73.7302562,
              19.9959096
            ],
            [
              73.7307662,
              20.0006778
            ],
            [
              73.7262493,
              20.0011163
            ],
            [
              73.7257754,
              19.9963819
            ]
          ]
        ]
      },
      "id": "way/1466134536"
    },
    {
      "type": "Feature",
      "properties": {
        "@id": "way/1466134539",
        "landuse": "industrial"
      },
      "geometry": {
        "type": "Polygon",
        "coordinates": [
          [
            [
              73.7154186,
              19.9987017
            ],
            [
              73.7155164,
              19.9995559
            ],
            [
              73.7138212,
              19.9997273
            ],
            [
              73.7137234,
              19.9988731
            ],
            [
              73.7154186,
              19.9987017
            ]
          ]
        ]
      },
      "id": "way/1466134539"
    },
    {
      "type": "Feature",
      "properties": {
        "@id": "way/1466134540",
        "landuse": "industrial"
      },
      "geometry": {
        "type": "Polygon",
        "coordinates": [
          [
            [
              73.7218082,
              20.0014956
            ],
            [
              73.7192015,
              20.001723
            ],
            [
              73.7190624,
              20.0003606
            ],
            [
              73.7204772,
              20.0002695
            ],
            [
              73.7204879,
              20.0004308
            ],
            [
              73.7210351,
              20.0004005
            ],
            [
              73.7209117,
              19.9989941
            ],
            [
              73.7215662,
              19.998853
            ],
            [
              73.7218082,
              20.0014956
            ]
          ]
        ]
      },
      "id": "way/1466134540"
    },
    {
      "type": "Feature",
      "properties": {
        "@id": "way/1466134541",
        "landuse": "industrial"
      },
      "geometry": {
        "type": "Polygon",
        "coordinates": [
          [
            [
              73.7261088,
              20.0011065
            ],
            [
              73.7232135,
              20.001373
            ],
            [
              73.7229449,
              19.9985657
            ],
            [
              73.7235296,
              19.9985253
            ],
            [
              73.7236637,
              19.9996948
            ],
            [
              73.7246937,
              19.9996192
            ],
            [
              73.7247624,
              19.9995774
            ],
            [
              73.7247316,
              19.9992995
            ],
            [
              73.7244244,
              19.9965226
            ],
            [
              73.7255952,
              19.9964007
            ],
            [
              73.7261088,
              20.0011065
            ]
          ]
        ]
      },
      "id": "way/1466134541"
    },
    {
      "type": "Feature",
      "properties": {
        "@id": "way/1466134542",
        "landuse": "industrial",
        "name": "Mahindra & Mahindra"
      },
      "geometry": {
        "type": "Polygon",
        "coordinates": [
          [
            [
              73.7117218,
              19.9971089
            ],
            [
              73.7117493,
              19.9962367
            ],
            [
              73.7115991,
              19.9934036
            ],
            [
              73.7118244,
              19.9926172
            ],
            [
              73.7119988,
              19.9922366
            ],
            [
              73.7121436,
              19.9922492
            ],
            [
              73.7126479,
              19.9923173
            ],
            [
              73.7125862,
              19.99296
            ],
            [
              73.7144825,
              19.9931138
            ],
            [
              73.7157512,
              19.99327
            ],
            [
              73.7158987,
              19.9927735
            ],
            [
              73.7165961,
              19.9927735
            ],
            [
              73.717272,
              19.9926525
            ],
            [
              73.7172639,
              19.9923752
            ],
            [
              73.7168911,
              19.9923904
            ],
            [
              73.716875,
              19.9917854
            ],
            [
              73.7170467,
              19.9917678
            ],
            [
              73.7171647,
              19.991067
            ],
            [
              73.718648,
              19.9911275
            ],
            [
              73.7195733,
              19.9912183
            ],
            [
              73.7195277,
              19.9914401
            ],
            [
              73.7204606,
              19.9915669
            ],
            [
              73.7202358,
              19.9921938
            ],
            [
              73.7201822,
              19.9929197
            ],
            [
              73.7203871,
              19.9958891
            ],
            [
              73.7167007,
              19.9962367
            ],
            [
              73.7167301,
              19.9965456
            ],
            [
              73.71198,
              19.997013
            ],
            [
              73.7117218,
              19.9971089
            ]
          ]
        ]
      },
      "id": "way/1466134542"
    },
    {
      "type": "Feature",
      "properties": {
        "@id": "way/1466135602",
        "landuse": "orchard"
      },
      "geometry": {
        "type": "Polygon",
        "coordinates": [
          [
            [
              73.7671316,
              20.0069233
            ],
            [
              73.7683546,
              20.0064999
            ],
            [
              73.7691164,
              20.0081784
            ],
            [
              73.7677485,
              20.0087379
            ],
            [
              73.7671316,
              20.0069233
            ]
          ]
        ]
      },
      "id": "way/1466135602"
    },
    {
      "type": "Feature",
      "properties": {
        "@id": "way/1466135603",
        "landuse": "industrial"
      },
      "geometry": {
        "type": "Polygon",
        "coordinates": [
          [
            [
              73.7343427,
              19.9934494
            ],
            [
              73.7348233,
              19.9911973
            ],
            [
              73.7356639,
              19.9912863
            ],
            [
              73.735857,
              19.9915485
            ],
            [
              73.7350953,
              19.9935448
            ],
            [
              73.7343427,
              19.9934494
            ]
          ]
        ]
      },
      "id": "way/1466135603"
    },
    {
      "type": "Feature",
      "properties": {
        "@id": "way/1466136050",
        "amenity": "townhall",
        "check_date": "2026-01-25",
        "landuse": "commercial",
        "name": "Nashik Municipal Corporation",
        "office": "government",
        "short_name": "NMC",
        "website": "https://nmc.gov.in/"
      },
      "geometry": {
        "type": "Polygon",
        "coordinates": [
          [
            [
              73.7889969,
              20.0112935
            ],
            [
              73.7898928,
              20.0111121
            ],
            [
              73.7899384,
              20.0111776
            ],
            [
              73.789638,
              20.011664
            ],
            [
              73.7889969,
              20.0112935
            ]
          ]
        ]
      },
      "id": "way/1466136050"
    },
    {
      "type": "Feature",
      "properties": {
        "@id": "way/1466145702",
        "landuse": "industrial"
      },
      "geometry": {
        "type": "Polygon",
        "coordinates": [
          [
            [
              73.8640773,
              19.9638196
            ],
            [
              73.8611162,
              19.9655742
            ],
            [
              73.860333,
              19.9645053
            ],
            [
              73.8585305,
              19.9652213
            ],
            [
              73.8580155,
              19.9645255
            ],
            [
              73.8588631,
              19.9633557
            ],
            [
              73.8624251,
              19.9611775
            ],
            [
              73.8640773,
              19.9638196
            ]
          ]
        ]
      },
      "id": "way/1466145702"
    },
    {
      "type": "Feature",
      "properties": {
        "@id": "way/1466145703",
        "landuse": "industrial"
      },
      "geometry": {
        "type": "Polygon",
        "coordinates": [
          [
            [
              73.8599306,
              19.967465
            ],
            [
              73.8630795,
              19.9678532
            ],
            [
              73.8626343,
              19.9705909
            ],
            [
              73.8621542,
              19.9705317
            ],
            [
              73.8606709,
              19.9703489
            ],
            [
              73.8599306,
              19.967465
            ]
          ]
        ]
      },
      "id": "way/1466145703"
    },
    {
      "type": "Feature",
      "properties": {
        "@id": "way/1466145704",
        "landuse": "commercial"
      },
      "geometry": {
        "type": "Polygon",
        "coordinates": [
          [
            [
              73.8416219,
              19.9590245
            ],
            [
              73.8411498,
              19.9591254
            ],
            [
              73.8401842,
              19.9591859
            ],
            [
              73.839857,
              19.9578295
            ],
            [
              73.8413215,
              19.9575522
            ],
            [
              73.8416219,
              19.9590245
            ]
          ]
        ]
      },
      "id": "way/1466145704"
    },
    {
      "type": "Feature",
      "properties": {
        "@id": "way/1466145707",
        "landuse": "commercial"
      },
      "geometry": {
        "type": "Polygon",
        "coordinates": [
          [
            [
              73.8421208,
              19.9530242
            ],
            [
              73.8422581,
              19.95364
            ],
            [
              73.840697,
              19.9539476
            ],
            [
              73.8405597,
              19.9533317
            ],
            [
              73.8421208,
              19.9530242
            ]
          ]
        ]
      },
      "id": "way/1466145707"
    },
    {
      "type": "Feature",
      "properties": {
        "@id": "way/1466145708",
        "landuse": "commercial"
      },
      "geometry": {
        "type": "Polygon",
        "coordinates": [
          [
            [
              73.8417131,
              19.9541335
            ],
            [
              73.8420245,
              19.9559338
            ],
            [
              73.8411766,
              19.9561
            ],
            [
              73.840785,
              19.9543553
            ],
            [
              73.8417131,
              19.9541335
            ]
          ]
        ]
      },
      "id": "way/1466145708"
    },
    {
      "type": "Feature",
      "properties": {
        "@id": "way/1466145710",
        "landuse": "industrial"
      },
      "geometry": {
        "type": "Polygon",
        "coordinates": [
          [
            [
              73.8433653,
              19.9606985
            ],
            [
              73.8421959,
              19.9606481
            ],
            [
              73.8411766,
              19.9561
            ],
            [
              73.8420245,
              19.9559338
            ],
            [
              73.8426948,
              19.9558025
            ],
            [
              73.8426197,
              19.95551
            ],
            [
              73.8428169,
              19.955474
            ],
            [
              73.8436121,
              19.9553285
            ],
            [
              73.8448995,
              19.9607943
            ],
            [
              73.8442558,
              19.9609103
            ],
            [
              73.8441271,
              19.9607842
            ],
            [
              73.8433653,
              19.9606985
            ]
          ]
        ]
      },
      "id": "way/1466145710"
    },
    {
      "type": "Feature",
      "properties": {
        "@id": "way/1466145711",
        "landuse": "commercial"
      },
      "geometry": {
        "type": "Polygon",
        "coordinates": [
          [
            [
              73.8360536,
              19.9493532
            ],
            [
              73.8369977,
              19.9492726
            ],
            [
              73.8370728,
              19.9502559
            ],
            [
              73.8360107,
              19.9503214
            ],
            [
              73.8360536,
              19.9493532
            ]
          ]
        ]
      },
      "id": "way/1466145711"
    },
    {
      "type": "Feature",
      "properties": {
        "@id": "way/1466145719",
        "landuse": "industrial"
      },
      "geometry": {
        "type": "Polygon",
        "coordinates": [
          [
            [
              73.8395339,
              19.9408075
            ],
            [
              73.8403028,
              19.9436925
            ],
            [
              73.8405924,
              19.9439421
            ],
            [
              73.8408027,
              19.9441645
            ],
            [
              73.8410672,
              19.9444741
            ],
            [
              73.8414615,
              19.945223
            ],
            [
              73.8415789,
              19.9459697
            ],
            [
              73.8403988,
              19.9459899
            ],
            [
              73.839637,
              19.9446182
            ],
            [
              73.8370299,
              19.9419254
            ],
            [
              73.8395339,
              19.9408075
            ]
          ]
        ]
      },
      "id": "way/1466145719"
    },
    {
      "type": "Feature",
      "properties": {
        "@id": "way/1466145723",
        "landuse": "residential",
        "name": "Nayanthara Apartments",
        "residential": "apartments"
      },
      "geometry": {
        "type": "Polygon",
        "coordinates": [
          [
            [
              73.7766802,
              19.972164
            ],
            [
              73.776809,
              19.9729455
            ],
            [
              73.7750709,
              19.9733589
            ],
            [
              73.7748402,
              19.9724514
            ],
            [
              73.7766802,
              19.972164
            ]
          ]
        ]
      },
      "id": "way/1466145723"
    },
    {
      "type": "Feature",
      "properties": {
        "@id": "way/1466145725",
        "landuse": "commercial"
      },
      "geometry": {
        "type": "Polygon",
        "coordinates": [
          [
            [
              73.7859043,
              20.0009323
            ],
            [
              73.7866098,
              20.0008744
            ],
            [
              73.7868994,
              20.0009903
            ],
            [
              73.7870631,
              20.0011516
            ],
            [
              73.7872642,
              20.0018422
            ],
            [
              73.7872428,
              20.0018825
            ],
            [
              73.7859097,
              20.0019254
            ],
            [
              73.7858561,
              20.001754
            ],
            [
              73.7858051,
              20.0010584
            ],
            [
              73.7859043,
              20.0009323
            ]
          ]
        ]
      },
      "id": "way/1466145725"
    },
    {
      "type": "Feature",
      "properties": {
        "@id": "way/1466145726",
        "landuse": "commercial"
      },
      "geometry": {
        "type": "Polygon",
        "coordinates": [
          [
            [
              73.7828064,
              19.9987698
            ],
            [
              73.7840992,
              19.9986589
            ],
            [
              73.7841958,
              19.9990042
            ],
            [
              73.7834501,
              19.9990748
            ],
            [
              73.7834743,
              20.000393
            ],
            [
              73.7824658,
              20.0003073
            ],
            [
              73.7819239,
              19.998858
            ],
            [
              73.7828064,
              19.9987698
            ]
          ]
        ]
      },
      "id": "way/1466145726"
    },
    {
      "type": "Feature",
      "properties": {
        "@id": "way/1466145727",
        "landuse": "commercial"
      },
      "geometry": {
        "type": "Polygon",
        "coordinates": [
          [
            [
              73.7814787,
              19.9976205
            ],
            [
              73.7815887,
              19.9975146
            ],
            [
              73.7816825,
              19.9975096
            ],
            [
              73.782168,
              19.9976205
            ],
            [
              73.7824443,
              19.9982884
            ],
            [
              73.7817898,
              19.9985203
            ],
            [
              73.7814787,
              19.9976205
            ]
          ]
        ]
      },
      "id": "way/1466145727"
    },
    {
      "type": "Feature",
      "properties": {
        "@id": "way/1466145728",
        "landuse": "commercial"
      },
      "geometry": {
        "type": "Polygon",
        "coordinates": [
          [
            [
              73.7824067,
              19.9976683
            ],
            [
              73.7837639,
              19.9979607
            ],
            [
              73.7839866,
              19.9982052
            ],
            [
              73.7840992,
              19.9986589
            ],
            [
              73.7828064,
              19.9987698
            ],
            [
              73.7824067,
              19.9976683
            ]
          ]
        ]
      },
      "id": "way/1466145728"
    },
    {
      "type": "Feature",
      "properties": {
        "@id": "way/1466145729",
        "landuse": "commercial"
      },
      "geometry": {
        "type": "Polygon",
        "coordinates": [
          [
            [
              73.7824282,
              19.9974239
            ],
            [
              73.7825478,
              19.9970011
            ],
            [
              73.7833551,
              19.9972028
            ],
            [
              73.7832355,
              19.9976255
            ],
            [
              73.7824282,
              19.9974239
            ]
          ]
        ]
      },
      "id": "way/1466145729"
    },
    {
      "type": "Feature",
      "properties": {
        "@id": "way/1466145730",
        "landuse": "cemetery"
      },
      "geometry": {
        "type": "Polygon",
        "coordinates": [
          [
            [
              73.7871945,
              19.9994176
            ],
            [
              73.7876183,
              19.9993369
            ],
            [
              73.7881762,
              19.9994982
            ],
            [
              73.7881869,
              19.999841
            ],
            [
              73.7886643,
              19.999846
            ],
            [
              73.7883908,
              20.0001535
            ],
            [
              73.7876826,
              20.0001586
            ],
            [
              73.7876129,
              20.0000073
            ],
            [
              73.7872696,
              20.0000376
            ],
            [
              73.7871945,
              19.9994176
            ]
          ]
        ]
      },
      "id": "way/1466145730"
    },
    {
      "type": "Feature",
      "properties": {
        "@id": "way/1466146691",
        "landuse": "industrial"
      },
      "geometry": {
        "type": "Polygon",
        "coordinates": [
          [
            [
              73.7911266,
              19.9943967
            ],
            [
              73.7924945,
              19.9941749
            ],
            [
              73.792575,
              19.9944421
            ],
            [
              73.7923443,
              19.9947143
            ],
            [
              73.7920278,
              19.9954856
            ],
            [
              73.7911266,
              19.9943967
            ]
          ]
        ]
      },
      "id": "way/1466146691"
    },
    {
      "type": "Feature",
      "properties": {
        "@id": "way/1466146692",
        "landuse": "religious",
        "religion": "jain"
      },
      "geometry": {
        "type": "Polygon",
        "coordinates": [
          [
            [
              73.7878664,
              19.9941585
            ],
            [
              73.7883572,
              19.9942039
            ],
            [
              73.7883465,
              19.9943299
            ],
            [
              73.7879415,
              19.9943425
            ],
            [
              73.7878664,
              19.9941585
            ]
          ]
        ]
      },
      "id": "way/1466146692"
    },
    {
      "type": "Feature",
      "properties": {
        "@id": "way/1466151415",
        "landuse": "religious",
        "name": "Shri Shringeri Shankaracharya Mutt",
        "religion": "hindu",
        "start_date": "1740",
        "website": "https://www.sringeri.net/branches/maharashtra/nasik"
      },
      "geometry": {
        "type": "Polygon",
        "coordinates": [
          [
            [
              73.794229,
              20.0058145
            ],
            [
              73.7945087,
              20.0058116
            ],
            [
              73.7945144,
              20.0063006
            ],
            [
              73.7942347,
              20.0063035
            ],
            [
              73.794229,
              20.0058145
            ]
          ]
        ]
      },
      "id": "way/1466151415"
    },
    {
      "type": "Feature",
      "properties": {
        "@id": "way/1466151416",
        "landuse": "industrial"
      },
      "geometry": {
        "type": "Polygon",
        "coordinates": [
          [
            [
              73.7988016,
              20.0031861
            ],
            [
              73.7988176,
              20.0033287
            ],
            [
              73.7988164,
              20.0039116
            ],
            [
              73.7984649,
              20.0039697
            ],
            [
              73.7984008,
              20.0032133
            ],
            [
              73.7988016,
              20.0031861
            ]
          ]
        ]
      },
      "id": "way/1466151416"
    },
    {
      "type": "Feature",
      "properties": {
        "@id": "way/1466151431",
        "landuse": "industrial"
      },
      "geometry": {
        "type": "Polygon",
        "coordinates": [
          [
            [
              73.7991179,
              19.997038
            ],
            [
              73.7992644,
              19.9973457
            ],
            [
              73.798846,
              19.997497
            ],
            [
              73.7988567,
              19.9975499
            ],
            [
              73.7985565,
              19.9975937
            ],
            [
              73.7984434,
              19.9972854
            ],
            [
              73.7991179,
              19.997038
            ]
          ]
        ]
      },
      "id": "way/1466151431"
    },
    {
      "type": "Feature",
      "properties": {
        "@id": "way/1466151432",
        "landuse": "industrial"
      },
      "geometry": {
        "type": "Polygon",
        "coordinates": [
          [
            [
              73.8014233,
              19.9975924
            ],
            [
              73.8009435,
              19.9969576
            ],
            [
              73.8007128,
              19.9970433
            ],
            [
              73.8002631,
              19.9963325
            ],
            [
              73.8004175,
              19.9961411
            ],
            [
              73.801358,
              19.9967074
            ],
            [
              73.8020079,
              19.9974255
            ],
            [
              73.8020939,
              19.997542
            ],
            [
              73.8014233,
              19.9975924
            ]
          ]
        ]
      },
      "id": "way/1466151432"
    },
    {
      "type": "Feature",
      "properties": {
        "@id": "way/1466151442",
        "landuse": "commercial"
      },
      "geometry": {
        "type": "Polygon",
        "coordinates": [
          [
            [
              73.791191,
              20.0107945
            ],
            [
              73.7916362,
              20.0109205
            ],
            [
              73.7910944,
              20.0118379
            ],
            [
              73.7913895,
              20.011969
            ],
            [
              73.791368,
              20.0121958
            ],
            [
              73.7922102,
              20.0120496
            ],
            [
              73.7921941,
              20.0126948
            ],
            [
              73.7914646,
              20.0130577
            ],
            [
              73.7912071,
              20.0131283
            ],
            [
              73.7910837,
              20.0130728
            ],
            [
              73.7903809,
              20.0123722
            ],
            [
              73.790676,
              20.0117673
            ],
            [
              73.791191,
              20.0107945
            ]
          ]
        ]
      },
      "id": "way/1466151442"
    },
    {
      "type": "Feature",
      "properties": {
        "@id": "way/1466153320",
        "landuse": "farmyard",
        "name": "Shree Nasik Panchavati Panjrapole",
        "start_date": "1878",
        "website": "https://www.snpp.in/"
      },
      "geometry": {
        "type": "Polygon",
        "coordinates": [
          [
            [
              73.7967136,
              20.0095016
            ],
            [
              73.7971804,
              20.009489
            ],
            [
              73.7971804,
              20.0095419
            ],
            [
              73.7977034,
              20.0099401
            ],
            [
              73.7977168,
              20.0103787
            ],
            [
              73.7968826,
              20.0108777
            ],
            [
              73.7968156,
              20.0101014
            ],
            [
              73.7967136,
              20.0095016
            ]
          ]
        ]
      },
      "id": "way/1466153320"
    },
    {
      "type": "Feature",
      "properties": {
        "@id": "way/1466159425",
        "landuse": "industrial"
      },
      "geometry": {
        "type": "Polygon",
        "coordinates": [
          [
            [
              73.8049722,
              19.9974869
            ],
            [
              73.8051063,
              19.998979
            ],
            [
              73.8044411,
              19.999105
            ],
            [
              73.8044411,
              19.9989185
            ],
            [
              73.8037491,
              19.9989437
            ],
            [
              73.8035345,
              19.9982682
            ],
            [
              73.8034218,
              19.9975574
            ],
            [
              73.8049722,
              19.9974869
            ]
          ]
        ]
      },
      "id": "way/1466159425"
    },
    {
      "type": "Feature",
      "properties": {
        "@id": "way/1466159426",
        "landuse": "industrial"
      },
      "geometry": {
        "type": "Polygon",
        "coordinates": [
          [
            [
              73.8059914,
              19.9974415
            ],
            [
              73.8069946,
              19.9974516
            ],
            [
              73.8071662,
              19.9988278
            ],
            [
              73.8073111,
              19.9989639
            ],
            [
              73.8073432,
              19.9991706
            ],
            [
              73.8054335,
              19.9994428
            ],
            [
              73.8053477,
              19.9990034
            ],
            [
              73.8059997,
              19.9989626
            ],
            [
              73.8061684,
              19.9989185
            ],
            [
              73.8059914,
              19.9974415
            ]
          ]
        ]
      },
      "id": "way/1466159426"
    },
    {
      "type": "Feature",
      "properties": {
        "@id": "way/1466159436",
        "landuse": "industrial"
      },
      "geometry": {
        "type": "Polygon",
        "coordinates": [
          [
            [
              73.8788617,
              20.0521821
            ],
            [
              73.8786471,
              20.0513154
            ],
            [
              73.8794196,
              20.051144
            ],
            [
              73.8798702,
              20.050751
            ],
            [
              73.8808358,
              20.0518092
            ],
            [
              73.8788617,
              20.0521821
            ]
          ]
        ]
      },
      "id": "way/1466159436"
    },
    {
      "type": "Feature",
      "properties": {
        "@id": "way/1466159437",
        "landuse": "industrial"
      },
      "geometry": {
        "type": "Polygon",
        "coordinates": [
          [
            [
              73.8844621,
              20.0538854
            ],
            [
              73.8837111,
              20.0545102
            ],
            [
              73.8832497,
              20.0540668
            ],
            [
              73.8839793,
              20.0533412
            ],
            [
              73.8844621,
              20.0538854
            ]
          ]
        ]
      },
      "id": "way/1466159437"
    },
    {
      "type": "Feature",
      "properties": {
        "@id": "way/1466159438",
        "landuse": "industrial"
      },
      "geometry": {
        "type": "Polygon",
        "coordinates": [
          [
            [
              73.8855028,
              20.0564654
            ],
            [
              73.8843119,
              20.0551754
            ],
            [
              73.8853419,
              20.0539862
            ],
            [
              73.8855886,
              20.0539761
            ],
            [
              73.8858998,
              20.0559414
            ],
            [
              73.8855028,
              20.0564654
            ]
          ]
        ]
      },
      "id": "way/1466159438"
    },
    {
      "type": "Feature",
      "properties": {
        "@id": "way/1466159439",
        "landuse": "industrial"
      },
      "geometry": {
        "type": "Polygon",
        "coordinates": [
          [
            [
              73.8885498,
              20.0537846
            ],
            [
              73.8891828,
              20.053835
            ],
            [
              73.8892364,
              20.0563344
            ],
            [
              73.8886464,
              20.0596703
            ],
            [
              73.886801,
              20.0577252
            ],
            [
              73.8861358,
              20.0571407
            ],
            [
              73.8862002,
              20.0569089
            ],
            [
              73.8868546,
              20.0571407
            ],
            [
              73.8870156,
              20.056153
            ],
            [
              73.8874018,
              20.0562135
            ],
            [
              73.8881314,
              20.0562336
            ],
            [
              73.8885391,
              20.0555685
            ],
            [
              73.8883567,
              20.0545102
            ],
            [
              73.8883889,
              20.0540164
            ],
            [
              73.8885498,
              20.0537846
            ]
          ]
        ]
      },
      "id": "way/1466159439"
    },
    {
      "type": "Feature",
      "properties": {
        "@id": "way/1466159440",
        "landuse": "industrial"
      },
      "geometry": {
        "type": "Polygon",
        "coordinates": [
          [
            [
              73.8958561,
              20.0879717
            ],
            [
              73.8941073,
              20.0877248
            ],
            [
              73.8944292,
              20.0871303
            ],
            [
              73.8947725,
              20.0866668
            ],
            [
              73.8957569,
              20.0866796
            ],
            [
              73.895781,
              20.086954
            ],
            [
              73.8958561,
              20.0879717
            ]
          ]
        ]
      },
      "id": "way/1466159440"
    },
    {
      "type": "Feature",
      "properties": {
        "@id": "way/1466159441",
        "landuse": "industrial"
      },
      "geometry": {
        "type": "Polygon",
        "coordinates": [
          [
            [
              73.8923746,
              20.0862361
            ],
            [
              73.8932946,
              20.0861328
            ],
            [
              73.8935253,
              20.0869187
            ],
            [
              73.8941798,
              20.0869817
            ],
            [
              73.8938069,
              20.087745
            ],
            [
              73.8932919,
              20.0902338
            ],
            [
              73.8929486,
              20.0902439
            ],
            [
              73.8923746,
              20.0862361
            ]
          ]
        ]
      },
      "id": "way/1466159441"
    },
    {
      "type": "Feature",
      "properties": {
        "@id": "way/1466159443",
        "landuse": "industrial"
      },
      "geometry": {
        "type": "Polygon",
        "coordinates": [
          [
            [
              73.8901591,
              20.0797242
            ],
            [
              73.8912105,
              20.0806512
            ],
            [
              73.8917577,
              20.0809938
            ],
            [
              73.8929915,
              20.0819108
            ],
            [
              73.8946116,
              20.0829285
            ],
            [
              73.8965964,
              20.083916
            ],
            [
              73.8955879,
              20.0851151
            ],
            [
              73.8952124,
              20.0849035
            ],
            [
              73.8935494,
              20.0847725
            ],
            [
              73.8937747,
              20.084309
            ],
            [
              73.8918435,
              20.0838052
            ],
            [
              73.8918006,
              20.0827673
            ],
            [
              73.8899982,
              20.0824751
            ],
            [
              73.8901591,
              20.0797242
            ]
          ]
        ]
      },
      "id": "way/1466159443"
    },
    {
      "type": "Feature",
      "properties": {
        "@id": "way/1466159444",
        "landuse": "industrial"
      },
      "geometry": {
        "type": "Polygon",
        "coordinates": [
          [
            [
              73.8901698,
              20.0785956
            ],
            [
              73.8917148,
              20.0783839
            ],
            [
              73.891747,
              20.0792002
            ],
            [
              73.8939679,
              20.0787366
            ],
            [
              73.8948798,
              20.078525
            ],
            [
              73.8949227,
              20.075905
            ],
            [
              73.8975942,
              20.076812
            ],
            [
              73.8992572,
              20.0774871
            ],
            [
              73.8990426,
              20.0780816
            ],
            [
              73.9002228,
              20.0788172
            ],
            [
              73.8998258,
              20.0797846
            ],
            [
              73.8993001,
              20.0805706
            ],
            [
              73.8962316,
              20.0795327
            ],
            [
              73.8948476,
              20.0798955
            ],
            [
              73.8947296,
              20.0798148
            ],
            [
              73.8940751,
              20.0798955
            ],
            [
              73.8940537,
              20.080228
            ],
            [
              73.8932383,
              20.0803086
            ],
            [
              73.8909852,
              20.0801675
            ],
            [
              73.8903952,
              20.0795327
            ],
            [
              73.8901484,
              20.0794924
            ],
            [
              73.8901698,
              20.0785956
            ]
          ]
        ]
      },
      "id": "way/1466159444"
    },
    {
      "type": "Feature",
      "properties": {
        "@id": "way/1466159445",
        "landuse": "industrial"
      },
      "geometry": {
        "type": "Polygon",
        "coordinates": [
          [
            [
              73.8865328,
              20.0797745
            ],
            [
              73.8874233,
              20.0797544
            ],
            [
              73.8875842,
              20.0803892
            ],
            [
              73.8880241,
              20.0804194
            ],
            [
              73.8883781,
              20.0792002
            ],
            [
              73.8889789,
              20.0793009
            ],
            [
              73.8891613,
              20.0787971
            ],
            [
              73.8887536,
              20.0782731
            ],
            [
              73.8893545,
              20.0780816
            ],
            [
              73.8899875,
              20.0782026
            ],
            [
              73.8899982,
              20.0798451
            ],
            [
              73.889848,
              20.0817092
            ],
            [
              73.8868761,
              20.0814473
            ],
            [
              73.8865328,
              20.0797745
            ]
          ]
        ]
      },
      "id": "way/1466159445"
    },
    {
      "type": "Feature",
      "properties": {
        "@id": "way/1466159447",
        "landuse": "industrial"
      },
      "geometry": {
        "type": "Polygon",
        "coordinates": [
          [
            [
              73.8898668,
              20.0696093
            ],
            [
              73.8902879,
              20.0689165
            ],
            [
              73.8906419,
              20.0702518
            ],
            [
              73.890878,
              20.070806
            ],
            [
              73.8900465,
              20.0707909
            ],
            [
              73.890025,
              20.0703425
            ],
            [
              73.8898668,
              20.0696093
            ]
          ]
        ]
      },
      "id": "way/1466159447"
    },
    {
      "type": "Feature",
      "properties": {
        "@id": "way/1466159448",
        "landuse": "industrial"
      },
      "geometry": {
        "type": "Polygon",
        "coordinates": [
          [
            [
              73.8898909,
              20.0702619
            ],
            [
              73.8898694,
              20.0710882
            ],
            [
              73.8891721,
              20.0711083
            ],
            [
              73.8891613,
              20.0702417
            ],
            [
              73.8898909,
              20.0702619
            ]
          ]
        ]
      },
      "id": "way/1466159448"
    },
    {
      "type": "Feature",
      "properties": {
        "@id": "way/1466159449",
        "landuse": "industrial"
      },
      "geometry": {
        "type": "Polygon",
        "coordinates": [
          [
            [
              73.8876271,
              20.063782
            ],
            [
              73.8874984,
              20.0629859
            ],
            [
              73.8890219,
              20.0627642
            ],
            [
              73.8891184,
              20.0635099
            ],
            [
              73.8876271,
              20.063782
            ]
          ]
        ]
      },
      "id": "way/1466159449"
    },
    {
      "type": "Feature",
      "properties": {
        "@id": "way/1466159450",
        "landuse": "industrial"
      },
      "geometry": {
        "type": "Polygon",
        "coordinates": [
          [
            [
              73.8869512,
              20.0666743
            ],
            [
              73.8894832,
              20.0652937
            ],
            [
              73.8899124,
              20.0669766
            ],
            [
              73.8896978,
              20.0693146
            ],
            [
              73.8883138,
              20.0694657
            ],
            [
              73.8874447,
              20.0679642
            ],
            [
              73.8864791,
              20.0682262
            ],
            [
              73.8862431,
              20.0676518
            ],
            [
              73.887198,
              20.0674805
            ],
            [
              73.8869512,
              20.0666743
            ]
          ]
        ]
      },
      "id": "way/1466159450"
    },
    {
      "type": "Feature",
      "properties": {
        "@id": "way/1466159451",
        "landuse": "industrial"
      },
      "geometry": {
        "type": "Polygon",
        "coordinates": [
          [
            [
              73.8891399,
              20.0619882
            ],
            [
              73.8900411,
              20.0617665
            ],
            [
              73.893764,
              20.0652735
            ],
            [
              73.8957274,
              20.0667448
            ],
            [
              73.8947725,
              20.0677425
            ],
            [
              73.8951802,
              20.0681154
            ],
            [
              73.894633,
              20.0686797
            ],
            [
              73.8930452,
              20.0682363
            ],
            [
              73.8929701,
              20.0663518
            ],
            [
              73.8930988,
              20.0654348
            ],
            [
              73.891511,
              20.0652735
            ],
            [
              73.8905454,
              20.0657572
            ],
            [
              73.8908887,
              20.0680549
            ],
            [
              73.8900411,
              20.0682161
            ],
            [
              73.8901162,
              20.0669968
            ],
            [
              73.8899875,
              20.0664324
            ],
            [
              73.8893437,
              20.0641247
            ],
            [
              73.8891399,
              20.0619882
            ]
          ]
        ]
      },
      "id": "way/1466159451"
    },
    {
      "type": "Feature",
      "properties": {
        "@id": "way/1466159452",
        "landuse": "industrial"
      },
      "geometry": {
        "type": "Polygon",
        "coordinates": [
          [
            [
              73.8912964,
              20.0613835
            ],
            [
              73.892262,
              20.0611618
            ],
            [
              73.8944399,
              20.0599927
            ],
            [
              73.895619,
              20.059586
            ],
            [
              73.8961405,
              20.0623862
            ],
            [
              73.8962424,
              20.0630866
            ],
            [
              73.8953358,
              20.0630564
            ],
            [
              73.8950407,
              20.0644068
            ],
            [
              73.8945043,
              20.0643917
            ],
            [
              73.8943112,
              20.0651727
            ],
            [
              73.8908404,
              20.0619075
            ],
            [
              73.8914412,
              20.0618068
            ],
            [
              73.8912964,
              20.0613835
            ]
          ]
        ]
      },
      "id": "way/1466159452"
    },
    {
      "type": "Feature",
      "properties": {
        "@id": "way/1466159453",
        "landuse": "industrial"
      },
      "geometry": {
        "type": "Polygon",
        "coordinates": [
          [
            [
              73.8962209,
              20.0594586
            ],
            [
              73.8989031,
              20.0589547
            ],
            [
              73.8995254,
              20.0598819
            ],
            [
              73.9000404,
              20.0624114
            ],
            [
              73.8994825,
              20.0616254
            ],
            [
              73.8965428,
              20.0619579
            ],
            [
              73.8962209,
              20.0594586
            ]
          ]
        ]
      },
      "id": "way/1466159453"
    },
    {
      "type": "Feature",
      "properties": {
        "@id": "way/1466159456",
        "landuse": "quarry"
      },
      "geometry": {
        "type": "Polygon",
        "coordinates": [
          [
            [
              73.8067102,
              20.0700704
            ],
            [
              73.8084268,
              20.0709773
            ],
            [
              73.8091242,
              20.0712494
            ],
            [
              73.8097894,
              20.0713502
            ],
            [
              73.8100684,
              20.0718339
            ],
            [
              73.8099503,
              20.0724184
            ],
            [
              73.8104352,
              20.072455
            ],
            [
              73.8106254,
              20.0726911
            ],
            [
              73.8107872,
              20.072892
            ],
            [
              73.8119995,
              20.074071
            ],
            [
              73.813684,
              20.0750384
            ],
            [
              73.8144994,
              20.0744943
            ],
            [
              73.8161516,
              20.0743633
            ],
            [
              73.8162267,
              20.076026
            ],
            [
              73.8155723,
              20.0783336
            ],
            [
              73.8141775,
              20.0788878
            ],
            [
              73.812536,
              20.0789281
            ],
            [
              73.8111305,
              20.0784948
            ],
            [
              73.8112807,
              20.0777793
            ],
            [
              73.8080621,
              20.0786762
            ],
            [
              73.8049614,
              20.0794924
            ],
            [
              73.8053691,
              20.0787467
            ],
            [
              73.8075364,
              20.0782429
            ],
            [
              73.8101274,
              20.0775677
            ],
            [
              73.8109213,
              20.0776483
            ],
            [
              73.8112861,
              20.0775325
            ],
            [
              73.8114041,
              20.0771445
            ],
            [
              73.8110501,
              20.0767565
            ],
            [
              73.8088828,
              20.0759705
            ],
            [
              73.8074934,
              20.0756229
            ],
            [
              73.8057607,
              20.0747361
            ],
            [
              73.8059807,
              20.0740206
            ],
            [
              73.8074076,
              20.0741516
            ],
            [
              73.8078582,
              20.0726905
            ],
            [
              73.8091349,
              20.0730129
            ],
            [
              73.8093066,
              20.0719951
            ],
            [
              73.806442,
              20.0710176
            ],
            [
              73.8067102,
              20.0700704
            ]
          ]
        ]
      },
      "id": "way/1466159456"
    },
    {
      "type": "Feature",
      "properties": {
        "@id": "way/1466159464",
        "landuse": "orchard"
      },
      "geometry": {
        "type": "Polygon",
        "coordinates": [
          [
            [
              73.8014692,
              20.003415
            ],
            [
              73.8023061,
              20.0033696
            ],
            [
              73.8023329,
              20.0041106
            ],
            [
              73.8008791,
              20.004156
            ],
            [
              73.800863,
              20.0037426
            ],
            [
              73.8014317,
              20.0037224
            ],
            [
              73.8014692,
              20.003415
            ]
          ]
        ]
      },
      "id": "way/1466159464"
    },
    {
      "type": "Feature",
      "properties": {
        "@id": "way/1466161769",
        "landuse": "religious",
        "name": "Shree Dharmachakra Prabhav Shwetamber Jain Tirth",
        "religion": "jain",
        "website": "https://www.jaintirth.in/india-shwetamber/maharashtra/shree-dharmachakra-prabhav-shwetamber"
      },
      "geometry": {
        "type": "Polygon",
        "coordinates": [
          [
            [
              73.7193346,
              19.9317236
            ],
            [
              73.7187713,
              19.9317337
            ],
            [
              73.7181008,
              19.9321422
            ],
            [
              73.7175429,
              19.9313555
            ],
            [
              73.7205416,
              19.9294491
            ],
            [
              73.7210298,
              19.9298274
            ],
            [
              73.7210735,
              19.9299449
            ],
            [
              73.7211049,
              19.9300291
            ],
            [
              73.7212926,
              19.9301754
            ],
            [
              73.7193292,
              19.9313706
            ],
            [
              73.7193346,
              19.9317236
            ]
          ]
        ]
      },
      "id": "way/1466161769"
    },
    {
      "type": "Feature",
      "properties": {
        "@id": "way/1466161770",
        "landuse": "farmyard"
      },
      "geometry": {
        "type": "Polygon",
        "coordinates": [
          [
            [
              73.7168455,
              19.9327373
            ],
            [
              73.7181544,
              19.9322783
            ],
            [
              73.7181008,
              19.9321422
            ],
            [
              73.7187713,
              19.9317337
            ],
            [
              73.7193346,
              19.9317236
            ],
            [
              73.7193453,
              19.9330751
            ],
            [
              73.716647,
              19.933877
            ],
            [
              73.7168455,
              19.9327373
            ]
          ]
        ]
      },
      "id": "way/1466161770"
    },
    {
      "type": "Feature",
      "properties": {
        "@id": "way/1466161772",
        "landuse": "religious",
        "name": "Buddha Smarak",
        "religion": "buddhist",
        "tourism": "attraction"
      },
      "geometry": {
        "type": "Polygon",
        "coordinates": [
          [
            [
              73.7489623,
              19.943766
            ],
            [
              73.7487692,
              19.9438316
            ],
            [
              73.7488899,
              19.9446989
            ],
            [
              73.74823,
              19.9449006
            ],
            [
              73.7481254,
              19.9449082
            ],
            [
              73.7478304,
              19.9447468
            ],
            [
              73.7477069,
              19.9448343
            ],
            [
              73.7476777,
              19.9447847
            ],
            [
              73.7473315,
              19.9441795
            ],
            [
              73.7473315,
              19.9438618
            ],
            [
              73.7479373,
              19.9429599
            ],
            [
              73.7486833,
              19.9434332
            ],
            [
              73.7489623,
              19.943766
            ]
          ]
        ]
      },
      "id": "way/1466161772"
    },
    {
      "type": "Feature",
      "properties": {
        "@id": "way/1466161775",
        "landuse": "industrial"
      },
      "geometry": {
        "type": "Polygon",
        "coordinates": [
          [
            [
              73.7307286,
              19.9367716
            ],
            [
              73.7320644,
              19.9370843
            ],
            [
              73.7319732,
              19.937755
            ],
            [
              73.7305462,
              19.9374625
            ],
            [
              73.7307286,
              19.9367716
            ]
          ]
        ]
      },
      "id": "way/1466161775"
    },
    {
      "type": "Feature",
      "properties": {
        "@id": "way/1466161776",
        "landuse": "industrial"
      },
      "geometry": {
        "type": "Polygon",
        "coordinates": [
          [
            [
              73.7317693,
              19.9334635
            ],
            [
              73.7313509,
              19.9334332
            ],
            [
              73.7313187,
              19.9291062
            ],
            [
              73.7310827,
              19.9291062
            ],
            [
              73.7311149,
              19.9287734
            ],
            [
              73.73178,
              19.9288036
            ],
            [
              73.7317713,
              19.9325989
            ],
            [
              73.7317705,
              19.9329443
            ],
            [
              73.7317704,
              19.932967
            ],
            [
              73.7317693,
              19.9334635
            ]
          ]
        ]
      },
      "id": "way/1466161776"
    },
    {
      "type": "Feature",
      "properties": {
        "@id": "way/1466161777",
        "landuse": "industrial"
      },
      "geometry": {
        "type": "Polygon",
        "coordinates": [
          [
            [
              73.7266731,
              19.9301653
            ],
            [
              73.7288403,
              19.9305284
            ],
            [
              73.7283468,
              19.9316076
            ],
            [
              73.7280786,
              19.9314967
            ],
            [
              73.7274456,
              19.931537
            ],
            [
              73.7269843,
              19.9320413
            ],
            [
              73.7268984,
              19.9325255
            ],
            [
              73.7259757,
              19.932233
            ],
            [
              73.7266731,
              19.9301653
            ]
          ]
        ]
      },
      "id": "way/1466161777"
    },
    {
      "type": "Feature",
      "properties": {
        "@id": "way/1466161778",
        "landuse": "industrial"
      },
      "geometry": {
        "type": "Polygon",
        "coordinates": [
          [
            [
              73.7216735,
              19.9253742
            ],
            [
              73.7217057,
              19.9251927
            ],
            [
              73.7224781,
              19.9249002
            ],
            [
              73.7237334,
              19.9248901
            ],
            [
              73.7248063,
              19.9250313
            ],
            [
              73.7258255,
              19.9254549
            ],
            [
              73.7260294,
              19.9256768
            ],
            [
              73.7259757,
              19.9269679
            ],
            [
              73.7245166,
              19.9269376
            ],
            [
              73.7246668,
              19.9285111
            ],
            [
              73.7244201,
              19.9285414
            ],
            [
              73.7234437,
              19.9295399
            ],
            [
              73.7224138,
              19.9297013
            ],
            [
              73.7197959,
              19.9262618
            ],
            [
              73.7194097,
              19.9256667
            ],
            [
              73.720783,
              19.925586
            ],
            [
              73.7216735,
              19.9253742
            ]
          ]
        ]
      },
      "id": "way/1466161778"
    },
    {
      "type": "Feature",
      "properties": {
        "@id": "way/1466162853",
        "landuse": "religious",
        "name": "Sant Janardhan Swami Mutt",
        "religion": "hindu"
      },
      "geometry": {
        "type": "Polygon",
        "coordinates": [
          [
            [
              73.8164574,
              20.0081986
            ],
            [
              73.8159639,
              20.0083045
            ],
            [
              73.8158512,
              20.007755
            ],
            [
              73.8156849,
              20.0074223
            ],
            [
              73.8151538,
              20.0070897
            ],
            [
              73.8150059,
              20.0066725
            ],
            [
              73.8150036,
              20.0066007
            ],
            [
              73.8146924,
              20.0043729
            ],
            [
              73.814671,
              20.0039343
            ],
            [
              73.8147675,
              20.0037529
            ],
            [
              73.8151109,
              20.0035109
            ],
            [
              73.815304,
              20.0034504
            ],
            [
              73.8153904,
              20.0034633
            ],
            [
              73.8156473,
              20.0055927
            ],
            [
              73.8160872,
              20.0074929
            ],
            [
              73.816334,
              20.0074727
            ],
            [
              73.8163716,
              20.0076391
            ],
            [
              73.8164574,
              20.0081986
            ]
          ]
        ]
      },
      "id": "way/1466162853"
    },
    {
      "type": "Feature",
      "properties": {
        "@id": "way/1466162854",
        "landuse": "farmland"
      },
      "geometry": {
        "type": "Polygon",
        "coordinates": [
          [
            [
              73.8138654,
              20.0087261
            ],
            [
              73.811472,
              20.0099089
            ],
            [
              73.8108778,
              20.0090105
            ],
            [
              73.8107067,
              20.0088942
            ],
            [
              73.8104492,
              20.007382
            ],
            [
              73.8122463,
              20.007266
            ],
            [
              73.8123429,
              20.0078054
            ],
            [
              73.8136303,
              20.007624
            ],
            [
              73.8138654,
              20.0087261
            ]
          ]
        ]
      },
      "id": "way/1466162854"
    },
    {
      "type": "Feature",
      "properties": {
        "@id": "way/1466163064",
        "landuse": "retail"
      },
      "geometry": {
        "type": "Polygon",
        "coordinates": [
          [
            [
              73.7886348,
              20.0017742
            ],
            [
              73.7881789,
              20.0017792
            ],
            [
              73.7877765,
              20.0018876
            ],
            [
              73.7878382,
              20.0021321
            ],
            [
              73.7877336,
              20.0021548
            ],
            [
              73.7876344,
              20.0018699
            ],
            [
              73.7873769,
              20.0019531
            ],
            [
              73.7873796,
              20.0017666
            ],
            [
              73.7876934,
              20.0016381
            ],
            [
              73.7880555,
              20.001502
            ],
            [
              73.7889943,
              20.0015045
            ],
            [
              73.789005,
              20.0017792
            ],
            [
              73.7896702,
              20.001817
            ],
            [
              73.7896836,
              20.0012172
            ],
            [
              73.7898687,
              19.9993974
            ],
            [
              73.7900698,
              19.9993747
            ],
            [
              73.7900698,
              19.9996948
            ],
            [
              73.7900189,
              20.0003879
            ],
            [
              73.7899893,
              20.0018876
            ],
            [
              73.7902522,
              20.0018876
            ],
            [
              73.7902495,
              20.0021749
            ],
            [
              73.789815,
              20.0021825
            ],
            [
              73.7889755,
              20.002185
            ],
            [
              73.7889808,
              20.0025631
            ],
            [
              73.7887126,
              20.0025731
            ],
            [
              73.7886348,
              20.0017742
            ]
          ]
        ]
      },
      "id": "way/1466163064"
    },
    {
      "type": "Feature",
      "properties": {
        "@id": "way/1466164688",
        "landuse": "religious",
        "religion": "hindu"
      },
      "geometry": {
        "type": "Polygon",
        "coordinates": [
          [
            [
              73.7824899,
              19.9912158
            ],
            [
              73.7828305,
              19.9911855
            ],
            [
              73.7828171,
              19.9915384
            ],
            [
              73.7819561,
              19.9915283
            ],
            [
              73.7819722,
              19.9912637
            ],
            [
              73.7821095,
              19.991251
            ],
            [
              73.7824899,
              19.9912158
            ]
          ]
        ]
      },
      "id": "way/1466164688"
    },
    {
      "type": "Feature",
      "properties": {
        "@id": "way/1466165895",
        "landuse": "residential",
        "residential": "apartments"
      },
      "geometry": {
        "type": "Polygon",
        "coordinates": [
          [
            [
              73.8321617,
              20.0162559
            ],
            [
              73.832151,
              20.0160542
            ],
            [
              73.8329986,
              20.0159156
            ],
            [
              73.8327572,
              20.0147941
            ],
            [
              73.83405,
              20.0146404
            ],
            [
              73.8343531,
              20.0159509
            ],
            [
              73.8340312,
              20.0160265
            ],
            [
              73.8341278,
              20.0165583
            ],
            [
              73.8347822,
              20.016339
            ],
            [
              73.8348439,
              20.0191843
            ],
            [
              73.834227,
              20.0189172
            ],
            [
              73.8341546,
              20.0190306
            ],
            [
              73.8332668,
              20.0187105
            ],
            [
              73.8334572,
              20.0177402
            ],
            [
              73.8325506,
              20.0177302
            ],
            [
              73.8324997,
              20.0171782
            ],
            [
              73.8332748,
              20.0170018
            ],
            [
              73.8330147,
              20.0160668
            ],
            [
              73.8321617,
              20.0162559
            ]
          ]
        ]
      },
      "id": "way/1466165895"
    },
    {
      "type": "Feature",
      "properties": {
        "@id": "way/1466165901",
        "landuse": "farmland"
      },
      "geometry": {
        "type": "Polygon",
        "coordinates": [
          [
            [
              73.82143,
              19.9868503
            ],
            [
              73.820797,
              19.9869561
            ],
            [
              73.8205717,
              19.986946
            ],
            [
              73.820341,
              19.986941
            ],
            [
              73.8200728,
              19.9869511
            ],
            [
              73.8198689,
              19.9869511
            ],
            [
              73.8197549,
              19.9869629
            ],
            [
              73.8196704,
              19.9869107
            ],
            [
              73.8196007,
              19.9867998
            ],
            [
              73.8195363,
              19.9867746
            ],
            [
              73.8182046,
              19.9869075
            ],
            [
              73.8179808,
              19.9857284
            ],
            [
              73.8188552,
              19.9855797
            ],
            [
              73.8190322,
              19.9855394
            ],
            [
              73.8191315,
              19.9855066
            ],
            [
              73.8194024,
              19.9854385
            ],
            [
              73.8207811,
              19.9860233
            ],
            [
              73.82143,
              19.9868503
            ]
          ]
        ]
      },
      "id": "way/1466165901"
    },
    {
      "type": "Feature",
      "properties": {
        "@id": "way/1466165902",
        "landuse": "farmland"
      },
      "geometry": {
        "type": "Polygon",
        "coordinates": [
          [
            [
              73.8221915,
              19.9887158
            ],
            [
              73.8220091,
              19.9885343
            ],
            [
              73.8217623,
              19.9884536
            ],
            [
              73.8215896,
              19.9883947
            ],
            [
              73.8213439,
              19.988373
            ],
            [
              73.82121,
              19.9883576
            ],
            [
              73.8212315,
              19.9881812
            ],
            [
              73.821092,
              19.9881358
            ],
            [
              73.8210437,
              19.9880299
            ],
            [
              73.8209995,
              19.9879309
            ],
            [
              73.8208935,
              19.9875812
            ],
            [
              73.8216124,
              19.9873594
            ],
            [
              73.8221915,
              19.9887158
            ]
          ]
        ]
      },
      "id": "way/1466165902"
    },
    {
      "type": "Feature",
      "properties": {
        "@id": "way/1466176689",
        "landuse": "industrial"
      },
      "geometry": {
        "type": "Polygon",
        "coordinates": [
          [
            [
              73.7205845,
              19.9915838
            ],
            [
              73.7236476,
              19.9915586
            ],
            [
              73.7237522,
              19.9916317
            ],
            [
              73.725045,
              19.9916065
            ],
            [
              73.7275529,
              19.9915107
            ],
            [
              73.7300688,
              19.9912309
            ],
            [
              73.7298971,
              19.9921131
            ],
            [
              73.7302887,
              19.9957578
            ],
            [
              73.7234008,
              19.9963627
            ],
            [
              73.7233257,
              19.9955511
            ],
            [
              73.7218827,
              19.9956872
            ],
            [
              73.7231755,
              19.99603
            ],
            [
              73.723138,
              19.9962569
            ],
            [
              73.721711,
              19.9958284
            ],
            [
              73.7213516,
              19.9957981
            ],
            [
              73.7205656,
              19.9958723
            ],
            [
              73.7204719,
              19.9946488
            ],
            [
              73.7203968,
              19.9925718
            ],
            [
              73.7205845,
              19.9915838
            ]
          ]
        ]
      },
      "id": "way/1466176689"
    },
    {
      "type": "Feature",
      "properties": {
        "@id": "way/1466176691",
        "landuse": "industrial"
      },
      "geometry": {
        "type": "Polygon",
        "coordinates": [
          [
            [
              73.7136,
              20.0024471
            ],
            [
              73.7148607,
              20.0023614
            ],
            [
              73.7149519,
              20.0039947
            ],
            [
              73.7144422,
              20.0040249
            ],
            [
              73.7143671,
              20.0033545
            ],
            [
              73.7140238,
              20.0033545
            ],
            [
              73.7139863,
              20.0028302
            ],
            [
              73.7136912,
              20.0028453
            ],
            [
              73.7136,
              20.0024471
            ]
          ]
        ]
      },
      "id": "way/1466176691"
    },
    {
      "type": "Feature",
      "properties": {
        "@id": "way/1466176692",
        "landuse": "retail"
      },
      "geometry": {
        "type": "Polygon",
        "coordinates": [
          [
            [
              73.8097465,
              19.9835782
            ],
            [
              73.8095802,
              19.9835379
            ],
            [
              73.8093817,
              19.9832858
            ],
            [
              73.8089472,
              19.9831547
            ],
            [
              73.8089365,
              19.9822825
            ],
            [
              73.8095909,
              19.9822523
            ],
            [
              73.8095909,
              19.9823985
            ],
            [
              73.8099825,
              19.9824136
            ],
            [
              73.8097465,
              19.9835782
            ]
          ]
        ]
      },
      "id": "way/1466176692"
    },
    {
      "type": "Feature",
      "properties": {
        "@id": "way/1466177377",
        "landuse": "commercial"
      },
      "geometry": {
        "type": "Polygon",
        "coordinates": [
          [
            [
              73.718766,
              19.9827363
            ],
            [
              73.7199086,
              19.9812894
            ],
            [
              73.7209493,
              19.9829833
            ],
            [
              73.72096,
              19.9831446
            ],
            [
              73.7205952,
              19.9832908
            ],
            [
              73.7194365,
              19.9834975
            ],
            [
              73.7191039,
              19.9834169
            ],
            [
              73.718766,
              19.9827363
            ]
          ]
        ]
      },
      "id": "way/1466177377"
    },
    {
      "type": "Feature",
      "properties": {
        "@id": "way/1466291996",
        "landuse": "industrial"
      },
      "geometry": {
        "type": "Polygon",
        "coordinates": [
          [
            [
              73.7377638,
              19.9615884
            ],
            [
              73.7352944,
              19.9615708
            ],
            [
              73.7352459,
              19.9604382
            ],
            [
              73.7363835,
              19.9604286
            ],
            [
              73.7377453,
              19.9604414
            ],
            [
              73.7377638,
              19.9615884
            ]
          ]
        ]
      },
      "id": "way/1466291996"
    },
    {
      "type": "Feature",
      "properties": {
        "@id": "way/1466462250",
        "landuse": "recreation_ground"
      },
      "geometry": {
        "type": "Polygon",
        "coordinates": [
          [
            [
              73.7562096,
              19.9962266
            ],
            [
              73.7562525,
              19.9943312
            ],
            [
              73.7587148,
              19.994558
            ],
            [
              73.7586933,
              19.9962569
            ],
            [
              73.7562096,
              19.9962266
            ]
          ]
        ]
      },
      "id": "way/1466462250"
    },
    {
      "type": "Feature",
      "properties": {
        "@id": "way/1466462258",
        "landuse": "construction"
      },
      "geometry": {
        "type": "Polygon",
        "coordinates": [
          [
            [
              73.7594283,
              20.0240103
            ],
            [
              73.7600827,
              20.0240909
            ],
            [
              73.7626791,
              20.0239599
            ],
            [
              73.7635267,
              20.0237785
            ],
            [
              73.7641275,
              20.0237583
            ],
            [
              73.7643957,
              20.0247966
            ],
            [
              73.7640738,
              20.0249377
            ],
            [
              73.7626362,
              20.0252502
            ],
            [
              73.7627756,
              20.0268126
            ],
            [
              73.7614989,
              20.0271352
            ],
            [
              73.7609196,
              20.0273569
            ],
            [
              73.7599003,
              20.0274476
            ],
            [
              73.7598038,
              20.0270545
            ],
            [
              73.7593317,
              20.0270747
            ],
            [
              73.7598145,
              20.0254719
            ],
            [
              73.7595892,
              20.0248167
            ],
            [
              73.7594068,
              20.0243026
            ],
            [
              73.7594283,
              20.0240103
            ]
          ]
        ]
      },
      "id": "way/1466462258"
    },
    {
      "type": "Feature",
      "properties": {
        "@id": "way/1466462260",
        "landuse": "retail"
      },
      "geometry": {
        "type": "Polygon",
        "coordinates": [
          [
            [
              73.7909442,
              19.974826
            ],
            [
              73.7911642,
              19.9752394
            ],
            [
              73.789984,
              19.975426
            ],
            [
              73.7901825,
              19.9749521
            ],
            [
              73.7909442,
              19.974826
            ]
          ]
        ]
      },
      "id": "way/1466462260"
    },
    {
      "type": "Feature",
      "properties": {
        "@id": "way/1466462261",
        "landuse": "commercial"
      },
      "geometry": {
        "type": "Polygon",
        "coordinates": [
          [
            [
              73.7906858,
              19.9738536
            ],
            [
              73.7907511,
              19.9736412
            ],
            [
              73.7912929,
              19.9732227
            ],
            [
              73.7919903,
              19.9728749
            ],
            [
              73.7927359,
              19.9744731
            ],
            [
              73.7908316,
              19.9746042
            ],
            [
              73.7906858,
              19.9738536
            ]
          ]
        ]
      },
      "id": "way/1466462261"
    },
    {
      "type": "Feature",
      "properties": {
        "@id": "way/1466462301",
        "landuse": "recreation_ground"
      },
      "geometry": {
        "type": "Polygon",
        "coordinates": [
          [
            [
              73.7656617,
              19.9982481
            ],
            [
              73.7658977,
              19.9990496
            ],
            [
              73.7656349,
              19.999105
            ],
            [
              73.7656671,
              19.9993218
            ],
            [
              73.7651142,
              19.9994289
            ],
            [
              73.764106,
              19.9996242
            ],
            [
              73.7638861,
              19.9986513
            ],
            [
              73.7639612,
              19.9985656
            ],
            [
              73.7656617,
              19.9982481
            ]
          ]
        ]
      },
      "id": "way/1466462301"
    },
    {
      "type": "Feature",
      "properties": {
        "@id": "way/1466462305",
        "landuse": "commercial"
      },
      "geometry": {
        "type": "Polygon",
        "coordinates": [
          [
            [
              73.7694114,
              19.997134
            ],
            [
              73.7700337,
              19.997255
            ],
            [
              73.769905,
              19.9979154
            ],
            [
              73.7692666,
              19.9978297
            ],
            [
              73.7694114,
              19.997134
            ]
          ]
        ]
      },
      "id": "way/1466462305"
    },
    {
      "type": "Feature",
      "properties": {
        "@id": "way/1466555417",
        "landuse": "commercial"
      },
      "geometry": {
        "type": "Polygon",
        "coordinates": [
          [
            [
              73.7773508,
              19.9914325
            ],
            [
              73.7777317,
              19.9913216
            ],
            [
              73.778016,
              19.9920677
            ],
            [
              73.7776726,
              19.992219
            ],
            [
              73.7773508,
              19.9914325
            ]
          ]
        ]
      },
      "id": "way/1466555417"
    },
    {
      "type": "Feature",
      "properties": {
        "@id": "way/1466555418",
        "landuse": "commercial"
      },
      "geometry": {
        "type": "Polygon",
        "coordinates": [
          [
            [
              73.7784183,
              19.9918005
            ],
            [
              73.7780589,
              19.9912107
            ],
            [
              73.7780213,
              19.9907772
            ],
            [
              73.7788421,
              19.9907268
            ],
            [
              73.7787831,
              19.9893858
            ],
            [
              73.7807357,
              19.9894463
            ],
            [
              73.7819266,
              19.9893455
            ],
            [
              73.782565,
              19.9899353
            ],
            [
              73.7824953,
              19.9900311
            ],
            [
              73.7811434,
              19.990268
            ],
            [
              73.7808645,
              19.9903588
            ],
            [
              73.7795609,
              19.9911603
            ],
            [
              73.7784183,
              19.9918005
            ]
          ]
        ]
      },
      "id": "way/1466555418"
    },
    {
      "type": "Feature",
      "properties": {
        "@id": "way/1466555420",
        "landuse": "residential",
        "residential": "apartments"
      },
      "geometry": {
        "type": "Polygon",
        "coordinates": [
          [
            [
              73.7716216,
              19.9876415
            ],
            [
              73.7716913,
              19.9885288
            ],
            [
              73.7714714,
              19.9885641
            ],
            [
              73.7715894,
              19.9894665
            ],
            [
              73.7710744,
              19.9895522
            ],
            [
              73.7709135,
              19.9891489
            ],
            [
              73.7708169,
              19.9876314
            ],
            [
              73.7716216,
              19.9876415
            ]
          ]
        ]
      },
      "id": "way/1466555420"
    },
    {
      "type": "Feature",
      "properties": {
        "@id": "way/1466555421",
        "landuse": "residential",
        "residential": "apartments"
      },
      "geometry": {
        "type": "Polygon",
        "coordinates": [
          [
            [
              73.7716216,
              19.9876415
            ],
            [
              73.7723404,
              19.9876566
            ],
            [
              73.772791,
              19.9876566
            ],
            [
              73.7727964,
              19.9884885
            ],
            [
              73.7731826,
              19.9885187
            ],
            [
              73.7731236,
              19.9892094
            ],
            [
              73.7722851,
              19.9893411
            ],
            [
              73.7720346,
              19.9893959
            ],
            [
              73.7721902,
              19.9904243
            ],
            [
              73.7715411,
              19.9905402
            ],
            [
              73.7714954,
              19.9904599
            ],
            [
              73.7711109,
              19.9896428
            ],
            [
              73.7710744,
              19.9895522
            ],
            [
              73.7715894,
              19.9894665
            ],
            [
              73.7714714,
              19.9885641
            ],
            [
              73.7716913,
              19.9885288
            ],
            [
              73.7716216,
              19.9876415
            ]
          ]
        ]
      },
      "id": "way/1466555421"
    },
    {
      "type": "Feature",
      "properties": {
        "@id": "way/1466555425",
        "landuse": "commercial"
      },
      "geometry": {
        "type": "Polygon",
        "coordinates": [
          [
            [
              73.7808162,
              19.9926222
            ],
            [
              73.7824899,
              19.9926222
            ],
            [
              73.7825864,
              19.9926777
            ],
            [
              73.7824577,
              19.9934994
            ],
            [
              73.7809723,
              19.9933525
            ],
            [
              73.7808269,
              19.9933381
            ],
            [
              73.7808162,
              19.9926222
            ]
          ]
        ]
      },
      "id": "way/1466555425"
    },
    {
      "type": "Feature",
      "properties": {
        "@id": "way/1466555426",
        "landuse": "commercial"
      },
      "geometry": {
        "type": "Polygon",
        "coordinates": [
          [
            [
              73.7826884,
              19.9923702
            ],
            [
              73.7826455,
              19.9925315
            ],
            [
              73.7818301,
              19.9925113
            ],
            [
              73.7818193,
              19.9923551
            ],
            [
              73.7826884,
              19.9923702
            ]
          ]
        ]
      },
      "id": "way/1466555426"
    },
    {
      "type": "Feature",
      "properties": {
        "@id": "way/1466555427",
        "landuse": "commercial"
      },
      "geometry": {
        "type": "Polygon",
        "coordinates": [
          [
            [
              73.7828171,
              19.9915384
            ],
            [
              73.7828171,
              19.9917905
            ],
            [
              73.7819426,
              19.9917821
            ],
            [
              73.7819561,
              19.9915283
            ],
            [
              73.7828171,
              19.9915384
            ]
          ]
        ]
      },
      "id": "way/1466555427"
    },
    {
      "type": "Feature",
      "properties": {
        "@id": "way/1466555428",
        "landuse": "commercial"
      },
      "geometry": {
        "type": "Polygon",
        "coordinates": [
          [
            [
              73.7828305,
              19.9911855
            ],
            [
              73.7821095,
              19.991251
            ],
            [
              73.7820554,
              19.9905755
            ],
            [
              73.7822646,
              19.9905352
            ],
            [
              73.782227,
              19.9902428
            ],
            [
              73.7827259,
              19.9901974
            ],
            [
              73.7828171,
              19.990263
            ],
            [
              73.7828305,
              19.9911855
            ]
          ]
        ]
      },
      "id": "way/1466555428"
    },
    {
      "type": "Feature",
      "properties": {
        "@id": "way/1466555429",
        "landuse": "commercial"
      },
      "geometry": {
        "type": "Polygon",
        "coordinates": [
          [
            [
              73.7830692,
              19.9917098
            ],
            [
              73.7830532,
              19.9904092
            ],
            [
              73.7831712,
              19.990384
            ],
            [
              73.7832624,
              19.9904344
            ],
            [
              73.7844479,
              19.9915686
            ],
            [
              73.7830692,
              19.9917098
            ]
          ]
        ]
      },
      "id": "way/1466555429"
    },
    {
      "type": "Feature",
      "properties": {
        "@id": "way/1466555430",
        "landuse": "commercial"
      },
      "geometry": {
        "type": "Polygon",
        "coordinates": [
          [
            [
              73.7827796,
              19.9931566
            ],
            [
              73.7829673,
              19.9919921
            ],
            [
              73.7839758,
              19.9919921
            ],
            [
              73.7840187,
              19.9933078
            ],
            [
              73.7830639,
              19.993333
            ],
            [
              73.7828171,
              19.9932826
            ],
            [
              73.7827796,
              19.9931566
            ]
          ]
        ]
      },
      "id": "way/1466555430"
    },
    {
      "type": "Feature",
      "properties": {
        "@id": "way/1466555431",
        "landuse": "commercial"
      },
      "geometry": {
        "type": "Polygon",
        "coordinates": [
          [
            [
              73.7816778,
              19.9962437
            ],
            [
              73.7814438,
              19.9967358
            ],
            [
              73.7813151,
              19.9969273
            ],
            [
              73.7810147,
              19.9970029
            ],
            [
              73.7788634,
              19.9963702
            ],
            [
              73.7789295,
              19.9960534
            ],
            [
              73.7804295,
              19.9963686
            ],
            [
              73.7805147,
              19.9957362
            ],
            [
              73.7811595,
              19.9959292
            ],
            [
              73.7811327,
              19.9960653
            ],
            [
              73.7816778,
              19.9962437
            ]
          ]
        ]
      },
      "id": "way/1466555431"
    },
    {
      "type": "Feature",
      "properties": {
        "@id": "way/1466555432",
        "landuse": "commercial"
      },
      "geometry": {
        "type": "Polygon",
        "coordinates": [
          [
            [
              73.7805147,
              19.9957362
            ],
            [
              73.7807,
              19.994361
            ],
            [
              73.779846,
              19.9941513
            ],
            [
              73.7799197,
              19.9935558
            ],
            [
              73.7824281,
              19.9936836
            ],
            [
              73.7821814,
              19.9949539
            ],
            [
              73.7820003,
              19.9955652
            ],
            [
              73.7816778,
              19.9962437
            ],
            [
              73.7811327,
              19.9960653
            ],
            [
              73.7811595,
              19.9959292
            ],
            [
              73.7805147,
              19.9957362
            ]
          ]
        ]
      },
      "id": "way/1466555432"
    },
    {
      "type": "Feature",
      "properties": {
        "@id": "way/1466555433",
        "landuse": "residential"
      },
      "geometry": {
        "type": "Polygon",
        "coordinates": [
          [
            [
              73.776369,
              19.9932123
            ],
            [
              73.7781864,
              19.9930613
            ],
            [
              73.7783816,
              19.9930802
            ],
            [
              73.7785067,
              19.9931293
            ],
            [
              73.7792975,
              19.9933224
            ],
            [
              73.7796872,
              19.9935439
            ],
            [
              73.7796736,
              19.9940237
            ],
            [
              73.7781984,
              19.9940287
            ],
            [
              73.7773883,
              19.9938372
            ],
            [
              73.7763369,
              19.9939985
            ],
            [
              73.776369,
              19.9932123
            ]
          ]
        ]
      },
      "id": "way/1466555433"
    },
    {
      "type": "Feature",
      "properties": {
        "@id": "way/1466555434",
        "landuse": "residential"
      },
      "geometry": {
        "type": "Polygon",
        "coordinates": [
          [
            [
              73.7756923,
              19.9953719
            ],
            [
              73.7722062,
              19.9942911
            ],
            [
              73.7720882,
              19.9941398
            ],
            [
              73.7720453,
              19.9939281
            ],
            [
              73.7720453,
              19.9937164
            ],
            [
              73.7720668,
              19.9935248
            ],
            [
              73.7721633,
              19.9932526
            ],
            [
              73.7722813,
              19.9930711
            ],
            [
              73.7724852,
              19.9928493
            ],
            [
              73.7727427,
              19.9928189
            ],
            [
              73.7757683,
              19.9933129
            ],
            [
              73.7760821,
              19.9932603
            ],
            [
              73.7761438,
              19.99419
            ],
            [
              73.7756923,
              19.9953719
            ]
          ]
        ]
      },
      "id": "way/1466555434"
    },
    {
      "type": "Feature",
      "properties": {
        "@id": "way/1466555435",
        "landuse": "residential"
      },
      "geometry": {
        "type": "Polygon",
        "coordinates": [
          [
            [
              73.7724852,
              19.9928493
            ],
            [
              73.772571,
              19.9926275
            ],
            [
              73.7726032,
              19.9924863
            ],
            [
              73.7731075,
              19.9920125
            ],
            [
              73.7743386,
              19.9914857
            ],
            [
              73.7756502,
              19.9914075
            ],
            [
              73.7760682,
              19.9929844
            ],
            [
              73.7761142,
              19.9931237
            ],
            [
              73.776369,
              19.9932123
            ],
            [
              73.7760821,
              19.9932603
            ],
            [
              73.7757683,
              19.9933129
            ],
            [
              73.7727427,
              19.9928189
            ],
            [
              73.7724852,
              19.9928493
            ]
          ]
        ]
      },
      "id": "way/1466555435"
    },
    {
      "type": "Feature",
      "properties": {
        "@id": "way/1466555441",
        "landuse": "construction"
      },
      "geometry": {
        "type": "Polygon",
        "coordinates": [
          [
            [
              73.7564322,
              20.0054791
            ],
            [
              73.7561882,
              20.004534
            ],
            [
              73.7568426,
              20.004413
            ],
            [
              73.757017,
              20.0050658
            ],
            [
              73.7567326,
              20.0053078
            ],
            [
              73.7564322,
              20.0054791
            ]
          ]
        ]
      },
      "id": "way/1466555441"
    },
    {
      "type": "Feature",
      "properties": {
        "@id": "way/1466555442",
        "landuse": "recreation_ground"
      },
      "geometry": {
        "type": "Polygon",
        "coordinates": [
          [
            [
              73.7558904,
              20.0046071
            ],
            [
              73.7561882,
              20.004534
            ],
            [
              73.7564322,
              20.0054791
            ],
            [
              73.7561962,
              20.0056783
            ],
            [
              73.7558904,
              20.0046071
            ]
          ]
        ]
      },
      "id": "way/1466555442"
    },
    {
      "type": "Feature",
      "properties": {
        "@id": "way/1466557394",
        "landuse": "commercial"
      },
      "geometry": {
        "type": "Polygon",
        "coordinates": [
          [
            [
              73.7630761,
              20.0045491
            ],
            [
              73.7637412,
              20.004408
            ],
            [
              73.7640202,
              20.0056531
            ],
            [
              73.7634033,
              20.005764
            ],
            [
              73.7630761,
              20.0045491
            ]
          ]
        ]
      },
      "id": "way/1466557394"
    },
    {
      "type": "Feature",
      "properties": {
        "@id": "way/1466557396",
        "landuse": "commercial"
      },
      "geometry": {
        "type": "Polygon",
        "coordinates": [
          [
            [
              73.769685,
              20.0012071
            ],
            [
              73.7698191,
              20.0011315
            ],
            [
              73.7700015,
              20.0010508
            ],
            [
              73.7702697,
              20.0017868
            ],
            [
              73.7705058,
              20.0026135
            ],
            [
              73.7711656,
              20.002432
            ],
            [
              73.7712729,
              20.0027345
            ],
            [
              73.7702751,
              20.0029714
            ],
            [
              73.769685,
              20.0012071
            ]
          ]
        ]
      },
      "id": "way/1466557396"
    },
    {
      "type": "Feature",
      "properties": {
        "@id": "way/1466557397",
        "landuse": "commercial"
      },
      "geometry": {
        "type": "Polygon",
        "coordinates": [
          [
            [
              73.7692934,
              20.0029966
            ],
            [
              73.7697494,
              20.0028655
            ],
            [
              73.7693524,
              20.0017263
            ],
            [
              73.7691915,
              20.0014188
            ],
            [
              73.7694007,
              20.0013129
            ],
            [
              73.7697172,
              20.0018977
            ],
            [
              73.7700766,
              20.0030167
            ],
            [
              73.7693578,
              20.0032184
            ],
            [
              73.7692934,
              20.0029966
            ]
          ]
        ]
      },
      "id": "way/1466557397"
    },
    {
      "type": "Feature",
      "properties": {
        "@id": "way/1466557398",
        "landuse": "commercial"
      },
      "geometry": {
        "type": "Polygon",
        "coordinates": [
          [
            [
              73.7690574,
              20.0002544
            ],
            [
              73.7694973,
              20.0001435
            ],
            [
              73.7697172,
              20.0010559
            ],
            [
              73.7695295,
              20.0011264
            ],
            [
              73.7692237,
              20.0008441
            ],
            [
              73.7690574,
              20.0002544
            ]
          ]
        ]
      },
      "id": "way/1466557398"
    },
    {
      "type": "Feature",
      "properties": {
        "@id": "way/1466557400",
        "amenity": "townhall",
        "landuse": "commercial",
        "name": "Rajiv Gandhi Bhawan",
        "name:etymology:wikidata": "Q4593"
      },
      "geometry": {
        "type": "Polygon",
        "coordinates": [
          [
            [
              73.7745908,
              19.9999443
            ],
            [
              73.7755539,
              19.9995937
            ],
            [
              73.7761842,
              19.9994026
            ],
            [
              73.7764281,
              20.000151
            ],
            [
              73.7760392,
              20.0002896
            ],
            [
              73.7763637,
              20.001071
            ],
            [
              73.7760231,
              20.0012242
            ],
            [
              73.7754357,
              20.001507
            ],
            [
              73.7745908,
              19.9999443
            ]
          ]
        ]
      },
      "id": "way/1466557400"
    },
    {
      "type": "Feature",
      "properties": {
        "@id": "way/1466563986",
        "landuse": "retail"
      },
      "geometry": {
        "type": "Polygon",
        "coordinates": [
          [
            [
              73.7659514,
              20.0048541
            ],
            [
              73.7663508,
              20.004761
            ],
            [
              73.7665171,
              20.0053911
            ],
            [
              73.7661177,
              20.0054842
            ],
            [
              73.7659514,
              20.0048541
            ]
          ]
        ]
      },
      "id": "way/1466563986"
    },
    {
      "type": "Feature",
      "properties": {
        "@id": "way/1466563990",
        "landuse": "commercial"
      },
      "geometry": {
        "type": "Polygon",
        "coordinates": [
          [
            [
              73.7228376,
              20.0200588
            ],
            [
              73.7237012,
              20.0200991
            ],
            [
              73.7239802,
              20.0205275
            ],
            [
              73.7243289,
              20.0226495
            ],
            [
              73.723374,
              20.0232392
            ],
            [
              73.7232023,
              20.0229619
            ],
            [
              73.7234491,
              20.0226948
            ],
            [
              73.7233525,
              20.0221757
            ],
            [
              73.7228966,
              20.0221757
            ],
            [
              73.7228537,
              20.0210316
            ],
            [
              73.7228376,
              20.0200588
            ]
          ]
        ]
      },
      "id": "way/1466563990"
    },
    {
      "type": "Feature",
      "properties": {
        "@id": "way/1466563992",
        "landuse": "construction"
      },
      "geometry": {
        "type": "Polygon",
        "coordinates": [
          [
            [
              73.7350002,
              20.0201105
            ],
            [
              73.7352294,
              20.0201949
            ],
            [
              73.7351704,
              20.0213188
            ],
            [
              73.7341458,
              20.0213088
            ],
            [
              73.7340867,
              20.0218481
            ],
            [
              73.7349451,
              20.0218531
            ],
            [
              73.734929,
              20.0221757
            ],
            [
              73.7336844,
              20.0220648
            ],
            [
              73.7335288,
              20.0220698
            ],
            [
              73.7334001,
              20.0214196
            ],
            [
              73.7334752,
              20.0209862
            ],
            [
              73.7330836,
              20.0203108
            ],
            [
              73.7342852,
              20.0201394
            ],
            [
              73.7350002,
              20.0201105
            ]
          ]
        ]
      },
      "id": "way/1466563992"
    },
    {
      "type": "Feature",
      "properties": {
        "@id": "way/1466563995",
        "landuse": "construction"
      },
      "geometry": {
        "type": "Polygon",
        "coordinates": [
          [
            [
              73.7383354,
              20.0020741
            ],
            [
              73.7384657,
              20.0032469
            ],
            [
              73.7372732,
              20.0033696
            ],
            [
              73.7371346,
              20.0022281
            ],
            [
              73.7383354,
              20.0020741
            ]
          ]
        ]
      },
      "id": "way/1466563995"
    },
    {
      "type": "Feature",
      "properties": {
        "@id": "way/1466563996",
        "landuse": "industrial"
      },
      "geometry": {
        "type": "Polygon",
        "coordinates": [
          [
            [
              73.7403363,
              20.0024824
            ],
            [
              73.7404972,
              20.00404
            ],
            [
              73.7402129,
              20.0040904
            ],
            [
              73.7388986,
              20.0026286
            ],
            [
              73.7403363,
              20.0024824
            ]
          ]
        ]
      },
      "id": "way/1466563996"
    },
    {
      "type": "Feature",
      "properties": {
        "@id": "way/1466572179",
        "landuse": "farmland"
      },
      "geometry": {
        "type": "Polygon",
        "coordinates": [
          [
            [
              73.786009,
              19.9908277
            ],
            [
              73.7861431,
              19.9906764
            ],
            [
              73.7861645,
              19.9905352
            ],
            [
              73.7868565,
              19.9907772
            ],
            [
              73.7869155,
              19.9912863
            ],
            [
              73.7869253,
              19.9916745
            ],
            [
              73.7864703,
              19.9916846
            ],
            [
              73.7864917,
              19.9915334
            ],
            [
              73.7858296,
              19.9912442
            ],
            [
              73.786009,
              19.9908277
            ]
          ]
        ]
      },
      "id": "way/1466572179"
    },
    {
      "type": "Feature",
      "properties": {
        "@id": "way/1466572182",
        "landuse": "commercial"
      },
      "geometry": {
        "type": "Polygon",
        "coordinates": [
          [
            [
              73.79861,
              19.9965039
            ],
            [
              73.7999833,
              19.9962165
            ],
            [
              73.8001013,
              19.9963829
            ],
            [
              73.7994683,
              19.9968467
            ],
            [
              73.7987441,
              19.9970685
            ],
            [
              73.79861,
              19.9965039
            ]
          ]
        ]
      },
      "id": "way/1466572182"
    },
    {
      "type": "Feature",
      "properties": {
        "@id": "way/1466572184",
        "landuse": "commercial"
      },
      "geometry": {
        "type": "Polygon",
        "coordinates": [
          [
            [
              73.8024752,
              19.9984624
            ],
            [
              73.8016623,
              19.9987925
            ],
            [
              73.801555,
              19.9976885
            ],
            [
              73.8021505,
              19.9975978
            ],
            [
              73.8024752,
              19.9984624
            ]
          ]
        ]
      },
      "id": "way/1466572184"
    },
    {
      "type": "Feature",
      "properties": {
        "@id": "way/1466572185",
        "landuse": "commercial"
      },
      "geometry": {
        "type": "Polygon",
        "coordinates": [
          [
            [
              73.8027942,
              19.9976104
            ],
            [
              73.8031831,
              19.9975776
            ],
            [
              73.8033038,
              19.9976431
            ],
            [
              73.8034889,
              19.998606
            ],
            [
              73.8040119,
              20.000214
            ],
            [
              73.8041273,
              20.0006576
            ],
            [
              73.8034031,
              20.0006979
            ],
            [
              73.8033897,
              19.9999292
            ],
            [
              73.803218,
              19.9989135
            ],
            [
              73.8029417,
              19.9980867
            ],
            [
              73.8027942,
              19.9976104
            ]
          ]
        ]
      },
      "id": "way/1466572185"
    },
    {
      "type": "Feature",
      "properties": {
        "@id": "way/1466572186",
        "landuse": "commercial"
      },
      "geometry": {
        "type": "Polygon",
        "coordinates": [
          [
            [
              73.7963033,
              19.9932927
            ],
            [
              73.7937605,
              19.9919921
            ],
            [
              73.7936854,
              19.9915686
            ],
            [
              73.7948602,
              19.9914376
            ],
            [
              73.7949568,
              19.9917905
            ],
            [
              73.7960887,
              19.9917955
            ],
            [
              73.7962121,
              19.9924307
            ],
            [
              73.7963033,
              19.9932927
            ]
          ]
        ]
      },
      "id": "way/1466572186"
    },
    {
      "type": "Feature",
      "properties": {
        "@id": "way/1466572187",
        "landuse": "commercial"
      },
      "geometry": {
        "type": "Polygon",
        "coordinates": [
          [
            [
              73.7952036,
              19.993454
            ],
            [
              73.7965125,
              19.994064
            ],
            [
              73.7965071,
              19.9941547
            ],
            [
              73.7952894,
              19.9940237
            ],
            [
              73.7952036,
              19.993454
            ]
          ]
        ]
      },
      "id": "way/1466572187"
    },
    {
      "type": "Feature",
      "properties": {
        "@id": "way/1466572189",
        "landuse": "commercial"
      },
      "geometry": {
        "type": "Polygon",
        "coordinates": [
          [
            [
              73.7909388,
              19.9941648
            ],
            [
              73.7908289,
              19.9940993
            ],
            [
              73.790735,
              19.9939581
            ],
            [
              73.7904561,
              19.993323
            ],
            [
              73.7899169,
              19.9926071
            ],
            [
              73.7906804,
              19.9923727
            ],
            [
              73.7907296,
              19.9923576
            ],
            [
              73.7908986,
              19.9934339
            ],
            [
              73.791765,
              19.9934313
            ],
            [
              73.791647,
              19.9925996
            ],
            [
              73.7920251,
              19.9925895
            ],
            [
              73.7923604,
              19.9935599
            ],
            [
              73.7932442,
              19.9935397
            ],
            [
              73.7933086,
              19.9939468
            ],
            [
              73.7925214,
              19.9939531
            ],
            [
              73.7909388,
              19.9941648
            ]
          ]
        ]
      },
      "id": "way/1466572189"
    },
    {
      "type": "Feature",
      "properties": {
        "@id": "way/1466572190",
        "landuse": "commercial"
      },
      "geometry": {
        "type": "Polygon",
        "coordinates": [
          [
            [
              73.7889057,
              19.9950016
            ],
            [
              73.7885249,
              19.9946941
            ],
            [
              73.7883961,
              19.9944572
            ],
            [
              73.7883961,
              19.9939934
            ],
            [
              73.7887716,
              19.9940438
            ],
            [
              73.789705,
              19.99419
            ],
            [
              73.7898284,
              19.9944068
            ],
            [
              73.7889057,
              19.9950016
            ]
          ]
        ]
      },
      "id": "way/1466572190"
    },
    {
      "type": "Feature",
      "properties": {
        "@id": "way/1466572191",
        "landuse": "commercial"
      },
      "geometry": {
        "type": "Polygon",
        "coordinates": [
          [
            [
              73.7891954,
              19.9951025
            ],
            [
              73.7898606,
              19.9946841
            ],
            [
              73.7901771,
              19.9946236
            ],
            [
              73.7905204,
              19.9961913
            ],
            [
              73.7904775,
              19.9966854
            ],
            [
              73.7900966,
              19.997991
            ],
            [
              73.78941,
              19.9978549
            ],
            [
              73.7892812,
              19.9976482
            ],
            [
              73.7892437,
              19.9972046
            ],
            [
              73.7892973,
              19.9966047
            ],
            [
              73.7896085,
              19.9966047
            ],
            [
              73.7896015,
              19.9964814
            ],
            [
              73.7895656,
              19.9958485
            ],
            [
              73.7891954,
              19.9951025
            ]
          ]
        ]
      },
      "id": "way/1466572191"
    },
    {
      "type": "Feature",
      "properties": {
        "@id": "way/1466572192",
        "landuse": "commercial"
      },
      "geometry": {
        "type": "Polygon",
        "coordinates": [
          [
            [
              73.7991357,
              19.9955562
            ],
            [
              73.7984698,
              19.9956528
            ],
            [
              73.797589,
              19.995771
            ],
            [
              73.7973574,
              19.9958032
            ],
            [
              73.7977007,
              19.9953344
            ],
            [
              73.7967485,
              19.9947748
            ],
            [
              73.7970972,
              19.9943942
            ],
            [
              73.7991357,
              19.9955562
            ]
          ]
        ]
      },
      "id": "way/1466572192"
    },
    {
      "type": "Feature",
      "properties": {
        "@id": "way/1466572193",
        "landuse": "commercial"
      },
      "geometry": {
        "type": "Polygon",
        "coordinates": [
          [
            [
              73.7975129,
              19.9930734
            ],
            [
              73.7969524,
              19.9929247
            ],
            [
              73.7968773,
              19.992098
            ],
            [
              73.7968612,
              19.9918988
            ],
            [
              73.7975854,
              19.9916543
            ],
            [
              73.7987226,
              19.9912737
            ],
            [
              73.7975129,
              19.9930734
            ]
          ]
        ]
      },
      "id": "way/1466572193"
    },
    {
      "type": "Feature",
      "properties": {
        "@id": "way/1466572194",
        "landuse": "commercial"
      },
      "geometry": {
        "type": "Polygon",
        "coordinates": [
          [
            [
              73.7974191,
              19.9937993
            ],
            [
              73.7977179,
              19.9933836
            ],
            [
              73.7982023,
              19.9925819
            ],
            [
              73.7983713,
              19.9927004
            ],
            [
              73.798449,
              19.9930281
            ],
            [
              73.7983122,
              19.9930507
            ],
            [
              73.7984115,
              19.9937263
            ],
            [
              73.7986824,
              19.9937111
            ],
            [
              73.7988085,
              19.9942656
            ],
            [
              73.7989879,
              19.9943689
            ],
            [
              73.7987851,
              19.9946855
            ],
            [
              73.7975398,
              19.9940212
            ],
            [
              73.7974191,
              19.9937993
            ]
          ]
        ]
      },
      "id": "way/1466572194"
    },
    {
      "type": "Feature",
      "properties": {
        "@id": "way/1466572196",
        "landuse": "commercial"
      },
      "geometry": {
        "type": "Polygon",
        "coordinates": [
          [
            [
              73.7949622,
              19.9901848
            ],
            [
              73.7955013,
              19.9901445
            ],
            [
              73.7955871,
              19.9904974
            ],
            [
              73.7949944,
              19.9905554
            ],
            [
              73.7949622,
              19.9901848
            ]
          ]
        ]
      },
      "id": "way/1466572196"
    },
    {
      "type": "Feature",
      "properties": {
        "@id": "way/1466572197",
        "amenity": "theatre",
        "landuse": "commercial",
        "name": "Karmaveer Dadasaheb Gaikwad Sabhagruha",
        "source": "microsoft/BuildingFootprints"
      },
      "geometry": {
        "type": "Polygon",
        "coordinates": [
          [
            [
              73.7903675,
              19.9859023
            ],
            [
              73.790452,
              19.9858817
            ],
            [
              73.7911394,
              19.9857661
            ],
            [
              73.7911883,
              19.9857649
            ],
            [
              73.7913653,
              19.9864278
            ],
            [
              73.7913334,
              19.9864303
            ],
            [
              73.790874,
              19.9866361
            ],
            [
              73.7903622,
              19.9868198
            ],
            [
              73.7903675,
              19.9859023
            ]
          ]
        ]
      },
      "id": "way/1466572197"
    },
    {
      "type": "Feature",
      "properties": {
        "@id": "way/1466572198",
        "landuse": "commercial"
      },
      "geometry": {
        "type": "Polygon",
        "coordinates": [
          [
            [
              73.7902173,
              19.9878482
            ],
            [
              73.79103,
              19.9881028
            ],
            [
              73.7910113,
              19.9883952
            ],
            [
              73.7909854,
              19.9883501
            ],
            [
              73.7909264,
              19.9883361
            ],
            [
              73.7901235,
              19.9881431
            ],
            [
              73.7902173,
              19.9878482
            ]
          ]
        ]
      },
      "id": "way/1466572198"
    },
    {
      "type": "Feature",
      "properties": {
        "@id": "way/1466572202",
        "landuse": "commercial"
      },
      "geometry": {
        "type": "Polygon",
        "coordinates": [
          [
            [
              73.7785149,
              19.9805281
            ],
            [
              73.7784988,
              19.9803617
            ],
            [
              73.7797272,
              19.9798828
            ],
            [
              73.7805694,
              19.9809112
            ],
            [
              73.7786431,
              19.9811452
            ],
            [
              73.7785149,
              19.9805281
            ]
          ]
        ]
      },
      "id": "way/1466572202"
    },
    {
      "type": "Feature",
      "properties": {
        "@id": "way/1469202255",
        "landuse": "construction"
      },
      "geometry": {
        "type": "Polygon",
        "coordinates": [
          [
            [
              73.7938511,
              20.0070505
            ],
            [
              73.793842,
              20.0069821
            ],
            [
              73.7939596,
              20.0069664
            ],
            [
              73.7939672,
              20.0070383
            ],
            [
              73.7938511,
              20.0070505
            ]
          ]
        ]
      },
      "id": "way/1469202255"
    },
    {
      "type": "Feature",
      "properties": {
        "@id": "way/1469207343",
        "landuse": "religious",
        "name": "Uddhasin Baba Shardaram Ashram"
      },
      "geometry": {
        "type": "Polygon",
        "coordinates": [
          [
            [
              73.7929792,
              20.0076465
            ],
            [
              73.7931654,
              20.0076546
            ],
            [
              73.7931677,
              20.0077746
            ],
            [
              73.7929549,
              20.0077648
            ],
            [
              73.7929792,
              20.0076465
            ]
          ]
        ]
      },
      "id": "way/1469207343"
    },
    {
      "type": "Feature",
      "properties": {
        "@id": "way/1469344960",
        "government": "administrative",
        "landuse": "commercial",
        "name": "Nashik Collector's Office",
        "office": "government"
      },
      "geometry": {
        "type": "Polygon",
        "coordinates": [
          [
            [
              73.7835074,
              20.0040583
            ],
            [
              73.783161,
              20.0040816
            ],
            [
              73.7831328,
              20.0043487
            ],
            [
              73.7821718,
              20.0043598
            ],
            [
              73.7821485,
              20.003045
            ],
            [
              73.7831808,
              20.0029896
            ],
            [
              73.7835074,
              20.0040583
            ]
          ]
        ]
      },
      "id": "way/1469344960"
    },
    {
      "type": "Feature",
      "properties": {
        "@id": "way/1469344962",
        "landuse": "commercial"
      },
      "geometry": {
        "type": "Polygon",
        "coordinates": [
          [
            [
              73.795356,
              20.0106292
            ],
            [
              73.7956977,
              20.0106024
            ],
            [
              73.7965804,
              20.0105142
            ],
            [
              73.7966589,
              20.0109757
            ],
            [
              73.7963408,
              20.01117
            ],
            [
              73.7962625,
              20.0112157
            ],
            [
              73.7960335,
              20.0112463
            ],
            [
              73.7958151,
              20.0111751
            ],
            [
              73.79569,
              20.0111113
            ],
            [
              73.7954798,
              20.0109558
            ],
            [
              73.7953884,
              20.01076
            ],
            [
              73.795356,
              20.0106292
            ]
          ]
        ]
      },
      "id": "way/1469344962"
    },
    {
      "type": "Feature",
      "properties": {
        "@id": "way/1469375506",
        "landuse": "commercial"
      },
      "geometry": {
        "type": "Polygon",
        "coordinates": [
          [
            [
              73.8284951,
              19.9600279
            ],
            [
              73.8289994,
              19.9604565
            ],
            [
              73.8278729,
              19.9612935
            ],
            [
              73.8274974,
              19.9608699
            ],
            [
              73.8284951,
              19.9600279
            ]
          ]
        ]
      },
      "id": "way/1469375506"
    },
    {
      "type": "Feature",
      "properties": {
        "@id": "way/1469375508",
        "landuse": "recreation_ground"
      },
      "geometry": {
        "type": "Polygon",
        "coordinates": [
          [
            [
              73.8294681,
              19.9632146
            ],
            [
              73.8308737,
              19.9633391
            ],
            [
              73.8307857,
              19.9641877
            ],
            [
              73.8300884,
              19.9641372
            ],
            [
              73.8300562,
              19.964465
            ],
            [
              73.8289028,
              19.9643692
            ],
            [
              73.8289779,
              19.9636986
            ],
            [
              73.8294681,
              19.9632146
            ]
          ]
        ]
      },
      "id": "way/1469375508"
    },
    {
      "type": "Feature",
      "properties": {
        "@id": "way/1469444191",
        "landuse": "industrial"
      },
      "geometry": {
        "type": "Polygon",
        "coordinates": [
          [
            [
              73.713026,
              19.998369
            ],
            [
              73.711679,
              19.9984694
            ],
            [
              73.7117218,
              19.9971089
            ],
            [
              73.71198,
              19.997013
            ],
            [
              73.7167301,
              19.9965456
            ],
            [
              73.7169125,
              19.9979907
            ],
            [
              73.713026,
              19.998369
            ]
          ]
        ]
      },
      "id": "way/1469444191"
    },
    {
      "type": "Feature",
      "properties": {
        "@id": "way/1469444192",
        "landuse": "industrial"
      },
      "geometry": {
        "type": "Polygon",
        "coordinates": [
          [
            [
              73.7171353,
              19.9999223
            ],
            [
              73.7174034,
              20.0019078
            ],
            [
              73.7115562,
              20.0023715
            ],
            [
              73.711679,
              19.9984694
            ],
            [
              73.713026,
              19.998369
            ],
            [
              73.7132943,
              20.0003048
            ],
            [
              73.7171353,
              19.9999223
            ]
          ]
        ]
      },
      "id": "way/1469444192"
    },
    {
      "type": "Feature",
      "properties": {
        "@id": "way/1469444193",
        "landuse": "industrial"
      },
      "geometry": {
        "type": "Polygon",
        "coordinates": [
          [
            [
              73.7169125,
              19.9979907
            ],
            [
              73.7169582,
              19.998369
            ],
            [
              73.7135088,
              19.9987673
            ],
            [
              73.7136269,
              19.9998712
            ],
            [
              73.7170869,
              19.9995637
            ],
            [
              73.7171353,
              19.9999223
            ],
            [
              73.7132943,
              20.0003048
            ],
            [
              73.713026,
              19.998369
            ],
            [
              73.7169125,
              19.9979907
            ]
          ]
        ]
      },
      "id": "way/1469444193"
    },
    {
      "type": "Feature",
      "properties": {
        "@id": "way/1469444199",
        "landuse": "farmland"
      },
      "geometry": {
        "type": "Polygon",
        "coordinates": [
          [
            [
              73.7237924,
              19.9860737
            ],
            [
              73.7246078,
              19.9866484
            ],
            [
              73.7254876,
              19.987334
            ],
            [
              73.7251818,
              19.9875054
            ],
            [
              73.7244844,
              19.9875306
            ],
            [
              73.7244254,
              19.9869761
            ],
            [
              73.7237281,
              19.9865022
            ],
            [
              73.7234759,
              19.9864165
            ],
            [
              73.723551,
              19.98624
            ],
            [
              73.7237924,
              19.9860737
            ]
          ]
        ]
      },
      "id": "way/1469444199"
    },
    {
      "type": "Feature",
      "properties": {
        "@id": "way/1469444204",
        "landuse": "industrial"
      },
      "geometry": {
        "type": "Polygon",
        "coordinates": [
          [
            [
              73.7040621,
              20.0207392
            ],
            [
              73.7051403,
              20.0207543
            ],
            [
              73.705489,
              20.022967
            ],
            [
              73.7074149,
              20.0219842
            ],
            [
              73.7075221,
              20.0222009
            ],
            [
              73.706401,
              20.0228107
            ],
            [
              73.7066424,
              20.024096
            ],
            [
              73.7048775,
              20.0244639
            ],
            [
              73.7040621,
              20.0207392
            ]
          ]
        ]
      },
      "id": "way/1469444204"
    },
    {
      "type": "Feature",
      "properties": {
        "@id": "way/1469444740",
        "landuse": "recreation_ground"
      },
      "geometry": {
        "type": "Polygon",
        "coordinates": [
          [
            [
              73.8052082,
              20.0268227
            ],
            [
              73.8054013,
              20.0267219
            ],
            [
              73.8072789,
              20.0293628
            ],
            [
              73.8094461,
              20.0320441
            ],
            [
              73.8066995,
              20.0323666
            ],
            [
              73.8055301,
              20.0285161
            ],
            [
              73.8052082,
              20.0268227
            ]
          ]
        ]
      },
      "id": "way/1469444740"
    },
    {
      "type": "Feature",
      "properties": {
        "@id": "way/1469841482",
        "landuse": "commercial"
      },
      "geometry": {
        "type": "Polygon",
        "coordinates": [
          [
            [
              73.7631442,
              20.0033677
            ],
            [
              73.7623574,
              20.0032717
            ],
            [
              73.7617145,
              20.0006766
            ],
            [
              73.7623224,
              20.0004968
            ],
            [
              73.7631442,
              20.0033677
            ]
          ]
        ]
      },
      "id": "way/1469841482"
    },
    {
      "type": "Feature",
      "properties": {
        "@id": "way/1469841483",
        "landuse": "retail"
      },
      "geometry": {
        "type": "Polygon",
        "coordinates": [
          [
            [
              73.7853847,
              20.0072473
            ],
            [
              73.7850996,
              20.0069182
            ],
            [
              73.7877397,
              20.0068755
            ],
            [
              73.7886096,
              20.006658
            ],
            [
              73.7887664,
              20.0069407
            ],
            [
              73.7894663,
              20.006807
            ],
            [
              73.7897118,
              20.0075289
            ],
            [
              73.7898905,
              20.0079076
            ],
            [
              73.789648,
              20.0079947
            ],
            [
              73.7893892,
              20.0070256
            ],
            [
              73.7884825,
              20.0072172
            ],
            [
              73.7853847,
              20.0072473
            ]
          ]
        ]
      },
      "id": "way/1469841483"
    },
    {
      "type": "Feature",
      "properties": {
        "@id": "way/1469841484",
        "landuse": "commercial"
      },
      "geometry": {
        "type": "Polygon",
        "coordinates": [
          [
            [
              73.7643904,
              20.0099666
            ],
            [
              73.7638072,
              20.010196
            ],
            [
              73.7630631,
              20.0060144
            ],
            [
              73.7636643,
              20.0058938
            ],
            [
              73.7643904,
              20.0099666
            ]
          ]
        ]
      },
      "id": "way/1469841484"
    },
    {
      "type": "Feature",
      "properties": {
        "@id": "way/1469962172",
        "landuse": "industrial"
      },
      "geometry": {
        "type": "Polygon",
        "coordinates": [
          [
            [
              73.7349481,
              19.9631662
            ],
            [
              73.7343889,
              19.9633305
            ],
            [
              73.7333499,
              19.9634083
            ],
            [
              73.7330305,
              19.9620905
            ],
            [
              73.7328686,
              19.9621273
            ],
            [
              73.732833,
              19.9618485
            ],
            [
              73.7331582,
              19.9617905
            ],
            [
              73.7331357,
              19.9616678
            ],
            [
              73.733289,
              19.9616404
            ],
            [
              73.7333967,
              19.9619417
            ],
            [
              73.7349935,
              19.9616799
            ],
            [
              73.7349481,
              19.9631662
            ]
          ]
        ]
      },
      "id": "way/1469962172"
    },
    {
      "type": "Feature",
      "properties": {
        "@id": "way/1469962237",
        "landuse": "industrial"
      },
      "geometry": {
        "type": "Polygon",
        "coordinates": [
          [
            [
              73.742075,
              19.9429633
            ],
            [
              73.742593,
              19.9429109
            ],
            [
              73.7431776,
              19.9433531
            ],
            [
              73.7429393,
              19.9436043
            ],
            [
              73.742075,
              19.9429633
            ]
          ]
        ]
      },
      "id": "way/1469962237"
    },
    {
      "type": "Feature",
      "properties": {
        "@id": "way/1469983370",
        "landuse": "farmland"
      },
      "geometry": {
        "type": "Polygon",
        "coordinates": [
          [
            [
              73.7470461,
              19.9695539
            ],
            [
              73.7471915,
              19.9697039
            ],
            [
              73.7471673,
              19.9697659
            ],
            [
              73.7463762,
              19.9697993
            ],
            [
              73.7463174,
              19.9697425
            ],
            [
              73.7463159,
              19.969659
            ],
            [
              73.7470461,
              19.9695539
            ]
          ]
        ]
      },
      "id": "way/1469983370"
    },
    {
      "type": "Feature",
      "properties": {
        "@id": "way/1469983371",
        "landuse": "farmland"
      },
      "geometry": {
        "type": "Polygon",
        "coordinates": [
          [
            [
              73.7472913,
              19.9698399
            ],
            [
              73.7473014,
              19.9701266
            ],
            [
              73.7465735,
              19.9701174
            ],
            [
              73.7462911,
              19.9698247
            ],
            [
              73.7463464,
              19.9698055
            ],
            [
              73.7464146,
              19.9698374
            ],
            [
              73.7464151,
              19.9699191
            ],
            [
              73.7464907,
              19.9699137
            ],
            [
              73.7464967,
              19.969959
            ],
            [
              73.7466172,
              19.9699451
            ],
            [
              73.7466103,
              19.9698271
            ],
            [
              73.7472241,
              19.9697869
            ],
            [
              73.7472913,
              19.9698399
            ]
          ]
        ]
      },
      "id": "way/1469983371"
    },
    {
      "type": "Feature",
      "properties": {
        "@id": "way/1469983372",
        "landuse": "farmland"
      },
      "geometry": {
        "type": "Polygon",
        "coordinates": [
          [
            [
              73.7465945,
              19.9698597
            ],
            [
              73.7466066,
              19.9699334
            ],
            [
              73.7465082,
              19.9699427
            ],
            [
              73.7464908,
              19.9698728
            ],
            [
              73.7465945,
              19.9698597
            ]
          ]
        ]
      },
      "id": "way/1469983372"
    },
    {
      "type": "Feature",
      "properties": {
        "@id": "way/1469983381",
        "landuse": "farmland"
      },
      "geometry": {
        "type": "Polygon",
        "coordinates": [
          [
            [
              73.7461617,
              19.9677985
            ],
            [
              73.7462714,
              19.9683202
            ],
            [
              73.7462619,
              19.9684026
            ],
            [
              73.746204,
              19.9684717
            ],
            [
              73.7458071,
              19.9686192
            ],
            [
              73.7455221,
              19.9679632
            ],
            [
              73.7455464,
              19.9679207
            ],
            [
              73.7456956,
              19.9679155
            ],
            [
              73.7458225,
              19.9678956
            ],
            [
              73.7459134,
              19.9678654
            ],
            [
              73.7461617,
              19.9677985
            ]
          ]
        ]
      },
      "id": "way/1469983381"
    },
    {
      "type": "Feature",
      "properties": {
        "@id": "way/1469983382",
        "landuse": "religious"
      },
      "geometry": {
        "type": "Polygon",
        "coordinates": [
          [
            [
              73.7452999,
              19.970436
            ],
            [
              73.7450874,
              19.9702341
            ],
            [
              73.7451335,
              19.9702001
            ],
            [
              73.7452877,
              19.9701572
            ],
            [
              73.7453369,
              19.9701434
            ],
            [
              73.74541,
              19.9703289
            ],
            [
              73.7454019,
              19.9703444
            ],
            [
              73.7452999,
              19.970436
            ]
          ]
        ]
      },
      "id": "way/1469983382"
    },
    {
      "type": "Feature",
      "properties": {
        "@id": "way/1469996521",
        "landuse": "farmland"
      },
      "geometry": {
        "type": "Polygon",
        "coordinates": [
          [
            [
              73.7463684,
              19.9662946
            ],
            [
              73.7464191,
              19.9667174
            ],
            [
              73.7459568,
              19.9667736
            ],
            [
              73.7459089,
              19.9664986
            ],
            [
              73.7460905,
              19.9664444
            ],
            [
              73.7463684,
              19.9662946
            ]
          ]
        ]
      },
      "id": "way/1469996521"
    },
    {
      "type": "Feature",
      "properties": {
        "@id": "way/1469996522",
        "landuse": "farmland"
      },
      "geometry": {
        "type": "Polygon",
        "coordinates": [
          [
            [
              73.7464288,
              19.9667359
            ],
            [
              73.7465153,
              19.9671385
            ],
            [
              73.7460685,
              19.9673389
            ],
            [
              73.7460414,
              19.9672942
            ],
            [
              73.7459873,
              19.9668034
            ],
            [
              73.7464288,
              19.9667359
            ]
          ]
        ]
      },
      "id": "way/1469996522"
    },
    {
      "type": "Feature",
      "properties": {
        "@id": "way/1469996524",
        "landuse": "farmland"
      },
      "geometry": {
        "type": "Polygon",
        "coordinates": [
          [
            [
              73.7461595,
              19.9677783
            ],
            [
              73.7458147,
              19.9678729
            ],
            [
              73.745685,
              19.9678936
            ],
            [
              73.7455225,
              19.9678993
            ],
            [
              73.7454866,
              19.9678721
            ],
            [
              73.7454408,
              19.9676948
            ],
            [
              73.7455945,
              19.9675776
            ],
            [
              73.7460618,
              19.967364
            ],
            [
              73.7461595,
              19.9677783
            ]
          ]
        ]
      },
      "id": "way/1469996524"
    },
    {
      "type": "Feature",
      "properties": {
        "@id": "way/1469996529",
        "landuse": "farmland"
      },
      "geometry": {
        "type": "Polygon",
        "coordinates": [
          [
            [
              73.7466723,
              19.9664426
            ],
            [
              73.7466928,
              19.9666627
            ],
            [
              73.7464411,
              19.9666834
            ],
            [
              73.7464164,
              19.9664187
            ],
            [
              73.7464984,
              19.9664119
            ],
            [
              73.7465026,
              19.9664565
            ],
            [
              73.7466723,
              19.9664426
            ]
          ]
        ]
      },
      "id": "way/1469996529"
    },
    {
      "type": "Feature",
      "properties": {
        "@id": "way/1470232495",
        "landuse": "residential"
      },
      "geometry": {
        "type": "Polygon",
        "coordinates": [
          [
            [
              73.8656413,
              19.9322103
            ],
            [
              73.8659067,
              19.9310593
            ],
            [
              73.8663659,
              19.9309485
            ],
            [
              73.8664362,
              19.9310732
            ],
            [
              73.8663812,
              19.9317094
            ],
            [
              73.8663647,
              19.9321562
            ],
            [
              73.8656413,
              19.9322103
            ]
          ]
        ]
      },
      "id": "way/1470232495"
    },
    {
      "type": "Feature",
      "properties": {
        "@id": "way/1470252658",
        "landuse": "residential",
        "name": "Dream Castle",
        "residential": "apartments"
      },
      "geometry": {
        "type": "Polygon",
        "coordinates": [
          [
            [
              73.7872878,
              20.0186014
            ],
            [
              73.787361,
              20.0183194
            ],
            [
              73.7874214,
              20.0183007
            ],
            [
              73.7885067,
              20.0183787
            ],
            [
              73.7884668,
              20.0187342
            ],
            [
              73.7872878,
              20.0186014
            ]
          ]
        ]
      },
      "id": "way/1470252658"
    },
    {
      "type": "Feature",
      "properties": {
        "@id": "way/1470284674",
        "landuse": "farmland"
      },
      "geometry": {
        "type": "Polygon",
        "coordinates": [
          [
            [
              73.8444464,
              19.9444551
            ],
            [
              73.8451071,
              19.9445183
            ],
            [
              73.8449765,
              19.9461034
            ],
            [
              73.8443158,
              19.946098
            ],
            [
              73.8444464,
              19.9444551
            ]
          ]
        ]
      },
      "id": "way/1470284674"
    },
    {
      "type": "Feature",
      "properties": {
        "@id": "way/1470284675",
        "landuse": "farmland"
      },
      "geometry": {
        "type": "Polygon",
        "coordinates": [
          [
            [
              73.8434631,
              19.9441916
            ],
            [
              73.844383,
              19.9441681
            ],
            [
              73.8442985,
              19.9451249
            ],
            [
              73.8437377,
              19.9451231
            ],
            [
              73.8437531,
              19.9447801
            ],
            [
              73.8434612,
              19.9447747
            ],
            [
              73.8434631,
              19.9441916
            ]
          ]
        ]
      },
      "id": "way/1470284675"
    },
    {
      "type": "Feature",
      "properties": {
        "@id": "way/1470284676",
        "landuse": "farmland"
      },
      "geometry": {
        "type": "Polygon",
        "coordinates": [
          [
            [
              73.843513,
              19.9451502
            ],
            [
              73.8440066,
              19.9451538
            ],
            [
              73.843974,
              19.945708
            ],
            [
              73.8438376,
              19.9457171
            ],
            [
              73.8437973,
              19.9466179
            ],
            [
              73.843586,
              19.9466143
            ],
            [
              73.8435476,
              19.9457044
            ],
            [
              73.8434823,
              19.9457044
            ],
            [
              73.843513,
              19.9451502
            ]
          ]
        ]
      },
      "id": "way/1470284676"
    },
    {
      "type": "Feature",
      "properties": {
        "@id": "way/1470378519",
        "landuse": "retail"
      },
      "geometry": {
        "type": "Polygon",
        "coordinates": [
          [
            [
              73.7924308,
              20.0086505
            ],
            [
              73.7925957,
              20.008472
            ],
            [
              73.7929371,
              20.0091277
            ],
            [
              73.79274,
              20.009182
            ],
            [
              73.7924308,
              20.0086505
            ]
          ]
        ]
      },
      "id": "way/1470378519"
    },
    {
      "type": "Feature",
      "properties": {
        "@id": "way/1471585107",
        "landuse": "residential"
      },
      "geometry": {
        "type": "Polygon",
        "coordinates": [
          [
            [
              73.7968826,
              20.0108777
            ],
            [
              73.7967351,
              20.0109545
            ],
            [
              73.7966627,
              20.0102514
            ],
            [
              73.7965286,
              20.0095104
            ],
            [
              73.7967136,
              20.0095016
            ],
            [
              73.7968156,
              20.0101014
            ],
            [
              73.7968826,
              20.0108777
            ]
          ]
        ]
      },
      "id": "way/1471585107"
    },
    {
      "type": "Feature",
      "properties": {
        "@id": "way/1471585111",
        "landuse": "residential"
      },
      "geometry": {
        "type": "Polygon",
        "coordinates": [
          [
            [
              73.7958647,
              20.0100674
            ],
            [
              73.795858,
              20.0100296
            ],
            [
              73.7959573,
              20.0100183
            ],
            [
              73.7959559,
              20.0099502
            ],
            [
              73.7962322,
              20.0099313
            ],
            [
              73.7962067,
              20.0094121
            ],
            [
              73.7963676,
              20.0093945
            ],
            [
              73.796538,
              20.0099578
            ],
            [
              73.7963891,
              20.0099716
            ],
            [
              73.7964052,
              20.010158
            ],
            [
              73.7961088,
              20.0101203
            ],
            [
              73.7958647,
              20.0100674
            ]
          ]
        ]
      },
      "id": "way/1471585111"
    },
    {
      "type": "Feature",
      "properties": {
        "@id": "way/1471585112",
        "landuse": "commercial"
      },
      "geometry": {
        "type": "Polygon",
        "coordinates": [
          [
            [
              73.795217,
              20.010109
            ],
            [
              73.7957481,
              20.0100069
            ],
            [
              73.7958647,
              20.0100674
            ],
            [
              73.7961088,
              20.0101203
            ],
            [
              73.7964052,
              20.010158
            ],
            [
              73.7965849,
              20.0101808
            ],
            [
              73.7966131,
              20.0104316
            ],
            [
              73.7953484,
              20.01055
            ],
            [
              73.795217,
              20.010109
            ]
          ]
        ]
      },
      "id": "way/1471585112"
    },
    {
      "type": "Feature",
      "properties": {
        "@id": "way/1471585115",
        "landuse": "commercial"
      },
      "geometry": {
        "type": "Polygon",
        "coordinates": [
          [
            [
              73.7952839,
              20.009838
            ],
            [
              73.7953109,
              20.009949
            ],
            [
              73.7954034,
              20.0099288
            ],
            [
              73.7954224,
              20.010012
            ],
            [
              73.7951499,
              20.0100586
            ],
            [
              73.7950855,
              20.0098809
            ],
            [
              73.7947489,
              20.0090719
            ],
            [
              73.7951647,
              20.0090555
            ],
            [
              73.7951781,
              20.0090996
            ],
            [
              73.7952451,
              20.0090807
            ],
            [
              73.7952559,
              20.009111
            ],
            [
              73.7954557,
              20.0090668
            ],
            [
              73.7956488,
              20.0097612
            ],
            [
              73.7952839,
              20.009838
            ]
          ]
        ]
      },
      "id": "way/1471585115"
    },
    {
      "type": "Feature",
      "properties": {
        "@id": "way/1471765019",
        "landuse": "residential"
      },
      "geometry": {
        "type": "Polygon",
        "coordinates": [
          [
            [
              73.8634282,
              19.9566597
            ],
            [
              73.8649303,
              19.9567958
            ],
            [
              73.8653433,
              19.9552428
            ],
            [
              73.8662124,
              19.9529183
            ],
            [
              73.8664859,
              19.9529334
            ],
            [
              73.8655686,
              19.9551974
            ],
            [
              73.8659656,
              19.9552579
            ],
            [
              73.8659495,
              19.9556815
            ],
            [
              73.8671136,
              19.9560344
            ],
            [
              73.8667434,
              19.9570278
            ],
            [
              73.8671672,
              19.9573656
            ],
            [
              73.8673389,
              19.9573908
            ],
            [
              73.8665503,
              19.9584346
            ],
            [
              73.8659388,
              19.9583388
            ],
            [
              73.8658959,
              19.9585102
            ],
            [
              73.8655955,
              19.9584245
            ],
            [
              73.8652736,
              19.9584295
            ],
            [
              73.8648766,
              19.9586262
            ],
            [
              73.8646299,
              19.9583942
            ],
            [
              73.8644153,
              19.9586968
            ],
            [
              73.8643455,
              19.959443
            ],
            [
              73.8638413,
              19.9597304
            ],
            [
              73.86397,
              19.9599775
            ],
            [
              73.8629508,
              19.9605725
            ],
            [
              73.8625967,
              19.9593422
            ],
            [
              73.8625967,
              19.9585758
            ],
            [
              73.8629401,
              19.9586363
            ],
            [
              73.8634282,
              19.9566597
            ]
          ]
        ]
      },
      "id": "way/1471765019"
    },
    {
      "type": "Feature",
      "properties": {
        "@id": "way/1471765021",
        "landuse": "quarry"
      },
      "geometry": {
        "type": "Polygon",
        "coordinates": [
          [
            [
              73.8650858,
              19.9719976
            ],
            [
              73.8660514,
              19.9714329
            ],
            [
              73.866266,
              19.9714329
            ],
            [
              73.8662553,
              19.9732681
            ],
            [
              73.8658798,
              19.9735706
            ],
            [
              73.8653004,
              19.9735908
            ],
            [
              73.8645923,
              19.97349
            ],
            [
              73.8644957,
              19.9730463
            ],
            [
              73.8650644,
              19.9725018
            ],
            [
              73.8650858,
              19.9719976
            ]
          ]
        ]
      },
      "id": "way/1471765021"
    },
    {
      "type": "Feature",
      "properties": {
        "@id": "way/1471765022",
        "landuse": "recreation_ground"
      },
      "geometry": {
        "type": "Polygon",
        "coordinates": [
          [
            [
              73.8781857,
              19.9808911
            ],
            [
              73.8782626,
              19.9808978
            ],
            [
              73.8783379,
              19.9809139
            ],
            [
              73.8784103,
              19.9809391
            ],
            [
              73.8784786,
              19.9809729
            ],
            [
              73.8785416,
              19.9810149
            ],
            [
              73.8785983,
              19.9810642
            ],
            [
              73.8786476,
              19.98112
            ],
            [
              73.8786887,
              19.9811815
            ],
            [
              73.878721,
              19.9812474
            ],
            [
              73.8787438,
              19.9813167
            ],
            [
              73.8787568,
              19.9813883
            ],
            [
              73.8787597,
              19.9814608
            ],
            [
              73.8787526,
              19.981533
            ],
            [
              73.8787355,
              19.9816038
            ],
            [
              73.8787087,
              19.9816718
            ],
            [
              73.8786726,
              19.981736
            ],
            [
              73.878628,
              19.9817952
            ],
            [
              73.8785755,
              19.9818485
            ],
            [
              73.8785161,
              19.9818948
            ],
            [
              73.8784508,
              19.9819335
            ],
            [
              73.8783806,
              19.9819638
            ],
            [
              73.8783068,
              19.9819852
            ],
            [
              73.8782307,
              19.9819974
            ],
            [
              73.8781536,
              19.9820002
            ],
            [
              73.8780767,
              19.9819935
            ],
            [
              73.8780014,
              19.9819774
            ],
            [
              73.877929,
              19.9819522
            ],
            [
              73.8778607,
              19.9819183
            ],
            [
              73.8777977,
              19.9818764
            ],
            [
              73.877741,
              19.9818271
            ],
            [
              73.8776917,
              19.9817712
            ],
            [
              73.8776506,
              19.9817098
            ],
            [
              73.8776183,
              19.9816439
            ],
            [
              73.8775955,
              19.9815746
            ],
            [
              73.8775825,
              19.981503
            ],
            [
              73.8775796,
              19.9814305
            ],
            [
              73.8775867,
              19.9813583
            ],
            [
              73.8776038,
              19.9812875
            ],
            [
              73.8776306,
              19.9812194
            ],
            [
              73.8776667,
              19.9811553
            ],
            [
              73.8777113,
              19.981096
            ],
            [
              73.8777638,
              19.9810428
            ],
            [
              73.8778232,
              19.9809965
            ],
            [
              73.8778885,
              19.9809578
            ],
            [
              73.8779587,
              19.9809275
            ],
            [
              73.8780325,
              19.9809061
            ],
            [
              73.8781086,
              19.9808938
            ],
            [
              73.8781857,
              19.9808911
            ]
          ]
        ]
      },
      "id": "way/1471765022"
    },
    {
      "type": "Feature",
      "properties": {
        "@id": "way/1471765023",
        "landuse": "residential"
      },
      "geometry": {
        "type": "Polygon",
        "coordinates": [
          [
            [
              73.8685191,
              19.978451
            ],
            [
              73.8687873,
              19.9762427
            ],
            [
              73.8734436,
              19.9764444
            ],
            [
              73.8747632,
              19.9766864
            ],
            [
              73.8765657,
              19.9773822
            ],
            [
              73.8826557,
              19.9802702
            ],
            [
              73.8813098,
              19.9829691
            ],
            [
              73.8832245,
              19.9838423
            ],
            [
              73.8841791,
              19.9835309
            ],
            [
              73.8842804,
              19.9828506
            ],
            [
              73.8862606,
              19.9823592
            ],
            [
              73.8872203,
              19.9828824
            ],
            [
              73.8882101,
              19.9833636
            ],
            [
              73.886919,
              19.985993
            ],
            [
              73.8856959,
              19.9862552
            ],
            [
              73.8830566,
              19.9871223
            ],
            [
              73.8792372,
              19.98684
            ],
            [
              73.876276,
              19.9863762
            ],
            [
              73.8758898,
              19.9842991
            ],
            [
              73.8740873,
              19.9815162
            ],
            [
              73.8730037,
              19.9805079
            ],
            [
              73.8754392,
              19.978814
            ],
            [
              73.8750636,
              19.9784409
            ],
            [
              73.8744092,
              19.9781787
            ],
            [
              73.8712978,
              19.978209
            ],
            [
              73.8709867,
              19.9793585
            ],
            [
              73.8685191,
              19.978451
            ]
          ]
        ]
      },
      "id": "way/1471765023"
    },
    {
      "type": "Feature",
      "properties": {
        "@id": "way/1471883309",
        "landuse": "industrial"
      },
      "geometry": {
        "type": "Polygon",
        "coordinates": [
          [
            [
              73.8205987,
              20.001938
            ],
            [
              73.8215536,
              20.0019582
            ],
            [
              73.8217038,
              20.0040803
            ],
            [
              73.8205558,
              20.0039241
            ],
            [
              73.8205987,
              20.001938
            ]
          ]
        ]
      },
      "id": "way/1471883309"
    },
    {
      "type": "Feature",
      "properties": {
        "@id": "way/1471883312",
        "landuse": "farmland"
      },
      "geometry": {
        "type": "Polygon",
        "coordinates": [
          [
            [
              73.8170625,
              20.0101344
            ],
            [
              73.8170528,
              20.0097914
            ],
            [
              73.8169938,
              20.0092672
            ],
            [
              73.8179617,
              20.0091419
            ],
            [
              73.8180613,
              20.0096961
            ],
            [
              73.8185763,
              20.0096759
            ],
            [
              73.81846,
              20.0087134
            ],
            [
              73.8186273,
              20.0085489
            ],
            [
              73.818799,
              20.0093554
            ],
            [
              73.8193166,
              20.0092748
            ],
            [
              73.8192388,
              20.0088992
            ],
            [
              73.8199098,
              20.008814
            ],
            [
              73.8203144,
              20.0107244
            ],
            [
              73.8195097,
              20.0107042
            ],
            [
              73.8191988,
              20.0107357
            ],
            [
              73.8189518,
              20.0106937
            ],
            [
              73.8184851,
              20.0106635
            ],
            [
              73.8173532,
              20.0102451
            ],
            [
              73.8170625,
              20.0101344
            ]
          ]
        ]
      },
      "id": "way/1471883312"
    },
    {
      "type": "Feature",
      "properties": {
        "@id": "way/1475594401",
        "landuse": "residential"
      },
      "geometry": {
        "type": "Polygon",
        "coordinates": [
          [
            [
              73.8472338,
              19.94409
            ],
            [
              73.8477691,
              19.9440687
            ],
            [
              73.8477676,
              19.9440944
            ],
            [
              73.8477674,
              19.944124
            ],
            [
              73.8477672,
              19.9441547
            ],
            [
              73.8477516,
              19.9445752
            ],
            [
              73.8472604,
              19.9446149
            ],
            [
              73.8472338,
              19.94409
            ]
          ]
        ]
      },
      "id": "way/1475594401"
    },
    {
      "type": "Feature",
      "properties": {
        "@id": "way/1475594402",
        "landuse": "farmland"
      },
      "geometry": {
        "type": "Polygon",
        "coordinates": [
          [
            [
              73.8461078,
              19.94192
            ],
            [
              73.8487698,
              19.9419521
            ],
            [
              73.8488268,
              19.9431404
            ],
            [
              73.8460964,
              19.9430012
            ],
            [
              73.8461078,
              19.94192
            ]
          ]
        ]
      },
      "id": "way/1475594402"
    },
    {
      "type": "Feature",
      "properties": {
        "@id": "way/1475615645",
        "landuse": "farmland"
      },
      "geometry": {
        "type": "Polygon",
        "coordinates": [
          [
            [
              73.8295201,
              19.9374585
            ],
            [
              73.8301439,
              19.9375116
            ],
            [
              73.8300571,
              19.938328
            ],
            [
              73.8294448,
              19.9383742
            ],
            [
              73.8295201,
              19.9374585
            ]
          ]
        ]
      },
      "id": "way/1475615645"
    },
    {
      "type": "Feature",
      "properties": {
        "@id": "way/1475615647",
        "landuse": "farmland"
      },
      "geometry": {
        "type": "Polygon",
        "coordinates": [
          [
            [
              73.8303757,
              19.9359955
            ],
            [
              73.8304097,
              19.9373367
            ],
            [
              73.8302895,
              19.9373708
            ],
            [
              73.8286474,
              19.9372151
            ],
            [
              73.8286928,
              19.9366096
            ],
            [
              73.8283889,
              19.9365837
            ],
            [
              73.8284168,
              19.9362287
            ],
            [
              73.8290283,
              19.9362367
            ],
            [
              73.8290401,
              19.9359604
            ],
            [
              73.8303757,
              19.9359955
            ]
          ]
        ]
      },
      "id": "way/1475615647"
    },
    {
      "type": "Feature",
      "properties": {
        "@id": "way/1475615651",
        "landuse": "farmland"
      },
      "geometry": {
        "type": "Polygon",
        "coordinates": [
          [
            [
              73.8217868,
              19.9364703
            ],
            [
              73.822386,
              19.9366094
            ],
            [
              73.8223225,
              19.9369548
            ],
            [
              73.8224813,
              19.9369782
            ],
            [
              73.8225425,
              19.9366392
            ],
            [
              73.8233454,
              19.9367757
            ],
            [
              73.8232343,
              19.9377522
            ],
            [
              73.8235246,
              19.9377735
            ],
            [
              73.8232572,
              19.9402091
            ],
            [
              73.8224234,
              19.9400637
            ],
            [
              73.8218233,
              19.9397983
            ],
            [
              73.8217741,
              19.9390725
            ],
            [
              73.821407,
              19.9389965
            ],
            [
              73.8215311,
              19.9378692
            ],
            [
              73.8217868,
              19.9364703
            ]
          ]
        ]
      },
      "id": "way/1475615651"
    },
    {
      "type": "Feature",
      "properties": {
        "@id": "way/1475615656",
        "landuse": "farmland"
      },
      "geometry": {
        "type": "Polygon",
        "coordinates": [
          [
            [
              73.8211256,
              19.9361737
            ],
            [
              73.8216791,
              19.9363934
            ],
            [
              73.8213184,
              19.9387835
            ],
            [
              73.8209419,
              19.9384765
            ],
            [
              73.8210576,
              19.9373422
            ],
            [
              73.8209351,
              19.9373315
            ],
            [
              73.8211256,
              19.9361737
            ]
          ]
        ]
      },
      "id": "way/1475615656"
    },
    {
      "type": "Feature",
      "properties": {
        "@id": "way/1475615658",
        "landuse": "farmland"
      },
      "geometry": {
        "type": "Polygon",
        "coordinates": [
          [
            [
              73.8204225,
              19.9359946
            ],
            [
              73.8210644,
              19.9361183
            ],
            [
              73.8207605,
              19.9381353
            ],
            [
              73.820393,
              19.9380437
            ],
            [
              73.8202116,
              19.9376471
            ],
            [
              73.8204225,
              19.9359946
            ]
          ]
        ]
      },
      "id": "way/1475615658"
    },
    {
      "type": "Feature",
      "properties": {
        "@id": "way/1475615659",
        "landuse": "grass"
      },
      "geometry": {
        "type": "Polygon",
        "coordinates": [
          [
            [
              73.8200723,
              19.9350192
            ],
            [
              73.8205142,
              19.9350508
            ],
            [
              73.8204885,
              19.9353688
            ],
            [
              73.8200466,
              19.9353372
            ],
            [
              73.8200723,
              19.9350192
            ]
          ]
        ]
      },
      "id": "way/1475615659"
    },
    {
      "type": "Feature",
      "properties": {
        "@id": "way/1475615660",
        "landuse": "grass"
      },
      "geometry": {
        "type": "Polygon",
        "coordinates": [
          [
            [
              73.8207392,
              19.9343006
            ],
            [
              73.8210663,
              19.9343156
            ],
            [
              73.8210533,
              19.9345894
            ],
            [
              73.8210163,
              19.9346432
            ],
            [
              73.8207716,
              19.9346241
            ],
            [
              73.8207226,
              19.9345885
            ],
            [
              73.8207392,
              19.9343006
            ]
          ]
        ]
      },
      "id": "way/1475615660"
    },
    {
      "type": "Feature",
      "properties": {
        "@id": "way/1475615666",
        "landuse": "farmland"
      },
      "geometry": {
        "type": "Polygon",
        "coordinates": [
          [
            [
              73.8310804,
              19.9390187
            ],
            [
              73.8311018,
              19.9395595
            ],
            [
              73.8301594,
              19.9395911
            ],
            [
              73.8300186,
              19.9398356
            ],
            [
              73.8298564,
              19.9398414
            ],
            [
              73.8298197,
              19.9401693
            ],
            [
              73.8304378,
              19.9401952
            ],
            [
              73.8303858,
              19.9408913
            ],
            [
              73.8304317,
              19.9409344
            ],
            [
              73.830496,
              19.9412106
            ],
            [
              73.8307102,
              19.9412365
            ],
            [
              73.8306949,
              19.9421656
            ],
            [
              73.8305572,
              19.942226
            ],
            [
              73.8288528,
              19.942272
            ],
            [
              73.8288283,
              19.9419815
            ],
            [
              73.8284213,
              19.9419671
            ],
            [
              73.8283663,
              19.9420361
            ],
            [
              73.8282653,
              19.942226
            ],
            [
              73.8277237,
              19.9420965
            ],
            [
              73.8275156,
              19.9420821
            ],
            [
              73.8274911,
              19.9419642
            ],
            [
              73.8271454,
              19.9419412
            ],
            [
              73.8271668,
              19.9417341
            ],
            [
              73.8270168,
              19.9417111
            ],
            [
              73.8269648,
              19.9418722
            ],
            [
              73.8264079,
              19.9417657
            ],
            [
              73.8264079,
              19.9415184
            ],
            [
              73.8263192,
              19.9415184
            ],
            [
              73.8264532,
              19.9406569
            ],
            [
              73.8262056,
              19.9406396
            ],
            [
              73.8260264,
              19.9417664
            ],
            [
              73.8249621,
              19.9413479
            ],
            [
              73.8253176,
              19.9392329
            ],
            [
              73.825549,
              19.9392627
            ],
            [
              73.8256646,
              19.938444
            ],
            [
              73.826076,
              19.9384258
            ],
            [
              73.8265322,
              19.9383842
            ],
            [
              73.8293581,
              19.9384394
            ],
            [
              73.8293612,
              19.9390406
            ],
            [
              73.8305649,
              19.9390284
            ],
            [
              73.8310804,
              19.9390187
            ]
          ]
        ]
      },
      "id": "way/1475615666"
    },
    {
      "type": "Feature",
      "properties": {
        "@id": "way/1475615667",
        "landuse": "farmland"
      },
      "geometry": {
        "type": "Polygon",
        "coordinates": [
          [
            [
              73.8267441,
              19.9371476
            ],
            [
              73.8276927,
              19.9372282
            ],
            [
              73.8275764,
              19.9383328
            ],
            [
              73.8266615,
              19.9383184
            ],
            [
              73.8267441,
              19.9371476
            ]
          ]
        ]
      },
      "id": "way/1475615667"
    },
    {
      "type": "Feature",
      "properties": {
        "@id": "way/1475615668",
        "landuse": "farmland"
      },
      "geometry": {
        "type": "Polygon",
        "coordinates": [
          [
            [
              73.8263188,
              19.9371879
            ],
            [
              73.8266095,
              19.9372138
            ],
            [
              73.8264871,
              19.938327
            ],
            [
              73.8261903,
              19.9383702
            ],
            [
              73.8263188,
              19.9371879
            ]
          ]
        ]
      },
      "id": "way/1475615668"
    },
    {
      "type": "Feature",
      "properties": {
        "@id": "way/1475615669",
        "landuse": "farmland"
      },
      "geometry": {
        "type": "Polygon",
        "coordinates": [
          [
            [
              73.826123,
              19.9375043
            ],
            [
              73.826025,
              19.9383874
            ],
            [
              73.8253886,
              19.9383989
            ],
            [
              73.8249017,
              19.9414039
            ],
            [
              73.8248264,
              19.9414528
            ],
            [
              73.8242098,
              19.9413358
            ],
            [
              73.8242243,
              19.9411739
            ],
            [
              73.8238378,
              19.9411521
            ],
            [
              73.8235204,
              19.9408746
            ],
            [
              73.823534,
              19.9406251
            ],
            [
              73.8232777,
              19.9403778
            ],
            [
              73.8235774,
              19.938023
            ],
            [
              73.8238013,
              19.9380257
            ],
            [
              73.8238725,
              19.9368852
            ],
            [
              73.824431,
              19.936962
            ],
            [
              73.8243889,
              19.937544
            ],
            [
              73.8247287,
              19.9375118
            ],
            [
              73.824734,
              19.9373434
            ],
            [
              73.8249131,
              19.9373359
            ],
            [
              73.8249237,
              19.9369818
            ],
            [
              73.825787,
              19.9370307
            ],
            [
              73.8257928,
              19.9373056
            ],
            [
              73.8259665,
              19.9373029
            ],
            [
              73.8259579,
              19.9374866
            ],
            [
              73.826123,
              19.9375043
            ]
          ]
        ]
      },
      "id": "way/1475615669"
    },
    {
      "type": "Feature",
      "properties": {
        "@id": "way/1475615682",
        "landuse": "farmland"
      },
      "geometry": {
        "type": "Polygon",
        "coordinates": [
          [
            [
              73.8164764,
              19.9342108
            ],
            [
              73.8172381,
              19.934349
            ],
            [
              73.8172079,
              19.9344767
            ],
            [
              73.8170161,
              19.9344379
            ],
            [
              73.8169889,
              19.9346033
            ],
            [
              73.8171395,
              19.9346468
            ],
            [
              73.8170787,
              19.9350251
            ],
            [
              73.817028,
              19.9350564
            ],
            [
              73.816436,
              19.9348836
            ],
            [
              73.816229,
              19.9347598
            ],
            [
              73.8163,
              19.9344509
            ],
            [
              73.8163868,
              19.9344536
            ],
            [
              73.8164155,
              19.9343112
            ],
            [
              73.8164573,
              19.934309
            ],
            [
              73.8164764,
              19.9342108
            ]
          ]
        ]
      },
      "id": "way/1475615682"
    },
    {
      "type": "Feature",
      "properties": {
        "@id": "way/1475615693",
        "landuse": "farmland"
      },
      "geometry": {
        "type": "Polygon",
        "coordinates": [
          [
            [
              73.8098097,
              19.9330626
            ],
            [
              73.8107147,
              19.9330285
            ],
            [
              73.8107782,
              19.934118
            ],
            [
              73.8103904,
              19.9341522
            ],
            [
              73.8102663,
              19.9338487
            ],
            [
              73.810235,
              19.9336759
            ],
            [
              73.8096872,
              19.9337236
            ],
            [
              73.8098097,
              19.9330626
            ]
          ]
        ]
      },
      "id": "way/1475615693"
    },
    {
      "type": "Feature",
      "properties": {
        "@id": "way/1475615694",
        "landuse": "farmland"
      },
      "geometry": {
        "type": "Polygon",
        "coordinates": [
          [
            [
              73.8101154,
              19.9337782
            ],
            [
              73.8101448,
              19.9341855
            ],
            [
              73.8103331,
              19.9342068
            ],
            [
              73.8104125,
              19.9348166
            ],
            [
              73.8100632,
              19.9347612
            ],
            [
              73.810045,
              19.934919
            ],
            [
              73.8092331,
              19.9347569
            ],
            [
              73.8091287,
              19.9346844
            ],
            [
              73.8090471,
              19.9344989
            ],
            [
              73.8089654,
              19.9342238
            ],
            [
              73.8090267,
              19.9341535
            ],
            [
              73.809351,
              19.934017
            ],
            [
              73.8095393,
              19.9338123
            ],
            [
              73.8101154,
              19.9337782
            ]
          ]
        ]
      },
      "id": "way/1475615694"
    },
    {
      "type": "Feature",
      "properties": {
        "@id": "way/1475615696",
        "landuse": "farmland"
      },
      "geometry": {
        "type": "Polygon",
        "coordinates": [
          [
            [
              73.8100857,
              19.9349681
            ],
            [
              73.8101801,
              19.9349862
            ],
            [
              73.8102445,
              19.9350145
            ],
            [
              73.8102724,
              19.9350407
            ],
            [
              73.8102799,
              19.935192
            ],
            [
              73.8102573,
              19.9352232
            ],
            [
              73.8101007,
              19.9352575
            ],
            [
              73.8097499,
              19.9352374
            ],
            [
              73.8097102,
              19.9352717
            ],
            [
              73.8096791,
              19.935313
            ],
            [
              73.8092199,
              19.9351657
            ],
            [
              73.8091898,
              19.9350669
            ],
            [
              73.8089516,
              19.9349933
            ],
            [
              73.8086856,
              19.9347784
            ],
            [
              73.8087059,
              19.9346645
            ],
            [
              73.8087821,
              19.9346282
            ],
            [
              73.8090385,
              19.9346393
            ],
            [
              73.8091201,
              19.9346968
            ],
            [
              73.8092263,
              19.9347744
            ],
            [
              73.8100857,
              19.9349681
            ]
          ]
        ]
      },
      "id": "way/1475615696"
    },
    {
      "type": "Feature",
      "properties": {
        "@id": "way/1476078637",
        "landuse": "farmland"
      },
      "geometry": {
        "type": "Polygon",
        "coordinates": [
          [
            [
              73.8079026,
              19.9077179
            ],
            [
              73.8088239,
              19.9079076
            ],
            [
              73.808565,
              19.9083407
            ],
            [
              73.8087028,
              19.9095199
            ],
            [
              73.8071864,
              19.9099657
            ],
            [
              73.8079026,
              19.9077179
            ]
          ]
        ]
      },
      "id": "way/1476078637"
    },
    {
      "type": "Feature",
      "properties": {
        "@id": "way/1476078696",
        "landuse": "farmland"
      },
      "geometry": {
        "type": "Polygon",
        "coordinates": [
          [
            [
              73.8048833,
              19.8999432
            ],
            [
              73.8052621,
              19.8997266
            ],
            [
              73.8056526,
              19.8997927
            ],
            [
              73.8060129,
              19.8996744
            ],
            [
              73.8071159,
              19.8997511
            ],
            [
              73.8078283,
              19.8998036
            ],
            [
              73.8079077,
              19.8998923
            ],
            [
              73.8084934,
              19.8997551
            ],
            [
              73.8085578,
              19.8996522
            ],
            [
              73.8089924,
              19.8994381
            ],
            [
              73.8092211,
              19.9003644
            ],
            [
              73.8094194,
              19.9005162
            ],
            [
              73.8096212,
              19.9019832
            ],
            [
              73.8089924,
              19.9020369
            ],
            [
              73.8080577,
              19.9022677
            ],
            [
              73.8079837,
              19.903055
            ],
            [
              73.807022,
              19.9031909
            ],
            [
              73.8069582,
              19.9026566
            ],
            [
              73.8067497,
              19.9026724
            ],
            [
              73.8066286,
              19.9015627
            ],
            [
              73.8059898,
              19.9015817
            ],
            [
              73.8060705,
              19.9024637
            ],
            [
              73.805361,
              19.9024416
            ],
            [
              73.8053476,
              19.902293
            ],
            [
              73.8051189,
              19.902312
            ],
            [
              73.8052063,
              19.9015911
            ],
            [
              73.8047692,
              19.9004403
            ],
            [
              73.8047625,
              19.9001336
            ],
            [
              73.8048833,
              19.8999432
            ]
          ]
        ]
      },
      "id": "way/1476078696"
    },
    {
      "type": "Feature",
      "properties": {
        "@id": "way/1476078697",
        "landuse": "farmland"
      },
      "geometry": {
        "type": "Polygon",
        "coordinates": [
          [
            [
              73.8016744,
              19.8990565
            ],
            [
              73.8021115,
              19.8988067
            ],
            [
              73.8026697,
              19.8986234
            ],
            [
              73.8031269,
              19.8993695
            ],
            [
              73.8036279,
              19.8994075
            ],
            [
              73.8040213,
              19.8999734
            ],
            [
              73.8043914,
              19.9002553
            ],
            [
              73.8037802,
              19.9006518
            ],
            [
              73.8035379,
              19.9012328
            ],
            [
              73.80238,
              19.9016696
            ],
            [
              73.8014793,
              19.9023258
            ],
            [
              73.8016744,
              19.8990565
            ]
          ]
        ]
      },
      "id": "way/1476078697"
    },
    {
      "type": "Feature",
      "properties": {
        "@id": "way/1476078698",
        "landuse": "farmland"
      },
      "geometry": {
        "type": "Polygon",
        "coordinates": [
          [
            [
              73.8014793,
              19.9023258
            ],
            [
              73.80238,
              19.9016696
            ],
            [
              73.8035379,
              19.9012328
            ],
            [
              73.8037802,
              19.9006518
            ],
            [
              73.8043914,
              19.9002553
            ],
            [
              73.8046208,
              19.9002891
            ],
            [
              73.8046816,
              19.9005477
            ],
            [
              73.8050898,
              19.9015929
            ],
            [
              73.8048611,
              19.9027443
            ],
            [
              73.8040968,
              19.9030819
            ],
            [
              73.8039029,
              19.9032234
            ],
            [
              73.8038276,
              19.9034194
            ],
            [
              73.8038015,
              19.903599
            ],
            [
              73.803839,
              19.9038731
            ],
            [
              73.8039481,
              19.9044802
            ],
            [
              73.8034251,
              19.9045561
            ],
            [
              73.8034378,
              19.9049864
            ],
            [
              73.8025786,
              19.9054307
            ],
            [
              73.8016061,
              19.9063855
            ],
            [
              73.8000079,
              19.9053114
            ],
            [
              73.7999232,
              19.9056512
            ],
            [
              73.7990783,
              19.9056301
            ],
            [
              73.7989387,
              19.9058668
            ],
            [
              73.7961573,
              19.9059934
            ],
            [
              73.7961024,
              19.9053231
            ],
            [
              73.7968825,
              19.904585
            ],
            [
              73.7977474,
              19.9045686
            ],
            [
              73.7983904,
              19.9039124
            ],
            [
              73.7993375,
              19.9037577
            ],
            [
              73.8010548,
              19.9023646
            ],
            [
              73.8014793,
              19.9023258
            ]
          ]
        ]
      },
      "id": "way/1476078698"
    },
    {
      "type": "Feature",
      "properties": {
        "@id": "way/1476078699",
        "landuse": "farmland"
      },
      "geometry": {
        "type": "Polygon",
        "coordinates": [
          [
            [
              73.8080569,
              19.9049816
            ],
            [
              73.8084066,
              19.9048963
            ],
            [
              73.8089581,
              19.904969
            ],
            [
              73.8090808,
              19.9070831
            ],
            [
              73.8074704,
              19.9072282
            ],
            [
              73.8072935,
              19.9075182
            ],
            [
              73.8063591,
              19.9077357
            ],
            [
              73.8063818,
              19.907902
            ],
            [
              73.8067583,
              19.9078765
            ],
            [
              73.8066086,
              19.9085503
            ],
            [
              73.805098,
              19.9086101
            ],
            [
              73.8050844,
              19.9091645
            ],
            [
              73.804218,
              19.9090664
            ],
            [
              73.8041726,
              19.9081963
            ],
            [
              73.804227,
              19.9078935
            ],
            [
              73.8043858,
              19.9078679
            ],
            [
              73.8044811,
              19.9068613
            ],
            [
              73.8056106,
              19.9068315
            ],
            [
              73.8066857,
              19.9061363
            ],
            [
              73.8080569,
              19.9049816
            ]
          ]
        ]
      },
      "id": "way/1476078699"
    },
    {
      "type": "Feature",
      "properties": {
        "@id": "way/1476182063",
        "landuse": "grass"
      },
      "geometry": {
        "type": "Polygon",
        "coordinates": [
          [
            [
              73.7309159,
              19.9340785
            ],
            [
              73.7310173,
              19.9340847
            ],
            [
              73.731003,
              19.9342926
            ],
            [
              73.7309039,
              19.9342526
            ],
            [
              73.7309159,
              19.9340785
            ]
          ]
        ]
      },
      "id": "way/1476182063"
    },
    {
      "type": "Feature",
      "properties": {
        "@id": "way/1476182065",
        "landuse": "grass"
      },
      "geometry": {
        "type": "Polygon",
        "coordinates": [
          [
            [
              73.7292387,
              19.9332234
            ],
            [
              73.7297795,
              19.9333018
            ],
            [
              73.7296018,
              19.9335885
            ],
            [
              73.7291487,
              19.9333915
            ],
            [
              73.7292387,
              19.9332234
            ]
          ]
        ]
      },
      "id": "way/1476182065"
    },
    {
      "type": "Feature",
      "properties": {
        "@id": "way/1476197154",
        "landuse": "grass"
      },
      "geometry": {
        "type": "Polygon",
        "coordinates": [
          [
            [
              73.7352038,
              19.9631961
            ],
            [
              73.7352091,
              19.9632066
            ],
            [
              73.7352104,
              19.9632181
            ],
            [
              73.7352077,
              19.9632293
            ],
            [
              73.7352013,
              19.963239
            ],
            [
              73.7351919,
              19.9632463
            ],
            [
              73.7351805,
              19.9632503
            ],
            [
              73.7351683,
              19.9632507
            ],
            [
              73.7351567,
              19.9632473
            ],
            [
              73.7351468,
              19.9632406
            ],
            [
              73.7351398,
              19.9632313
            ],
            [
              73.7351364,
              19.9632203
            ],
            [
              73.7351369,
              19.9632089
            ],
            [
              73.7351414,
              19.9631981
            ],
            [
              73.7351493,
              19.9631893
            ],
            [
              73.73516,
              19.9631834
            ],
            [
              73.735172,
              19.9631811
            ],
            [
              73.7351842,
              19.9631826
            ],
            [
              73.7351953,
              19.9631878
            ],
            [
              73.7352038,
              19.9631961
            ]
          ]
        ]
      },
      "id": "way/1476197154"
    },
    {
      "type": "Feature",
      "properties": {
        "@id": "way/1476197165",
        "landuse": "residential",
        "name": "Pearl Park",
        "name:en": "Pearl Park",
        "residential": "apartments"
      },
      "geometry": {
        "type": "Polygon",
        "coordinates": [
          [
            [
              73.7316245,
              19.9628238
            ],
            [
              73.7328512,
              19.962543
            ],
            [
              73.7330857,
              19.9634477
            ],
            [
              73.7318591,
              19.9637287
            ],
            [
              73.7316245,
              19.9628238
            ]
          ]
        ]
      },
      "id": "way/1476197165"
    },
    {
      "type": "Feature",
      "properties": {
        "@id": "way/1477373860",
        "landuse": "farmland"
      },
      "geometry": {
        "type": "Polygon",
        "coordinates": [
          [
            [
              73.7425346,
              19.9350865
            ],
            [
              73.7433521,
              19.9353407
            ],
            [
              73.7434666,
              19.9364232
            ],
            [
              73.7425664,
              19.9363305
            ],
            [
              73.7425346,
              19.9350865
            ]
          ]
        ]
      },
      "id": "way/1477373860"
    },
    {
      "type": "Feature",
      "properties": {
        "@id": "way/1478772036",
        "landuse": "farmland"
      },
      "geometry": {
        "type": "Polygon",
        "coordinates": [
          [
            [
              73.8116673,
              19.9315257
            ],
            [
              73.812145,
              19.931905
            ],
            [
              73.8123607,
              19.9325547
            ],
            [
              73.8112962,
              19.9324588
            ],
            [
              73.8114702,
              19.9318287
            ],
            [
              73.8116673,
              19.9315257
            ]
          ]
        ]
      },
      "id": "way/1478772036"
    },
    {
      "type": "Feature",
      "properties": {
        "@id": "way/1478772037",
        "landuse": "farmland"
      },
      "geometry": {
        "type": "Polygon",
        "coordinates": [
          [
            [
              73.8178446,
              19.9330965
            ],
            [
              73.8191888,
              19.933103
            ],
            [
              73.8190653,
              19.9355332
            ],
            [
              73.8171798,
              19.9350748
            ],
            [
              73.8172552,
              19.9346393
            ],
            [
              73.8174492,
              19.9337277
            ],
            [
              73.8174546,
              19.9334011
            ],
            [
              73.8178209,
              19.933434
            ],
            [
              73.8178446,
              19.9330965
            ]
          ]
        ]
      },
      "id": "way/1478772037"
    },
    {
      "type": "Feature",
      "properties": {
        "@id": "way/1478772041",
        "landuse": "farmland"
      },
      "geometry": {
        "type": "Polygon",
        "coordinates": [
          [
            [
              73.8172947,
              19.9352513
            ],
            [
              73.8184585,
              19.9355366
            ],
            [
              73.8182489,
              19.9376865
            ],
            [
              73.8183584,
              19.9377541
            ],
            [
              73.8184022,
              19.9381306
            ],
            [
              73.8177201,
              19.9383776
            ],
            [
              73.8172164,
              19.9384041
            ],
            [
              73.8171945,
              19.9372924
            ],
            [
              73.817245,
              19.9364528
            ],
            [
              73.8172947,
              19.9352513
            ]
          ]
        ]
      },
      "id": "way/1478772041"
    },
    {
      "type": "Feature",
      "properties": {
        "@id": "way/1478772045",
        "landuse": "farmland"
      },
      "geometry": {
        "type": "Polygon",
        "coordinates": [
          [
            [
              73.8188585,
              19.9357074
            ],
            [
              73.8190413,
              19.9357313
            ],
            [
              73.818999,
              19.9360179
            ],
            [
              73.8197233,
              19.9361122
            ],
            [
              73.8196245,
              19.9367829
            ],
            [
              73.8197552,
              19.9367999
            ],
            [
              73.8197416,
              19.9368935
            ],
            [
              73.820013,
              19.9369284
            ],
            [
              73.8201547,
              19.9359521
            ],
            [
              73.8202946,
              19.93597
            ],
            [
              73.8201563,
              19.9369271
            ],
            [
              73.820262,
              19.9369406
            ],
            [
              73.8201858,
              19.9374695
            ],
            [
              73.8200692,
              19.9374547
            ],
            [
              73.8200433,
              19.9376351
            ],
            [
              73.8189664,
              19.9377772
            ],
            [
              73.8187013,
              19.9377424
            ],
            [
              73.8188367,
              19.9368303
            ],
            [
              73.818695,
              19.9368118
            ],
            [
              73.8188585,
              19.9357074
            ]
          ]
        ]
      },
      "id": "way/1478772045"
    },
    {
      "type": "Feature",
      "properties": {
        "@id": "way/1478772048",
        "landuse": "farmland"
      },
      "geometry": {
        "type": "Polygon",
        "coordinates": [
          [
            [
              73.8115327,
              19.9326639
            ],
            [
              73.8124121,
              19.9326963
            ],
            [
              73.8124248,
              19.9331011
            ],
            [
              73.8121578,
              19.9331489
            ],
            [
              73.8121523,
              19.9334017
            ],
            [
              73.8117326,
              19.9333983
            ],
            [
              73.8116981,
              19.933593
            ],
            [
              73.8114255,
              19.9335589
            ],
            [
              73.8115327,
              19.9326639
            ]
          ]
        ]
      },
      "id": "way/1478772048"
    },
    {
      "type": "Feature",
      "properties": {
        "@id": "way/1478772050",
        "landuse": "farmland"
      },
      "geometry": {
        "type": "Polygon",
        "coordinates": [
          [
            [
              73.8220011,
              19.9328669
            ],
            [
              73.8218673,
              19.9349117
            ],
            [
              73.8213093,
              19.9348475
            ],
            [
              73.8213662,
              19.9340098
            ],
            [
              73.8207171,
              19.9338599
            ],
            [
              73.8207769,
              19.9331586
            ],
            [
              73.8209249,
              19.9331372
            ],
            [
              73.8209932,
              19.9327571
            ],
            [
              73.8213463,
              19.9327491
            ],
            [
              73.821426,
              19.9328294
            ],
            [
              73.8215313,
              19.9328696
            ],
            [
              73.8220011,
              19.9328669
            ]
          ]
        ]
      },
      "id": "way/1478772050"
    },
    {
      "type": "Feature",
      "properties": {
        "@id": "way/1478772051",
        "landuse": "farmland"
      },
      "geometry": {
        "type": "Polygon",
        "coordinates": [
          [
            [
              73.8133378,
              19.9332583
            ],
            [
              73.8134199,
              19.9299232
            ],
            [
              73.8135494,
              19.9298842
            ],
            [
              73.815104,
              19.9297575
            ],
            [
              73.8155963,
              19.9297527
            ],
            [
              73.8169125,
              19.9298209
            ],
            [
              73.8174877,
              19.9295919
            ],
            [
              73.8188816,
              19.9296309
            ],
            [
              73.8198001,
              19.929861
            ],
            [
              73.8209674,
              19.9305394
            ],
            [
              73.8216624,
              19.9304767
            ],
            [
              73.8220465,
              19.9306381
            ],
            [
              73.8219701,
              19.9326366
            ],
            [
              73.8195845,
              19.9327872
            ],
            [
              73.819493,
              19.9324226
            ],
            [
              73.8173004,
              19.9324669
            ],
            [
              73.8173333,
              19.9335371
            ],
            [
              73.8172156,
              19.9342215
            ],
            [
              73.8162572,
              19.9340971
            ],
            [
              73.8162719,
              19.9339358
            ],
            [
              73.8154213,
              19.9338713
            ],
            [
              73.8151738,
              19.933551
            ],
            [
              73.8151321,
              19.9331016
            ],
            [
              73.8148134,
              19.9331154
            ],
            [
              73.814784,
              19.9328067
            ],
            [
              73.8145315,
              19.9328366
            ],
            [
              73.8145389,
              19.9322375
            ],
            [
              73.8141663,
              19.9322582
            ],
            [
              73.8141393,
              19.9324403
            ],
            [
              73.8139972,
              19.9324264
            ],
            [
              73.8139432,
              19.9331408
            ],
            [
              73.8138084,
              19.9331431
            ],
            [
              73.8137104,
              19.9332583
            ],
            [
              73.8133378,
              19.9332583
            ]
          ]
        ]
      },
      "id": "way/1478772051"
    },
    {
      "type": "Feature",
      "properties": {
        "@id": "way/1478772053",
        "landuse": "farmland"
      },
      "geometry": {
        "type": "Polygon",
        "coordinates": [
          [
            [
              73.8131308,
              19.9250514
            ],
            [
              73.8142113,
              19.9251069
            ],
            [
              73.8141965,
              19.9258628
            ],
            [
              73.8131118,
              19.9258569
            ],
            [
              73.8131308,
              19.9250514
            ]
          ]
        ]
      },
      "id": "way/1478772053"
    },
    {
      "type": "Feature",
      "properties": {
        "@id": "way/1478772055",
        "landuse": "farmland"
      },
      "geometry": {
        "type": "Polygon",
        "coordinates": [
          [
            [
              73.8133702,
              19.9259925
            ],
            [
              73.8145606,
              19.9260298
            ],
            [
              73.8144025,
              19.9274909
            ],
            [
              73.8138802,
              19.9274693
            ],
            [
              73.8138671,
              19.9269089
            ],
            [
              73.8133524,
              19.9268813
            ],
            [
              73.8133702,
              19.9259925
            ]
          ]
        ]
      },
      "id": "way/1478772055"
    },
    {
      "type": "Feature",
      "properties": {
        "@id": "way/1478772057",
        "landuse": "farmland"
      },
      "geometry": {
        "type": "Polygon",
        "coordinates": [
          [
            [
              73.8135185,
              19.9281644
            ],
            [
              73.8138434,
              19.9281541
            ],
            [
              73.8138995,
              19.9297751
            ],
            [
              73.8135013,
              19.9297959
            ],
            [
              73.8134278,
              19.9297176
            ],
            [
              73.8133346,
              19.9283372
            ],
            [
              73.813543,
              19.9283488
            ],
            [
              73.8135185,
              19.9281644
            ]
          ]
        ]
      },
      "id": "way/1478772057"
    },
    {
      "type": "Feature",
      "properties": {
        "@id": "way/1478772058",
        "landuse": "farmland"
      },
      "geometry": {
        "type": "Polygon",
        "coordinates": [
          [
            [
              73.8139184,
              19.9282458
            ],
            [
              73.8143989,
              19.9282158
            ],
            [
              73.8144258,
              19.928414
            ],
            [
              73.8150729,
              19.9284232
            ],
            [
              73.8150729,
              19.9296469
            ],
            [
              73.814693,
              19.9297045
            ],
            [
              73.8143498,
              19.9297206
            ],
            [
              73.8143449,
              19.9292597
            ],
            [
              73.8139307,
              19.9292597
            ],
            [
              73.8139184,
              19.9282458
            ]
          ]
        ]
      },
      "id": "way/1478772058"
    },
    {
      "type": "Feature",
      "properties": {
        "@id": "way/1478772059",
        "landuse": "farmland"
      },
      "geometry": {
        "type": "Polygon",
        "coordinates": [
          [
            [
              73.8159223,
              19.9264499
            ],
            [
              73.8218867,
              19.9264743
            ],
            [
              73.8220663,
              19.9304916
            ],
            [
              73.8216736,
              19.9303071
            ],
            [
              73.8210491,
              19.9304287
            ],
            [
              73.8196482,
              19.9296108
            ],
            [
              73.8174532,
              19.9294011
            ],
            [
              73.8169044,
              19.9296234
            ],
            [
              73.8151466,
              19.9296024
            ],
            [
              73.8151912,
              19.9284239
            ],
            [
              73.8158248,
              19.9283945
            ],
            [
              73.8159223,
              19.9264499
            ]
          ]
        ]
      },
      "id": "way/1478772059"
    },
    {
      "type": "Feature",
      "properties": {
        "@id": "way/1478772060",
        "landuse": "farmland"
      },
      "geometry": {
        "type": "Polygon",
        "coordinates": [
          [
            [
              73.8220398,
              19.9271
            ],
            [
              73.8224393,
              19.927053
            ],
            [
              73.8229386,
              19.9270675
            ],
            [
              73.8252087,
              19.9269772
            ],
            [
              73.8252625,
              19.9289524
            ],
            [
              73.825854,
              19.9289813
            ],
            [
              73.8257925,
              19.9273708
            ],
            [
              73.8261235,
              19.9273963
            ],
            [
              73.8260834,
              19.9268791
            ],
            [
              73.8275863,
              19.9268436
            ],
            [
              73.8286234,
              19.9265511
            ],
            [
              73.8291035,
              19.9278619
            ],
            [
              73.829357,
              19.9289741
            ],
            [
              73.8297181,
              19.9317365
            ],
            [
              73.8299485,
              19.9327295
            ],
            [
              73.8294761,
              19.932845
            ],
            [
              73.8282201,
              19.9328053
            ],
            [
              73.8268066,
              19.9326392
            ],
            [
              73.8264724,
              19.932437
            ],
            [
              73.8258924,
              19.9324226
            ],
            [
              73.8250819,
              19.9322312
            ],
            [
              73.8242907,
              19.9319892
            ],
            [
              73.8242139,
              19.9309818
            ],
            [
              73.8235494,
              19.9308771
            ],
            [
              73.8232651,
              19.9309637
            ],
            [
              73.8221589,
              19.9309565
            ],
            [
              73.8220783,
              19.9285335
            ],
            [
              73.8220398,
              19.9271
            ]
          ]
        ]
      },
      "id": "way/1478772060"
    },
    {
      "type": "Feature",
      "properties": {
        "@id": "way/1478772073",
        "landuse": "farmland"
      },
      "geometry": {
        "type": "Polygon",
        "coordinates": [
          [
            [
              73.8299407,
              19.9328577
            ],
            [
              73.8302962,
              19.9349455
            ],
            [
              73.8303993,
              19.9358922
            ],
            [
              73.8279387,
              19.9359988
            ],
            [
              73.8279368,
              19.9370876
            ],
            [
              73.8255777,
              19.936915
            ],
            [
              73.8218152,
              19.9363205
            ],
            [
              73.822208,
              19.9310937
            ],
            [
              73.8240407,
              19.9310795
            ],
            [
              73.8241774,
              19.9321991
            ],
            [
              73.8264189,
              19.9325965
            ],
            [
              73.8275274,
              19.9328653
            ],
            [
              73.8288991,
              19.932937
            ],
            [
              73.8299407,
              19.9328577
            ]
          ]
        ]
      },
      "id": "way/1478772073"
    },
    {
      "type": "Feature",
      "properties": {
        "@id": "way/1478772082",
        "landuse": "farmland"
      },
      "geometry": {
        "type": "Polygon",
        "coordinates": [
          [
            [
              73.8091962,
              19.939891
            ],
            [
              73.8098454,
              19.9397574
            ],
            [
              73.8099452,
              19.9399235
            ],
            [
              73.80983,
              19.9407287
            ],
            [
              73.8095496,
              19.9407287
            ],
            [
              73.8095688,
              19.9405987
            ],
            [
              73.8095074,
              19.9405843
            ],
            [
              73.8092039,
              19.9405626
            ],
            [
              73.8091617,
              19.940299
            ],
            [
              73.8091962,
              19.939891
            ]
          ]
        ]
      },
      "id": "way/1478772082"
    },
    {
      "type": "Feature",
      "properties": {
        "@id": "way/1478772083",
        "landuse": "farmland"
      },
      "geometry": {
        "type": "Polygon",
        "coordinates": [
          [
            [
              73.8089658,
              19.9398982
            ],
            [
              73.8089581,
              19.9406998
            ],
            [
              73.808332,
              19.9406818
            ],
            [
              73.8082629,
              19.9411584
            ],
            [
              73.8076598,
              19.9411909
            ],
            [
              73.8078058,
              19.9400607
            ],
            [
              73.8089658,
              19.9398982
            ]
          ]
        ]
      },
      "id": "way/1478772083"
    },
    {
      "type": "Feature",
      "properties": {
        "@id": "way/1478772084",
        "landuse": "farmland"
      },
      "geometry": {
        "type": "Polygon",
        "coordinates": [
          [
            [
              73.8044645,
              19.9363026
            ],
            [
              73.8073198,
              19.9365752
            ],
            [
              73.8080961,
              19.9365291
            ],
            [
              73.8080378,
              19.9368781
            ],
            [
              73.8080278,
              19.9369534
            ],
            [
              73.8079622,
              19.9373217
            ],
            [
              73.8087876,
              19.9373008
            ],
            [
              73.8086181,
              19.9385338
            ],
            [
              73.809256,
              19.9385715
            ],
            [
              73.8094033,
              19.9364494
            ],
            [
              73.8104829,
              19.9363655
            ],
            [
              73.8104205,
              19.9391167
            ],
            [
              73.8098851,
              19.9391503
            ],
            [
              73.8099476,
              19.9396158
            ],
            [
              73.8077347,
              19.9399933
            ],
            [
              73.8066506,
              19.9396074
            ],
            [
              73.8055903,
              19.9399748
            ],
            [
              73.8052408,
              19.9399178
            ],
            [
              73.8042548,
              19.9401485
            ],
            [
              73.8020554,
              19.939792
            ],
            [
              73.8019572,
              19.9396158
            ],
            [
              73.8026844,
              19.9361768
            ],
            [
              73.8044645,
              19.9363026
            ]
          ]
        ]
      },
      "id": "way/1478772084"
    },
    {
      "type": "Feature",
      "properties": {
        "@id": "way/1478772085",
        "landuse": "farmland"
      },
      "geometry": {
        "type": "Polygon",
        "coordinates": [
          [
            [
              73.8020533,
              19.9361097
            ],
            [
              73.8026097,
              19.9361419
            ],
            [
              73.8023695,
              19.9372434
            ],
            [
              73.8018253,
              19.9371489
            ],
            [
              73.8020533,
              19.9361097
            ]
          ]
        ]
      },
      "id": "way/1478772085"
    },
    {
      "type": "Feature",
      "properties": {
        "@id": "way/1478772086",
        "landuse": "farmland"
      },
      "geometry": {
        "type": "Polygon",
        "coordinates": [
          [
            [
              73.8048169,
              19.9402149
            ],
            [
              73.8052395,
              19.9399802
            ],
            [
              73.8057388,
              19.9400343
            ],
            [
              73.8067221,
              19.9397419
            ],
            [
              73.80774,
              19.9400849
            ],
            [
              73.8072445,
              19.9411248
            ],
            [
              73.8067989,
              19.9414678
            ],
            [
              73.8055928,
              19.9413992
            ],
            [
              73.805612,
              19.9411789
            ],
            [
              73.805165,
              19.9411162
            ],
            [
              73.805129,
              19.9413134
            ],
            [
              73.8049725,
              19.9413179
            ],
            [
              73.8050196,
              19.9409506
            ],
            [
              73.8047363,
              19.9409298
            ],
            [
              73.8048169,
              19.9402149
            ]
          ]
        ]
      },
      "id": "way/1478772086"
    },
    {
      "type": "Feature",
      "properties": {
        "@id": "way/1478772087",
        "landuse": "farmland"
      },
      "geometry": {
        "type": "Polygon",
        "coordinates": [
          [
            [
              73.8020738,
              19.9398449
            ],
            [
              73.8039967,
              19.9401721
            ],
            [
              73.8037557,
              19.941749
            ],
            [
              73.8028992,
              19.9419167
            ],
            [
              73.8020247,
              19.9419125
            ],
            [
              73.8020336,
              19.9417238
            ],
            [
              73.8018507,
              19.9417112
            ],
            [
              73.8020738,
              19.9398449
            ]
          ]
        ]
      },
      "id": "way/1478772087"
    },
    {
      "type": "Feature",
      "properties": {
        "@id": "way/1478772088",
        "landuse": "farmland"
      },
      "geometry": {
        "type": "Polygon",
        "coordinates": [
          [
            [
              73.8077927,
              19.9295135
            ],
            [
              73.8085837,
              19.9295746
            ],
            [
              73.8103192,
              19.9305602
            ],
            [
              73.8106761,
              19.9306861
            ],
            [
              73.810975,
              19.9309754
            ],
            [
              73.8103415,
              19.9309
            ],
            [
              73.8103727,
              19.9314704
            ],
            [
              73.8110999,
              19.9315752
            ],
            [
              73.8109482,
              19.9328377
            ],
            [
              73.8097481,
              19.9327328
            ],
            [
              73.8097659,
              19.9323218
            ],
            [
              73.8092886,
              19.932326
            ],
            [
              73.809186,
              19.9318814
            ],
            [
              73.8085614,
              19.9317388
            ],
            [
              73.8072899,
              19.9326028
            ],
            [
              73.8057284,
              19.9326028
            ],
            [
              73.8051975,
              19.932175
            ],
            [
              73.8053536,
              19.930858
            ],
            [
              73.8040688,
              19.9299017
            ],
            [
              73.8042029,
              19.9284023
            ],
            [
              73.8041533,
              19.9274448
            ],
            [
              73.8057108,
              19.9272582
            ],
            [
              73.8059092,
              19.9269971
            ],
            [
              73.8072492,
              19.9280741
            ],
            [
              73.8072209,
              19.9284997
            ],
            [
              73.8075748,
              19.9285447
            ],
            [
              73.8076142,
              19.9283203
            ],
            [
              73.8078565,
              19.9285622
            ],
            [
              73.8077927,
              19.9295135
            ]
          ]
        ]
      },
      "id": "way/1478772088"
    },
    {
      "type": "Feature",
      "properties": {
        "@id": "way/1478772089",
        "landuse": "farmland"
      },
      "geometry": {
        "type": "Polygon",
        "coordinates": [
          [
            [
              73.8079542,
              19.9285978
            ],
            [
              73.8086379,
              19.9291573
            ],
            [
              73.80841,
              19.9291672
            ],
            [
              73.807971,
              19.9291533
            ],
            [
              73.8079014,
              19.9291077
            ],
            [
              73.8079542,
              19.9285978
            ]
          ]
        ]
      },
      "id": "way/1478772089"
    },
    {
      "type": "Feature",
      "properties": {
        "@id": "way/1478772091",
        "landuse": "farmland"
      },
      "geometry": {
        "type": "Polygon",
        "coordinates": [
          [
            [
              73.8112312,
              19.9231044
            ],
            [
              73.8129752,
              19.9231113
            ],
            [
              73.8130121,
              19.9238408
            ],
            [
              73.8128422,
              19.924539
            ],
            [
              73.8119111,
              19.9245008
            ],
            [
              73.8116155,
              19.9239693
            ],
            [
              73.8112312,
              19.9231044
            ]
          ]
        ]
      },
      "id": "way/1478772091"
    },
    {
      "type": "Feature",
      "properties": {
        "@id": "way/1478772094",
        "landuse": "farmland"
      },
      "geometry": {
        "type": "Polygon",
        "coordinates": [
          [
            [
              73.8125124,
              19.9261411
            ],
            [
              73.8118942,
              19.9292579
            ],
            [
              73.8118057,
              19.9299471
            ],
            [
              73.8114166,
              19.929956
            ],
            [
              73.8113968,
              19.9304434
            ],
            [
              73.8109915,
              19.9304485
            ],
            [
              73.807664,
              19.9281854
            ],
            [
              73.8052088,
              19.9262341
            ],
            [
              73.803657,
              19.924862
            ],
            [
              73.801296,
              19.9222533
            ],
            [
              73.7997848,
              19.9205025
            ],
            [
              73.7995114,
              19.9198008
            ],
            [
              73.8014888,
              19.9191095
            ],
            [
              73.8019882,
              19.9186459
            ],
            [
              73.8028153,
              19.9187028
            ],
            [
              73.8029012,
              19.9184575
            ],
            [
              73.8059431,
              19.919169
            ],
            [
              73.8064971,
              19.9227976
            ],
            [
              73.8086411,
              19.9228873
            ],
            [
              73.8087365,
              19.9234316
            ],
            [
              73.8094236,
              19.9234466
            ],
            [
              73.8094109,
              19.9233539
            ],
            [
              73.8101298,
              19.9233569
            ],
            [
              73.8101425,
              19.9235961
            ],
            [
              73.8107597,
              19.9235632
            ],
            [
              73.8107883,
              19.9238743
            ],
            [
              73.8110014,
              19.9238593
            ],
            [
              73.8111159,
              19.9249957
            ],
            [
              73.8115199,
              19.924912
            ],
            [
              73.8113768,
              19.9243079
            ],
            [
              73.8115136,
              19.9242271
            ],
            [
              73.8117649,
              19.9243348
            ],
            [
              73.8125124,
              19.9261411
            ]
          ]
        ]
      },
      "id": "way/1478772094"
    },
    {
      "type": "Feature",
      "properties": {
        "@id": "way/1478772097",
        "landuse": "farmland"
      },
      "geometry": {
        "type": "Polygon",
        "coordinates": [
          [
            [
              73.793079,
              19.9207844
            ],
            [
              73.7933775,
              19.9209414
            ],
            [
              73.7936596,
              19.9212298
            ],
            [
              73.7941362,
              19.9213817
            ],
            [
              73.7943087,
              19.9220718
            ],
            [
              73.7946812,
              19.9224065
            ],
            [
              73.7946729,
              19.9228262
            ],
            [
              73.7947414,
              19.923439
            ],
            [
              73.7951166,
              19.924008
            ],
            [
              73.7955247,
              19.9250173
            ],
            [
              73.795804,
              19.9250534
            ],
            [
              73.7962395,
              19.9259726
            ],
            [
              73.7962806,
              19.9262532
            ],
            [
              73.7960094,
              19.9262249
            ],
            [
              73.7960779,
              19.9267965
            ],
            [
              73.7944511,
              19.926848
            ],
            [
              73.7944621,
              19.9269973
            ],
            [
              73.792608,
              19.9270102
            ],
            [
              73.7917453,
              19.9271621
            ],
            [
              73.7918028,
              19.9255272
            ],
            [
              73.7919288,
              19.9252311
            ],
            [
              73.7920246,
              19.9243479
            ],
            [
              73.7922218,
              19.9242707
            ],
            [
              73.7922793,
              19.9239926
            ],
            [
              73.7936295,
              19.9238587
            ],
            [
              73.7935747,
              19.9234648
            ],
            [
              73.7923889,
              19.9235523
            ],
            [
              73.792367,
              19.9229601
            ],
            [
              73.7927641,
              19.9229601
            ],
            [
              73.7927613,
              19.9227876
            ],
            [
              73.792482,
              19.9227696
            ],
            [
              73.7925121,
              19.9212839
            ],
            [
              73.793079,
              19.9207844
            ]
          ]
        ]
      },
      "id": "way/1478772097"
    },
    {
      "type": "Feature",
      "properties": {
        "@id": "way/1478772099",
        "landuse": "farmland"
      },
      "geometry": {
        "type": "Polygon",
        "coordinates": [
          [
            [
              73.7883462,
              19.9194936
            ],
            [
              73.7916545,
              19.9208245
            ],
            [
              73.7923829,
              19.9212761
            ],
            [
              73.7921412,
              19.9223049
            ],
            [
              73.7917945,
              19.922272
            ],
            [
              73.7919853,
              19.9233486
            ],
            [
              73.7918931,
              19.9246017
            ],
            [
              73.7912664,
              19.9245777
            ],
            [
              73.7910565,
              19.9240364
            ],
            [
              73.789555,
              19.9215841
            ],
            [
              73.7903566,
              19.9215542
            ],
            [
              73.7902517,
              19.9211205
            ],
            [
              73.7894659,
              19.9211804
            ],
            [
              73.7893164,
              19.9209082
            ],
            [
              73.7890556,
              19.9208514
            ],
            [
              73.7883462,
              19.9194936
            ]
          ]
        ]
      },
      "id": "way/1478772099"
    },
    {
      "type": "Feature",
      "properties": {
        "@id": "way/1478772100",
        "landuse": "farmland"
      },
      "geometry": {
        "type": "Polygon",
        "coordinates": [
          [
            [
              73.7817195,
              19.9240566
            ],
            [
              73.7808193,
              19.9241344
            ],
            [
              73.780358,
              19.9238024
            ],
            [
              73.7805171,
              19.9227258
            ],
            [
              73.7811533,
              19.9226181
            ],
            [
              73.7810324,
              19.9222473
            ],
            [
              73.7802371,
              19.9221336
            ],
            [
              73.7798968,
              19.9215026
            ],
            [
              73.7799127,
              19.9211497
            ],
            [
              73.7799604,
              19.9206353
            ],
            [
              73.7795596,
              19.9202764
            ],
            [
              73.7797027,
              19.9196603
            ],
            [
              73.7797409,
              19.9190712
            ],
            [
              73.7809465,
              19.9190143
            ],
            [
              73.7815,
              19.9183833
            ],
            [
              73.7815271,
              19.9158934
            ],
            [
              73.7835005,
              19.9158409
            ],
            [
              73.7840909,
              19.9174479
            ],
            [
              73.7843237,
              19.9179886
            ],
            [
              73.7880897,
              19.9194004
            ],
            [
              73.7908363,
              19.9238946
            ],
            [
              73.7916737,
              19.925577
            ],
            [
              73.7916189,
              19.9271797
            ],
            [
              73.7908961,
              19.9272406
            ],
            [
              73.7900855,
              19.9278262
            ],
            [
              73.789398,
              19.9278365
            ],
            [
              73.7893241,
              19.9274863
            ],
            [
              73.7883656,
              19.9273833
            ],
            [
              73.7872221,
              19.926925
            ],
            [
              73.7869705,
              19.9262939
            ],
            [
              73.7870551,
              19.925688
            ],
            [
              73.7863366,
              19.9256586
            ],
            [
              73.7864833,
              19.9266523
            ],
            [
              73.785657,
              19.9263354
            ],
            [
              73.7855392,
              19.9256737
            ],
            [
              73.7852188,
              19.9254651
            ],
            [
              73.7840494,
              19.9252308
            ],
            [
              73.7835095,
              19.9250333
            ],
            [
              73.7834739,
              19.9241657
            ],
            [
              73.7828385,
              19.9239176
            ],
            [
              73.7822437,
              19.9239538
            ],
            [
              73.7817195,
              19.9240566
            ]
          ]
        ]
      },
      "id": "way/1478772100"
    },
    {
      "type": "Feature",
      "properties": {
        "@id": "way/1478772103",
        "landuse": "residential"
      },
      "geometry": {
        "type": "Polygon",
        "coordinates": [
          [
            [
              73.7816948,
              19.9242884
            ],
            [
              73.7819974,
              19.9239123
            ],
            [
              73.7834264,
              19.9238459
            ],
            [
              73.7836887,
              19.9243074
            ],
            [
              73.7834163,
              19.9251577
            ],
            [
              73.7826396,
              19.9250439
            ],
            [
              73.7824883,
              19.9253221
            ],
            [
              73.7817049,
              19.9252273
            ],
            [
              73.7816948,
              19.9242884
            ]
          ]
        ]
      },
      "id": "way/1478772103"
    },
    {
      "type": "Feature",
      "properties": {
        "@id": "way/1478772104",
        "landuse": "farmland"
      },
      "geometry": {
        "type": "Polygon",
        "coordinates": [
          [
            [
              73.7826483,
              19.925018
            ],
            [
              73.7835424,
              19.9251882
            ],
            [
              73.785255,
              19.9256468
            ],
            [
              73.7854305,
              19.9257909
            ],
            [
              73.7854896,
              19.9262807
            ],
            [
              73.7857002,
              19.9265152
            ],
            [
              73.7864518,
              19.9269216
            ],
            [
              73.7865257,
              19.9275421
            ],
            [
              73.7861177,
              19.9284381
            ],
            [
              73.7852796,
              19.9284574
            ],
            [
              73.7844416,
              19.9282862
            ],
            [
              73.7838035,
              19.9278021
            ],
            [
              73.7832941,
              19.9263937
            ],
            [
              73.7822999,
              19.9258865
            ],
            [
              73.7826483,
              19.925018
            ]
          ]
        ]
      },
      "id": "way/1478772104"
    },
    {
      "type": "Feature",
      "properties": {
        "@id": "way/1478772105",
        "landuse": "farmland"
      },
      "geometry": {
        "type": "Polygon",
        "coordinates": [
          [
            [
              73.7948027,
              19.935832
            ],
            [
              73.8016267,
              19.9360663
            ],
            [
              73.8009438,
              19.9396042
            ],
            [
              73.8018162,
              19.9397682
            ],
            [
              73.8012878,
              19.9418721
            ],
            [
              73.8005301,
              19.9422282
            ],
            [
              73.799608,
              19.9428233
            ],
            [
              73.7980577,
              19.9430154
            ],
            [
              73.797958,
              19.9424766
            ],
            [
              73.7968963,
              19.9425656
            ],
            [
              73.7943093,
              19.942514
            ],
            [
              73.7948027,
              19.935832
            ]
          ]
        ]
      },
      "id": "way/1478772105"
    },
    {
      "type": "Feature",
      "properties": {
        "@id": "way/1478772106",
        "landuse": "farmland"
      },
      "geometry": {
        "type": "Polygon",
        "coordinates": [
          [
            [
              73.7780539,
              19.9418998
            ],
            [
              73.7788674,
              19.9417804
            ],
            [
              73.7789737,
              19.9418571
            ],
            [
              73.7782702,
              19.9421324
            ],
            [
              73.7781795,
              19.9420605
            ],
            [
              73.7781057,
              19.9420727
            ],
            [
              73.7780888,
              19.9420069
            ],
            [
              73.7780552,
              19.9419801
            ],
            [
              73.7780539,
              19.9418998
            ]
          ]
        ]
      },
      "id": "way/1478772106"
    },
    {
      "type": "Feature",
      "properties": {
        "@id": "way/1478772107",
        "landuse": "farmland"
      },
      "geometry": {
        "type": "Polygon",
        "coordinates": [
          [
            [
              73.7794738,
              19.9389754
            ],
            [
              73.7800798,
              19.9387323
            ],
            [
              73.7806414,
              19.9386733
            ],
            [
              73.7806118,
              19.9389754
            ],
            [
              73.7819752,
              19.9389025
            ],
            [
              73.7817757,
              19.9400001
            ],
            [
              73.7798987,
              19.9403127
            ],
            [
              73.7798359,
              19.9407156
            ],
            [
              73.7794886,
              19.9406843
            ],
            [
              73.7793852,
              19.9402085
            ],
            [
              73.7794738,
              19.9389754
            ]
          ]
        ]
      },
      "id": "way/1478772107"
    },
    {
      "type": "Feature",
      "properties": {
        "@id": "way/1478772108",
        "landuse": "farmland"
      },
      "geometry": {
        "type": "Polygon",
        "coordinates": [
          [
            [
              73.7821776,
              19.9399637
            ],
            [
              73.7821092,
              19.94093
            ],
            [
              73.7817285,
              19.9409403
            ],
            [
              73.7816956,
              19.9407421
            ],
            [
              73.7810767,
              19.940773
            ],
            [
              73.7807754,
              19.9408657
            ],
            [
              73.7807849,
              19.9401727
            ],
            [
              73.7821776,
              19.9399637
            ]
          ]
        ]
      },
      "id": "way/1478772108"
    },
    {
      "type": "Feature",
      "properties": {
        "@id": "way/1478772109",
        "landuse": "farmland"
      },
      "geometry": {
        "type": "Polygon",
        "coordinates": [
          [
            [
              73.7836022,
              19.9383333
            ],
            [
              73.7851577,
              19.9383437
            ],
            [
              73.7849656,
              19.9405562
            ],
            [
              73.78484,
              19.9414245
            ],
            [
              73.7844372,
              19.9413481
            ],
            [
              73.7844225,
              19.9410182
            ],
            [
              73.784101,
              19.9410008
            ],
            [
              73.7841269,
              19.9404902
            ],
            [
              73.783351,
              19.9404624
            ],
            [
              73.7836022,
              19.9383333
            ]
          ]
        ]
      },
      "id": "way/1478772109"
    },
    {
      "type": "Feature",
      "properties": {
        "@id": "way/1478772110",
        "landuse": "farmland"
      },
      "geometry": {
        "type": "Polygon",
        "coordinates": [
          [
            [
              73.7895243,
              19.9426724
            ],
            [
              73.7912065,
              19.9429024
            ],
            [
              73.7910692,
              19.9441853
            ],
            [
              73.7910692,
              19.9456496
            ],
            [
              73.789138,
              19.9454399
            ],
            [
              73.7892968,
              19.9442337
            ],
            [
              73.7895243,
              19.9426724
            ]
          ]
        ]
      },
      "id": "way/1478772110"
    },
    {
      "type": "Feature",
      "properties": {
        "@id": "way/1478772111",
        "landuse": "farmland"
      },
      "geometry": {
        "type": "Polygon",
        "coordinates": [
          [
            [
              73.7913796,
              19.9434216
            ],
            [
              73.7917882,
              19.9434466
            ],
            [
              73.7918473,
              19.9429812
            ],
            [
              73.7938241,
              19.9431375
            ],
            [
              73.793776,
              19.9443114
            ],
            [
              73.794042,
              19.9444816
            ],
            [
              73.7938513,
              19.9467645
            ],
            [
              73.7921603,
              19.9467664
            ],
            [
              73.7920304,
              19.9467091
            ],
            [
              73.7913443,
              19.9467378
            ],
            [
              73.7912123,
              19.9457665
            ],
            [
              73.7911947,
              19.9448743
            ],
            [
              73.7912206,
              19.943759
            ],
            [
              73.7913796,
              19.9434216
            ]
          ]
        ]
      },
      "id": "way/1478772111"
    },
    {
      "type": "Feature",
      "properties": {
        "@id": "way/1478772112",
        "landuse": "farmland"
      },
      "geometry": {
        "type": "Polygon",
        "coordinates": [
          [
            [
              73.7891112,
              19.945562
            ],
            [
              73.7910546,
              19.9457391
            ],
            [
              73.7911507,
              19.9468852
            ],
            [
              73.790142,
              19.9476319
            ],
            [
              73.7899424,
              19.9475941
            ],
            [
              73.7888599,
              19.9473888
            ],
            [
              73.7891112,
              19.945562
            ]
          ]
        ]
      },
      "id": "way/1478772112"
    },
    {
      "type": "Feature",
      "properties": {
        "@id": "way/1478772131",
        "landuse": "grass"
      },
      "geometry": {
        "type": "Polygon",
        "coordinates": [
          [
            [
              73.7781703,
              19.9428578
            ],
            [
              73.7784267,
              19.9428441
            ],
            [
              73.7784452,
              19.9431492
            ],
            [
              73.7781887,
              19.9431629
            ],
            [
              73.7781703,
              19.9428578
            ]
          ]
        ]
      },
      "id": "way/1478772131"
    },
    {
      "type": "Feature",
      "properties": {
        "@id": "way/1478772135",
        "landuse": "farmland"
      },
      "geometry": {
        "type": "Polygon",
        "coordinates": [
          [
            [
              73.7849553,
              19.9420221
            ],
            [
              73.7873071,
              19.9421835
            ],
            [
              73.7893713,
              19.9425869
            ],
            [
              73.7892597,
              19.9437004
            ],
            [
              73.7891052,
              19.9447734
            ],
            [
              73.7889722,
              19.9455238
            ],
            [
              73.7888434,
              19.9474561
            ],
            [
              73.7899424,
              19.9475941
            ],
            [
              73.788465,
              19.9500504
            ],
            [
              73.7883911,
              19.9505367
            ],
            [
              73.7865853,
              19.9506658
            ],
            [
              73.7839021,
              19.9506308
            ],
            [
              73.7841502,
              19.9487949
            ],
            [
              73.7845415,
              19.9487979
            ],
            [
              73.7846592,
              19.9478021
            ],
            [
              73.7842902,
              19.9477633
            ],
            [
              73.7846974,
              19.943858
            ],
            [
              73.7849553,
              19.9420221
            ]
          ]
        ]
      },
      "id": "way/1478772135"
    },
    {
      "type": "Feature",
      "properties": {
        "@id": "way/1478772148",
        "landuse": "farmland"
      },
      "geometry": {
        "type": "Polygon",
        "coordinates": [
          [
            [
              73.7856861,
              19.9526135
            ],
            [
              73.7868326,
              19.9527613
            ],
            [
              73.7866473,
              19.9538357
            ],
            [
              73.7861422,
              19.9540411
            ],
            [
              73.7852282,
              19.9538949
            ],
            [
              73.7856861,
              19.9526135
            ]
          ]
        ]
      },
      "id": "way/1478772148"
    },
    {
      "type": "Feature",
      "properties": {
        "@id": "way/1478772153",
        "landuse": "farmland"
      },
      "geometry": {
        "type": "Polygon",
        "coordinates": [
          [
            [
              73.7822886,
              19.9417759
            ],
            [
              73.7841692,
              19.9415397
            ],
            [
              73.7845092,
              19.9416369
            ],
            [
              73.7844279,
              19.9421544
            ],
            [
              73.7837,
              19.943252
            ],
            [
              73.782656,
              19.943351
            ],
            [
              73.7821515,
              19.9433342
            ],
            [
              73.7822886,
              19.9417759
            ]
          ]
        ]
      },
      "id": "way/1478772153"
    },
    {
      "type": "Feature",
      "properties": {
        "@id": "way/1478772154",
        "landuse": "farmland"
      },
      "geometry": {
        "type": "Polygon",
        "coordinates": [
          [
            [
              73.7834036,
              19.9439188
            ],
            [
              73.7845511,
              19.9439755
            ],
            [
              73.7844005,
              19.9456025
            ],
            [
              73.7833844,
              19.9455588
            ],
            [
              73.783357,
              19.9451803
            ],
            [
              73.7832256,
              19.9451623
            ],
            [
              73.7834036,
              19.9439188
            ]
          ]
        ]
      },
      "id": "way/1478772154"
    },
    {
      "type": "Feature",
      "properties": {
        "@id": "way/1478772155",
        "landuse": "farmland"
      },
      "geometry": {
        "type": "Polygon",
        "coordinates": [
          [
            [
              73.7807854,
              19.9438364
            ],
            [
              73.7815029,
              19.9438467
            ],
            [
              73.781429,
              19.9445547
            ],
            [
              73.7809442,
              19.9445418
            ],
            [
              73.7809524,
              19.9442818
            ],
            [
              73.7807443,
              19.9442844
            ],
            [
              73.7807854,
              19.9438364
            ]
          ]
        ]
      },
      "id": "way/1478772155"
    },
    {
      "type": "Feature",
      "properties": {
        "@id": "way/1478772156",
        "landuse": "farmland"
      },
      "geometry": {
        "type": "Polygon",
        "coordinates": [
          [
            [
              73.7814274,
              19.9445649
            ],
            [
              73.7820439,
              19.9445748
            ],
            [
              73.7819884,
              19.9452247
            ],
            [
              73.781342,
              19.9451886
            ],
            [
              73.7814274,
              19.9445649
            ]
          ]
        ]
      },
      "id": "way/1478772156"
    },
    {
      "type": "Feature",
      "properties": {
        "@id": "way/1478772157",
        "landuse": "farmland"
      },
      "geometry": {
        "type": "Polygon",
        "coordinates": [
          [
            [
              73.7826484,
              19.9452453
            ],
            [
              73.7825964,
              19.9457756
            ],
            [
              73.7823471,
              19.9457653
            ],
            [
              73.7823115,
              19.9459429
            ],
            [
              73.7820733,
              19.9459249
            ],
            [
              73.7820212,
              19.9462081
            ],
            [
              73.7817364,
              19.9462004
            ],
            [
              73.7818295,
              19.9452427
            ],
            [
              73.7826484,
              19.9452453
            ]
          ]
        ]
      },
      "id": "way/1478772157"
    },
    {
      "type": "Feature",
      "properties": {
        "@id": "way/1478772158",
        "landuse": "farmland"
      },
      "geometry": {
        "type": "Polygon",
        "coordinates": [
          [
            [
              73.7816204,
              19.9465133
            ],
            [
              73.7816227,
              19.9470209
            ],
            [
              73.7809649,
              19.9470652
            ],
            [
              73.780972,
              19.947411
            ],
            [
              73.7815237,
              19.9474199
            ],
            [
              73.7815614,
              19.9473312
            ],
            [
              73.7827805,
              19.9473911
            ],
            [
              73.7827704,
              19.947917
            ],
            [
              73.7825329,
              19.9478979
            ],
            [
              73.7825207,
              19.9481403
            ],
            [
              73.7828151,
              19.9481651
            ],
            [
              73.7827928,
              19.9490238
            ],
            [
              73.7815687,
              19.9490199
            ],
            [
              73.7813169,
              19.9489608
            ],
            [
              73.7813312,
              19.9478826
            ],
            [
              73.7805313,
              19.9478216
            ],
            [
              73.7805171,
              19.9465354
            ],
            [
              73.78071,
              19.9463961
            ],
            [
              73.7816204,
              19.9465133
            ]
          ]
        ]
      },
      "id": "way/1478772158"
    },
    {
      "type": "Feature",
      "properties": {
        "@id": "way/1478772159",
        "landuse": "farmland"
      },
      "geometry": {
        "type": "Polygon",
        "coordinates": [
          [
            [
              73.7831338,
              19.9480239
            ],
            [
              73.7834952,
              19.9480544
            ],
            [
              73.7833957,
              19.9489322
            ],
            [
              73.783081,
              19.9489131
            ],
            [
              73.7831338,
              19.9480239
            ]
          ]
        ]
      },
      "id": "way/1478772159"
    },
    {
      "type": "Feature",
      "properties": {
        "@id": "way/1482208082",
        "landuse": "farmland"
      },
      "geometry": {
        "type": "Polygon",
        "coordinates": [
          [
            [
              73.8039767,
              19.9425669
            ],
            [
              73.8040117,
              19.9430316
            ],
            [
              73.8029995,
              19.9430988
            ],
            [
              73.8029645,
              19.9426342
            ],
            [
              73.8039767,
              19.9425669
            ]
          ]
        ]
      },
      "id": "way/1482208082"
    },
    {
      "type": "Feature",
      "properties": {
        "@id": "way/1482208083",
        "landuse": "farmland"
      },
      "geometry": {
        "type": "Polygon",
        "coordinates": [
          [
            [
              73.8009668,
              19.9438312
            ],
            [
              73.8009807,
              19.9435121
            ],
            [
              73.8018987,
              19.9435474
            ],
            [
              73.801905,
              19.9434042
            ],
            [
              73.8021807,
              19.9434149
            ],
            [
              73.8021711,
              19.9436346
            ],
            [
              73.8022842,
              19.9436389
            ],
            [
              73.8022736,
              19.9438813
            ],
            [
              73.8009668,
              19.9438312
            ]
          ]
        ]
      },
      "id": "way/1482208083"
    },
    {
      "type": "Feature",
      "properties": {
        "@id": "way/1482208091",
        "landuse": "farmland"
      },
      "geometry": {
        "type": "Polygon",
        "coordinates": [
          [
            [
              73.7974611,
              19.9433879
            ],
            [
              73.7978319,
              19.9433884
            ],
            [
              73.7978288,
              19.945617
            ],
            [
              73.7974576,
              19.9456165
            ],
            [
              73.7974611,
              19.9433879
            ]
          ]
        ]
      },
      "id": "way/1482208091"
    },
    {
      "type": "Feature",
      "properties": {
        "@id": "way/1482208097",
        "landuse": "farmland"
      },
      "geometry": {
        "type": "Polygon",
        "coordinates": [
          [
            [
              73.7973671,
              19.9425837
            ],
            [
              73.7975803,
              19.9425979
            ],
            [
              73.7975623,
              19.942835
            ],
            [
              73.7974822,
              19.9428296
            ],
            [
              73.7974639,
              19.9430701
            ],
            [
              73.7973309,
              19.9430612
            ],
            [
              73.7973671,
              19.9425837
            ]
          ]
        ]
      },
      "id": "way/1482208097"
    },
    {
      "type": "Feature",
      "properties": {
        "@id": "way/1482208104",
        "landuse": "farmland"
      },
      "geometry": {
        "type": "Polygon",
        "coordinates": [
          [
            [
              73.7902055,
              19.9384046
            ],
            [
              73.790581,
              19.9384284
            ],
            [
              73.7905262,
              19.93919
            ],
            [
              73.7901509,
              19.9391662
            ],
            [
              73.7902055,
              19.9384046
            ]
          ]
        ]
      },
      "id": "way/1482208104"
    },
    {
      "type": "Feature",
      "properties": {
        "@id": "way/1482208105",
        "landuse": "farmland"
      },
      "geometry": {
        "type": "Polygon",
        "coordinates": [
          [
            [
              73.7908913,
              19.9385974
            ],
            [
              73.7917426,
              19.9386758
            ],
            [
              73.7916065,
              19.9392368
            ],
            [
              73.790854,
              19.9391996
            ],
            [
              73.7908913,
              19.9385974
            ]
          ]
        ]
      },
      "id": "way/1482208105"
    },
    {
      "type": "Feature",
      "properties": {
        "@id": "way/1482208111",
        "landuse": "farmland"
      },
      "geometry": {
        "type": "Polygon",
        "coordinates": [
          [
            [
              73.7946068,
              19.9369053
            ],
            [
              73.7944167,
              19.9393905
            ],
            [
              73.7921301,
              19.9393992
            ],
            [
              73.7921163,
              19.9388981
            ],
            [
              73.7919166,
              19.9389084
            ],
            [
              73.7921755,
              19.937937
            ],
            [
              73.7930186,
              19.9373061
            ],
            [
              73.7938931,
              19.9370058
            ],
            [
              73.7946068,
              19.9369053
            ]
          ]
        ]
      },
      "id": "way/1482208111"
    },
    {
      "type": "Feature",
      "properties": {
        "@id": "way/1482208112",
        "landuse": "farmland"
      },
      "geometry": {
        "type": "Polygon",
        "coordinates": [
          [
            [
              73.8016033,
              19.9368472
            ],
            [
              73.8018178,
              19.9368586
            ],
            [
              73.8017262,
              19.9373073
            ],
            [
              73.8015032,
              19.9372869
            ],
            [
              73.8016033,
              19.9368472
            ]
          ]
        ]
      },
      "id": "way/1482208112"
    },
    {
      "type": "Feature",
      "properties": {
        "@id": "way/1482208114",
        "landuse": "farmland"
      },
      "geometry": {
        "type": "Polygon",
        "coordinates": [
          [
            [
              73.7926392,
              19.9271095
            ],
            [
              73.7957404,
              19.927076
            ],
            [
              73.7967773,
              19.9270387
            ],
            [
              73.7967838,
              19.9275839
            ],
            [
              73.7972391,
              19.9276852
            ],
            [
              73.7972271,
              19.9284623
            ],
            [
              73.7967639,
              19.9284473
            ],
            [
              73.7967262,
              19.929367
            ],
            [
              73.7965609,
              19.9294884
            ],
            [
              73.7955824,
              19.9292824
            ],
            [
              73.7949505,
              19.9290284
            ],
            [
              73.793633,
              19.9291842
            ],
            [
              73.7935566,
              19.9287002
            ],
            [
              73.7928456,
              19.9286763
            ],
            [
              73.792866,
              19.9283601
            ],
            [
              73.7926876,
              19.9281804
            ],
            [
              73.7926392,
              19.9271095
            ]
          ]
        ]
      },
      "id": "way/1482208114"
    },
    {
      "type": "Feature",
      "properties": {
        "@id": "way/1482208115",
        "landuse": "farmland"
      },
      "geometry": {
        "type": "Polygon",
        "coordinates": [
          [
            [
              73.7970905,
              19.9269938
            ],
            [
              73.7984793,
              19.9268716
            ],
            [
              73.800444,
              19.9268309
            ],
            [
              73.8006275,
              19.9275017
            ],
            [
              73.8003293,
              19.9274538
            ],
            [
              73.8003472,
              19.9283761
            ],
            [
              73.79997,
              19.9283881
            ],
            [
              73.7992463,
              19.9279568
            ],
            [
              73.7981022,
              19.927988
            ],
            [
              73.7975925,
              19.9276502
            ],
            [
              73.7971466,
              19.9272789
            ],
            [
              73.7970905,
              19.9269938
            ]
          ]
        ]
      },
      "id": "way/1482208115"
    },
    {
      "type": "Feature",
      "properties": {
        "@id": "way/1482214480",
        "landuse": "residential",
        "residential": "apartments"
      },
      "geometry": {
        "type": "Polygon",
        "coordinates": [
          [
            [
              73.7727742,
              19.9452404
            ],
            [
              73.7730571,
              19.9452756
            ],
            [
              73.7731141,
              19.9453107
            ],
            [
              73.7731287,
              19.9453489
            ],
            [
              73.7730035,
              19.9455553
            ],
            [
              73.7727108,
              19.9455629
            ],
            [
              73.7727742,
              19.9452404
            ]
          ]
        ]
      },
      "id": "way/1482214480"
    },
    {
      "type": "Feature",
      "properties": {
        "@id": "way/1482229114",
        "landuse": "farmland"
      },
      "geometry": {
        "type": "Polygon",
        "coordinates": [
          [
            [
              73.7719862,
              19.9570566
            ],
            [
              73.7723848,
              19.9570303
            ],
            [
              73.7724075,
              19.9571326
            ],
            [
              73.7736709,
              19.957058
            ],
            [
              73.7739408,
              19.9570217
            ],
            [
              73.7740678,
              19.9574758
            ],
            [
              73.7745161,
              19.9581379
            ],
            [
              73.7738913,
              19.958228
            ],
            [
              73.7739446,
              19.9585446
            ],
            [
              73.7742281,
              19.9585595
            ],
            [
              73.7742848,
              19.959278
            ],
            [
              73.7740852,
              19.9593134
            ],
            [
              73.7740943,
              19.9594101
            ],
            [
              73.7739695,
              19.9594187
            ],
            [
              73.7738493,
              19.9593803
            ],
            [
              73.7738312,
              19.9593547
            ],
            [
              73.7734044,
              19.9593807
            ],
            [
              73.7734161,
              19.9596169
            ],
            [
              73.7732823,
              19.9596084
            ],
            [
              73.7732677,
              19.9594997
            ],
            [
              73.7725928,
              19.9595103
            ],
            [
              73.7725792,
              19.9593654
            ],
            [
              73.772146,
              19.9593718
            ],
            [
              73.7721233,
              19.9591692
            ],
            [
              73.7722389,
              19.9591607
            ],
            [
              73.7721709,
              19.958357
            ],
            [
              73.772053,
              19.958357
            ],
            [
              73.7719862,
              19.9570566
            ]
          ]
        ]
      },
      "id": "way/1482229114"
    },
    {
      "type": "Feature",
      "properties": {
        "@id": "way/1544841438",
        "landuse": "residential",
        "name": "Kalbhairav Chowk",
        "residential": "urban"
      },
      "geometry": {
        "type": "Polygon",
        "coordinates": [
          [
            [
              73.7594291,
              19.9775131
            ],
            [
              73.7593467,
              19.9770737
            ],
            [
              73.7596895,
              19.9770288
            ],
            [
              73.7597303,
              19.9770346
            ],
            [
              73.7595532,
              19.9774646
            ],
            [
              73.7594291,
              19.9775131
            ]
          ]
        ]
      },
      "id": "way/1544841438"
    }
  ]
}